State_ID,F,W,H,D,Mu_Mode,Mu_Eat,Mu_Drink,Q_Value,Phi_Mode,Phi_Eat,Phi_Drink,W_Value,Conflict
16,0,0,1,0,wait,0,0,-99.9908,wait,0,0,-99.9971,False
17,0,0,1,1,wait,0,0,-99.9908,wait,0,0,-99.9971,False
18,0,0,1,2,wait,0,0,-99.9908,wait,0,0,-99.9971,False
19,0,0,1,3,wait,0,0,-99.9908,wait,0,0,-99.9971,False
20,0,0,1,4,wait,0,0,-99.9908,wait,0,0,-99.9971,False
21,0,0,1,5,wait,0,0,-99.9908,wait,0,0,-99.9971,False
22,0,0,1,6,wait,0,0,-99.9908,wait,0,0,-99.9971,False
23,0,0,1,7,wait,0,0,-99.9908,wait,0,0,-99.9971,False
24,0,0,1,8,wait,0,0,-99.9908,wait,0,0,-99.9971,False
25,0,0,1,9,wait,0,0,-99.9908,wait,0,0,-99.9971,False
26,0,0,1,10,wait,0,0,-99.9908,wait,0,0,-99.9971,False
27,0,0,1,11,wait,0,0,-99.9908,wait,0,0,-99.9971,False
28,0,0,1,12,wait,0,0,-99.9908,wait,0,0,-99.9971,False
29,0,0,1,13,wait,0,0,-99.9908,wait,0,0,-99.9971,False
30,0,0,1,14,wait,0,0,-99.9908,wait,0,0,-99.9971,False
31,0,0,1,15,wait,0,0,0.0,wait,0,0,0.0,False
32,0,0,2,0,wait,0,0,-99.9908,wait,0,0,-99.9971,False
33,0,0,2,1,wait,0,0,-99.9908,wait,0,0,-99.9971,False
34,0,0,2,2,wait,0,0,-99.9908,wait,0,0,-99.9971,False
35,0,0,2,3,wait,0,0,-99.9908,wait,0,0,-99.9971,False
36,0,0,2,4,wait,0,0,-99.9908,wait,0,0,-99.9971,False
37,0,0,2,5,wait,0,0,-99.9908,wait,0,0,-99.9971,False
38,0,0,2,6,wait,0,0,-99.9908,wait,0,0,-99.9971,False
39,0,0,2,7,wait,0,0,-99.9908,wait,0,0,-99.9971,False
40,0,0,2,8,wait,0,0,-99.9908,wait,0,0,-99.9971,False
41,0,0,2,9,wait,0,0,-99.9908,wait,0,0,-99.9971,False
42,0,0,2,10,wait,0,0,-99.9908,wait,0,0,-99.9971,False
43,0,0,2,11,wait,0,0,-99.9908,wait,0,0,-99.9971,False
44,0,0,2,12,wait,0,0,-99.9908,wait,0,0,-99.9971,False
45,0,0,2,13,wait,0,0,-99.9908,wait,0,0,-99.9971,False
46,0,0,2,14,wait,0,0,-99.9908,wait,0,0,-99.9971,False
47,0,0,2,15,wait,0,0,0.0,wait,0,0,0.0,False
48,0,0,3,0,wait,0,0,-74.6381,wait,0,0,-92.437,False
49,0,0,3,1,wait,0,0,-74.8498,wait,0,0,-91.9326,False
50,0,0,3,2,wait,0,0,-74.746,wait,0,0,-92.9243,False
51,0,0,3,3,wait,0,0,-74.6875,wait,0,0,-92.3618,False
52,0,0,3,4,wait,0,0,-74.8639,wait,0,0,-92.6093,False
53,0,0,3,5,wait,0,0,-74.8256,wait,0,0,-92.8968,False
54,0,0,3,6,wait,0,0,-74.651,wait,0,0,-92.2683,False
55,0,0,3,7,wait,0,0,-74.8278,wait,0,0,-92.2025,False
56,0,0,3,8,wait,0,0,-74.4788,wait,0,0,-92.0734,False
57,0,0,3,9,wait,0,0,-74.5673,wait,0,0,-92.0923,False
58,0,0,3,10,wait,0,0,-74.413,wait,0,0,-91.9473,False
59,0,0,3,11,wait,0,0,-74.9932,wait,0,0,-92.8136,False
60,0,0,3,12,wait,0,0,-74.6397,wait,0,0,-92.5385,False
61,0,0,3,13,wait,0,0,-74.7051,wait,0,0,-91.4871,False
62,0,0,3,14,wait,0,0,-94.7735,wait,0,0,-94.8831,False
63,0,0,3,15,wait,0,0,0.0,wait,0,0,0.0,False
64,0,0,4,0,wait,0,0,-60.2307,wait,0,0,-85.0783,False
65,0,0,4,1,wait,0,0,-60.3215,wait,0,0,-85.7921,False
66,0,0,4,2,wait,0,0,-60.2521,wait,0,0,-85.2341,False
67,0,0,4,3,wait,0,0,-60.0303,wait,0,0,-85.2911,False
68,0,0,4,4,wait,0,0,-60.0653,wait,0,0,-85.449,False
69,0,0,4,5,wait,0,0,-60.4362,wait,0,0,-85.4475,False
70,0,0,4,6,wait,0,0,-60.4419,wait,0,0,-86.1708,False
71,0,0,4,7,wait,0,0,-60.069,wait,0,0,-85.4025,False
72,0,0,4,8,wait,0,0,-60.3234,wait,0,0,-85.4833,False
73,0,0,4,9,wait,0,0,-60.3993,wait,0,0,-85.8149,False
74,0,0,4,10,wait,0,0,-60.2245,wait,0,0,-85.287,False
75,0,0,4,11,wait,0,0,-60.0294,wait,0,0,-85.2899,False
76,0,0,4,12,wait,0,0,-60.136,wait,0,0,-85.4126,False
77,0,0,4,13,wait,0,0,-60.8451,wait,0,0,-86.5005,False
78,0,0,4,14,wait,0,0,-92.268,wait,0,0,-92.1635,False
79,0,0,4,15,wait,0,0,0.0,wait,0,0,0.0,False
80,0,0,5,0,wait,0,0,-48.3584,wait,0,0,-76.1953,False
81,0,0,5,1,wait,0,0,-48.2847,wait,0,0,-75.7514,False
82,0,0,5,2,wait,0,0,-48.3854,wait,0,0,-76.1432,False
83,0,0,5,3,wait,0,0,-48.5642,wait,0,0,-76.5351,False
84,0,0,5,4,wait,0,0,-48.0246,wait,0,0,-76.0551,False
85,0,0,5,5,wait,0,0,-48.3895,wait,0,0,-75.9069,False
86,0,0,5,6,wait,0,0,-48.4165,wait,0,0,-76.4978,False
87,0,0,5,7,wait,0,0,-48.5397,wait,0,0,-76.5328,False
88,0,0,5,8,wait,0,0,-48.4637,wait,0,0,-75.854,False
89,0,0,5,9,wait,0,0,-48.3406,wait,0,0,-75.7278,False
90,0,0,5,10,wait,0,0,-48.3322,wait,0,0,-76.0037,False
91,0,0,5,11,wait,0,0,-48.1302,wait,0,0,-76.102,False
92,0,0,5,12,wait,0,0,-48.8405,wait,0,0,-76.6478,False
93,0,0,5,13,wait,0,0,-51.0434,wait,0,0,-80.3816,False
94,0,0,5,14,wait,0,0,-90.6127,wait,0,0,-90.4654,False
95,0,0,5,15,wait,0,0,0.0,wait,0,0,0.0,False
112,0,1,1,0,wait,0,1,-99.2975,wait,0,1,-99.3039,False
113,0,1,1,1,wait,0,1,-99.2975,wait,0,1,-99.3039,False
114,0,1,1,2,wait,0,1,-99.2975,wait,0,1,-99.3039,False
115,0,1,1,3,wait,0,1,-99.2975,wait,0,1,-99.3039,False
116,0,1,1,4,wait,0,1,-99.2975,wait,0,1,-99.3039,False
117,0,1,1,5,wait,0,1,-99.2975,wait,0,1,-99.3039,False
118,0,1,1,6,wait,0,1,-99.2975,wait,0,1,-99.3039,False
119,0,1,1,7,wait,0,1,-99.2975,wait,0,1,-99.3039,False
120,0,1,1,8,wait,0,1,-99.2975,wait,0,1,-99.3039,False
121,0,1,1,9,wait,0,1,-99.2975,wait,0,1,-99.3039,False
122,0,1,1,10,wait,0,1,-99.2975,wait,0,1,-99.3039,False
123,0,1,1,11,wait,0,1,-99.2975,wait,0,1,-99.3039,False
124,0,1,1,12,wait,0,1,-99.2975,wait,0,1,-99.3039,False
125,0,1,1,13,wait,0,1,-99.2975,wait,0,1,-99.3039,False
126,0,1,1,14,wait,0,1,-99.2975,wait,0,1,-99.3039,False
127,0,1,1,15,wait,0,0,0.0,wait,0,0,0.0,False
128,0,1,2,0,wait,0,1,-74.1185,wait,0,1,-91.7658,False
129,0,1,2,1,wait,0,1,-74.2535,wait,0,1,-91.3362,False
130,0,1,2,2,wait,0,1,-74.1373,wait,0,1,-91.151,False
131,0,1,2,3,wait,0,1,-73.9638,wait,0,1,-91.6308,False
132,0,1,2,4,wait,0,1,-73.5108,wait,0,1,-91.4922,False
133,0,1,2,5,wait,0,1,-73.7362,wait,0,1,-91.0361,False
134,0,1,2,6,wait,0,1,-74.0725,wait,0,1,-91.606,False
135,0,1,2,7,wait,0,1,-74.1322,wait,0,1,-91.9003,False
136,0,1,2,8,wait,0,1,-74.0753,wait,0,1,-91.3636,False
137,0,1,2,9,wait,0,1,-74.0752,wait,0,1,-91.6544,False
138,0,1,2,10,wait,0,1,-74.0041,wait,0,1,-91.5323,False
139,0,1,2,11,wait,0,1,-73.8729,wait,0,1,-91.6422,False
140,0,1,2,12,wait,0,1,-73.8471,wait,0,1,-91.369,False
141,0,1,2,13,wait,0,1,-74.1403,wait,0,1,-91.5684,False
142,0,1,2,14,wait,0,1,-93.9849,wait,0,1,-93.8682,False
143,0,1,2,15,wait,0,0,0.0,wait,0,0,0.0,False
144,0,1,3,0,wait,0,1,-59.5257,wait,0,1,-84.9428,False
145,0,1,3,1,wait,0,1,-59.3875,wait,0,1,-84.3994,False
146,0,1,3,2,wait,0,1,-59.5069,wait,0,1,-85.345,False
147,0,1,3,3,wait,0,1,-59.5198,wait,0,1,-84.6009,False
148,0,1,3,4,wait,0,1,-59.6556,wait,0,1,-84.946,False
149,0,1,3,5,wait,0,1,-59.4063,wait,0,1,-83.8381,False
150,0,1,3,6,wait,0,1,-59.6954,wait,0,1,-84.7317,False
151,0,1,3,7,wait,0,1,-59.8154,wait,0,1,-85.8666,False
152,0,1,3,8,wait,0,1,-59.2861,wait,0,1,-84.6974,False
153,0,1,3,9,wait,0,1,-59.8045,wait,0,1,-85.4082,False
154,0,1,3,10,wait,0,1,-59.6438,wait,0,1,-85.3531,False
155,0,1,3,11,wait,0,1,-59.6741,wait,0,1,-84.4264,False
156,0,1,3,12,wait,0,1,-59.203,wait,0,1,-83.7711,False
157,0,1,3,13,wait,0,1,-59.6705,wait,0,1,-85.9448,False
158,0,1,3,14,wait,0,1,-90.8584,wait,0,1,-90.478,False
159,0,1,3,15,wait,0,0,0.0,wait,0,0,0.0,False
160,0,1,4,0,wait,0,1,-47.7056,wait,0,1,-75.6345,False
161,0,1,4,1,wait,0,1,-47.3855,wait,0,1,-76.1616,False
162,0,1,4,2,wait,0,1,-47.3321,wait,0,1,-75.007,False
163,0,1,4,3,wait,0,1,-47.2765,wait,0,1,-74.7911,False
164,0,1,4,4,wait,0,1,-47.4142,wait,0,1,-75.4608,False
165,0,1,4,5,wait,0,1,-47.3885,wait,0,1,-74.5659,False
166,0,1,4,6,wait,0,1,-47.7285,wait,0,1,-75.1512,False
167,0,1,4,7,wait,0,1,-47.2919,wait,0,1,-74.0904,False
168,0,1,4,8,wait,0,1,-47.3583,wait,0,1,-75.3913,False
169,0,1,4,9,wait,0,1,-47.0933,wait,0,1,-73.9697,False
170,0,1,4,10,wait,0,1,-47.451,wait,0,1,-74.9484,False
171,0,1,4,11,wait,0,1,-47.5311,wait,0,1,-75.3435,False
172,0,1,4,12,wait,0,1,-47.793,wait,0,1,-75.7183,False
173,0,1,4,13,wait,0,1,-50.0409,wait,0,1,-79.2619,False
174,0,1,4,14,wait,0,1,-89.6092,wait,0,1,-89.7484,False
175,0,1,4,15,wait,0,0,0.0,wait,0,0,0.0,False
176,0,1,5,0,wait,0,1,-40.2491,wait,0,1,-66.9522,False
177,0,1,5,1,wait,0,1,-39.9885,wait,0,1,-66.173,False
178,0,1,5,2,wait,0,1,-40.0118,wait,0,1,-66.1084,False
179,0,1,5,3,wait,0,1,-39.8508,wait,0,1,-66.4597,False
180,0,1,5,4,wait,0,1,-40.4759,wait,0,1,-66.7191,False
181,0,1,5,5,wait,0,1,-40.2135,wait,0,1,-66.7812,False
182,0,1,5,6,wait,0,1,-39.9678,wait,0,1,-65.8371,False
183,0,1,5,7,wait,0,1,-40.1406,wait,0,1,-66.7397,False
184,0,1,5,8,wait,0,1,-40.0432,wait,0,1,-66.789,False
185,0,1,5,9,wait,0,1,-40.0557,wait,0,1,-66.3313,False
186,0,1,5,10,wait,0,1,-39.978,wait,0,1,-66.219,False
187,0,1,5,11,wait,0,1,-40.3163,wait,0,1,-67.5213,False
188,0,1,5,12,wait,0,1,-41.6519,wait,0,1,-69.4926,False
189,0,1,5,13,wait,0,1,-46.4016,wait,0,1,-76.9387,False
190,0,1,5,14,wait,0,1,-88.7179,wait,0,1,-88.9091,False
191,0,1,5,15,wait,0,0,0.0,wait,0,0,0.0,False
208,0,2,1,0,wait,0,2,-98.8916,wait,0,2,-98.8984,False
209,0,2,1,1,wait,0,2,-98.8916,wait,0,2,-98.8984,False
210,0,2,1,2,wait,0,2,-98.8916,wait,0,2,-98.8984,False
211,0,2,1,3,wait,0,2,-98.8916,wait,0,2,-98.8984,False
212,0,2,1,4,wait,0,2,-98.8916,wait,0,2,-98.8984,False
213,0,2,1,5,wait,0,2,-98.8916,wait,0,2,-98.8984,False
214,0,2,1,6,wait,0,2,-98.8916,wait,0,2,-98.8984,False
215,0,2,1,7,wait,0,2,-98.8916,wait,0,2,-98.8984,False
216,0,2,1,8,wait,0,2,-98.8916,wait,0,2,-98.8984,False
217,0,2,1,9,wait,0,2,-98.8916,wait,0,2,-98.8984,False
218,0,2,1,10,wait,0,2,-98.8916,wait,0,2,-98.8984,False
219,0,2,1,11,wait,0,2,-98.8916,wait,0,2,-98.8984,False
220,0,2,1,12,wait,0,2,-98.8916,wait,0,2,-98.8984,False
221,0,2,1,13,wait,0,2,-98.8916,wait,0,2,-98.8984,False
222,0,2,1,14,wait,0,2,-98.8916,wait,0,2,-98.8984,False
223,0,2,1,15,wait,0,0,0.0,wait,0,0,0.0,False
224,0,2,2,0,wait,0,2,-73.3398,wait,0,1,-91.1473,True
225,0,2,2,1,wait,0,2,-73.5745,wait,0,2,-90.9914,False
226,0,2,2,2,wait,0,2,-73.6107,wait,0,1,-91.4049,True
227,0,2,2,3,wait,0,1,-73.672,wait,0,1,-90.8416,False
228,0,2,2,4,wait,0,2,-73.5863,wait,0,2,-90.7831,False
229,0,2,2,5,wait,0,2,-73.3427,wait,0,2,-91.6416,False
230,0,2,2,6,wait,0,2,-73.7529,wait,0,2,-91.357,False
231,0,2,2,7,wait,0,2,-73.5769,wait,0,2,-90.753,False
232,0,2,2,8,wait,0,2,-73.5396,wait,0,2,-90.9759,False
233,0,2,2,9,wait,0,2,-73.7493,wait,0,2,-91.0609,False
234,0,2,2,10,wait,0,2,-73.6244,wait,0,1,-91.309,True
235,0,2,2,11,wait,0,2,-73.4274,wait,0,2,-90.9225,False
236,0,2,2,12,wait,0,2,-73.9239,wait,0,1,-91.2887,True
237,0,2,2,13,wait,0,2,-73.373,wait,0,2,-91.0776,False
238,0,2,2,14,wait,0,2,-93.4422,wait,0,2,-93.4588,False
239,0,2,2,15,wait,0,0,0.0,wait,0,0,0.0,False
240,0,2,3,0,wait,0,1,-57.7632,wait,0,1,-81.9291,False
241,0,2,3,1,wait,0,1,-57.9674,wait,0,1,-82.2395,False
242,0,2,3,2,wait,0,1,-58.0163,wait,0,1,-82.5637,False
243,0,2,3,3,wait,0,1,-57.785,wait,0,1,-81.7558,False
244,0,2,3,4,wait,0,1,-57.9503,wait,0,1,-81.3876,False
245,0,2,3,5,wait,0,1,-57.8714,wait,0,1,-81.5612,False
246,0,2,3,6,wait,0,1,-58.2792,wait,0,1,-82.579,False
247,0,2,3,7,wait,0,1,-57.675,wait,0,1,-81.6792,False
248,0,2,3,8,wait,0,1,-57.8641,wait,0,1,-81.9495,False
249,0,2,3,9,wait,0,1,-57.9557,wait,0,1,-81.7733,False
250,0,2,3,10,wait,0,1,-57.3589,wait,0,1,-81.3519,False
251,0,2,3,11,wait,0,1,-57.741,wait,0,1,-81.9365,False
252,0,2,3,12,wait,0,1,-57.9183,wait,0,1,-81.835,False
253,0,2,3,13,wait,0,1,-59.252,wait,0,1,-84.2991,False
254,0,2,3,14,wait,0,2,-90.4932,wait,0,2,-90.8924,False
255,0,2,3,15,wait,0,0,0.0,wait,0,0,0.0,False
256,0,2,4,0,wait,0,1,-45.7593,wait,0,1,-72.1986,False
257,0,2,4,1,wait,0,1,-45.5008,wait,0,1,-71.8256,False
258,0,2,4,2,wait,0,1,-45.7584,wait,0,1,-72.8668,False
259,0,2,4,3,wait,0,1,-45.4176,wait,0,1,-71.4871,False
260,0,2,4,4,wait,0,1,-45.3212,wait,0,1,-71.2213,False
261,0,2,4,5,wait,0,1,-45.5391,wait,0,1,-71.9665,False
262,0,2,4,6,wait,0,1,-45.7033,wait,0,1,-72.3733,False
263,0,2,4,7,wait,0,1,-45.5308,wait,0,1,-72.1324,False
264,0,2,4,8,wait,0,1,-45.5737,wait,0,1,-72.3664,False
265,0,2,4,9,wait,0,1,-46.1395,wait,0,1,-73.0889,False
266,0,2,4,10,wait,0,1,-45.4672,wait,0,1,-71.5578,False
267,0,2,4,11,wait,0,1,-45.8187,wait,0,1,-72.1136,False
268,0,2,4,12,wait,0,1,-46.2972,wait,0,1,-73.6121,False
269,0,2,4,13,wait,0,1,-49.2373,wait,0,1,-78.3851,False
270,0,2,4,14,wait,0,2,-89.1611,wait,0,2,-89.5379,False
271,0,2,4,15,wait,0,0,0.0,wait,0,0,0.0,False
272,0,2,5,0,wait,0,1,-37.0807,wait,0,1,-62.2663,False
273,0,2,5,1,wait,0,1,-37.2191,wait,0,1,-61.664,False
274,0,2,5,2,wait,0,1,-37.6277,wait,0,1,-62.3757,False
275,0,2,5,3,wait,0,1,-36.9933,wait,0,1,-61.2702,False
276,0,2,5,4,wait,0,1,-37.4765,wait,0,1,-62.3012,False
277,0,2,5,5,wait,0,1,-37.3432,wait,0,1,-61.7551,False
278,0,2,5,6,wait,0,1,-37.052,wait,0,1,-60.9774,False
279,0,2,5,7,wait,0,1,-37.1684,wait,0,1,-61.5726,False
280,0,2,5,8,wait,0,1,-37.1167,wait,0,1,-61.8397,False
281,0,2,5,9,wait,0,1,-37.3198,wait,0,1,-61.5936,False
282,0,2,5,10,wait,0,1,-37.3934,wait,0,1,-61.6465,False
283,0,2,5,11,wait,0,1,-37.6657,wait,0,1,-62.0034,False
284,0,2,5,12,wait,0,1,-40.1727,wait,0,1,-66.9388,False
285,0,2,5,13,wait,0,1,-45.6227,wait,0,2,-75.8389,True
286,0,2,5,14,wait,0,2,-88.2584,wait,0,2,-89.0647,False
287,0,2,5,15,wait,0,0,0.0,wait,0,0,0.0,False
304,0,3,1,0,wait,0,2,-98.8916,wait,0,2,-98.8984,False
305,0,3,1,1,wait,0,2,-98.8915,wait,0,2,-98.8984,False
306,0,3,1,2,wait,0,2,-98.8916,wait,0,2,-98.8984,False
307,0,3,1,3,wait,0,2,-98.8917,wait,0,2,-98.8984,False
308,0,3,1,4,wait,0,2,-98.8916,wait,0,2,-98.8984,False
309,0,3,1,5,wait,0,2,-98.8916,wait,0,2,-98.8984,False
310,0,3,1,6,wait,0,2,-98.8916,wait,0,2,-98.8984,False
311,0,3,1,7,wait,0,2,-98.8916,wait,0,2,-98.8984,False
312,0,3,1,8,wait,0,2,-98.8916,wait,0,2,-98.8984,False
313,0,3,1,9,wait,0,2,-98.8916,wait,0,2,-98.8984,False
314,0,3,1,10,wait,0,2,-98.8916,wait,0,2,-98.8984,False
315,0,3,1,11,wait,0,2,-98.8916,wait,0,2,-98.8984,False
316,0,3,1,12,wait,0,2,-98.8916,wait,0,2,-98.8984,False
317,0,3,1,13,wait,0,2,-98.8916,wait,0,2,-98.8984,False
318,0,3,1,14,wait,0,2,-98.8916,wait,0,2,-98.8984,False
319,0,3,1,15,wait,0,0,0.0,wait,0,0,0.0,False
320,0,3,2,0,wait,0,2,-73.2448,wait,0,2,-90.6247,False
321,0,3,2,1,wait,0,2,-73.45,wait,0,1,-91.4154,True
322,0,3,2,2,wait,0,2,-73.2474,wait,0,2,-90.8769,False
323,0,3,2,3,wait,0,2,-73.2512,wait,0,2,-90.6666,False
324,0,3,2,4,wait,0,2,-73.784,wait,0,1,-91.1214,True
325,0,3,2,5,wait,0,2,-73.2204,wait,0,2,-90.1409,False
326,0,3,2,6,wait,0,2,-73.3685,wait,0,1,-90.6367,True
327,0,3,2,7,wait,0,2,-73.3021,wait,0,2,-90.526,False
328,0,3,2,8,wait,0,2,-73.7168,wait,0,2,-91.0201,False
329,0,3,2,9,wait,0,2,-73.0985,wait,0,2,-90.836,False
330,0,3,2,10,wait,0,2,-73.2618,wait,0,2,-90.7177,False
331,0,3,2,11,wait,0,2,-73.4084,wait,0,2,-90.8888,False
332,0,3,2,12,wait,0,2,-73.0923,wait,0,1,-90.9932,True
333,0,3,2,13,wait,0,2,-73.2805,wait,0,2,-90.5524,False
334,0,3,2,14,wait,0,2,-93.5166,wait,0,2,-93.4831,False
335,0,3,2,15,wait,0,0,0.0,wait,0,0,0.0,False
336,0,3,3,0,wait,0,2,-57.7929,wait,0,1,-81.7468,True
337,0,3,3,1,wait,0,2,-57.3291,wait,0,2,-81.3114,False
338,0,3,3,2,wait,0,2,-57.3099,wait,0,2,-81.4383,False
339,0,3,3,3,wait,0,2,-57.532,wait,0,1,-81.6688,True
340,0,3,3,4,wait,0,2,-56.9484,wait,0,2,-81.1074,False
341,0,3,3,5,wait,0,2,-57.2793,wait,0,1,-81.7058,True
342,0,3,3,6,wait,0,1,-57.4826,wait,0,1,-81.3858,False
343,0,3,3,7,wait,0,2,-57.4509,wait,0,2,-81.4097,False
344,0,3,3,8,wait,0,1,-58.0123,wait,0,2,-82.0195,True
345,0,3,3,9,wait,0,2,-57.1108,wait,0,2,-80.9472,False
346,0,3,3,10,wait,0,2,-57.1062,wait,0,2,-81.3229,False
347,0,3,3,11,wait,0,2,-57.3262,wait,0,2,-81.1232,False
348,0,3,3,12,wait,0,2,-57.5251,wait,0,2,-81.8119,False
349,0,3,3,13,wait,0,2,-58.578,wait,0,2,-83.8963,False
350,0,3,3,14,wait,0,2,-90.782,wait,0,2,-90.8125,False
351,0,3,3,15,wait,0,0,0.0,wait,0,0,0.0,False
352,0,3,4,0,wait,0,1,-44.9467,wait,0,1,-70.9099,False
353,0,3,4,1,wait,0,1,-44.7611,wait,0,1,-70.5676,False
354,0,3,4,2,wait,0,1,-44.8637,wait,0,1,-70.7536,False
355,0,3,4,3,wait,0,1,-44.9573,wait,0,1,-70.7873,False
356,0,3,4,4,wait,0,1,-44.984,wait,0,1,-70.6569,False
357,0,3,4,5,wait,0,1,-44.7161,wait,0,1,-70.7583,False
358,0,3,4,6,wait,0,2,-45.331,wait,0,1,-71.466,True
359,0,3,4,7,wait,0,1,-44.8673,wait,0,1,-70.8504,False
360,0,3,4,8,wait,0,2,-45.2274,wait,0,1,-71.171,True
361,0,3,4,9,wait,0,2,-45.0099,wait,0,2,-71.1813,False
362,0,3,4,10,wait,0,1,-44.7324,wait,0,1,-70.6395,False
363,0,3,4,11,wait,0,1,-45.181,wait,0,1,-71.1526,False
364,0,3,4,12,wait,0,2,-45.6198,wait,0,2,-72.6645,False
365,0,3,4,13,wait,0,2,-48.7756,wait,0,2,-77.6962,False
366,0,3,4,14,wait,0,2,-88.7971,wait,0,2,-88.5411,False
367,0,3,4,15,wait,0,0,0.0,wait,0,0,0.0,False
368,0,3,5,0,wait,0,1,-36.0303,wait,0,2,-59.9844,True
369,0,3,5,1,wait,0,1,-36.1451,wait,0,1,-60.0977,False
370,0,3,5,2,wait,0,1,-36.2223,wait,0,1,-60.6345,False
371,0,3,5,3,wait,0,1,-36.3515,wait,0,1,-60.0948,False
372,0,3,5,4,wait,0,1,-36.4271,wait,0,1,-60.4917,False
373,0,3,5,5,wait,0,1,-36.558,wait,0,1,-60.7789,False
374,0,3,5,6,wait,0,1,-36.5026,wait,0,1,-60.828,False
375,0,3,5,7,wait,0,2,-36.4431,wait,0,1,-59.7583,True
376,0,3,5,8,wait,0,1,-36.3768,wait,0,1,-60.1231,False
377,0,3,5,9,wait,0,1,-36.0448,wait,0,1,-59.9335,False
378,0,3,5,10,wait,0,1,-36.4716,wait,0,1,-60.561,False
379,0,3,5,11,wait,0,1,-36.8785,wait,0,1,-61.2058,False
380,0,3,5,12,wait,0,1,-39.8581,wait,0,1,-66.1863,False
381,0,3,5,13,wait,0,2,-44.8672,wait,0,2,-75.1203,False
382,0,3,5,14,wait,0,2,-88.0841,wait,0,2,-88.3731,False
383,0,3,5,15,wait,0,0,0.0,wait,0,0,0.0,False
400,0,4,1,0,wait,0,2,-98.8916,wait,0,2,-98.8984,False
401,0,4,1,1,wait,0,2,-98.8916,wait,0,2,-98.8984,False
402,0,4,1,2,wait,0,2,-98.8916,wait,0,2,-98.8984,False
403,0,4,1,3,wait,0,2,-98.8916,wait,0,2,-98.8984,False
404,0,4,1,4,wait,0,2,-98.8916,wait,0,2,-98.8984,False
405,0,4,1,5,wait,0,2,-98.8916,wait,0,2,-98.8984,False
406,0,4,1,6,wait,0,2,-98.8916,wait,0,2,-98.8984,False
407,0,4,1,7,wait,0,2,-98.8916,wait,0,2,-98.8984,False
408,0,4,1,8,wait,0,2,-98.8915,wait,0,2,-98.8984,False
409,0,4,1,9,wait,0,2,-98.8916,wait,0,2,-98.8984,False
410,0,4,1,10,wait,0,2,-98.8916,wait,0,2,-98.8984,False
411,0,4,1,11,wait,0,2,-98.8916,wait,0,2,-98.8984,False
412,0,4,1,12,wait,0,2,-98.8916,wait,0,2,-98.8984,False
413,0,4,1,13,wait,0,2,-98.8916,wait,0,2,-98.8984,False
414,0,4,1,14,wait,0,2,-98.8916,wait,0,2,-98.8984,False
415,0,4,1,15,wait,0,0,0.0,wait,0,0,0.0,False
416,0,4,2,0,wait,0,2,-73.2353,wait,0,2,-90.3504,False
417,0,4,2,1,wait,0,2,-73.1695,wait,0,2,-90.5027,False
418,0,4,2,2,wait,0,2,-73.0727,wait,0,2,-90.2038,False
419,0,4,2,3,wait,0,2,-73.2501,wait,0,1,-91.0282,True
420,0,4,2,4,wait,0,2,-73.3129,wait,0,2,-90.7372,False
421,0,4,2,5,wait,0,1,-73.9326,wait,0,2,-91.1419,True
422,0,4,2,6,wait,0,2,-73.575,wait,0,2,-91.1145,False
423,0,4,2,7,wait,0,2,-73.4226,wait,0,2,-90.6123,False
424,0,4,2,8,wait,0,2,-73.3863,wait,0,1,-90.7779,True
425,0,4,2,9,wait,0,2,-73.3476,wait,0,2,-91.1639,False
426,0,4,2,10,wait,0,2,-73.3276,wait,0,2,-91.0502,False
427,0,4,2,11,wait,0,2,-73.4217,wait,0,2,-91.0813,False
428,0,4,2,12,wait,0,2,-73.7056,wait,0,1,-90.8266,True
429,0,4,2,13,wait,0,2,-73.5809,wait,0,2,-90.8116,False
430,0,4,2,14,wait,0,2,-93.605,wait,0,1,-94.1205,True
431,0,4,2,15,wait,0,0,0.0,wait,0,0,0.0,False
432,0,4,3,0,wait,0,2,-57.4453,wait,0,2,-81.4841,False
433,0,4,3,1,wait,0,2,-57.2412,wait,0,2,-81.1473,False
434,0,4,3,2,wait,0,2,-57.3212,wait,0,2,-81.7891,False
435,0,4,3,3,wait,0,2,-57.4056,wait,0,1,-81.4728,True
436,0,4,3,4,wait,0,2,-57.0371,wait,0,2,-81.1686,False
437,0,4,3,5,wait,0,2,-57.3094,wait,0,2,-81.4936,False
438,0,4,3,6,wait,0,2,-57.22,wait,0,2,-81.3977,False
439,0,4,3,7,wait,0,2,-57.3931,wait,0,2,-81.0133,False
440,0,4,3,8,wait,0,2,-57.2232,wait,0,2,-82.2262,False
441,0,4,3,9,wait,0,2,-57.3147,wait,0,2,-81.1042,False
442,0,4,3,10,wait,0,2,-57.723,wait,0,2,-81.5708,False
443,0,4,3,11,wait,0,2,-56.994,wait,0,2,-80.7088,False
444,0,4,3,12,wait,0,2,-57.3367,wait,0,2,-80.9903,False
445,0,4,3,13,wait,0,2,-58.6393,wait,0,2,-83.4141,False
446,0,4,3,14,wait,0,2,-90.8548,wait,0,1,-90.8657,True
447,0,4,3,15,wait,0,0,0.0,wait,0,0,0.0,False
448,0,4,4,0,wait,0,2,-44.2501,wait,0,2,-70.5494,False
449,0,4,4,1,wait,0,2,-44.0074,wait,0,2,-69.7485,False
450,0,4,4,2,wait,0,2,-44.0745,wait,0,2,-69.7802,False
451,0,4,4,3,wait,0,1,-44.6242,wait,0,1,-70.7373,False
452,0,4,4,4,wait,0,2,-44.1437,wait,0,2,-69.5418,False
453,0,4,4,5,wait,0,2,-44.6023,wait,0,2,-70.4282,False
454,0,4,4,6,wait,0,2,-44.3169,wait,0,1,-70.1009,True
455,0,4,4,7,wait,0,2,-44.1798,wait,0,2,-70.3151,False
456,0,4,4,8,wait,0,2,-44.3861,wait,0,2,-70.5115,False
457,0,4,4,9,wait,0,2,-44.5751,wait,0,2,-70.646,False
458,0,4,4,10,wait,0,1,-44.5879,wait,0,1,-70.3197,False
459,0,4,4,11,wait,0,2,-44.328,wait,0,2,-70.3482,False
460,0,4,4,12,wait,0,2,-45.3645,wait,0,2,-72.295,False
461,0,4,4,13,wait,0,2,-48.8328,wait,0,2,-77.9029,False
462,0,4,4,14,wait,0,2,-88.7641,wait,0,2,-88.0834,False
463,0,4,4,15,wait,0,0,0.0,wait,0,0,0.0,False
464,0,4,5,0,wait,0,2,-35.6313,wait,0,1,-58.9711,True
465,0,4,5,1,wait,0,2,-35.6731,wait,0,2,-59.6172,False
466,0,4,5,2,wait,0,2,-35.6029,wait,0,2,-59.362,False
467,0,4,5,3,wait,0,1,-36.3148,wait,0,1,-60.1792,False
468,0,4,5,4,wait,0,2,-35.5964,wait,0,1,-59.5134,True
469,0,4,5,5,wait,0,2,-35.8468,wait,0,1,-60.1424,True
470,0,4,5,6,wait,0,2,-35.6349,wait,0,2,-59.4685,False
471,0,4,5,7,wait,0,2,-35.4102,wait,0,2,-59.5979,False
472,0,4,5,8,wait,0,2,-35.6098,wait,0,2,-59.5254,False
473,0,4,5,9,wait,0,2,-35.8607,wait,0,2,-59.4009,False
474,0,4,5,10,wait,0,2,-35.8352,wait,0,1,-59.9457,True
475,0,4,5,11,wait,0,2,-36.3934,wait,0,1,-61.109,True
476,0,4,5,12,wait,0,2,-39.2451,wait,0,2,-65.4542,False
477,0,4,5,13,wait,0,2,-44.8982,wait,0,2,-74.9912,False
478,0,4,5,14,wait,0,2,-88.0361,wait,0,2,-88.3325,False
479,0,4,5,15,wait,0,0,0.0,wait,0,0,0.0,False
496,0,5,1,0,wait,0,2,-98.8916,wait,0,2,-98.8984,False
497,0,5,1,1,wait,0,2,-98.8916,wait,0,2,-98.8984,False
498,0,5,1,2,wait,0,2,-98.8916,wait,0,2,-98.8984,False
499,0,5,1,3,wait,0,2,-98.8916,wait,0,2,-98.8984,False
500,0,5,1,4,wait,0,2,-98.8916,wait,0,2,-98.8984,False
501,0,5,1,5,wait,0,2,-98.8916,wait,0,2,-98.8984,False
502,0,5,1,6,wait,0,2,-98.8916,wait,0,2,-98.8984,False
503,0,5,1,7,wait,0,2,-98.8916,wait,0,2,-98.8984,False
504,0,5,1,8,wait,0,2,-98.8916,wait,0,2,-98.8984,False
505,0,5,1,9,wait,0,2,-98.8916,wait,0,2,-98.8984,False
506,0,5,1,10,wait,0,2,-98.8916,wait,0,2,-98.8984,False
507,0,5,1,11,wait,0,2,-98.8917,wait,0,2,-98.8984,False
508,0,5,1,12,wait,0,2,-98.8916,wait,0,2,-98.8984,False
509,0,5,1,13,wait,0,2,-98.8916,wait,0,2,-98.8984,False
510,0,5,1,14,wait,0,2,-98.8916,wait,0,2,-98.8984,False
511,0,5,1,15,wait,0,0,0.0,wait,0,0,0.0,False
512,0,5,2,0,wait,0,2,-73.3373,wait,0,2,-90.9159,False
513,0,5,2,1,wait,0,2,-73.2298,wait,0,2,-91.1058,False
514,0,5,2,2,wait,0,2,-73.3949,wait,0,1,-90.9906,True
515,0,5,2,3,wait,0,2,-73.5116,wait,0,2,-90.8138,False
516,0,5,2,4,wait,0,2,-73.591,wait,0,2,-90.7464,False
517,0,5,2,5,wait,0,2,-73.6334,wait,0,2,-91.1114,False
518,0,5,2,6,wait,0,2,-73.2023,wait,0,2,-91.0203,False
519,0,5,2,7,wait,0,2,-72.9808,wait,0,2,-90.2507,False
520,0,5,2,8,wait,0,2,-73.4611,wait,0,2,-90.7849,False
521,0,5,2,9,wait,0,2,-73.2179,wait,0,2,-90.0621,False
522,0,5,2,10,wait,0,1,-73.6337,wait,0,1,-91.062,False
523,0,5,2,11,wait,0,2,-73.5233,wait,0,2,-90.9622,False
524,0,5,2,12,wait,0,2,-72.5241,wait,0,2,-89.8339,False
525,0,5,2,13,wait,0,2,-73.6546,wait,0,1,-91.1695,True
526,0,5,2,14,wait,0,2,-93.8765,wait,0,1,-93.4321,True
527,0,5,2,15,wait,0,0,0.0,wait,0,0,0.0,False
528,0,5,3,0,wait,0,2,-57.0819,wait,0,2,-80.7294,False
529,0,5,3,1,wait,0,2,-57.4188,wait,0,2,-81.6393,False
530,0,5,3,2,wait,0,2,-57.1859,wait,0,2,-81.3135,False
531,0,5,3,3,wait,0,2,-57.0083,wait,0,2,-81.6104,False
532,0,5,3,4,wait,0,2,-57.1908,wait,0,2,-81.5255,False
533,0,5,3,5,wait,0,2,-56.9592,wait,0,2,-80.7622,False
534,0,5,3,6,wait,0,2,-57.1449,wait,0,2,-81.11,False
535,0,5,3,7,wait,0,2,-57.1038,wait,0,1,-81.5729,True
536,0,5,3,8,wait,0,2,-57.3179,wait,0,2,-80.9023,False
537,0,5,3,9,wait,0,2,-57.532,wait,0,2,-81.0149,False
538,0,5,3,10,wait,0,2,-57.0891,wait,0,2,-81.65,False
539,0,5,3,11,wait,0,2,-56.7305,wait,0,2,-80.5631,False
540,0,5,3,12,wait,0,2,-57.1032,wait,0,2,-80.7322,False
541,0,5,3,13,wait,0,2,-58.286,wait,0,2,-83.0031,False
542,0,5,3,14,wait,0,2,-90.4112,wait,0,2,-90.548,False
543,0,5,3,15,wait,0,0,0.0,wait,0,0,0.0,False
544,0,5,4,0,wait,0,2,-44.2832,wait,0,1,-70.0564,True
545,0,5,4,1,wait,0,2,-44.3373,wait,0,2,-70.0632,False
546,0,5,4,2,wait,0,2,-44.1689,wait,0,2,-69.8208,False
547,0,5,4,3,wait,0,2,-43.8641,wait,0,2,-69.9414,False
548,0,5,4,4,wait,0,2,-44.4477,wait,0,2,-70.2758,False
549,0,5,4,5,wait,0,2,-44.3105,wait,0,2,-70.3864,False
550,0,5,4,6,wait,0,2,-44.4007,wait,0,2,-70.5553,False
551,0,5,4,7,wait,0,2,-44.2481,wait,0,2,-70.7886,False
552,0,5,4,8,wait,0,2,-44.0101,wait,0,2,-69.1795,False
553,0,5,4,9,wait,0,2,-44.1205,wait,0,2,-70.8381,False
554,0,5,4,10,wait,0,2,-43.9849,wait,0,2,-69.8666,False
555,0,5,4,11,wait,0,2,-44.2796,wait,0,2,-70.0312,False
556,0,5,4,12,wait,0,2,-45.2937,wait,0,2,-71.9814,False
557,0,5,4,13,wait,0,2,-48.6091,wait,0,2,-77.9467,False
558,0,5,4,14,wait,0,2,-88.9571,wait,0,2,-88.5526,False
559,0,5,4,15,wait,0,0,0.0,wait,0,0,0.0,False
560,0,5,5,0,wait,0,2,-35.5179,wait,0,2,-59.0869,False
561,0,5,5,1,wait,0,2,-34.9757,wait,0,2,-58.9202,False
562,0,5,5,2,wait,0,2,-35.484,wait,0,2,-59.1598,False
563,0,5,5,3,wait,0,2,-35.1942,wait,0,2,-58.6439,False
564,0,5,5,4,wait,0,2,-35.5571,wait,0,2,-58.6452,False
565,0,5,5,5,wait,0,2,-35.8023,wait,0,1,-59.0759,True
566,0,5,5,6,wait,0,2,-35.5261,wait,0,2,-58.9102,False
567,0,5,5,7,wait,0,2,-35.3415,wait,0,2,-58.7846,False
568,0,5,5,8,wait,0,2,-35.7161,wait,0,1,-59.3501,True
569,0,5,5,9,wait,0,2,-35.4722,wait,0,2,-59.015,False
570,0,5,5,10,wait,0,2,-35.1228,wait,0,2,-59.1684,False
571,0,5,5,11,wait,0,2,-35.9729,wait,0,2,-60.2159,False
572,0,5,5,12,wait,0,2,-39.2292,wait,0,2,-65.4126,False
573,0,5,5,13,wait,0,2,-45.4415,wait,0,2,-75.0321,False
574,0,5,5,14,wait,0,2,-88.3359,wait,0,2,-88.9091,False
575,0,5,5,15,wait,0,0,0.0,wait,0,0,0.0,False
592,0,6,1,0,wait,0,2,-98.8916,wait,0,2,-98.8984,False
593,0,6,1,1,wait,0,2,-98.8916,wait,0,2,-98.8984,False
594,0,6,1,2,wait,0,2,-98.8916,wait,0,2,-98.8984,False
595,0,6,1,3,wait,0,2,-98.8916,wait,0,2,-98.8984,False
596,0,6,1,4,wait,0,2,-98.8916,wait,0,2,-98.8984,False
597,0,6,1,5,wait,0,2,-98.8916,wait,0,2,-98.8984,False
598,0,6,1,6,wait,0,2,-98.8916,wait,0,2,-98.8984,False
599,0,6,1,7,wait,0,2,-98.8916,wait,0,2,-98.8984,False
600,0,6,1,8,wait,0,2,-98.8916,wait,0,2,-98.8984,False
601,0,6,1,9,wait,0,2,-98.8915,wait,0,2,-98.8984,False
602,0,6,1,10,wait,0,2,-98.8916,wait,0,2,-98.8984,False
603,0,6,1,11,wait,0,2,-98.8915,wait,0,2,-98.8984,False
604,0,6,1,12,wait,0,2,-98.8916,wait,0,2,-98.8984,False
605,0,6,1,13,wait,0,2,-98.8916,wait,0,2,-98.8984,False
606,0,6,1,14,wait,0,2,-98.8916,wait,0,2,-98.8984,False
607,0,6,1,15,wait,0,0,0.0,wait,0,0,0.0,False
608,0,6,2,0,wait,0,2,-73.4222,wait,0,1,-91.0375,True
609,0,6,2,1,wait,0,2,-73.2685,wait,0,2,-90.9238,False
610,0,6,2,2,wait,0,2,-72.9399,wait,0,2,-90.6087,False
611,0,6,2,3,wait,0,2,-73.3018,wait,0,2,-90.7999,False
612,0,6,2,4,wait,0,2,-73.314,wait,0,2,-90.8996,False
613,0,6,2,5,wait,0,2,-73.5214,wait,0,2,-91.1166,False
614,0,6,2,6,wait,0,2,-73.5824,wait,0,2,-91.0878,False
615,0,6,2,7,wait,0,2,-73.269,wait,0,2,-90.6213,False
616,0,6,2,8,wait,0,2,-73.659,wait,0,2,-90.922,False
617,0,6,2,9,wait,0,2,-73.2016,wait,0,2,-90.3236,False
618,0,6,2,10,wait,0,2,-73.1467,wait,0,2,-90.5612,False
619,0,6,2,11,wait,0,1,-73.6774,wait,0,1,-91.0009,False
620,0,6,2,12,wait,0,2,-73.6296,wait,0,2,-90.936,False
621,0,6,2,13,wait,0,2,-73.1123,wait,0,1,-90.7422,True
622,0,6,2,14,wait,0,2,-93.9244,wait,0,1,-94.0488,True
623,0,6,2,15,wait,0,0,0.0,wait,0,0,0.0,False
624,0,6,3,0,wait,0,2,-57.0881,wait,0,2,-80.7065,False
625,0,6,3,1,wait,0,2,-56.8693,wait,0,2,-81.44,False
626,0,6,3,2,wait,0,2,-57.039,wait,0,2,-81.0093,False
627,0,6,3,3,wait,0,2,-57.4893,wait,0,2,-81.7506,False
628,0,6,3,4,wait,0,2,-57.304,wait,0,1,-81.5194,True
629,0,6,3,5,wait,0,2,-57.4063,wait,0,2,-81.1382,False
630,0,6,3,6,wait,0,2,-56.892,wait,0,2,-80.945,False
631,0,6,3,7,wait,0,2,-57.8231,wait,0,1,-81.9303,True
632,0,6,3,8,wait,0,2,-56.7452,wait,0,2,-81.2177,False
633,0,6,3,9,wait,0,2,-57.6045,wait,0,1,-81.275,True
634,0,6,3,10,wait,0,2,-57.0554,wait,0,2,-81.2428,False
635,0,6,3,11,wait,0,2,-57.1046,wait,0,2,-81.039,False
636,0,6,3,12,wait,0,2,-57.6915,wait,0,1,-81.9186,True
637,0,6,3,13,wait,0,2,-58.347,wait,0,2,-82.9233,False
638,0,6,3,14,wait,0,2,-90.7712,wait,0,2,-90.9025,False
639,0,6,3,15,wait,0,0,0.0,wait,0,0,0.0,False
640,0,6,4,0,wait,0,2,-43.88,wait,0,2,-69.6246,False
641,0,6,4,1,wait,0,2,-44.0944,wait,0,2,-70.2344,False
642,0,6,4,2,wait,0,2,-44.0987,wait,0,2,-69.8904,False
643,0,6,4,3,wait,0,2,-44.5052,wait,0,2,-70.5705,False
644,0,6,4,4,wait,0,2,-43.8231,wait,0,2,-69.5845,False
645,0,6,4,5,wait,0,2,-43.9511,wait,0,2,-69.664,False
646,0,6,4,6,wait,0,2,-44.1776,wait,0,2,-69.9176,False
647,0,6,4,7,wait,0,2,-44.3418,wait,0,2,-70.2282,False
648,0,6,4,8,wait,0,2,-44.2459,wait,0,2,-70.2605,False
649,0,6,4,9,wait,0,2,-44.1281,wait,0,2,-69.9671,False
650,0,6,4,10,wait,0,2,-44.18,wait,0,2,-69.5754,False
651,0,6,4,11,wait,0,2,-44.3753,wait,0,2,-69.9983,False
652,0,6,4,12,wait,0,2,-45.1672,wait,0,2,-71.7609,False
653,0,6,4,13,wait,0,2,-48.9692,wait,0,1,-77.8064,True
654,0,6,4,14,wait,0,1,-89.3704,wait,0,1,-88.9975,False
655,0,6,4,15,wait,0,0,0.0,wait,0,0,0.0,False
656,0,6,5,0,wait,0,2,-35.1067,wait,0,2,-58.3594,False
657,0,6,5,1,wait,0,2,-35.1623,wait,0,2,-59.0027,False
658,0,6,5,2,wait,0,2,-35.2978,wait,0,2,-58.7005,False
659,0,6,5,3,wait,0,2,-35.1979,wait,0,2,-58.4201,False
660,0,6,5,4,wait,0,2,-35.1181,wait,0,1,-58.7415,True
661,0,6,5,5,wait,0,2,-34.9575,wait,0,2,-58.0352,False
662,0,6,5,6,wait,0,2,-35.0584,wait,0,2,-58.6605,False
663,0,6,5,7,wait,0,2,-35.3297,wait,0,2,-59.3258,False
664,0,6,5,8,wait,0,2,-35.2524,wait,0,2,-58.8948,False
665,0,6,5,9,wait,0,2,-35.1532,wait,0,2,-59.0666,False
666,0,6,5,10,wait,0,2,-35.3738,wait,0,2,-58.7632,False
667,0,6,5,11,wait,0,2,-35.8526,wait,0,1,-60.109,True
668,0,6,5,12,wait,0,2,-38.8757,wait,0,2,-64.7589,False
669,0,6,5,13,wait,0,2,-44.8802,wait,0,2,-74.7236,False
670,0,6,5,14,wait,0,2,-88.1671,wait,0,2,-88.5881,False
671,0,6,5,15,wait,0,0,0.0,wait,0,0,0.0,False
688,0,7,1,0,wait,0,2,-98.8916,wait,0,2,-98.8984,False
689,0,7,1,1,wait,0,2,-98.8916,wait,0,2,-98.8984,False
690,0,7,1,2,wait,0,2,-98.8916,wait,0,2,-98.8984,False
691,0,7,1,3,wait,0,2,-98.8916,wait,0,2,-98.8984,False
692,0,7,1,4,wait,0,2,-98.8916,wait,0,2,-98.8984,False
693,0,7,1,5,wait,0,2,-98.8916,wait,0,2,-98.8984,False
694,0,7,1,6,wait,0,2,-98.8916,wait,0,2,-98.8984,False
695,0,7,1,7,wait,0,2,-98.8916,wait,0,2,-98.8984,False
696,0,7,1,8,wait,0,2,-98.8916,wait,0,2,-98.8984,False
697,0,7,1,9,wait,0,2,-98.8916,wait,0,2,-98.8984,False
698,0,7,1,10,wait,0,2,-98.8916,wait,0,2,-98.8984,False
699,0,7,1,11,wait,0,2,-98.8915,wait,0,2,-98.8984,False
700,0,7,1,12,wait,0,2,-98.8915,wait,0,2,-98.8984,False
701,0,7,1,13,wait,0,2,-98.8915,wait,0,2,-98.8984,False
702,0,7,1,14,wait,0,2,-98.8916,wait,0,2,-98.8984,False
703,0,7,1,15,wait,0,0,0.0,wait,0,0,0.0,False
704,0,7,2,0,wait,0,2,-73.3666,wait,0,2,-90.8016,False
705,0,7,2,1,wait,0,2,-73.2615,wait,0,2,-90.4379,False
706,0,7,2,2,wait,0,2,-73.3603,wait,0,2,-90.5141,False
707,0,7,2,3,wait,0,2,-73.1909,wait,0,2,-90.5012,False
708,0,7,2,4,wait,0,2,-73.1113,wait,0,2,-90.4512,False
709,0,7,2,5,wait,0,2,-73.3838,wait,0,2,-91.1759,False
710,0,7,2,6,wait,0,2,-73.5314,wait,0,2,-91.1878,False
711,0,7,2,7,wait,0,1,-73.5418,wait,0,2,-90.7931,True
712,0,7,2,8,wait,0,2,-73.5216,wait,0,2,-90.8893,False
713,0,7,2,9,wait,0,2,-72.8416,wait,0,2,-90.1276,False
714,0,7,2,10,wait,0,2,-73.1611,wait,0,2,-90.3332,False
715,0,7,2,11,wait,0,2,-73.2669,wait,0,1,-91.1128,True
716,0,7,2,12,wait,0,2,-73.1791,wait,0,2,-90.8313,False
717,0,7,2,13,wait,0,2,-73.4527,wait,0,2,-90.7452,False
718,0,7,2,14,wait,0,2,-93.5097,wait,0,2,-93.2324,False
719,0,7,2,15,wait,0,0,0.0,wait,0,0,0.0,False
720,0,7,3,0,wait,0,2,-57.4686,wait,0,1,-81.367,True
721,0,7,3,1,wait,0,2,-57.3007,wait,0,2,-81.2696,False
722,0,7,3,2,wait,0,1,-57.3962,wait,0,1,-80.8855,False
723,0,7,3,3,wait,0,2,-57.221,wait,0,2,-80.972,False
724,0,7,3,4,wait,0,1,-57.5884,wait,0,2,-82.1967,True
725,0,7,3,5,wait,0,2,-57.0195,wait,0,2,-81.1578,False
726,0,7,3,6,wait,0,2,-57.2025,wait,0,2,-80.7165,False
727,0,7,3,7,wait,0,2,-57.1369,wait,0,2,-81.1004,False
728,0,7,3,8,wait,0,2,-57.286,wait,0,2,-81.5156,False
729,0,7,3,9,wait,0,2,-57.2348,wait,0,2,-81.2885,False
730,0,7,3,10,wait,0,2,-57.1083,wait,0,2,-81.4223,False
731,0,7,3,11,wait,0,2,-56.9677,wait,0,2,-80.6201,False
732,0,7,3,12,wait,0,2,-56.7743,wait,0,2,-80.955,False
733,0,7,3,13,wait,0,2,-58.3385,wait,0,2,-83.3479,False
734,0,7,3,14,wait,0,2,-91.0558,wait,0,2,-91.4331,False
735,0,7,3,15,wait,0,0,0.0,wait,0,0,0.0,False
736,0,7,4,0,wait,0,2,-44.2153,wait,0,2,-69.2386,False
737,0,7,4,1,wait,0,2,-44.0477,wait,0,1,-70.0609,True
738,0,7,4,2,wait,0,2,-44.1567,wait,0,2,-70.0603,False
739,0,7,4,3,wait,0,2,-44.2482,wait,0,1,-70.8346,True
740,0,7,4,4,wait,0,2,-44.0021,wait,0,2,-69.5194,False
741,0,7,4,5,wait,0,2,-43.972,wait,0,2,-69.3992,False
742,0,7,4,6,wait,0,2,-43.6291,wait,0,2,-69.3777,False
743,0,7,4,7,wait,0,2,-44.1232,wait,0,2,-69.8174,False
744,0,7,4,8,wait,0,2,-44.3242,wait,0,2,-69.7489,False
745,0,7,4,9,wait,0,1,-44.6075,wait,0,2,-70.1413,True
746,0,7,4,10,wait,0,2,-43.9627,wait,0,2,-69.3672,False
747,0,7,4,11,wait,0,2,-44.0392,wait,0,2,-69.6659,False
748,0,7,4,12,wait,0,2,-45.2116,wait,0,1,-71.9185,True
749,0,7,4,13,wait,0,2,-48.4837,wait,0,2,-76.8917,False
750,0,7,4,14,wait,0,2,-89.0037,wait,0,2,-88.8248,False
751,0,7,4,15,wait,0,0,0.0,wait,0,0,0.0,False
752,0,7,5,0,wait,0,2,-34.9294,wait,0,2,-58.7956,False
753,0,7,5,1,wait,0,2,-34.9066,wait,0,2,-58.4638,False
754,0,7,5,2,wait,0,2,-35.2593,wait,0,2,-59.0177,False
755,0,7,5,3,wait,0,2,-34.9915,wait,0,2,-59.1418,False
756,0,7,5,4,wait,0,2,-35.0935,wait,0,2,-58.6574,False
757,0,7,5,5,wait,0,2,-35.3537,wait,0,2,-58.9834,False
758,0,7,5,6,wait,0,2,-35.1594,wait,0,2,-58.3778,False
759,0,7,5,7,wait,0,2,-35.1224,wait,0,2,-58.5123,False
760,0,7,5,8,wait,0,2,-35.2525,wait,0,2,-59.0323,False
761,0,7,5,9,wait,0,2,-35.0183,wait,0,2,-58.3108,False
762,0,7,5,10,wait,0,2,-34.9454,wait,0,2,-58.8333,False
763,0,7,5,11,wait,0,2,-35.9823,wait,0,2,-60.3692,False
764,0,7,5,12,wait,0,2,-38.9009,wait,0,2,-64.8858,False
765,0,7,5,13,wait,0,2,-44.5776,wait,0,2,-74.1706,False
766,0,7,5,14,wait,0,2,-88.072,wait,0,2,-88.0978,False
767,0,7,5,15,wait,0,0,0.0,wait,0,0,0.0,False
784,0,8,1,0,wait,0,2,-98.8916,wait,0,2,-98.8984,False
785,0,8,1,1,wait,0,2,-98.8916,wait,0,2,-98.8984,False
786,0,8,1,2,wait,0,2,-98.8916,wait,0,2,-98.8984,False
787,0,8,1,3,wait,0,2,-98.8916,wait,0,2,-98.8984,False
788,0,8,1,4,wait,0,2,-98.8916,wait,0,2,-98.8984,False
789,0,8,1,5,wait,0,2,-98.8916,wait,0,2,-98.8984,False
790,0,8,1,6,wait,0,2,-98.8916,wait,0,2,-98.8984,False
791,0,8,1,7,wait,0,2,-98.8916,wait,0,2,-98.8984,False
792,0,8,1,8,wait,0,2,-98.8917,wait,0,2,-98.8984,False
793,0,8,1,9,wait,0,2,-98.8916,wait,0,2,-98.8984,False
794,0,8,1,10,wait,0,2,-98.8916,wait,0,2,-98.8984,False
795,0,8,1,11,wait,0,2,-98.8916,wait,0,2,-98.8984,False
796,0,8,1,12,wait,0,2,-98.8917,wait,0,2,-98.8984,False
797,0,8,1,13,wait,0,2,-98.8916,wait,0,2,-98.8984,False
798,0,8,1,14,wait,0,2,-98.8916,wait,0,2,-98.8984,False
799,0,8,1,15,wait,0,0,0.0,wait,0,0,0.0,False
800,0,8,2,0,wait,0,1,-73.7836,wait,0,2,-90.6248,True
801,0,8,2,1,wait,0,2,-73.1123,wait,0,2,-90.9176,False
802,0,8,2,2,wait,0,2,-73.8246,wait,0,1,-90.8556,True
803,0,8,2,3,wait,0,2,-73.3951,wait,0,2,-90.8394,False
804,0,8,2,4,wait,0,2,-73.2255,wait,0,1,-90.7506,True
805,0,8,2,5,wait,0,2,-73.3096,wait,0,2,-90.0844,False
806,0,8,2,6,wait,0,2,-73.1489,wait,0,2,-90.3585,False
807,0,8,2,7,wait,0,2,-73.6602,wait,0,2,-90.7711,False
808,0,8,2,8,wait,0,2,-73.1349,wait,0,2,-90.7715,False
809,0,8,2,9,wait,0,2,-73.3299,wait,0,2,-90.8309,False
810,0,8,2,10,wait,0,2,-73.3126,wait,0,2,-90.574,False
811,0,8,2,11,wait,0,2,-73.1966,wait,0,2,-90.6099,False
812,0,8,2,12,wait,0,2,-73.2825,wait,0,2,-90.4049,False
813,0,8,2,13,wait,0,2,-73.3367,wait,0,2,-90.6066,False
814,0,8,2,14,wait,0,2,-93.3986,wait,0,2,-93.006,False
815,0,8,2,15,wait,0,0,0.0,wait,0,0,0.0,False
816,0,8,3,0,wait,0,2,-56.9687,wait,0,2,-81.1548,False
817,0,8,3,1,wait,0,2,-57.0875,wait,0,2,-81.0154,False
818,0,8,3,2,wait,0,2,-57.1816,wait,0,2,-81.2595,False
819,0,8,3,3,wait,0,2,-57.4885,wait,0,2,-81.1728,False
820,0,8,3,4,wait,0,2,-57.2779,wait,0,2,-81.1975,False
821,0,8,3,5,wait,0,2,-57.148,wait,0,2,-81.1204,False
822,0,8,3,6,wait,0,2,-57.2073,wait,0,2,-81.3525,False
823,0,8,3,7,wait,0,2,-57.4307,wait,0,2,-81.1016,False
824,0,8,3,8,wait,0,2,-57.0374,wait,0,2,-81.1689,False
825,0,8,3,9,wait,0,2,-57.051,wait,0,2,-81.0699,False
826,0,8,3,10,wait,0,2,-57.533,wait,0,2,-81.7355,False
827,0,8,3,11,wait,0,2,-56.9148,wait,0,2,-81.1715,False
828,0,8,3,12,wait,0,2,-57.0536,wait,0,2,-81.107,False
829,0,8,3,13,wait,0,2,-58.1265,wait,0,2,-82.9487,False
830,0,8,3,14,wait,0,2,-90.7147,wait,0,2,-90.6017,False
831,0,8,3,15,wait,0,0,0.0,wait,0,0,0.0,False
832,0,8,4,0,wait,0,2,-43.7616,wait,0,2,-69.3244,False
833,0,8,4,1,wait,0,2,-44.2054,wait,0,2,-70.017,False
834,0,8,4,2,wait,0,2,-44.1469,wait,0,1,-70.2088,True
835,0,8,4,3,wait,0,2,-43.9374,wait,0,2,-70.2776,False
836,0,8,4,4,wait,0,2,-44.001,wait,0,2,-69.889,False
837,0,8,4,5,wait,0,2,-44.6438,wait,0,2,-70.6728,False
838,0,8,4,6,wait,0,2,-44.3685,wait,0,2,-70.6157,False
839,0,8,4,7,wait,0,1,-44.8067,wait,0,2,-70.4189,True
840,0,8,4,8,wait,0,2,-44.3845,wait,0,1,-70.6965,True
841,0,8,4,9,wait,0,2,-44.2173,wait,0,2,-70.1674,False
842,0,8,4,10,wait,0,2,-44.1134,wait,0,2,-69.7905,False
843,0,8,4,11,wait,0,2,-44.1007,wait,0,2,-69.964,False
844,0,8,4,12,wait,0,2,-44.7679,wait,0,2,-71.1114,False
845,0,8,4,13,wait,0,2,-48.8123,wait,0,2,-77.6178,False
846,0,8,4,14,wait,0,2,-88.7764,wait,0,2,-88.5535,False
847,0,8,4,15,wait,0,0,0.0,wait,0,0,0.0,False
848,0,8,5,0,wait,0,2,-34.8835,wait,0,2,-58.2252,False
849,0,8,5,1,wait,0,2,-34.841,wait,0,2,-58.6931,False
850,0,8,5,2,wait,0,2,-35.2607,wait,0,2,-59.0481,False
851,0,8,5,3,wait,0,2,-35.4556,wait,0,2,-58.4983,False
852,0,8,5,4,wait,0,2,-35.0444,wait,0,2,-58.4196,False
853,0,8,5,5,wait,0,2,-35.2428,wait,0,2,-58.7143,False
854,0,8,5,6,wait,0,2,-35.23,wait,0,1,-58.6962,True
855,0,8,5,7,wait,0,2,-35.0901,wait,0,2,-58.4837,False
856,0,8,5,8,wait,0,2,-35.2409,wait,0,2,-59.0353,False
857,0,8,5,9,wait,0,2,-35.2365,wait,0,2,-59.2016,False
858,0,8,5,10,wait,0,2,-35.275,wait,0,2,-58.8267,False
859,0,8,5,11,wait,0,2,-35.7163,wait,0,2,-59.824,False
860,0,8,5,12,wait,0,2,-38.8117,wait,0,2,-64.8939,False
861,0,8,5,13,wait,0,2,-44.5223,wait,0,2,-74.2706,False
862,0,8,5,14,wait,0,2,-88.0279,wait,0,2,-87.1399,False
863,0,8,5,15,wait,0,0,0.0,wait,0,0,0.0,False
880,0,9,1,0,wait,0,2,-98.8916,wait,0,2,-98.8984,False
881,0,9,1,1,wait,0,2,-98.8916,wait,0,2,-98.8984,False
882,0,9,1,2,wait,0,2,-98.8916,wait,0,2,-98.8984,False
883,0,9,1,3,wait,0,2,-98.8916,wait,0,2,-98.8984,False
884,0,9,1,4,wait,0,2,-98.8916,wait,0,2,-98.8984,False
885,0,9,1,5,wait,0,2,-98.8916,wait,0,2,-98.8984,False
886,0,9,1,6,wait,0,2,-98.8916,wait,0,2,-98.8984,False
887,0,9,1,7,wait,0,2,-98.8916,wait,0,2,-98.8984,False
888,0,9,1,8,wait,0,2,-98.8916,wait,0,2,-98.8984,False
889,0,9,1,9,wait,0,2,-98.8916,wait,0,2,-98.8984,False
890,0,9,1,10,wait,0,2,-98.8916,wait,0,2,-98.8984,False
891,0,9,1,11,wait,0,2,-98.8916,wait,0,2,-98.8984,False
892,0,9,1,12,wait,0,2,-98.8916,wait,0,2,-98.8984,False
893,0,9,1,13,wait,0,2,-98.8916,wait,0,2,-98.8984,False
894,0,9,1,14,wait,0,2,-98.8916,wait,0,2,-98.8984,False
895,0,9,1,15,wait,0,0,0.0,wait,0,0,0.0,False
896,0,9,2,0,wait,0,2,-73.0746,wait,0,2,-91.0618,False
897,0,9,2,1,wait,0,2,-72.8646,wait,0,2,-90.3238,False
898,0,9,2,2,wait,0,2,-73.3791,wait,0,2,-90.9887,False
899,0,9,2,3,wait,0,2,-73.5509,wait,0,2,-90.8483,False
900,0,9,2,4,wait,0,2,-73.4104,wait,0,2,-90.8414,False
901,0,9,2,5,wait,0,2,-73.5276,wait,0,2,-91.0268,False
902,0,9,2,6,wait,0,2,-73.1185,wait,0,2,-90.7114,False
903,0,9,2,7,wait,0,2,-73.2378,wait,0,2,-90.9643,False
904,0,9,2,8,wait,0,2,-73.0873,wait,0,2,-90.7346,False
905,0,9,2,9,wait,0,2,-73.0639,wait,0,1,-90.7452,True
906,0,9,2,10,wait,0,2,-73.1763,wait,0,2,-90.5113,False
907,0,9,2,11,wait,0,2,-73.4589,wait,0,2,-90.8512,False
908,0,9,2,12,wait,0,2,-73.2997,wait,0,2,-90.7958,False
909,0,9,2,13,wait,0,2,-73.3858,wait,0,2,-90.8052,False
910,0,9,2,14,wait,0,2,-93.763,wait,0,2,-93.5504,False
911,0,9,2,15,wait,0,0,0.0,wait,0,0,0.0,False
912,0,9,3,0,wait,0,2,-57.0236,wait,0,2,-81.2194,False
913,0,9,3,1,wait,0,2,-57.4192,wait,0,2,-80.7155,False
914,0,9,3,2,wait,0,2,-57.4198,wait,0,2,-81.5866,False
915,0,9,3,3,wait,0,2,-57.2016,wait,0,2,-80.6941,False
916,0,9,3,4,wait,0,2,-57.3998,wait,0,2,-80.6049,False
917,0,9,3,5,wait,0,2,-57.0504,wait,0,2,-80.895,False
918,0,9,3,6,wait,0,2,-56.9885,wait,0,2,-80.955,False
919,0,9,3,7,wait,0,2,-57.212,wait,0,2,-81.4755,False
920,0,9,3,8,wait,0,2,-57.1153,wait,0,2,-80.8788,False
921,0,9,3,9,wait,0,2,-57.2507,wait,0,1,-81.3675,True
922,0,9,3,10,wait,0,2,-57.2893,wait,0,1,-81.5233,True
923,0,9,3,11,wait,0,2,-56.7163,wait,0,1,-81.0676,True
924,0,9,3,12,wait,0,2,-57.0107,wait,0,2,-81.1448,False
925,0,9,3,13,wait,0,2,-58.4603,wait,0,2,-83.05,False
926,0,9,3,14,wait,0,2,-90.4863,wait,0,2,-89.8966,False
927,0,9,3,15,wait,0,0,0.0,wait,0,0,0.0,False
928,0,9,4,0,wait,0,2,-43.6574,wait,0,2,-69.8531,False
929,0,9,4,1,wait,0,1,-44.7371,wait,0,2,-70.1822,True
930,0,9,4,2,wait,0,2,-44.2419,wait,0,2,-70.1674,False
931,0,9,4,3,wait,0,2,-44.1361,wait,0,2,-69.7602,False
932,0,9,4,4,wait,0,2,-44.0756,wait,0,2,-69.6123,False
933,0,9,4,5,wait,0,2,-44.117,wait,0,2,-69.9997,False
934,0,9,4,6,wait,0,2,-44.1093,wait,0,2,-69.8512,False
935,0,9,4,7,wait,0,2,-43.9987,wait,0,2,-70.152,False
936,0,9,4,8,wait,0,2,-44.151,wait,0,2,-70.3979,False
937,0,9,4,9,wait,0,2,-44.193,wait,0,2,-70.3507,False
938,0,9,4,10,wait,0,2,-44.2054,wait,0,2,-69.9429,False
939,0,9,4,11,wait,0,2,-44.0923,wait,0,2,-70.0964,False
940,0,9,4,12,wait,0,2,-44.703,wait,0,2,-70.7651,False
941,0,9,4,13,wait,0,2,-48.4959,wait,0,2,-77.141,False
942,0,9,4,14,wait,0,2,-88.7157,wait,0,2,-88.7204,False
943,0,9,4,15,wait,0,0,0.0,wait,0,0,0.0,False
944,0,9,5,0,wait,0,2,-35.1161,wait,0,2,-58.2042,False
945,0,9,5,1,wait,0,2,-34.9683,wait,0,2,-58.6514,False
946,0,9,5,2,wait,0,2,-35.0971,wait,0,2,-59.2742,False
947,0,9,5,3,wait,0,2,-35.2402,wait,0,2,-59.0074,False
948,0,9,5,4,wait,0,2,-35.0152,wait,0,2,-58.8578,False
949,0,9,5,5,wait,0,2,-35.4113,wait,0,1,-58.7209,True
950,0,9,5,6,wait,0,2,-35.3915,wait,0,2,-59.1681,False
951,0,9,5,7,wait,0,2,-35.2669,wait,0,1,-59.0331,True
952,0,9,5,8,wait,0,2,-35.2688,wait,0,2,-58.785,False
953,0,9,5,9,wait,0,2,-35.1256,wait,0,2,-58.1402,False
954,0,9,5,10,wait,0,2,-34.7573,wait,0,2,-57.9697,False
955,0,9,5,11,wait,0,2,-35.7735,wait,0,2,-59.7686,False
956,0,9,5,12,wait,0,2,-39.1164,wait,0,2,-64.5345,False
957,0,9,5,13,wait,0,2,-44.6376,wait,0,2,-74.1296,False
958,0,9,5,14,wait,0,2,-88.2487,wait,0,2,-88.543,False
959,0,9,5,15,wait,0,0,0.0,wait,0,0,0.0,False
976,0,10,1,0,wait,0,2,-98.8916,wait,0,2,-98.8984,False
977,0,10,1,1,wait,0,2,-98.8916,wait,0,2,-98.8984,False
978,0,10,1,2,wait,0,2,-98.8915,wait,0,2,-98.8984,False
979,0,10,1,3,wait,0,2,-98.8916,wait,0,2,-98.8984,False
980,0,10,1,4,wait,0,2,-98.8915,wait,0,2,-98.8984,False
981,0,10,1,5,wait,0,2,-98.8916,wait,0,2,-98.8984,False
982,0,10,1,6,wait,0,2,-98.8916,wait,0,2,-98.8984,False
983,0,10,1,7,wait,0,2,-98.8917,wait,0,2,-98.8984,False
984,0,10,1,8,wait,0,2,-98.8916,wait,0,2,-98.8984,False
985,0,10,1,9,wait,0,2,-98.8916,wait,0,2,-98.8984,False
986,0,10,1,10,wait,0,2,-98.8916,wait,0,2,-98.8984,False
987,0,10,1,11,wait,0,2,-98.8916,wait,0,2,-98.8984,False
988,0,10,1,12,wait,0,2,-98.8916,wait,0,2,-98.8984,False
989,0,10,1,13,wait,0,2,-98.8916,wait,0,2,-98.8984,False
990,0,10,1,14,wait,0,2,-98.8916,wait,0,2,-98.8984,False
991,0,10,1,15,wait,0,0,0.0,wait,0,0,0.0,False
992,0,10,2,0,wait,0,2,-72.9747,wait,0,2,-90.3883,False
993,0,10,2,1,wait,0,2,-73.5361,wait,0,2,-91.064,False
994,0,10,2,2,wait,0,2,-73.5265,wait,0,2,-91.0334,False
995,0,10,2,3,wait,0,1,-73.7539,wait,0,1,-90.8243,False
996,0,10,2,4,wait,0,2,-73.4904,wait,0,2,-90.8671,False
997,0,10,2,5,wait,0,2,-73.3768,wait,0,2,-91.1354,False
998,0,10,2,6,wait,0,2,-73.2103,wait,0,1,-90.8945,True
999,0,10,2,7,wait,0,2,-73.5243,wait,0,2,-90.7911,False
1000,0,10,2,8,wait,0,2,-73.1415,wait,0,2,-90.5687,False
1001,0,10,2,9,wait,0,2,-73.1476,wait,0,2,-90.5798,False
1002,0,10,2,10,wait,0,2,-73.5619,wait,0,2,-91.2836,False
1003,0,10,2,11,wait,0,2,-73.003,wait,0,2,-90.8192,False
1004,0,10,2,12,wait,0,2,-73.4787,wait,0,1,-90.7608,True
1005,0,10,2,13,wait,0,2,-73.0138,wait,0,2,-89.9308,False
1006,0,10,2,14,wait,0,2,-93.8709,wait,0,1,-94.1911,True
1007,0,10,2,15,wait,0,0,0.0,wait,0,0,0.0,False
1008,0,10,3,0,wait,0,2,-56.9161,wait,0,2,-81.3882,False
1009,0,10,3,1,wait,0,2,-57.4768,wait,0,2,-81.3024,False
1010,0,10,3,2,wait,0,1,-57.662,wait,0,2,-82.0552,True
1011,0,10,3,3,wait,0,1,-57.4723,wait,0,2,-81.0226,True
1012,0,10,3,4,wait,0,2,-56.6454,wait,0,2,-80.7931,False
1013,0,10,3,5,wait,0,2,-56.8363,wait,0,2,-81.0039,False
1014,0,10,3,6,wait,0,2,-57.3824,wait,0,2,-81.5032,False
1015,0,10,3,7,wait,0,2,-57.0777,wait,0,2,-81.3435,False
1016,0,10,3,8,wait,0,2,-57.048,wait,0,1,-80.7971,True
1017,0,10,3,9,wait,0,2,-56.9392,wait,0,2,-81.1201,False
1018,0,10,3,10,wait,0,2,-57.164,wait,0,2,-81.212,False
1019,0,10,3,11,wait,0,2,-57.8566,wait,0,2,-81.6666,False
1020,0,10,3,12,wait,0,2,-57.4548,wait,0,2,-81.3608,False
1021,0,10,3,13,wait,0,2,-58.028,wait,0,2,-82.3342,False
1022,0,10,3,14,wait,0,2,-90.3352,wait,0,2,-90.7638,False
1023,0,10,3,15,wait,0,0,0.0,wait,0,0,0.0,False
1024,0,10,4,0,wait,0,2,-44.5429,wait,0,2,-70.3049,False
1025,0,10,4,1,wait,0,2,-44.2283,wait,0,2,-70.1536,False
1026,0,10,4,2,wait,0,2,-44.2982,wait,0,2,-70.038,False
1027,0,10,4,3,wait,0,1,-44.5191,wait,0,1,-70.1066,False
1028,0,10,4,4,wait,0,2,-44.2471,wait,0,2,-69.8931,False
1029,0,10,4,5,wait,0,2,-44.402,wait,0,2,-70.2363,False
1030,0,10,4,6,wait,0,2,-44.344,wait,0,2,-69.8404,False
1031,0,10,4,7,wait,0,2,-43.9895,wait,0,2,-69.8002,False
1032,0,10,4,8,wait,0,2,-44.2309,wait,0,2,-70.0001,False
1033,0,10,4,9,wait,0,2,-44.2826,wait,0,1,-70.0746,True
1034,0,10,4,10,wait,0,2,-43.623,wait,0,2,-68.8887,False
1035,0,10,4,11,wait,0,2,-43.9429,wait,0,2,-69.7926,False
1036,0,10,4,12,wait,0,2,-44.8479,wait,0,2,-70.4077,False
1037,0,10,4,13,wait,0,2,-48.7246,wait,0,2,-77.453,False
1038,0,10,4,14,wait,0,2,-89.271,wait,0,2,-89.2258,False
1039,0,10,4,15,wait,0,0,0.0,wait,0,0,0.0,False
1040,0,10,5,0,wait,0,2,-35.3111,wait,0,2,-59.2713,False
1041,0,10,5,1,wait,0,2,-34.8989,wait,0,2,-58.7366,False
1042,0,10,5,2,wait,0,2,-35.1443,wait,0,2,-58.8085,False
1043,0,10,5,3,wait,0,2,-35.0108,wait,0,2,-58.3142,False
1044,0,10,5,4,wait,0,2,-35.1809,wait,0,2,-58.3058,False
1045,0,10,5,5,wait,0,2,-35.2801,wait,0,2,-58.0481,False
1046,0,10,5,6,wait,0,2,-35.2179,wait,0,2,-58.776,False
1047,0,10,5,7,wait,0,2,-35.1135,wait,0,2,-59.3479,False
1048,0,10,5,8,wait,0,2,-35.1282,wait,0,2,-58.625,False
1049,0,10,5,9,wait,0,2,-35.0371,wait,0,2,-58.6502,False
1050,0,10,5,10,wait,0,2,-35.1208,wait,0,1,-58.8624,True
1051,0,10,5,11,wait,0,2,-35.6672,wait,0,2,-59.745,False
1052,0,10,5,12,wait,0,2,-38.9954,wait,0,2,-64.7394,False
1053,0,10,5,13,wait,0,2,-44.5554,wait,0,2,-74.4962,False
1054,0,10,5,14,wait,0,2,-88.0967,wait,0,2,-88.1242,False
1055,0,10,5,15,wait,0,0,0.0,wait,0,0,0.0,False
1072,1,0,1,0,wait,1,0,-99.2975,wait,1,0,-99.3039,False
1073,1,0,1,1,wait,1,0,-99.2975,wait,1,0,-99.3039,False
1074,1,0,1,2,wait,1,0,-99.2975,wait,1,0,-99.3039,False
1075,1,0,1,3,wait,1,0,-99.2975,wait,1,0,-99.3039,False
1076,1,0,1,4,wait,1,0,-99.2975,wait,1,0,-99.3039,False
1077,1,0,1,5,wait,1,0,-99.2975,wait,1,0,-99.3039,False
1078,1,0,1,6,wait,1,0,-99.2975,wait,1,0,-99.3039,False
1079,1,0,1,7,wait,1,0,-99.2975,wait,1,0,-99.3039,False
1080,1,0,1,8,wait,1,0,-99.2975,wait,1,0,-99.3039,False
1081,1,0,1,9,wait,1,0,-99.2975,wait,1,0,-99.3039,False
1082,1,0,1,10,wait,1,0,-99.2975,wait,1,0,-99.3039,False
1083,1,0,1,11,wait,1,0,-99.2975,wait,1,0,-99.3039,False
1084,1,0,1,12,wait,1,0,-99.2975,wait,1,0,-99.3039,False
1085,1,0,1,13,wait,1,0,-99.2975,wait,1,0,-99.3039,False
1086,1,0,1,14,wait,1,0,-99.2975,wait,1,0,-99.3039,False
1087,1,0,1,15,wait,0,0,0.0,wait,0,0,0.0,False
1088,1,0,2,0,wait,1,0,-73.7446,wait,1,0,-91.1114,False
1089,1,0,2,1,wait,1,0,-73.8343,wait,1,0,-91.2077,False
1090,1,0,2,2,wait,1,0,-74.109,wait,1,0,-92.0744,False
1091,1,0,2,3,wait,1,0,-73.6088,wait,1,0,-91.2219,False
1092,1,0,2,4,wait,1,0,-73.8139,wait,1,0,-90.9373,False
1093,1,0,2,5,wait,1,0,-73.7511,wait,1,0,-90.612,False
1094,1,0,2,6,wait,1,0,-73.9669,wait,1,0,-91.6448,False
1095,1,0,2,7,wait,1,0,-73.5294,wait,1,0,-91.049,False
1096,1,0,2,8,wait,1,0,-73.9517,wait,1,0,-91.6166,False
1097,1,0,2,9,wait,1,0,-73.6545,wait,1,0,-90.8672,False
1098,1,0,2,10,wait,1,0,-74.0335,wait,1,0,-91.1948,False
1099,1,0,2,11,wait,1,0,-73.7967,wait,1,0,-91.388,False
1100,1,0,2,12,wait,1,0,-73.9312,wait,1,0,-91.6418,False
1101,1,0,2,13,wait,1,0,-73.8262,wait,1,0,-91.3086,False
1102,1,0,2,14,wait,1,0,-93.8034,wait,1,0,-93.7702,False
1103,1,0,2,15,wait,0,0,0.0,wait,0,0,0.0,False
1104,1,0,3,0,wait,1,0,-59.5032,wait,1,0,-84.57,False
1105,1,0,3,1,wait,1,0,-59.0823,wait,1,0,-84.2062,False
1106,1,0,3,2,wait,1,0,-59.1316,wait,1,0,-84.7286,False
1107,1,0,3,3,wait,1,0,-59.614,wait,1,0,-84.6072,False
1108,1,0,3,4,wait,1,0,-59.5784,wait,1,0,-84.3539,False
1109,1,0,3,5,wait,1,0,-59.3461,wait,1,0,-84.4602,False
1110,1,0,3,6,wait,1,0,-59.7916,wait,1,0,-85.1242,False
1111,1,0,3,7,wait,1,0,-59.7745,wait,1,0,-85.2584,False
1112,1,0,3,8,wait,1,0,-59.3946,wait,1,0,-84.6568,False
1113,1,0,3,9,wait,1,0,-59.5089,wait,1,0,-85.1249,False
1114,1,0,3,10,wait,1,0,-59.1914,wait,1,0,-84.2664,False
1115,1,0,3,11,wait,1,0,-59.4631,wait,1,0,-84.9209,False
1116,1,0,3,12,wait,1,0,-59.4229,wait,1,0,-85.2832,False
1117,1,0,3,13,wait,1,0,-59.875,wait,1,0,-85.1654,False
1118,1,0,3,14,wait,1,0,-91.5497,wait,1,0,-91.7632,False
1119,1,0,3,15,wait,0,0,0.0,wait,0,0,0.0,False
1120,1,0,4,0,wait,1,0,-47.4225,wait,1,0,-75.2029,False
1121,1,0,4,1,wait,1,0,-47.4423,wait,1,0,-75.4058,False
1122,1,0,4,2,wait,1,0,-47.4586,wait,1,0,-75.6182,False
1123,1,0,4,3,wait,1,0,-47.2429,wait,1,0,-74.5305,False
1124,1,0,4,4,wait,1,0,-47.5591,wait,1,0,-75.2034,False
1125,1,0,4,5,wait,1,0,-47.7105,wait,1,0,-75.5855,False
1126,1,0,4,6,wait,1,0,-47.7516,wait,1,0,-75.8939,False
1127,1,0,4,7,wait,1,0,-47.5727,wait,1,0,-75.2587,False
1128,1,0,4,8,wait,1,0,-47.1831,wait,1,0,-74.7556,False
1129,1,0,4,9,wait,1,0,-47.0092,wait,1,0,-75.5243,False
1130,1,0,4,10,wait,1,0,-47.8607,wait,1,0,-75.4527,False
1131,1,0,4,11,wait,1,0,-47.5281,wait,1,0,-75.1686,False
1132,1,0,4,12,wait,1,0,-47.9335,wait,1,0,-76.0021,False
1133,1,0,4,13,wait,1,0,-49.7787,wait,1,0,-78.8281,False
1134,1,0,4,14,wait,1,0,-89.6229,wait,1,0,-89.806,False
1135,1,0,4,15,wait,0,0,0.0,wait,0,0,0.0,False
1136,1,0,5,0,wait,1,0,-40.045,wait,1,0,-66.773,False
1137,1,0,5,1,wait,1,0,-40.0902,wait,1,0,-66.5673,False
1138,1,0,5,2,wait,1,0,-40.0406,wait,1,0,-66.1189,False
1139,1,0,5,3,wait,1,0,-39.5514,wait,1,0,-65.4041,False
1140,1,0,5,4,wait,1,0,-40.1784,wait,1,0,-66.3531,False
1141,1,0,5,5,wait,1,0,-40.3281,wait,1,0,-67.0131,False
1142,1,0,5,6,wait,1,0,-40.258,wait,1,0,-66.3162,False
1143,1,0,5,7,wait,1,0,-40.1885,wait,1,0,-66.715,False
1144,1,0,5,8,wait,1,0,-40.3885,wait,1,0,-66.846,False
1145,1,0,5,9,wait,1,0,-39.9705,wait,1,0,-65.8792,False
1146,1,0,5,10,wait,1,0,-40.1877,wait,1,0,-66.0179,False
1147,1,0,5,11,wait,1,0,-40.3874,wait,1,0,-67.0462,False
1148,1,0,5,12,wait,1,0,-42.0352,wait,1,0,-69.9972,False
1149,1,0,5,13,wait,1,0,-45.998,wait,1,0,-76.8588,False
1150,1,0,5,14,wait,1,0,-89.6087,wait,1,0,-89.7342,False
1151,1,0,5,15,wait,0,0,0.0,wait,0,0,0.0,False
1168,1,1,1,0,wait,1,1,-72.7575,wait,1,1,-90.7018,False
1169,1,1,1,1,wait,1,1,-73.2256,wait,1,1,-90.5405,False
1170,1,1,1,2,wait,1,1,-73.4981,wait,1,1,-91.3362,False
1171,1,1,1,3,wait,1,1,-73.2715,wait,1,1,-90.974,False
1172,1,1,1,4,wait,1,1,-73.0581,wait,1,1,-90.375,False
1173,1,1,1,5,wait,1,1,-73.467,wait,1,1,-90.4176,False
1174,1,1,1,6,wait,1,1,-73.2678,wait,1,1,-90.7961,False
1175,1,1,1,7,wait,1,1,-72.8164,wait,1,1,-90.5796,False
1176,1,1,1,8,wait,1,1,-72.9992,wait,1,1,-90.7528,False
1177,1,1,1,9,wait,1,1,-73.1895,wait,1,1,-91.2905,False
1178,1,1,1,10,wait,1,1,-72.8984,wait,1,1,-90.9249,False
1179,1,1,1,11,wait,1,1,-73.0316,wait,1,1,-90.8035,False
1180,1,1,1,12,wait,1,1,-72.7139,wait,1,1,-89.823,False
1181,1,1,1,13,wait,1,1,-72.8171,wait,1,1,-90.3742,False
1182,1,1,1,14,wait,1,1,-93.2823,wait,1,1,-93.3384,False
1183,1,1,1,15,wait,0,0,0.0,wait,0,0,0.0,False
1184,1,1,2,0,wait,1,1,-58.754,wait,1,1,-84.0697,False
1185,1,1,2,1,wait,1,1,-58.3539,wait,1,1,-83.9249,False
1186,1,1,2,2,wait,1,1,-58.8378,wait,1,1,-84.1338,False
1187,1,1,2,3,wait,1,1,-58.2114,wait,1,1,-83.5052,False
1188,1,1,2,4,wait,1,1,-58.8066,wait,1,1,-84.0685,False
1189,1,1,2,5,wait,1,1,-58.7391,wait,1,1,-83.9556,False
1190,1,1,2,6,wait,1,1,-59.053,wait,1,1,-84.6895,False
1191,1,1,2,7,wait,1,1,-58.8312,wait,1,1,-83.7587,False
1192,1,1,2,8,wait,1,1,-58.5725,wait,1,1,-84.5229,False
1193,1,1,2,9,wait,1,1,-58.7998,wait,1,1,-84.2623,False
1194,1,1,2,10,wait,1,1,-58.8034,wait,1,1,-84.5975,False
1195,1,1,2,11,wait,1,1,-58.5212,wait,1,1,-84.0879,False
1196,1,1,2,12,wait,1,1,-58.2159,wait,1,1,-83.7583,False
1197,1,1,2,13,wait,1,1,-59.2937,wait,1,1,-85.1572,False
1198,1,1,2,14,wait,1,1,-90.4738,wait,1,1,-90.4136,False
1199,1,1,2,15,wait,0,0,0.0,wait,0,0,0.0,False
1200,1,1,3,0,wait,1,1,-46.5465,wait,1,1,-74.62,False
1201,1,1,3,1,wait,1,1,-46.3812,wait,1,1,-74.301,False
1202,1,1,3,2,wait,1,1,-46.3016,wait,1,1,-74.6642,False
1203,1,1,3,3,wait,1,1,-46.5408,wait,1,1,-74.347,False
1204,1,1,3,4,wait,1,1,-46.3189,wait,1,1,-73.6462,False
1205,1,1,3,5,wait,1,1,-46.7698,wait,1,1,-74.2812,False
1206,1,1,3,6,wait,1,1,-46.3658,wait,1,1,-73.2381,False
1207,1,1,3,7,wait,1,1,-46.4188,wait,1,1,-73.8473,False
1208,1,1,3,8,wait,1,1,-46.1184,wait,1,1,-74.0754,False
1209,1,1,3,9,wait,1,1,-46.1003,wait,1,1,-73.891,False
1210,1,1,3,10,wait,1,1,-46.2417,wait,1,1,-73.9001,False
1211,1,1,3,11,wait,1,1,-46.2858,wait,1,1,-73.8071,False
1212,1,1,3,12,wait,1,1,-46.9354,wait,1,1,-74.534,False
1213,1,1,3,13,wait,1,1,-48.9865,wait,1,1,-78.7232,False
1214,1,1,3,14,wait,1,1,-88.7804,wait,1,1,-88.6052,False
1215,1,1,3,15,wait,0,0,0.0,wait,0,0,0.0,False
1216,1,1,4,0,wait,1,1,-38.784,wait,1,1,-65.3585,False
1217,1,1,4,1,wait,1,1,-38.9286,wait,1,1,-65.2918,False
1218,1,1,4,2,wait,1,1,-38.5598,wait,1,1,-64.7453,False
1219,1,1,4,3,wait,1,1,-38.9923,wait,1,1,-65.3027,False
1220,1,1,4,4,wait,1,1,-39.1877,wait,1,1,-65.0673,False
1221,1,1,4,5,wait,1,1,-39.0302,wait,1,1,-65.5371,False
1222,1,1,4,6,wait,1,1,-38.9239,wait,1,1,-65.6368,False
1223,1,1,4,7,wait,1,1,-38.6214,wait,1,1,-64.6734,False
1224,1,1,4,8,wait,1,1,-39.0107,wait,1,1,-65.2429,False
1225,1,1,4,9,wait,1,1,-38.9624,wait,1,1,-65.583,False
1226,1,1,4,10,wait,1,1,-38.6245,wait,1,1,-64.97,False
1227,1,1,4,11,wait,1,1,-39.2621,wait,1,1,-65.5836,False
1228,1,1,4,12,wait,1,1,-40.719,wait,1,1,-68.2187,False
1229,1,1,4,13,wait,1,1,-44.999,wait,1,1,-75.7696,False
1230,1,1,4,14,wait,1,1,-87.2127,wait,1,1,-87.03,False
1231,1,1,4,15,wait,0,0,0.0,wait,0,0,0.0,False
1232,1,1,5,0,wait,1,1,-30.819,wait,1,1,-54.9682,False
1233,1,1,5,1,wait,1,1,-30.8551,wait,1,1,-55.0023,False
1234,1,1,5,2,wait,1,1,-30.6354,wait,1,1,-54.2865,False
1235,1,1,5,3,wait,1,1,-30.6322,wait,1,1,-54.2773,False
1236,1,1,5,4,wait,1,1,-30.7656,wait,1,1,-54.7204,False
1237,1,1,5,5,wait,1,1,-30.5671,wait,1,1,-54.1759,False
1238,1,1,5,6,wait,1,1,-30.8024,wait,1,1,-54.3241,False
1239,1,1,5,7,wait,1,1,-30.8721,wait,1,1,-55.1812,False
1240,1,1,5,8,wait,1,1,-30.9936,wait,1,1,-55.1346,False
1241,1,1,5,9,wait,1,1,-30.6576,wait,1,1,-54.7217,False
1242,1,1,5,10,wait,1,1,-31.0049,wait,1,1,-54.4626,False
1243,1,1,5,11,wait,1,1,-32.7116,wait,1,1,-57.9028,False
1244,1,1,5,12,wait,1,1,-35.2702,wait,1,1,-62.6401,False
1245,1,1,5,13,wait,1,1,-41.744,wait,1,1,-73.691,False
1246,1,1,5,14,wait,1,1,-86.8824,wait,1,1,-86.4102,False
1247,1,1,5,15,wait,0,0,0.0,wait,0,0,0.0,False
1264,1,2,1,0,wait,1,2,-72.7422,wait,1,2,-90.2278,False
1265,1,2,1,1,wait,1,2,-72.6094,wait,1,2,-90.616,False
1266,1,2,1,2,wait,1,1,-73.1409,wait,1,2,-90.3822,True
1267,1,2,1,3,wait,1,2,-72.657,wait,1,2,-89.9092,False
1268,1,2,1,4,wait,1,2,-73.0501,wait,1,2,-90.4334,False
1269,1,2,1,5,wait,1,2,-72.5248,wait,1,2,-89.5161,False
1270,1,2,1,6,wait,1,2,-72.5714,wait,1,2,-90.4528,False
1271,1,2,1,7,wait,1,1,-73.3275,wait,1,1,-90.7765,False
1272,1,2,1,8,wait,1,2,-72.5846,wait,1,2,-89.9092,False
1273,1,2,1,9,wait,1,2,-73.0619,wait,1,2,-90.4072,False
1274,1,2,1,10,wait,1,2,-72.9149,wait,1,2,-90.7568,False
1275,1,2,1,11,wait,1,2,-73.3393,wait,1,1,-90.9987,True
1276,1,2,1,12,wait,1,2,-72.4904,wait,1,2,-90.1681,False
1277,1,2,1,13,wait,1,2,-72.6245,wait,1,2,-90.0198,False
1278,1,2,1,14,wait,1,2,-93.0048,wait,1,2,-93.2485,False
1279,1,2,1,15,wait,0,0,0.0,wait,0,0,0.0,False
1280,1,2,2,0,wait,1,1,-57.1698,wait,1,1,-81.6439,False
1281,1,2,2,1,wait,1,1,-57.0606,wait,1,1,-81.3462,False
1282,1,2,2,2,wait,1,1,-56.7568,wait,1,1,-80.9387,False
1283,1,2,2,3,wait,1,1,-56.9581,wait,1,1,-80.9978,False
1284,1,2,2,4,wait,1,1,-56.5617,wait,1,1,-80.2232,False
1285,1,2,2,5,wait,1,1,-57.0517,wait,1,1,-80.8983,False
1286,1,2,2,6,wait,1,1,-57.0669,wait,1,1,-81.0687,False
1287,1,2,2,7,wait,1,1,-56.7327,wait,1,1,-81.2829,False
1288,1,2,2,8,wait,1,1,-56.5774,wait,1,1,-80.9886,False
1289,1,2,2,9,wait,1,1,-57.0537,wait,1,1,-80.858,False
1290,1,2,2,10,wait,1,1,-57.015,wait,1,1,-80.5692,False
1291,1,2,2,11,wait,1,1,-56.9402,wait,1,1,-80.4152,False
1292,1,2,2,12,wait,1,1,-56.9506,wait,1,1,-81.4822,False
1293,1,2,2,13,wait,1,1,-57.9464,wait,1,1,-82.5448,False
1294,1,2,2,14,wait,1,2,-89.988,wait,1,2,-90.2622,False
1295,1,2,2,15,wait,0,0,0.0,wait,0,0,0.0,False
1296,1,2,3,0,wait,1,1,-44.6023,wait,1,1,-71.4224,False
1297,1,2,3,1,wait,1,1,-44.7087,wait,1,1,-71.237,False
1298,1,2,3,2,wait,1,1,-44.258,wait,1,1,-70.4641,False
1299,1,2,3,3,wait,1,1,-44.3715,wait,1,1,-70.4654,False
1300,1,2,3,4,wait,1,1,-44.7491,wait,1,1,-71.1605,False
1301,1,2,3,5,wait,1,1,-44.7091,wait,1,1,-71.0652,False
1302,1,2,3,6,wait,1,1,-44.3587,wait,1,1,-70.3566,False
1303,1,2,3,7,wait,1,1,-44.5441,wait,1,1,-71.4796,False
1304,1,2,3,8,wait,1,1,-44.6864,wait,1,1,-70.9911,False
1305,1,2,3,9,wait,1,1,-44.9045,wait,1,1,-71.5353,False
1306,1,2,3,10,wait,1,1,-44.5701,wait,1,1,-71.1018,False
1307,1,2,3,11,wait,1,1,-44.6038,wait,1,1,-71.0275,False
1308,1,2,3,12,wait,1,1,-45.1321,wait,1,1,-72.29,False
1309,1,2,3,13,wait,1,2,-48.3711,wait,1,1,-77.8472,True
1310,1,2,3,14,wait,1,2,-88.2193,wait,1,2,-88.2942,False
1311,1,2,3,15,wait,0,0,0.0,wait,0,0,0.0,False
1312,1,2,4,0,wait,1,1,-35.9484,wait,1,1,-60.8769,False
1313,1,2,4,1,wait,1,1,-35.858,wait,1,1,-60.3717,False
1314,1,2,4,2,wait,1,1,-36.0678,wait,1,1,-60.5129,False
1315,1,2,4,3,wait,1,1,-36.3212,wait,1,1,-61.5685,False
1316,1,2,4,4,wait,1,1,-36.5131,wait,1,1,-60.7306,False
1317,1,2,4,5,wait,1,1,-36.1563,wait,1,1,-61.054,False
1318,1,2,4,6,wait,1,1,-36.2838,wait,1,1,-60.0009,False
1319,1,2,4,7,wait,1,1,-35.9689,wait,1,1,-60.6153,False
1320,1,2,4,8,wait,1,1,-35.9745,wait,1,1,-60.2375,False
1321,1,2,4,9,wait,1,1,-36.088,wait,1,1,-60.4711,False
1322,1,2,4,10,wait,1,1,-35.8411,wait,1,1,-59.9553,False
1323,1,2,4,11,wait,1,1,-36.6403,wait,1,1,-61.8141,False
1324,1,2,4,12,wait,1,1,-38.8081,wait,1,1,-64.9317,False
1325,1,2,4,13,wait,1,2,-44.4152,wait,1,2,-74.9164,False
1326,1,2,4,14,wait,1,2,-86.7596,wait,1,2,-86.7352,False
1327,1,2,4,15,wait,0,0,0.0,wait,0,0,0.0,False
1328,1,2,5,0,wait,1,1,-27.843,hunt,0,1,-48.0703,True
1329,1,2,5,1,wait,1,1,-27.6701,hunt,0,1,-49.4759,True
1330,1,2,5,2,wait,1,1,-27.6424,hunt,0,1,-49.5334,True
1331,1,2,5,3,wait,1,1,-27.9874,hunt,0,1,-48.1933,True
1332,1,2,5,4,wait,1,1,-27.9693,hunt,0,1,-49.4924,True
1333,1,2,5,5,wait,1,1,-27.7499,hunt,0,1,-48.6907,True
1334,1,2,5,6,wait,1,1,-27.8917,hunt,0,1,-48.9179,True
1335,1,2,5,7,wait,1,1,-27.8983,hunt,0,1,-49.6956,True
1336,1,2,5,8,wait,1,1,-27.9199,hunt,0,1,-49.6326,True
1337,1,2,5,9,wait,1,1,-28.2285,wait,1,1,-50.2789,False
1338,1,2,5,10,wait,1,1,-28.1055,wait,1,1,-50.2284,False
1339,1,2,5,11,wait,1,1,-30.2779,wait,1,1,-53.6153,False
1340,1,2,5,12,wait,1,2,-34.7943,wait,1,2,-61.8801,False
1341,1,2,5,13,wait,1,2,-40.7663,wait,1,2,-71.9694,False
1342,1,2,5,14,wait,1,2,-85.8453,wait,1,2,-85.7488,False
1343,1,2,5,15,wait,0,0,0.0,wait,0,0,0.0,False
1360,1,3,1,0,wait,1,2,-72.5012,wait,1,2,-89.6072,False
1361,1,3,1,1,wait,1,2,-72.6572,wait,1,2,-89.9594,False
1362,1,3,1,2,wait,1,2,-72.6574,wait,1,2,-89.7188,False
1363,1,3,1,3,wait,1,2,-72.7035,wait,1,2,-89.9824,False
1364,1,3,1,4,wait,1,2,-72.9642,wait,1,2,-90.3447,False
1365,1,3,1,5,wait,1,2,-72.8341,wait,1,1,-90.0276,True
1366,1,3,1,6,wait,1,2,-72.8954,wait,1,2,-90.7186,False
1367,1,3,1,7,wait,1,2,-72.7243,wait,1,2,-90.2513,False
1368,1,3,1,8,wait,1,2,-73.03,wait,1,2,-90.2658,False
1369,1,3,1,9,wait,1,2,-72.6398,wait,1,2,-90.1931,False
1370,1,3,1,10,wait,1,2,-72.4241,wait,1,1,-89.9448,True
1371,1,3,1,11,wait,1,2,-72.721,wait,1,2,-89.8989,False
1372,1,3,1,12,wait,1,2,-72.7868,wait,1,2,-90.2018,False
1373,1,3,1,13,wait,1,1,-72.9716,wait,1,1,-90.1825,False
1374,1,3,1,14,wait,1,2,-92.8206,wait,1,2,-92.5084,False
1375,1,3,1,15,wait,0,0,0.0,wait,0,0,0.0,False
1376,1,3,2,0,wait,1,2,-56.3511,wait,1,2,-80.8189,False
1377,1,3,2,1,wait,1,2,-56.5129,wait,1,2,-81.0471,False
1378,1,3,2,2,wait,1,1,-57.1349,wait,1,2,-81.0633,True
1379,1,3,2,3,wait,1,2,-56.3654,wait,1,2,-80.6335,False
1380,1,3,2,4,wait,1,2,-56.4205,wait,1,2,-80.7598,False
1381,1,3,2,5,wait,1,2,-56.5286,wait,1,2,-80.8122,False
1382,1,3,2,6,wait,1,2,-56.6485,wait,1,2,-80.3981,False
1383,1,3,2,7,wait,1,2,-56.2956,wait,1,2,-80.5234,False
1384,1,3,2,8,wait,1,2,-56.3614,wait,1,2,-80.4938,False
1385,1,3,2,9,wait,1,2,-56.0728,wait,1,2,-79.9754,False
1386,1,3,2,10,wait,1,2,-56.611,wait,1,2,-80.7744,False
1387,1,3,2,11,wait,1,2,-56.6124,wait,1,2,-80.6696,False
1388,1,3,2,12,wait,1,2,-56.4593,wait,1,2,-80.7012,False
1389,1,3,2,13,wait,1,1,-57.6753,wait,1,1,-82.3324,False
1390,1,3,2,14,wait,1,2,-90.3428,wait,1,2,-90.8532,False
1391,1,3,2,15,wait,0,0,0.0,wait,0,0,0.0,False
1392,1,3,3,0,wait,1,1,-43.762,wait,1,1,-69.6499,False
1393,1,3,3,1,wait,1,2,-44.0387,wait,1,2,-70.0785,False
1394,1,3,3,2,wait,1,1,-44.0871,wait,1,1,-69.8826,False
1395,1,3,3,3,wait,1,1,-43.8315,wait,1,1,-69.592,False
1396,1,3,3,4,wait,1,2,-44.0858,wait,1,1,-70.4245,True
1397,1,3,3,5,wait,1,1,-44.173,wait,1,1,-70.7726,False
1398,1,3,3,6,wait,1,2,-44.1529,wait,1,1,-70.7198,True
1399,1,3,3,7,wait,1,1,-44.2931,wait,1,1,-70.331,False
1400,1,3,3,8,wait,1,1,-43.824,wait,1,1,-70.0024,False
1401,1,3,3,9,wait,1,1,-44.4289,wait,1,1,-70.0498,False
1402,1,3,3,10,wait,1,1,-43.969,wait,1,1,-69.5524,False
1403,1,3,3,11,wait,1,1,-43.8507,wait,1,1,-69.6744,False
1404,1,3,3,12,wait,1,2,-44.6112,wait,1,2,-71.3667,False
1405,1,3,3,13,wait,1,2,-47.9352,wait,1,2,-76.8658,False
1406,1,3,3,14,wait,1,2,-88.4034,wait,1,2,-87.9153,False
1407,1,3,3,15,wait,0,0,0.0,wait,0,0,0.0,False
1408,1,3,4,0,wait,1,1,-35.0663,hunt,0,1,-56.9258,True
1409,1,3,4,1,wait,1,1,-35.1934,hunt,0,1,-56.948,True
1410,1,3,4,2,wait,1,1,-35.3391,hunt,0,1,-56.742,True
1411,1,3,4,3,wait,1,2,-35.3818,hunt,0,1,-57.0736,True
1412,1,3,4,4,wait,1,1,-35.1393,hunt,0,1,-57.4752,True
1413,1,3,4,5,wait,1,1,-35.5982,hunt,0,1,-57.6464,True
1414,1,3,4,6,wait,1,1,-35.1848,hunt,0,1,-57.8593,True
1415,1,3,4,7,wait,1,2,-35.0579,hunt,0,1,-57.7005,True
1416,1,3,4,8,wait,1,1,-35.3305,hunt,0,1,-57.4629,True
1417,1,3,4,9,wait,1,2,-35.1783,hunt,0,1,-57.7445,True
1418,1,3,4,10,wait,1,1,-35.1814,wait,1,1,-59.0615,False
1419,1,3,4,11,wait,1,1,-35.8417,wait,1,1,-60.1889,False
1420,1,3,4,12,wait,1,1,-38.6122,wait,1,1,-65.16,False
1421,1,3,4,13,wait,1,1,-44.1485,wait,1,1,-73.9899,False
1422,1,3,4,14,wait,1,2,-86.924,wait,1,2,-87.0527,False
1423,1,3,4,15,wait,0,0,0.0,wait,0,0,0.0,False
1424,1,3,5,0,hunt,0,1,-25.4966,hunt,0,1,-42.1585,False
1425,1,3,5,1,hunt,0,1,-25.1043,hunt,0,1,-41.8375,False
1426,1,3,5,2,hunt,0,1,-25.5592,hunt,0,1,-42.5761,False
1427,1,3,5,3,hunt,0,1,-25.219,hunt,0,1,-41.0069,False
1428,1,3,5,4,hunt,0,1,-25.5934,hunt,0,1,-42.1368,False
1429,1,3,5,5,hunt,0,1,-25.5493,hunt,0,1,-42.6152,False
1430,1,3,5,6,hunt,0,1,-25.8153,hunt,0,1,-42.4173,False
1431,1,3,5,7,hunt,0,1,-26.4394,hunt,0,1,-43.9935,False
1432,1,3,5,8,hunt,0,1,-26.6269,hunt,0,1,-43.486,False
1433,1,3,5,9,wait,1,1,-26.5148,hunt,0,1,-45.7558,True
1434,1,3,5,10,wait,1,1,-26.8261,hunt,0,1,-48.0936,True
1435,1,3,5,11,wait,1,2,-29.3552,wait,1,1,-52.9689,True
1436,1,3,5,12,wait,1,2,-33.8334,wait,1,2,-60.7773,False
1437,1,3,5,13,wait,1,2,-40.2309,wait,1,2,-71.1792,False
1438,1,3,5,14,wait,1,2,-85.9328,wait,1,2,-86.6015,False
1439,1,3,5,15,wait,0,0,0.0,wait,0,0,0.0,False
1456,1,4,1,0,wait,1,2,-72.9483,wait,1,2,-90.6539,False
1457,1,4,1,1,wait,1,2,-72.6408,wait,1,2,-90.301,False
1458,1,4,1,2,wait,1,2,-72.5804,wait,1,2,-89.7969,False
1459,1,4,1,3,wait,1,2,-72.6318,wait,1,2,-90.1776,False
1460,1,4,1,4,wait,1,2,-72.7222,wait,1,2,-90.3059,False
1461,1,4,1,5,wait,1,1,-73.0722,wait,1,1,-90.431,False
1462,1,4,1,6,wait,1,2,-72.7731,wait,1,2,-90.2204,False
1463,1,4,1,7,wait,1,2,-72.4251,wait,1,2,-90.2491,False
1464,1,4,1,8,wait,1,2,-72.786,wait,1,2,-90.3501,False
1465,1,4,1,9,wait,1,2,-72.6566,wait,1,2,-90.1327,False
1466,1,4,1,10,wait,1,2,-72.6557,wait,1,2,-90.3039,False
1467,1,4,1,11,wait,1,2,-72.5861,wait,1,2,-90.3237,False
1468,1,4,1,12,wait,1,2,-72.6674,wait,1,2,-90.3012,False
1469,1,4,1,13,wait,1,2,-73.2828,wait,1,2,-90.5879,False
1470,1,4,1,14,wait,1,1,-93.4083,wait,1,1,-93.6856,False
1471,1,4,1,15,wait,0,0,0.0,wait,0,0,0.0,False
1472,1,4,2,0,wait,1,2,-56.7432,wait,1,2,-80.5975,False
1473,1,4,2,1,wait,1,1,-56.4746,wait,1,1,-80.5029,False
1474,1,4,2,2,wait,1,2,-56.6092,wait,1,2,-80.9189,False
1475,1,4,2,3,wait,1,2,-56.6462,wait,1,2,-80.5194,False
1476,1,4,2,4,wait,1,2,-56.6114,wait,1,2,-80.592,False
1477,1,4,2,5,wait,1,2,-56.3978,wait,1,2,-80.9384,False
1478,1,4,2,6,wait,1,2,-56.5928,wait,1,2,-80.7551,False
1479,1,4,2,7,wait,1,2,-56.4061,wait,1,2,-79.8324,False
1480,1,4,2,8,wait,1,2,-56.8318,wait,1,2,-80.7571,False
1481,1,4,2,9,wait,1,2,-55.8613,wait,1,2,-79.772,False
1482,1,4,2,10,wait,1,2,-56.8511,wait,1,2,-81.171,False
1483,1,4,2,11,wait,1,2,-56.3699,wait,1,1,-80.9255,True
1484,1,4,2,12,wait,1,2,-56.7069,wait,1,1,-80.2442,True
1485,1,4,2,13,wait,1,2,-57.7338,wait,1,2,-82.5457,False
1486,1,4,2,14,wait,1,2,-90.3671,wait,1,2,-90.7705,False
1487,1,4,2,15,wait,0,0,0.0,wait,0,0,0.0,False
1488,1,4,3,0,wait,1,1,-43.7561,wait,1,1,-69.5474,False
1489,1,4,3,1,wait,1,2,-43.3803,wait,1,2,-69.3693,False
1490,1,4,3,2,wait,1,2,-43.0408,wait,1,2,-68.6586,False
1491,1,4,3,3,wait,1,2,-43.407,wait,1,2,-69.1792,False
1492,1,4,3,4,wait,1,2,-43.5655,wait,1,2,-69.3034,False
1493,1,4,3,5,wait,1,2,-43.6932,wait,1,2,-70.0097,False
1494,1,4,3,6,wait,1,2,-43.3995,wait,1,2,-69.1637,False
1495,1,4,3,7,wait,1,2,-43.3919,wait,1,2,-69.739,False
1496,1,4,3,8,wait,1,2,-43.5812,wait,1,2,-69.8331,False
1497,1,4,3,9,wait,1,2,-43.5234,wait,1,2,-69.5,False
1498,1,4,3,10,wait,1,2,-43.3383,wait,1,2,-69.301,False
1499,1,4,3,11,wait,1,2,-43.8,wait,1,1,-69.9468,True
1500,1,4,3,12,wait,1,2,-44.3711,wait,1,2,-71.0492,False
1501,1,4,3,13,wait,1,2,-47.5084,wait,1,2,-76.5232,False
1502,1,4,3,14,wait,1,2,-88.099,wait,1,2,-88.1141,False
1503,1,4,3,15,wait,0,0,0.0,wait,0,0,0.0,False
1504,1,4,4,0,wait,1,2,-34.5547,hunt,0,1,-54.7409,True
1505,1,4,4,1,wait,1,2,-34.7377,hunt,0,1,-54.6538,True
1506,1,4,4,2,wait,1,2,-34.5475,hunt,0,1,-54.8503,True
1507,1,4,4,3,wait,1,2,-34.4081,hunt,0,1,-54.9389,True
1508,1,4,4,4,wait,1,2,-34.2291,hunt,0,1,-54.8007,True
1509,1,4,4,5,wait,1,2,-34.946,hunt,0,1,-54.792,True
1510,1,4,4,6,wait,1,2,-34.8231,hunt,0,1,-55.1859,True
1511,1,4,4,7,wait,1,2,-34.2765,hunt,0,1,-55.4675,True
1512,1,4,4,8,wait,1,2,-34.6266,hunt,0,1,-55.3682,True
1513,1,4,4,9,wait,1,2,-34.1942,hunt,0,1,-56.1911,True
1514,1,4,4,10,wait,1,2,-34.4444,hunt,0,1,-57.1653,True
1515,1,4,4,11,wait,1,1,-35.4703,wait,1,1,-59.6578,False
1516,1,4,4,12,wait,1,2,-38.0043,wait,1,2,-64.4566,False
1517,1,4,4,13,wait,1,2,-43.3754,wait,1,2,-72.8504,False
1518,1,4,4,14,wait,1,2,-86.9186,wait,1,2,-87.0637,False
1519,1,4,4,15,wait,0,0,0.0,wait,0,0,0.0,False
1520,1,4,5,0,hunt,0,1,-22.7593,hunt,0,1,-37.9142,False
1521,1,4,5,1,hunt,0,1,-22.1853,hunt,0,1,-36.9781,False
1522,1,4,5,2,hunt,0,1,-22.9734,hunt,0,1,-38.0739,False
1523,1,4,5,3,hunt,0,1,-23.3789,hunt,0,1,-38.3246,False
1524,1,4,5,4,hunt,0,1,-22.9821,hunt,0,1,-38.4013,False
1525,1,4,5,5,hunt,0,1,-23.2465,hunt,0,1,-38.4597,False
1526,1,4,5,6,hunt,0,1,-23.7343,hunt,0,1,-39.1533,False
1527,1,4,5,7,hunt,0,1,-23.7694,hunt,0,1,-39.515,False
1528,1,4,5,8,hunt,0,1,-25.1964,hunt,0,1,-42.353,False
1529,1,4,5,9,wait,1,2,-25.7871,hunt,0,1,-42.895,True
1530,1,4,5,10,wait,1,2,-26.5362,hunt,0,1,-46.5265,True
1531,1,4,5,11,wait,1,2,-28.4711,wait,1,2,-51.636,False
1532,1,4,5,12,wait,1,2,-33.4819,wait,1,2,-59.9193,False
1533,1,4,5,13,wait,1,2,-40.5145,wait,1,2,-71.193,False
1534,1,4,5,14,wait,1,2,-85.67,wait,1,2,-85.6586,False
1535,1,4,5,15,wait,0,0,0.0,wait,0,0,0.0,False
1552,1,5,1,0,wait,1,2,-72.7118,wait,1,2,-89.9651,False
1553,1,5,1,1,wait,1,1,-73.4467,wait,1,2,-90.2413,True
1554,1,5,1,2,wait,1,2,-72.4474,wait,1,2,-89.8602,False
1555,1,5,1,3,wait,1,2,-72.3767,wait,1,2,-90.1427,False
1556,1,5,1,4,wait,1,2,-72.7991,wait,1,2,-90.2578,False
1557,1,5,1,5,wait,1,2,-72.5403,wait,1,2,-90.3173,False
1558,1,5,1,6,wait,1,2,-72.2731,wait,1,2,-90.1472,False
1559,1,5,1,7,wait,1,2,-72.6906,wait,1,2,-90.2997,False
1560,1,5,1,8,wait,1,2,-72.3265,wait,1,2,-89.6369,False
1561,1,5,1,9,wait,1,2,-72.3106,wait,1,2,-89.8988,False
1562,1,5,1,10,wait,1,2,-72.1621,wait,1,2,-89.66,False
1563,1,5,1,11,wait,1,2,-72.8641,wait,1,2,-90.3191,False
1564,1,5,1,12,wait,1,2,-72.442,wait,1,2,-89.8035,False
1565,1,5,1,13,wait,1,2,-72.4451,wait,1,2,-89.6359,False
1566,1,5,1,14,wait,1,2,-92.9876,wait,1,2,-92.8111,False
1567,1,5,1,15,wait,0,0,0.0,wait,0,0,0.0,False
1568,1,5,2,0,wait,1,2,-56.5681,wait,1,2,-80.7765,False
1569,1,5,2,1,wait,1,2,-56.641,wait,1,2,-81.0248,False
1570,1,5,2,2,wait,1,2,-56.5874,wait,1,2,-80.5646,False
1571,1,5,2,3,wait,1,2,-56.2208,wait,1,2,-79.9671,False
1572,1,5,2,4,wait,1,2,-56.3275,wait,1,2,-80.2723,False
1573,1,5,2,5,wait,1,2,-56.8293,wait,1,1,-81.2079,True
1574,1,5,2,6,wait,1,2,-56.06,wait,1,2,-80.2787,False
1575,1,5,2,7,wait,1,2,-56.8381,wait,1,1,-81.3461,True
1576,1,5,2,8,wait,1,2,-56.5671,wait,1,2,-80.8337,False
1577,1,5,2,9,wait,1,2,-56.2616,wait,1,2,-80.7611,False
1578,1,5,2,10,wait,1,1,-56.8792,wait,1,1,-80.8472,False
1579,1,5,2,11,wait,1,2,-56.4367,wait,1,2,-80.6158,False
1580,1,5,2,12,wait,1,2,-56.6356,wait,1,2,-80.3413,False
1581,1,5,2,13,wait,1,2,-57.6403,wait,1,2,-82.4792,False
1582,1,5,2,14,wait,1,2,-90.1969,wait,1,2,-89.9271,False
1583,1,5,2,15,wait,0,0,0.0,wait,0,0,0.0,False
1584,1,5,3,0,wait,1,2,-43.2184,wait,1,1,-69.2394,True
1585,1,5,3,1,wait,1,2,-42.9095,wait,1,2,-68.3984,False
1586,1,5,3,2,wait,1,2,-43.1826,hunt,0,1,-68.6222,True
1587,1,5,3,3,wait,1,2,-43.2926,wait,1,2,-69.1226,False
1588,1,5,3,4,wait,1,2,-43.0564,wait,1,2,-68.8531,False
1589,1,5,3,5,wait,1,2,-42.9685,wait,1,2,-68.5197,False
1590,1,5,3,6,wait,1,2,-43.1749,wait,1,2,-68.9895,False
1591,1,5,3,7,wait,1,2,-43.3324,wait,1,2,-69.1378,False
1592,1,5,3,8,wait,1,2,-43.0937,wait,1,2,-68.5336,False
1593,1,5,3,9,wait,1,2,-43.5623,wait,1,1,-69.8168,True
1594,1,5,3,10,wait,1,2,-42.9863,wait,1,2,-68.5404,False
1595,1,5,3,11,wait,1,2,-43.4206,wait,1,2,-69.3769,False
1596,1,5,3,12,wait,1,2,-43.9702,wait,1,2,-70.5103,False
1597,1,5,3,13,wait,1,2,-47.5646,wait,1,2,-76.5131,False
1598,1,5,3,14,wait,1,2,-88.2878,wait,1,2,-87.9067,False
1599,1,5,3,15,wait,0,0,0.0,wait,0,0,0.0,False
1600,1,5,4,0,hunt,0,1,-33.5097,hunt,0,1,-51.7737,False
1601,1,5,4,1,hunt,0,1,-33.907,hunt,0,1,-52.4408,False
1602,1,5,4,2,hunt,0,1,-33.4161,hunt,0,1,-52.1179,False
1603,1,5,4,3,hunt,0,1,-33.9432,hunt,0,1,-52.7574,False
1604,1,5,4,4,wait,1,2,-34.1902,hunt,0,1,-53.4211,True
1605,1,5,4,5,hunt,0,1,-33.9153,hunt,0,1,-52.945,False
1606,1,5,4,6,hunt,0,1,-33.5317,hunt,0,1,-51.7654,False
1607,1,5,4,7,hunt,0,1,-33.9654,hunt,0,1,-52.3935,False
1608,1,5,4,8,wait,1,2,-34.345,hunt,0,1,-54.3309,True
1609,1,5,4,9,wait,1,2,-34.1506,hunt,0,2,-55.2559,True
1610,1,5,4,10,wait,1,2,-34.5274,hunt,0,1,-56.3854,True
1611,1,5,4,11,wait,1,2,-35.0914,wait,1,2,-59.553,False
1612,1,5,4,12,wait,1,2,-37.4053,wait,1,2,-63.5391,False
1613,1,5,4,13,wait,1,2,-43.8285,wait,1,2,-73.2745,False
1614,1,5,4,14,wait,1,2,-87.0973,wait,1,2,-86.8516,False
1615,1,5,4,15,wait,0,0,0.0,wait,0,0,0.0,False
1616,1,5,5,0,hunt,0,1,-21.0785,hunt,0,1,-35.1398,False
1617,1,5,5,1,hunt,0,1,-20.878,hunt,0,1,-34.7181,False
1618,1,5,5,2,hunt,0,1,-20.8356,hunt,0,1,-34.1299,False
1619,1,5,5,3,hunt,0,1,-21.3521,hunt,0,1,-35.0976,False
1620,1,5,5,4,hunt,0,1,-21.7021,hunt,0,1,-35.7728,False
1621,1,5,5,5,hunt,0,1,-21.877,hunt,0,1,-36.0526,False
1622,1,5,5,6,hunt,0,1,-22.0986,hunt,0,1,-36.5517,False
1623,1,5,5,7,hunt,0,1,-22.8393,hunt,0,1,-37.6614,False
1624,1,5,5,8,hunt,0,1,-23.6989,hunt,0,1,-39.0592,False
1625,1,5,5,9,hunt,0,1,-24.9454,hunt,0,1,-41.0484,False
1626,1,5,5,10,wait,1,2,-25.8645,hunt,0,1,-44.9149,True
1627,1,5,5,11,wait,1,2,-28.3334,hunt,0,1,-50.948,True
1628,1,5,5,12,wait,1,2,-32.5888,wait,1,2,-58.8051,False
1629,1,5,5,13,wait,1,2,-40.2122,wait,1,2,-70.8078,False
1630,1,5,5,14,wait,1,2,-85.7503,wait,1,2,-86.0363,False
1631,1,5,5,15,wait,0,0,0.0,wait,0,0,0.0,False
1648,1,6,1,0,wait,1,2,-72.6384,wait,1,2,-90.4024,False
1649,1,6,1,1,wait,1,2,-72.9258,wait,1,2,-90.3689,False
1650,1,6,1,2,wait,1,2,-72.3633,wait,1,2,-90.3298,False
1651,1,6,1,3,wait,1,2,-72.2835,wait,1,2,-89.9795,False
1652,1,6,1,4,wait,1,2,-72.475,wait,1,2,-90.1987,False
1653,1,6,1,5,wait,1,1,-72.7257,wait,1,1,-90.1669,False
1654,1,6,1,6,wait,1,2,-72.604,wait,1,2,-90.2087,False
1655,1,6,1,7,wait,1,2,-72.8412,wait,1,2,-90.4643,False
1656,1,6,1,8,wait,1,2,-72.5306,wait,1,2,-90.0223,False
1657,1,6,1,9,wait,1,2,-72.4441,wait,1,2,-90.025,False
1658,1,6,1,10,wait,1,2,-72.6165,wait,1,2,-90.5602,False
1659,1,6,1,11,wait,1,2,-72.6262,wait,1,2,-90.2677,False
1660,1,6,1,12,wait,1,2,-72.5345,wait,1,2,-90.4646,False
1661,1,6,1,13,wait,1,2,-72.5002,wait,1,2,-90.307,False
1662,1,6,1,14,wait,1,2,-92.66,wait,1,2,-92.9234,False
1663,1,6,1,15,wait,0,0,0.0,wait,0,0,0.0,False
1664,1,6,2,0,wait,1,2,-56.4019,wait,1,2,-80.5054,False
1665,1,6,2,1,wait,1,2,-56.272,wait,1,2,-80.3626,False
1666,1,6,2,2,wait,1,2,-56.5047,wait,1,2,-79.9914,False
1667,1,6,2,3,wait,1,2,-56.283,wait,1,2,-80.0178,False
1668,1,6,2,4,wait,1,2,-56.356,wait,1,2,-80.5602,False
1669,1,6,2,5,wait,1,2,-56.3088,wait,1,2,-80.2295,False
1670,1,6,2,6,wait,1,2,-55.9437,wait,1,2,-80.3653,False
1671,1,6,2,7,wait,1,2,-56.4646,wait,1,2,-80.2385,False
1672,1,6,2,8,wait,1,2,-56.3464,wait,1,2,-80.4886,False
1673,1,6,2,9,wait,1,2,-56.0397,wait,1,2,-80.1872,False
1674,1,6,2,10,wait,1,2,-56.3157,wait,1,2,-80.7927,False
1675,1,6,2,11,wait,1,2,-56.7828,wait,1,2,-80.8211,False
1676,1,6,2,12,wait,1,2,-56.7215,wait,1,2,-80.5591,False
1677,1,6,2,13,wait,1,2,-57.4973,wait,1,2,-82.6885,False
1678,1,6,2,14,wait,1,2,-90.2045,wait,1,2,-90.5283,False
1679,1,6,2,15,wait,0,0,0.0,wait,0,0,0.0,False
1680,1,6,3,0,wait,1,1,-43.7014,hunt,0,1,-68.7003,True
1681,1,6,3,1,wait,1,2,-43.2838,wait,1,2,-68.9199,False
1682,1,6,3,2,wait,1,2,-43.217,hunt,0,1,-68.2358,True
1683,1,6,3,3,wait,1,2,-43.3958,hunt,0,1,-67.2198,True
1684,1,6,3,4,wait,1,2,-43.3677,hunt,0,1,-67.6533,True
1685,1,6,3,5,wait,1,2,-43.1838,hunt,0,2,-69.0937,True
1686,1,6,3,6,wait,1,2,-43.0605,hunt,0,2,-68.878,True
1687,1,6,3,7,wait,1,2,-43.1525,wait,1,2,-68.7729,False
1688,1,6,3,8,wait,1,2,-42.8231,wait,1,2,-68.4887,False
1689,1,6,3,9,wait,1,2,-43.3807,hunt,0,1,-69.4867,True
1690,1,6,3,10,wait,1,2,-43.4065,wait,1,2,-69.0981,False
1691,1,6,3,11,wait,1,2,-43.2735,wait,1,2,-68.4709,False
1692,1,6,3,12,wait,1,2,-44.0059,wait,1,2,-70.729,False
1693,1,6,3,13,wait,1,2,-47.6004,wait,1,2,-76.3031,False
1694,1,6,3,14,wait,1,2,-88.4616,wait,1,2,-87.9503,False
1695,1,6,3,15,wait,0,0,0.0,wait,0,0,0.0,False
1696,1,6,4,0,hunt,0,1,-32.3746,hunt,0,1,-49.9615,False
1697,1,6,4,1,hunt,0,1,-32.6373,hunt,0,1,-50.0566,False
1698,1,6,4,2,hunt,0,2,-33.2752,hunt,0,1,-51.5567,True
1699,1,6,4,3,hunt,0,1,-32.4538,hunt,0,1,-50.059,False
1700,1,6,4,4,hunt,0,1,-33.1117,hunt,0,1,-51.248,False
1701,1,6,4,5,hunt,0,2,-33.1776,hunt,0,1,-51.5376,True
1702,1,6,4,6,hunt,0,1,-32.9817,hunt,0,1,-51.1186,False
1703,1,6,4,7,hunt,0,1,-33.7154,hunt,0,1,-51.7466,False
1704,1,6,4,8,hunt,0,1,-33.4201,hunt,0,1,-51.9438,False
1705,1,6,4,9,wait,1,2,-34.1356,hunt,0,1,-53.8838,True
1706,1,6,4,10,wait,1,2,-33.9935,hunt,0,2,-55.8027,True
1707,1,6,4,11,wait,1,2,-34.8158,hunt,0,1,-58.9468,True
1708,1,6,4,12,wait,1,2,-37.9916,wait,1,2,-63.7856,False
1709,1,6,4,13,wait,1,2,-43.9029,wait,1,2,-73.9604,False
1710,1,6,4,14,wait,1,2,-87.2786,wait,1,2,-87.1348,False
1711,1,6,4,15,wait,0,0,0.0,wait,0,0,0.0,False
1712,1,6,5,0,hunt,0,1,-19.3291,hunt,0,1,-32.3769,False
1713,1,6,5,1,hunt,0,1,-18.9408,hunt,0,1,-31.163,False
1714,1,6,5,2,hunt,0,1,-19.5583,hunt,0,1,-32.4404,False
1715,1,6,5,3,hunt,0,1,-19.3896,hunt,0,1,-31.3085,False
1716,1,6,5,4,hunt,0,1,-19.8109,hunt,0,1,-32.3781,False
1717,1,6,5,5,hunt,0,1,-20.3146,hunt,0,1,-33.1983,False
1718,1,6,5,6,hunt,0,1,-20.8009,hunt,0,1,-34.4247,False
1719,1,6,5,7,hunt,0,1,-21.8137,hunt,0,1,-36.0807,False
1720,1,6,5,8,hunt,0,1,-23.0003,hunt,0,1,-38.2409,False
1721,1,6,5,9,hunt,0,2,-24.0633,hunt,0,2,-40.6792,False
1722,1,6,5,10,wait,1,2,-25.6831,hunt,0,2,-44.4732,True
1723,1,6,5,11,wait,1,2,-27.9444,hunt,0,1,-50.1484,True
1724,1,6,5,12,wait,1,2,-32.9558,wait,1,2,-59.4043,False
1725,1,6,5,13,wait,1,2,-39.9932,wait,1,2,-71.0186,False
1726,1,6,5,14,wait,1,2,-86.1249,wait,1,2,-85.7874,False
1727,1,6,5,15,wait,0,0,0.0,wait,0,0,0.0,False
1744,1,7,1,0,wait,1,2,-72.9235,wait,1,2,-90.2651,False
1745,1,7,1,1,wait,1,2,-72.3244,wait,1,2,-90.0052,False
1746,1,7,1,2,wait,1,2,-72.3471,wait,1,2,-90.49,False
1747,1,7,1,3,wait,1,2,-72.505,wait,1,2,-89.7334,False
1748,1,7,1,4,wait,1,2,-72.2664,wait,1,2,-89.843,False
1749,1,7,1,5,wait,1,2,-72.6165,wait,1,2,-90.0584,False
1750,1,7,1,6,wait,1,2,-72.8426,wait,1,2,-90.1731,False
1751,1,7,1,7,wait,1,2,-72.759,wait,1,2,-90.3924,False
1752,1,7,1,8,wait,1,2,-72.9168,wait,1,2,-90.3303,False
1753,1,7,1,9,wait,1,2,-72.7969,wait,1,1,-90.0048,True
1754,1,7,1,10,wait,1,2,-72.6992,wait,1,1,-90.404,True
1755,1,7,1,11,wait,1,2,-72.4591,wait,1,2,-89.9272,False
1756,1,7,1,12,wait,1,2,-72.4118,wait,1,2,-89.6727,False
1757,1,7,1,13,wait,1,2,-72.4988,wait,1,2,-89.8752,False
1758,1,7,1,14,wait,1,2,-92.8826,wait,1,2,-93.2688,False
1759,1,7,1,15,wait,0,0,0.0,wait,0,0,0.0,False
1760,1,7,2,0,wait,1,2,-56.7606,wait,1,2,-81.0306,False
1761,1,7,2,1,wait,1,2,-55.7944,wait,1,2,-79.7558,False
1762,1,7,2,2,wait,1,2,-56.5875,wait,1,2,-80.174,False
1763,1,7,2,3,wait,1,2,-56.7667,wait,1,2,-80.5398,False
1764,1,7,2,4,wait,1,2,-56.6517,wait,1,1,-81.0566,True
1765,1,7,2,5,wait,1,2,-56.5668,wait,1,2,-80.374,False
1766,1,7,2,6,wait,1,2,-56.2656,wait,1,2,-80.5178,False
1767,1,7,2,7,wait,1,2,-56.9471,wait,1,2,-80.5022,False
1768,1,7,2,8,wait,1,2,-56.5352,wait,1,2,-80.5132,False
1769,1,7,2,9,wait,1,2,-56.4348,wait,1,2,-80.4348,False
1770,1,7,2,10,wait,1,2,-56.4058,wait,1,2,-80.7164,False
1771,1,7,2,11,wait,1,2,-56.079,wait,1,2,-79.9461,False
1772,1,7,2,12,wait,1,2,-56.8372,wait,1,1,-80.7238,True
1773,1,7,2,13,wait,1,2,-57.4351,wait,1,2,-81.8473,False
1774,1,7,2,14,wait,1,2,-89.8381,wait,1,2,-90.1432,False
1775,1,7,2,15,wait,0,0,0.0,wait,0,0,0.0,False
1776,1,7,3,0,wait,1,2,-43.1397,hunt,0,2,-68.5541,True
1777,1,7,3,1,wait,1,2,-42.9011,hunt,0,2,-68.224,True
1778,1,7,3,2,wait,1,2,-43.0314,hunt,0,1,-68.0907,True
1779,1,7,3,3,wait,1,2,-42.9706,hunt,0,2,-68.4718,True
1780,1,7,3,4,wait,1,2,-43.2642,hunt,0,1,-68.2687,True
1781,1,7,3,5,wait,1,2,-43.3106,wait,1,2,-68.5016,False
1782,1,7,3,6,wait,1,2,-42.9757,hunt,0,1,-67.994,True
1783,1,7,3,7,wait,1,2,-43.2045,wait,1,2,-68.3207,False
1784,1,7,3,8,wait,1,2,-43.0723,hunt,0,2,-68.5596,True
1785,1,7,3,9,wait,1,2,-42.6188,hunt,0,1,-67.73,True
1786,1,7,3,10,wait,1,2,-43.39,wait,1,2,-68.6748,False
1787,1,7,3,11,wait,1,2,-43.0796,wait,1,2,-68.5386,False
1788,1,7,3,12,wait,1,2,-44.3315,wait,1,2,-70.947,False
1789,1,7,3,13,wait,1,2,-48.0001,wait,1,2,-76.9154,False
1790,1,7,3,14,wait,1,2,-88.0412,wait,1,2,-88.2746,False
1791,1,7,3,15,wait,0,0,0.0,wait,0,0,0.0,False
1792,1,7,4,0,hunt,0,1,-32.2092,hunt,0,1,-49.7623,False
1793,1,7,4,1,hunt,0,1,-31.6101,hunt,0,1,-48.6223,False
1794,1,7,4,2,hunt,0,2,-32.0437,hunt,0,2,-50.0951,False
1795,1,7,4,3,hunt,0,2,-31.9546,hunt,0,2,-49.6819,False
1796,1,7,4,4,hunt,0,1,-32.2036,hunt,0,1,-48.8917,False
1797,1,7,4,5,hunt,0,1,-31.8862,hunt,0,1,-49.4745,False
1798,1,7,4,6,hunt,0,2,-32.7607,hunt,0,2,-51.077,False
1799,1,7,4,7,hunt,0,2,-33.0167,hunt,0,2,-51.1523,False
1800,1,7,4,8,hunt,0,1,-33.2296,hunt,0,1,-51.562,False
1801,1,7,4,9,hunt,0,2,-34.2019,hunt,0,2,-53.085,False
1802,1,7,4,10,wait,1,2,-33.9336,hunt,0,2,-55.1281,True
1803,1,7,4,11,wait,1,2,-34.6902,hunt,0,2,-58.1351,True
1804,1,7,4,12,wait,1,2,-37.3523,wait,1,2,-63.3507,False
1805,1,7,4,13,wait,1,2,-43.5872,wait,1,2,-73.1961,False
1806,1,7,4,14,wait,1,2,-87.1299,wait,1,2,-87.1401,False
1807,1,7,4,15,wait,0,0,0.0,wait,0,0,0.0,False
1808,1,7,5,0,hunt,0,1,-17.7675,hunt,0,1,-29.1934,False
1809,1,7,5,1,hunt,0,1,-17.7144,hunt,0,1,-29.6823,False
1810,1,7,5,2,hunt,0,1,-18.0156,hunt,0,1,-29.9827,False
1811,1,7,5,3,hunt,0,1,-18.4715,hunt,0,1,-30.34,False
1812,1,7,5,4,hunt,0,1,-18.6803,hunt,0,1,-31.2477,False
1813,1,7,5,5,hunt,0,1,-19.2493,hunt,0,1,-31.9287,False
1814,1,7,5,6,hunt,0,1,-20.0283,hunt,0,1,-32.9246,False
1815,1,7,5,7,hunt,0,1,-21.2019,hunt,0,1,-35.3373,False
1816,1,7,5,8,hunt,0,1,-22.2585,hunt,0,1,-36.713,False
1817,1,7,5,9,hunt,0,2,-23.9375,hunt,0,1,-40.1618,True
1818,1,7,5,10,wait,1,2,-25.5083,hunt,0,2,-44.2359,True
1819,1,7,5,11,wait,1,2,-28.0654,hunt,0,2,-49.5235,True
1820,1,7,5,12,wait,1,2,-32.9797,wait,1,2,-58.7553,False
1821,1,7,5,13,wait,1,2,-40.1784,wait,1,2,-70.808,False
1822,1,7,5,14,wait,1,2,-86.1118,wait,1,2,-86.1698,False
1823,1,7,5,15,wait,0,0,0.0,wait,0,0,0.0,False
1840,1,8,1,0,wait,1,2,-72.6302,wait,1,1,-90.2605,True
1841,1,8,1,1,wait,1,2,-72.7154,wait,1,2,-90.4242,False
1842,1,8,1,2,wait,1,2,-72.4852,wait,1,2,-90.0214,False
1843,1,8,1,3,wait,1,2,-72.7624,wait,1,2,-90.1661,False
1844,1,8,1,4,wait,1,2,-72.5984,wait,1,2,-89.6605,False
1845,1,8,1,5,wait,1,2,-72.3956,wait,1,2,-89.5811,False
1846,1,8,1,6,wait,1,2,-72.7776,wait,1,2,-90.2204,False
1847,1,8,1,7,wait,1,2,-72.5682,wait,1,2,-90.0604,False
1848,1,8,1,8,wait,1,2,-72.2328,wait,1,2,-89.5449,False
1849,1,8,1,9,wait,1,2,-72.4386,wait,1,2,-89.7917,False
1850,1,8,1,10,wait,1,2,-72.528,wait,1,2,-89.706,False
1851,1,8,1,11,wait,1,2,-72.648,wait,1,2,-90.1908,False
1852,1,8,1,12,wait,1,2,-72.6485,wait,1,2,-89.8746,False
1853,1,8,1,13,wait,1,2,-73.0188,wait,1,2,-90.2583,False
1854,1,8,1,14,wait,1,2,-93.0181,wait,1,2,-92.85,False
1855,1,8,1,15,wait,0,0,0.0,wait,0,0,0.0,False
1856,1,8,2,0,wait,1,2,-56.604,wait,1,1,-80.5317,True
1857,1,8,2,1,wait,1,2,-56.3771,wait,1,2,-80.078,False
1858,1,8,2,2,wait,1,2,-56.4156,wait,1,2,-80.5482,False
1859,1,8,2,3,wait,1,2,-56.1436,wait,1,2,-80.5445,False
1860,1,8,2,4,wait,1,2,-56.2961,wait,1,2,-79.6954,False
1861,1,8,2,5,wait,1,2,-56.6231,wait,1,2,-80.5454,False
1862,1,8,2,6,wait,1,1,-56.7536,wait,1,1,-80.9799,False
1863,1,8,2,7,wait,1,2,-56.162,wait,1,2,-79.7857,False
1864,1,8,2,8,wait,1,2,-56.5595,wait,1,2,-80.4125,False
1865,1,8,2,9,wait,1,2,-56.6467,wait,1,2,-80.184,False
1866,1,8,2,10,wait,1,2,-56.4453,wait,1,2,-80.307,False
1867,1,8,2,11,wait,1,2,-56.5309,wait,1,2,-80.6021,False
1868,1,8,2,12,wait,1,2,-56.6797,wait,1,2,-80.5631,False
1869,1,8,2,13,wait,1,1,-57.8784,wait,1,1,-82.5141,False
1870,1,8,2,14,wait,1,2,-90.0812,wait,1,2,-90.0214,False
1871,1,8,2,15,wait,0,0,0.0,wait,0,0,0.0,False
1872,1,8,3,0,wait,1,2,-43.0503,wait,1,2,-68.0757,False
1873,1,8,3,1,wait,1,2,-43.2951,hunt,0,1,-68.1177,True
1874,1,8,3,2,wait,1,2,-43.2608,hunt,0,1,-68.1153,True
1875,1,8,3,3,wait,1,2,-43.2881,hunt,0,1,-68.045,True
1876,1,8,3,4,wait,1,2,-43.7084,hunt,0,1,-67.6723,True
1877,1,8,3,5,wait,1,2,-43.2779,hunt,0,1,-68.1686,True
1878,1,8,3,6,wait,1,2,-43.1054,hunt,0,1,-68.2656,True
1879,1,8,3,7,wait,1,2,-43.3942,hunt,0,2,-68.4864,True
1880,1,8,3,8,wait,1,2,-42.8588,hunt,0,2,-67.4537,True
1881,1,8,3,9,wait,1,2,-42.9947,hunt,0,2,-68.526,True
1882,1,8,3,10,wait,1,2,-43.0434,wait,1,2,-68.9643,False
1883,1,8,3,11,wait,1,2,-43.1199,wait,1,2,-68.7081,False
1884,1,8,3,12,wait,1,2,-43.8717,wait,1,2,-70.0799,False
1885,1,8,3,13,wait,1,2,-47.241,wait,1,2,-76.2881,False
1886,1,8,3,14,wait,1,2,-88.2148,wait,1,2,-87.5805,False
1887,1,8,3,15,wait,0,0,0.0,wait,0,0,0.0,False
1888,1,8,4,0,hunt,0,2,-31.6171,hunt,0,1,-49.0387,True
1889,1,8,4,1,hunt,0,2,-31.4678,hunt,0,2,-48.8196,False
1890,1,8,4,2,hunt,0,2,-31.5901,hunt,0,1,-48.8054,True
1891,1,8,4,3,hunt,0,1,-31.4329,hunt,0,1,-48.5387,False
1892,1,8,4,4,hunt,0,2,-31.585,hunt,0,2,-48.4896,False
1893,1,8,4,5,hunt,0,1,-32.0148,hunt,0,1,-49.8554,False
1894,1,8,4,6,hunt,0,1,-32.2222,hunt,0,1,-49.6509,False
1895,1,8,4,7,hunt,0,2,-32.2609,hunt,0,2,-50.7111,False
1896,1,8,4,8,hunt,0,2,-33.0044,hunt,0,2,-51.9004,False
1897,1,8,4,9,wait,1,2,-33.8239,hunt,0,1,-53.1816,True
1898,1,8,4,10,wait,1,2,-34.1764,hunt,0,2,-55.7525,True
1899,1,8,4,11,wait,1,2,-34.9245,wait,1,2,-58.648,False
1900,1,8,4,12,wait,1,2,-38.1374,wait,1,2,-64.4051,False
1901,1,8,4,13,wait,1,2,-43.4364,wait,1,2,-73.4262,False
1902,1,8,4,14,wait,1,2,-87.0487,wait,1,2,-86.6945,False
1903,1,8,4,15,wait,0,0,0.0,wait,0,0,0.0,False
1904,1,8,5,0,hunt,0,2,-17.5329,hunt,0,1,-28.935,True
1905,1,8,5,1,hunt,0,1,-17.0689,hunt,0,1,-27.1904,False
1906,1,8,5,2,hunt,0,1,-17.4319,hunt,0,2,-29.6081,True
1907,1,8,5,3,hunt,0,1,-17.3928,hunt,0,1,-28.7193,False
1908,1,8,5,4,hunt,0,1,-18.2124,hunt,0,1,-30.1642,False
1909,1,8,5,5,hunt,0,1,-19.0305,hunt,0,1,-31.6163,False
1910,1,8,5,6,hunt,0,1,-19.4839,hunt,0,1,-32.7285,False
1911,1,8,5,7,hunt,0,2,-20.2293,hunt,0,2,-33.9032,False
1912,1,8,5,8,hunt,0,2,-21.9381,hunt,0,2,-36.588,False
1913,1,8,5,9,hunt,0,1,-23.7169,hunt,0,1,-39.0295,False
1914,1,8,5,10,wait,1,2,-25.2939,hunt,0,2,-43.9953,True
1915,1,8,5,11,wait,1,2,-28.207,hunt,0,2,-49.1111,True
1916,1,8,5,12,wait,1,2,-33.0486,hunt,0,2,-58.4276,True
1917,1,8,5,13,wait,1,2,-40.265,wait,1,2,-71.7855,False
1918,1,8,5,14,wait,1,2,-86.3648,wait,1,1,-87.0444,True
1919,1,8,5,15,wait,0,0,0.0,wait,0,0,0.0,False
1936,1,9,1,0,wait,1,2,-73.0233,wait,1,1,-90.3553,True
1937,1,9,1,1,wait,1,2,-72.5543,wait,1,2,-89.3671,False
1938,1,9,1,2,wait,1,2,-72.0634,wait,1,2,-90.1528,False
1939,1,9,1,3,wait,1,2,-72.4146,wait,1,2,-89.9613,False
1940,1,9,1,4,wait,1,2,-72.516,wait,1,2,-90.1915,False
1941,1,9,1,5,wait,1,2,-72.5085,wait,1,2,-90.2854,False
1942,1,9,1,6,wait,1,2,-72.571,wait,1,2,-89.342,False
1943,1,9,1,7,wait,1,2,-72.6573,wait,1,2,-90.1495,False
1944,1,9,1,8,wait,1,2,-72.7685,wait,1,2,-90.2694,False
1945,1,9,1,9,wait,1,2,-72.6664,wait,1,2,-90.2158,False
1946,1,9,1,10,wait,1,2,-72.3561,wait,1,2,-89.6135,False
1947,1,9,1,11,wait,1,2,-72.4741,wait,1,2,-90.2708,False
1948,1,9,1,12,wait,1,2,-72.1231,wait,1,2,-89.5551,False
1949,1,9,1,13,wait,1,2,-72.4931,wait,1,1,-90.2537,True
1950,1,9,1,14,wait,1,2,-92.7813,wait,1,2,-92.9948,False
1951,1,9,1,15,wait,0,0,0.0,wait,0,0,0.0,False
1952,1,9,2,0,wait,1,2,-56.6175,wait,1,2,-80.3368,False
1953,1,9,2,1,wait,1,2,-56.2245,wait,1,2,-80.5398,False
1954,1,9,2,2,wait,1,2,-56.5511,wait,1,2,-80.2214,False
1955,1,9,2,3,wait,1,2,-56.2343,wait,1,2,-79.5263,False
1956,1,9,2,4,wait,1,2,-56.6914,wait,1,2,-80.7951,False
1957,1,9,2,5,wait,1,2,-56.4356,wait,1,2,-80.6041,False
1958,1,9,2,6,wait,1,2,-56.748,wait,1,2,-80.9937,False
1959,1,9,2,7,wait,1,2,-56.4889,wait,1,2,-80.2268,False
1960,1,9,2,8,wait,1,2,-56.317,wait,1,2,-80.0287,False
1961,1,9,2,9,wait,1,2,-56.3531,wait,1,2,-80.078,False
1962,1,9,2,10,wait,1,1,-56.8404,wait,1,1,-80.7488,False
1963,1,9,2,11,wait,1,2,-56.1427,wait,1,2,-80.3087,False
1964,1,9,2,12,wait,1,2,-56.4681,wait,1,2,-81.2647,False
1965,1,9,2,13,wait,1,2,-57.6589,wait,1,2,-81.7418,False
1966,1,9,2,14,wait,1,2,-90.028,wait,1,2,-90.0005,False
1967,1,9,2,15,wait,0,0,0.0,wait,0,0,0.0,False
1968,1,9,3,0,wait,1,2,-43.0845,hunt,0,2,-67.9074,True
1969,1,9,3,1,wait,1,2,-43.0194,hunt,0,2,-67.4745,True
1970,1,9,3,2,wait,1,2,-43.3062,hunt,0,1,-66.8301,True
1971,1,9,3,3,wait,1,1,-43.743,hunt,0,2,-67.6556,True
1972,1,9,3,4,wait,1,2,-43.2184,hunt,0,1,-67.5527,True
1973,1,9,3,5,wait,1,2,-42.7664,hunt,0,1,-67.2525,True
1974,1,9,3,6,wait,1,2,-43.512,hunt,0,1,-67.6499,True
1975,1,9,3,7,wait,1,2,-43.184,hunt,0,1,-67.8441,True
1976,1,9,3,8,wait,1,2,-43.1241,hunt,0,2,-67.2507,True
1977,1,9,3,9,wait,1,2,-42.8809,hunt,0,2,-68.1893,True
1978,1,9,3,10,wait,1,2,-42.6671,wait,1,2,-68.1452,False
1979,1,9,3,11,wait,1,2,-43.344,wait,1,1,-69.5664,True
1980,1,9,3,12,wait,1,2,-44.0666,wait,1,2,-70.3828,False
1981,1,9,3,13,wait,1,2,-47.7199,wait,1,1,-76.3665,True
1982,1,9,3,14,wait,1,2,-88.3101,wait,1,2,-87.9476,False
1983,1,9,3,15,wait,0,0,0.0,wait,0,0,0.0,False
1984,1,9,4,0,hunt,0,1,-31.0589,hunt,0,1,-48.2005,False
1985,1,9,4,1,hunt,0,1,-31.4273,hunt,0,1,-48.2601,False
1986,1,9,4,2,hunt,0,2,-31.061,hunt,0,2,-48.3378,False
1987,1,9,4,3,hunt,0,1,-31.185,hunt,0,1,-48.6206,False
1988,1,9,4,4,hunt,0,2,-31.0458,hunt,0,2,-47.7894,False
1989,1,9,4,5,hunt,0,1,-31.5308,hunt,0,1,-48.7839,False
1990,1,9,4,6,hunt,0,2,-31.9381,hunt,0,1,-49.7926,True
1991,1,9,4,7,hunt,0,2,-32.4183,hunt,0,2,-50.4655,False
1992,1,9,4,8,hunt,0,2,-32.7597,hunt,0,2,-51.0391,False
1993,1,9,4,9,hunt,0,1,-33.964,hunt,0,1,-53.3238,False
1994,1,9,4,10,wait,1,2,-33.8233,hunt,0,1,-55.3044,True
1995,1,9,4,11,wait,1,2,-34.4197,hunt,0,1,-58.3369,True
1996,1,9,4,12,wait,1,2,-37.7829,wait,1,2,-63.4271,False
1997,1,9,4,13,wait,1,2,-43.5185,wait,1,2,-73.7918,False
1998,1,9,4,14,wait,1,2,-86.8147,wait,1,2,-86.6094,False
1999,1,9,4,15,wait,0,0,0.0,wait,0,0,0.0,False
2000,1,9,5,0,hunt,0,2,-16.6732,hunt,0,2,-28.093,False
2001,1,9,5,1,hunt,0,1,-16.5965,hunt,0,1,-27.8862,False
2002,1,9,5,2,hunt,0,2,-17.108,hunt,0,1,-28.7664,True
2003,1,9,5,3,hunt,0,1,-17.3408,hunt,0,1,-28.4575,False
2004,1,9,5,4,hunt,0,2,-17.6489,hunt,0,2,-29.2582,False
2005,1,9,5,5,hunt,0,2,-18.5515,hunt,0,2,-30.6675,False
2006,1,9,5,6,hunt,0,2,-19.4623,hunt,0,1,-32.7161,True
2007,1,9,5,7,hunt,0,2,-20.3165,hunt,0,1,-33.8789,True
2008,1,9,5,8,hunt,0,2,-21.2232,hunt,0,2,-35.6806,False
2009,1,9,5,9,hunt,0,2,-23.0748,hunt,0,2,-37.6253,False
2010,1,9,5,10,wait,1,2,-25.4413,hunt,0,1,-43.5299,True
2011,1,9,5,11,wait,1,2,-27.9694,hunt,0,2,-49.2846,True
2012,1,9,5,12,wait,1,2,-33.0098,wait,1,2,-58.9307,False
2013,1,9,5,13,wait,1,2,-40.1818,wait,1,2,-71.0228,False
2014,1,9,5,14,wait,1,2,-86.5961,wait,1,1,-87.1691,True
2015,1,9,5,15,wait,0,0,0.0,wait,0,0,0.0,False
2032,1,10,1,0,wait,1,2,-72.5642,wait,1,2,-89.7222,False
2033,1,10,1,1,wait,1,2,-72.4102,wait,1,2,-89.885,False
2034,1,10,1,2,wait,1,2,-73.1005,wait,1,2,-90.5251,False
2035,1,10,1,3,wait,1,2,-72.5398,wait,1,2,-89.8806,False
2036,1,10,1,4,wait,1,2,-72.4303,wait,1,2,-89.8343,False
2037,1,10,1,5,wait,1,2,-72.4301,wait,1,2,-89.9074,False
2038,1,10,1,6,wait,1,2,-72.0801,wait,1,2,-89.1776,False
2039,1,10,1,7,wait,1,2,-72.4269,wait,1,2,-90.4516,False
2040,1,10,1,8,wait,1,2,-72.4403,wait,1,2,-90.0538,False
2041,1,10,1,9,wait,1,2,-72.3919,wait,1,2,-90.0132,False
2042,1,10,1,10,wait,1,2,-72.668,wait,1,2,-89.6883,False
2043,1,10,1,11,wait,1,2,-72.4903,wait,1,2,-90.0309,False
2044,1,10,1,12,wait,1,2,-72.5887,wait,1,2,-90.074,False
2045,1,10,1,13,wait,1,2,-72.5491,wait,1,2,-89.9119,False
2046,1,10,1,14,wait,1,2,-92.633,wait,1,2,-92.305,False
2047,1,10,1,15,wait,0,0,0.0,wait,0,0,0.0,False
2048,1,10,2,0,wait,1,2,-55.8283,wait,1,2,-79.6822,False
2049,1,10,2,1,wait,1,2,-56.3214,wait,1,2,-80.0012,False
2050,1,10,2,2,wait,1,2,-56.2653,wait,1,2,-80.5369,False
2051,1,10,2,3,wait,1,2,-56.1768,wait,1,2,-79.9678,False
2052,1,10,2,4,wait,1,2,-56.7819,wait,1,2,-80.7403,False
2053,1,10,2,5,wait,1,2,-56.022,wait,1,2,-79.9942,False
2054,1,10,2,6,wait,1,2,-56.3337,wait,1,2,-80.3452,False
2055,1,10,2,7,wait,1,2,-56.3934,wait,1,2,-80.2585,False
2056,1,10,2,8,wait,1,2,-56.1591,wait,1,2,-79.9986,False
2057,1,10,2,9,wait,1,2,-56.3236,wait,1,1,-80.7013,True
2058,1,10,2,10,wait,1,2,-56.2247,wait,1,2,-79.5617,False
2059,1,10,2,11,wait,1,2,-56.182,wait,1,2,-79.7885,False
2060,1,10,2,12,wait,1,2,-56.253,wait,1,2,-80.5567,False
2061,1,10,2,13,wait,1,2,-57.5031,wait,1,2,-81.8697,False
2062,1,10,2,14,wait,1,2,-90.0172,wait,1,2,-90.1008,False
2063,1,10,2,15,wait,0,0,0.0,wait,0,0,0.0,False
2064,1,10,3,0,wait,1,2,-43.1422,hunt,0,1,-67.0725,True
2065,1,10,3,1,wait,1,2,-43.4396,hunt,0,2,-67.1752,True
2066,1,10,3,2,wait,1,2,-43.166,hunt,0,1,-67.2472,True
2067,1,10,3,3,wait,1,2,-43.0748,hunt,0,2,-68.2148,True
2068,1,10,3,4,wait,1,2,-43.3568,hunt,0,2,-67.5354,True
2069,1,10,3,5,wait,1,2,-42.8989,hunt,0,2,-67.6289,True
2070,1,10,3,6,wait,1,2,-43.2238,hunt,0,2,-67.9693,True
2071,1,10,3,7,wait,1,2,-42.9663,hunt,0,2,-67.5784,True
2072,1,10,3,8,wait,1,2,-43.1797,hunt,0,2,-68.0544,True
2073,1,10,3,9,wait,1,2,-43.5407,hunt,0,2,-67.8307,True
2074,1,10,3,10,wait,1,2,-43.258,wait,1,2,-68.6895,False
2075,1,10,3,11,wait,1,2,-42.6247,wait,1,2,-67.9764,False
2076,1,10,3,12,wait,1,2,-43.9899,wait,1,2,-70.2005,False
2077,1,10,3,13,wait,1,2,-47.6868,wait,1,2,-76.6114,False
2078,1,10,3,14,wait,1,2,-88.1149,wait,1,2,-88.5175,False
2079,1,10,3,15,wait,0,0,0.0,wait,0,0,0.0,False
2080,1,10,4,0,hunt,0,2,-30.6435,hunt,0,1,-47.6405,True
2081,1,10,4,1,hunt,0,2,-31.0226,hunt,0,2,-48.2985,False
2082,1,10,4,2,hunt,0,1,-30.9297,hunt,0,1,-47.7888,False
2083,1,10,4,3,hunt,0,2,-30.9103,hunt,0,1,-48.1768,True
2084,1,10,4,4,hunt,0,1,-30.6904,hunt,0,1,-47.4678,False
2085,1,10,4,5,hunt,0,2,-31.4553,hunt,0,2,-48.8582,False
2086,1,10,4,6,hunt,0,2,-32.0928,hunt,0,2,-49.6612,False
2087,1,10,4,7,hunt,0,2,-32.4207,hunt,0,1,-50.1059,True
2088,1,10,4,8,hunt,0,2,-32.981,hunt,0,1,-51.1032,True
2089,1,10,4,9,hunt,0,1,-34.0525,hunt,0,1,-52.7951,False
2090,1,10,4,10,wait,1,2,-33.8864,hunt,0,1,-54.8431,True
2091,1,10,4,11,wait,1,2,-34.4421,wait,1,2,-58.5456,False
2092,1,10,4,12,wait,1,2,-37.7202,wait,1,2,-63.4015,False
2093,1,10,4,13,wait,1,2,-43.4988,wait,1,2,-73.5879,False
2094,1,10,4,14,wait,1,2,-87.4193,wait,1,2,-87.3555,False
2095,1,10,4,15,wait,0,0,0.0,wait,0,0,0.0,False
2096,1,10,5,0,hunt,0,1,-16.1469,hunt,0,1,-26.3602,False
2097,1,10,5,1,hunt,0,1,-16.4039,hunt,0,1,-26.7747,False
2098,1,10,5,2,hunt,0,2,-16.6948,hunt,0,1,-28.3362,True
2099,1,10,5,3,hunt,0,2,-16.6237,hunt,0,2,-27.511,False
2100,1,10,5,4,hunt,0,2,-17.6796,hunt,0,2,-29.005,False
2101,1,10,5,5,hunt,0,2,-18.124,hunt,0,2,-29.6758,False
2102,1,10,5,6,hunt,0,1,-18.924,hunt,0,1,-31.3281,False
2103,1,10,5,7,hunt,0,2,-20.0868,hunt,0,2,-33.3287,False
2104,1,10,5,8,hunt,0,2,-21.6452,hunt,0,2,-36.3038,False
2105,1,10,5,9,hunt,0,2,-22.9379,hunt,0,2,-38.6476,False
2106,1,10,5,10,wait,1,2,-25.2267,hunt,0,2,-43.8007,True
2107,1,10,5,11,wait,1,2,-28.0939,hunt,0,2,-49.2841,True
2108,1,10,5,12,wait,1,2,-32.9915,hunt,0,2,-58.9575,True
2109,1,10,5,13,wait,1,2,-39.9393,wait,1,2,-70.3106,False
2110,1,10,5,14,wait,1,2,-85.8503,wait,1,2,-85.2405,False
2111,1,10,5,15,wait,0,0,0.0,wait,0,0,0.0,False
2128,2,0,1,0,wait,2,0,-98.8916,wait,2,0,-98.8984,False
2129,2,0,1,1,wait,2,0,-98.8916,wait,2,0,-98.8984,False
2130,2,0,1,2,wait,2,0,-98.8916,wait,2,0,-98.8984,False
2131,2,0,1,3,wait,2,0,-98.8916,wait,2,0,-98.8984,False
2132,2,0,1,4,wait,2,0,-98.8916,wait,2,0,-98.8984,False
2133,2,0,1,5,wait,2,0,-98.8916,wait,2,0,-98.8984,False
2134,2,0,1,6,wait,2,0,-98.8916,wait,2,0,-98.8984,False
2135,2,0,1,7,wait,2,0,-98.8916,wait,2,0,-98.8984,False
2136,2,0,1,8,wait,2,0,-98.8916,wait,2,0,-98.8984,False
2137,2,0,1,9,wait,2,0,-98.8916,wait,2,0,-98.8984,False
2138,2,0,1,10,wait,2,0,-98.8916,wait,2,0,-98.8984,False
2139,2,0,1,11,wait,2,0,-98.8916,wait,2,0,-98.8984,False
2140,2,0,1,12,wait,2,0,-98.8916,wait,2,0,-98.8984,False
2141,2,0,1,13,wait,2,0,-98.8916,wait,2,0,-98.8984,False
2142,2,0,1,14,wait,2,0,-98.8916,wait,2,0,-98.8984,False
2143,2,0,1,15,wait,0,0,0.0,wait,0,0,0.0,False
2144,2,0,2,0,wait,1,0,-72.4563,wait,1,0,-88.9829,False
2145,2,0,2,1,wait,1,0,-72.5641,wait,1,0,-89.2104,False
2146,2,0,2,2,wait,1,0,-73.106,wait,1,0,-89.7924,False
2147,2,0,2,3,wait,1,0,-72.8659,wait,1,0,-89.3982,False
2148,2,0,2,4,wait,1,0,-72.6229,wait,1,0,-88.995,False
2149,2,0,2,5,wait,1,0,-72.5001,wait,1,0,-89.147,False
2150,2,0,2,6,wait,1,0,-72.7068,wait,1,0,-89.1327,False
2151,2,0,2,7,wait,1,0,-72.9785,wait,1,0,-89.0182,False
2152,2,0,2,8,wait,1,0,-72.7044,wait,1,0,-89.8751,False
2153,2,0,2,9,wait,1,0,-72.946,wait,1,0,-89.5934,False
2154,2,0,2,10,wait,1,0,-72.3888,wait,1,0,-89.0282,False
2155,2,0,2,11,wait,1,0,-72.55,wait,1,0,-89.0781,False
2156,2,0,2,12,wait,1,0,-72.7349,wait,1,0,-89.2909,False
2157,2,0,2,13,wait,1,0,-72.7348,wait,1,0,-89.7661,False
2158,2,0,2,14,wait,2,0,-93.4234,wait,2,0,-93.5563,False
2159,2,0,2,15,wait,0,0,0.0,wait,0,0,0.0,False
2160,2,0,3,0,wait,1,0,-56.1614,wait,1,0,-79.2754,False
2161,2,0,3,1,wait,1,0,-55.8709,wait,1,0,-78.639,False
2162,2,0,3,2,wait,1,0,-55.9153,wait,1,0,-78.6245,False
2163,2,0,3,3,wait,1,0,-55.9483,wait,1,0,-78.7007,False
2164,2,0,3,4,wait,1,0,-56.2621,wait,1,0,-79.2339,False
2165,2,0,3,5,wait,1,0,-55.9428,wait,1,0,-79.0741,False
2166,2,0,3,6,wait,1,0,-55.8324,wait,1,0,-78.234,False
2167,2,0,3,7,wait,1,0,-55.6692,wait,1,0,-78.4729,False
2168,2,0,3,8,wait,1,0,-55.6741,wait,1,0,-78.3484,False
2169,2,0,3,9,wait,1,0,-55.9265,wait,1,0,-78.7589,False
2170,2,0,3,10,wait,1,0,-55.8929,wait,1,0,-78.4717,False
2171,2,0,3,11,wait,1,0,-55.8736,wait,1,0,-78.7123,False
2172,2,0,3,12,wait,1,0,-56.2049,wait,1,0,-79.2057,False
2173,2,0,3,13,wait,1,0,-58.2053,wait,1,0,-82.6474,False
2174,2,0,3,14,wait,2,0,-90.9247,wait,2,0,-90.9894,False
2175,2,0,3,15,wait,0,0,0.0,wait,0,0,0.0,False
2176,2,0,4,0,wait,1,0,-43.27,wait,1,0,-67.4,False
2177,2,0,4,1,wait,1,0,-42.6258,wait,1,0,-67.1132,False
2178,2,0,4,2,wait,1,0,-43.3163,wait,1,0,-68.2247,False
2179,2,0,4,3,wait,1,0,-42.9702,wait,1,0,-67.7368,False
2180,2,0,4,4,wait,1,0,-43.1668,wait,1,0,-67.7251,False
2181,2,0,4,5,wait,1,0,-43.0957,wait,1,0,-68.0856,False
2182,2,0,4,6,wait,1,0,-43.2922,wait,1,0,-67.7305,False
2183,2,0,4,7,wait,1,0,-43.1044,wait,1,0,-67.3386,False
2184,2,0,4,8,wait,1,0,-42.6989,wait,1,0,-67.1508,False
2185,2,0,4,9,wait,1,0,-42.9117,wait,1,0,-67.7525,False
2186,2,0,4,10,wait,1,0,-42.8156,wait,1,0,-67.8907,False
2187,2,0,4,11,wait,1,0,-43.3218,wait,1,0,-68.1792,False
2188,2,0,4,12,wait,1,0,-44.9594,wait,1,0,-71.0605,False
2189,2,0,4,13,wait,1,0,-49.1456,wait,1,0,-77.2056,False
2190,2,0,4,14,wait,2,0,-89.2411,wait,2,0,-89.3118,False
2191,2,0,4,15,wait,0,0,0.0,wait,0,0,0.0,False
2192,2,0,5,0,wait,1,0,-34.3005,wait,1,0,-56.7321,False
2193,2,0,5,1,wait,1,0,-34.2525,wait,1,0,-56.2587,False
2194,2,0,5,2,wait,1,0,-34.3673,wait,1,0,-56.765,False
2195,2,0,5,3,wait,1,0,-34.4849,wait,1,0,-57.6041,False
2196,2,0,5,4,wait,1,0,-34.4626,wait,1,0,-56.9921,False
2197,2,0,5,5,wait,1,0,-34.6465,wait,1,0,-57.6001,False
2198,2,0,5,6,wait,1,0,-34.5158,wait,1,0,-57.1312,False
2199,2,0,5,7,wait,1,0,-34.2219,wait,1,0,-56.6279,False
2200,2,0,5,8,wait,1,0,-34.4021,wait,1,0,-56.3676,False
2201,2,0,5,9,wait,1,0,-34.3761,wait,1,0,-57.1645,False
2202,2,0,5,10,wait,1,0,-34.7024,wait,1,0,-56.7891,False
2203,2,0,5,11,wait,1,0,-36.3025,wait,1,0,-60.2686,False
2204,2,0,5,12,wait,1,0,-39.398,wait,1,0,-65.2479,False
2205,2,0,5,13,wait,1,0,-44.8392,wait,1,0,-74.2244,False
2206,2,0,5,14,wait,2,0,-88.2911,wait,2,0,-88.5002,False
2207,2,0,5,15,wait,0,0,0.0,wait,0,0,0.0,False
2224,2,1,1,0,wait,1,1,-71.6923,wait,1,1,-88.622,False
2225,2,1,1,1,wait,1,1,-71.7579,wait,1,1,-88.7006,False
2226,2,1,1,2,wait,1,1,-71.8421,wait,1,1,-88.8311,False
2227,2,1,1,3,wait,1,1,-72.1028,wait,1,1,-88.6825,False
2228,2,1,1,4,wait,1,1,-71.5756,wait,1,1,-88.4307,False
2229,2,1,1,5,wait,1,1,-72.1157,wait,1,1,-88.5288,False
2230,2,1,1,6,wait,1,1,-71.8677,wait,1,1,-88.9971,False
2231,2,1,1,7,wait,1,1,-71.961,wait,1,1,-88.7839,False
2232,2,1,1,8,wait,1,1,-72.024,wait,1,1,-89.0048,False
2233,2,1,1,9,wait,1,1,-72.1916,wait,1,1,-89.1478,False
2234,2,1,1,10,wait,1,1,-71.6749,wait,1,1,-88.5923,False
2235,2,1,1,11,wait,1,1,-71.5049,wait,1,1,-88.1823,False
2236,2,1,1,12,wait,1,1,-71.9422,wait,1,1,-88.9764,False
2237,2,1,1,13,wait,1,1,-72.2818,wait,1,1,-88.6677,False
2238,2,1,1,14,wait,2,1,-93.0543,wait,2,1,-93.4114,False
2239,2,1,1,15,wait,0,0,0.0,wait,0,0,0.0,False
2240,2,1,2,0,wait,1,1,-55.1327,wait,1,1,-77.63,False
2241,2,1,2,1,wait,1,1,-54.863,wait,1,1,-77.5306,False
2242,2,1,2,2,wait,1,1,-54.8764,wait,1,1,-77.4493,False
2243,2,1,2,3,wait,1,1,-54.9722,wait,1,1,-77.6068,False
2244,2,1,2,4,wait,1,1,-55.3241,wait,1,1,-78.6506,False
2245,2,1,2,5,wait,1,1,-55.2832,wait,1,1,-77.9103,False
2246,2,1,2,6,wait,1,1,-55.126,wait,1,1,-77.4764,False
2247,2,1,2,7,wait,1,1,-55.0291,wait,1,1,-77.6212,False
2248,2,1,2,8,wait,1,1,-54.9024,wait,1,1,-77.6508,False
2249,2,1,2,9,wait,1,1,-54.8442,wait,1,1,-77.9083,False
2250,2,1,2,10,wait,1,1,-55.1057,wait,1,1,-77.8055,False
2251,2,1,2,11,wait,1,1,-54.9638,wait,1,1,-77.6413,False
2252,2,1,2,12,wait,1,1,-55.4604,wait,1,1,-78.4813,False
2253,2,1,2,13,wait,1,1,-57.3122,wait,1,1,-82.0998,False
2254,2,1,2,14,wait,1,1,-90.793,wait,2,1,-91.0663,True
2255,2,1,2,15,wait,0,0,0.0,wait,0,0,0.0,False
2256,2,1,3,0,wait,1,1,-42.3748,wait,1,1,-66.9264,False
2257,2,1,3,1,wait,1,1,-41.6777,wait,1,1,-65.7545,False
2258,2,1,3,2,wait,1,1,-41.8578,wait,1,1,-66.1801,False
2259,2,1,3,3,wait,1,1,-42.1017,wait,1,1,-66.6961,False
2260,2,1,3,4,wait,1,1,-41.8,wait,1,1,-66.4867,False
2261,2,1,3,5,wait,1,1,-42.0859,wait,1,1,-66.9366,False
2262,2,1,3,6,wait,1,1,-42.1151,wait,1,1,-67.2075,False
2263,2,1,3,7,wait,1,1,-42.1634,wait,1,1,-66.6075,False
2264,2,1,3,8,wait,1,1,-42.2007,wait,1,1,-67.1017,False
2265,2,1,3,9,wait,1,1,-42.1198,wait,1,1,-67.0685,False
2266,2,1,3,10,wait,1,1,-41.6755,wait,1,1,-66.4238,False
2267,2,1,3,11,wait,1,1,-42.1223,wait,1,1,-67.08,False
2268,2,1,3,12,wait,1,1,-43.7139,wait,1,1,-68.8042,False
2269,2,1,3,13,wait,1,1,-47.5073,wait,1,1,-76.3735,False
2270,2,1,3,14,wait,2,1,-88.2819,wait,2,1,-88.3746,False
2271,2,1,3,15,wait,0,0,0.0,wait,0,0,0.0,False
2272,2,1,4,0,wait,1,1,-32.9056,wait,1,1,-55.3196,False
2273,2,1,4,1,wait,1,1,-32.746,wait,1,1,-54.8569,False
2274,2,1,4,2,wait,1,1,-33.1685,wait,1,1,-55.7275,False
2275,2,1,4,3,wait,1,1,-33.5148,wait,1,1,-56.0932,False
2276,2,1,4,4,wait,1,1,-33.4886,wait,1,1,-56.0902,False
2277,2,1,4,5,wait,1,1,-33.1452,wait,1,1,-55.9443,False
2278,2,1,4,6,wait,1,1,-33.6181,wait,1,1,-56.6941,False
2279,2,1,4,7,wait,1,1,-33.159,wait,1,1,-55.7003,False
2280,2,1,4,8,wait,1,1,-33.3012,wait,1,1,-55.6493,False
2281,2,1,4,9,wait,1,1,-33.5186,wait,1,1,-56.1105,False
2282,2,1,4,10,wait,1,1,-33.6749,wait,1,1,-56.3828,False
2283,2,1,4,11,wait,1,1,-34.8588,wait,1,1,-58.6343,False
2284,2,1,4,12,wait,1,1,-37.9687,wait,1,1,-63.067,False
2285,2,1,4,13,wait,1,1,-43.6628,wait,1,1,-73.1393,False
2286,2,1,4,14,wait,2,1,-87.3682,wait,2,1,-87.8753,False
2287,2,1,4,15,wait,0,0,0.0,wait,0,0,0.0,False
2288,2,1,5,0,wait,1,1,-24.0293,wait,1,1,-43.8315,False
2289,2,1,5,1,wait,1,1,-24.055,wait,1,1,-43.2768,False
2290,2,1,5,2,wait,1,1,-23.966,wait,1,1,-43.3079,False
2291,2,1,5,3,wait,1,1,-24.3998,wait,1,1,-44.0117,False
2292,2,1,5,4,wait,1,1,-24.1032,wait,1,1,-43.9594,False
2293,2,1,5,5,wait,1,1,-24.2449,wait,1,1,-43.9305,False
2294,2,1,5,6,wait,1,1,-24.5395,wait,1,1,-44.6675,False
2295,2,1,5,7,wait,1,1,-24.7789,wait,1,1,-44.3981,False
2296,2,1,5,8,wait,1,1,-24.6603,wait,1,1,-44.921,False
2297,2,1,5,9,wait,1,1,-25.1038,wait,1,1,-45.1488,False
2298,2,1,5,10,wait,1,1,-26.5509,wait,1,1,-47.2841,False
2299,2,1,5,11,wait,1,1,-29.0577,wait,1,1,-51.7623,False
2300,2,1,5,12,wait,1,1,-33.6032,wait,1,1,-59.3421,False
2301,2,1,5,13,wait,1,1,-40.7937,wait,1,1,-71.3166,False
2302,2,1,5,14,wait,2,1,-86.1422,wait,2,1,-86.0698,False
2303,2,1,5,15,wait,0,0,0.0,wait,0,0,0.0,False
2320,2,2,1,0,wait,2,2,-58.0507,wait,2,2,-83.8616,False
2321,2,2,1,1,wait,2,2,-57.9144,wait,2,2,-82.9968,False
2322,2,2,1,2,wait,2,2,-57.982,wait,2,2,-83.2877,False
2323,2,2,1,3,wait,2,2,-57.6291,wait,2,2,-83.3196,False
2324,2,2,1,4,wait,2,2,-57.8036,wait,2,2,-82.6833,False
2325,2,2,1,5,wait,2,2,-57.5971,wait,2,2,-82.8713,False
2326,2,2,1,6,wait,2,2,-57.822,wait,2,2,-83.3692,False
2327,2,2,1,7,wait,2,2,-57.7686,wait,2,2,-83.404,False
2328,2,2,1,8,wait,2,2,-57.6947,wait,2,2,-83.0577,False
2329,2,2,1,9,wait,2,2,-58.1267,wait,2,2,-83.3172,False
2330,2,2,1,10,wait,2,2,-57.8262,wait,2,2,-82.778,False
2331,2,2,1,11,wait,2,2,-58.0661,wait,2,2,-83.7372,False
2332,2,2,1,12,wait,2,2,-57.5703,wait,2,2,-82.8794,False
2333,2,2,1,13,wait,2,2,-58.2102,wait,2,2,-83.3857,False
2334,2,2,1,14,wait,2,2,-89.4041,wait,2,2,-89.1953,False
2335,2,2,1,15,wait,0,0,0.0,wait,0,0,0.0,False
2336,2,2,2,0,wait,2,2,-45.3269,wait,2,2,-73.049,False
2337,2,2,2,1,wait,2,2,-45.0918,wait,2,2,-72.917,False
2338,2,2,2,2,wait,2,2,-45.3286,wait,2,2,-73.7577,False
2339,2,2,2,3,wait,2,2,-45.3523,wait,2,2,-73.2809,False
2340,2,2,2,4,wait,2,2,-45.5601,wait,2,2,-73.4046,False
2341,2,2,2,5,wait,2,2,-45.477,wait,2,2,-73.3316,False
2342,2,2,2,6,wait,2,2,-45.4038,wait,2,2,-73.3914,False
2343,2,2,2,7,wait,2,2,-45.6453,wait,2,2,-73.4908,False
2344,2,2,2,8,wait,2,2,-45.3964,wait,2,2,-72.946,False
2345,2,2,2,9,wait,2,2,-45.1508,wait,2,2,-72.5829,False
2346,2,2,2,10,wait,2,2,-45.3477,wait,2,2,-72.7752,False
2347,2,2,2,11,wait,2,2,-45.3191,wait,2,2,-73.3648,False
2348,2,2,2,12,wait,2,2,-45.8675,wait,2,2,-73.3963,False
2349,2,2,2,13,wait,2,2,-47.975,wait,2,2,-77.3654,False
2350,2,2,2,14,wait,2,2,-87.2117,wait,2,2,-87.4176,False
2351,2,2,2,15,wait,0,0,0.0,wait,0,0,0.0,False
2352,2,2,3,0,wait,2,2,-37.4367,wait,1,1,-61.9246,True
2353,2,2,3,1,wait,2,2,-37.6286,wait,1,1,-62.0443,True
2354,2,2,3,2,wait,2,2,-37.7025,wait,1,1,-61.8896,True
2355,2,2,3,3,wait,2,2,-37.8052,wait,1,1,-62.6037,True
2356,2,2,3,4,wait,2,2,-37.858,wait,1,1,-62.0891,True
2357,2,2,3,5,wait,2,2,-37.4063,wait,1,1,-61.7369,True
2358,2,2,3,6,wait,2,2,-37.6986,wait,1,1,-61.9896,True
2359,2,2,3,7,wait,2,2,-37.6619,wait,1,1,-62.4927,True
2360,2,2,3,8,wait,2,2,-37.7538,wait,1,1,-62.1673,True
2361,2,2,3,9,wait,2,2,-37.5048,wait,1,1,-62.5812,True
2362,2,2,3,10,wait,2,2,-37.7662,wait,1,1,-62.0705,True
2363,2,2,3,11,wait,2,2,-37.9893,wait,1,1,-63.3809,True
2364,2,2,3,12,wait,2,2,-39.1076,wait,2,2,-66.5697,False
2365,2,2,3,13,wait,2,2,-43.5524,wait,2,2,-74.3122,False
2366,2,2,3,14,wait,2,2,-86.7113,wait,2,2,-87.0063,False
2367,2,2,3,15,wait,0,0,0.0,wait,0,0,0.0,False
2368,2,2,4,0,wait,2,2,-28.8908,hunt,1,1,-50.1104,True
2369,2,2,4,1,wait,2,2,-29.0742,wait,1,1,-50.3617,True
2370,2,2,4,2,wait,2,2,-29.31,hunt,1,1,-50.3499,True
2371,2,2,4,3,wait,2,2,-29.2414,wait,1,1,-50.5466,True
2372,2,2,4,4,wait,2,2,-28.9905,hunt,1,1,-50.6385,True
2373,2,2,4,5,wait,2,2,-29.1536,hunt,1,1,-50.4514,True
2374,2,2,4,6,wait,2,2,-29.2213,hunt,1,1,-50.1393,True
2375,2,2,4,7,wait,2,2,-28.9201,wait,1,1,-50.0792,True
2376,2,2,4,8,wait,2,2,-28.8331,hunt,1,1,-50.2022,True
2377,2,2,4,9,wait,2,2,-29.0269,wait,1,1,-50.9497,True
2378,2,2,4,10,wait,2,2,-29.5778,wait,1,1,-52.587,True
2379,2,2,4,11,wait,2,2,-30.7766,wait,1,1,-55.3924,True
2380,2,2,4,12,wait,2,2,-34.1799,wait,2,2,-61.5898,False
2381,2,2,4,13,wait,2,2,-40.0945,wait,2,2,-71.2146,False
2382,2,2,4,14,wait,2,2,-84.9517,wait,2,2,-84.8739,False
2383,2,2,4,15,wait,0,0,0.0,wait,0,0,0.0,False
2384,2,2,5,0,hunt,1,1,-18.2826,hunt,1,1,-33.5638,False
2385,2,2,5,1,hunt,1,1,-18.238,hunt,1,1,-33.8926,False
2386,2,2,5,2,hunt,1,1,-18.0385,hunt,1,1,-33.8013,False
2387,2,2,5,3,hunt,1,1,-18.4924,hunt,1,1,-34.8481,False
2388,2,2,5,4,hunt,1,1,-18.7419,hunt,1,1,-34.8205,False
2389,2,2,5,5,hunt,1,1,-18.9674,hunt,1,1,-35.0253,False
2390,2,2,5,6,hunt,1,1,-19.1652,hunt,1,1,-35.6501,False
2391,2,2,5,7,hunt,1,1,-19.6164,hunt,1,1,-35.6768,False
2392,2,2,5,8,wait,1,1,-20.717,wait,1,1,-37.7346,False
2393,2,2,5,9,wait,1,1,-21.5751,wait,1,1,-38.7811,False
2394,2,2,5,10,wait,1,1,-23.5498,wait,1,1,-42.8824,False
2395,2,2,5,11,wait,1,1,-26.7346,wait,1,1,-48.5569,False
2396,2,2,5,12,wait,1,2,-32.5815,wait,1,2,-58.5065,False
2397,2,2,5,13,wait,1,1,-39.9048,wait,1,1,-69.9716,False
2398,2,2,5,14,wait,2,2,-85.2657,wait,2,2,-85.1765,False
2399,2,2,5,15,wait,0,0,0.0,wait,0,0,0.0,False
2416,2,3,1,0,wait,2,2,-56.1213,wait,2,2,-79.8899,False
2417,2,3,1,1,wait,2,2,-55.9042,wait,2,2,-79.8308,False
2418,2,3,1,2,wait,2,2,-55.6048,wait,2,2,-79.4288,False
2419,2,3,1,3,wait,2,2,-56.2174,wait,2,2,-80.9193,False
2420,2,3,1,4,wait,2,2,-56.1433,wait,2,2,-80.6379,False
2421,2,3,1,5,wait,2,2,-56.1169,wait,2,2,-80.3126,False
2422,2,3,1,6,wait,2,2,-56.1444,wait,2,2,-80.2854,False
2423,2,3,1,7,wait,2,2,-55.8494,wait,2,2,-79.7269,False
2424,2,3,1,8,wait,2,2,-56.1425,wait,2,2,-80.4772,False
2425,2,3,1,9,wait,2,2,-55.7398,wait,2,2,-80.4241,False
2426,2,3,1,10,wait,2,2,-56.2033,wait,2,2,-80.3433,False
2427,2,3,1,11,wait,2,2,-55.9343,wait,2,2,-79.5356,False
2428,2,3,1,12,wait,2,2,-55.8677,wait,2,2,-79.8482,False
2429,2,3,1,13,wait,2,2,-57.3787,wait,2,2,-82.347,False
2430,2,3,1,14,wait,2,2,-89.5338,wait,2,2,-89.7163,False
2431,2,3,1,15,wait,0,0,0.0,wait,0,0,0.0,False
2432,2,3,2,0,wait,2,2,-43.3431,wait,2,2,-69.6339,False
2433,2,3,2,1,wait,2,2,-43.6378,wait,2,2,-69.8208,False
2434,2,3,2,2,wait,2,2,-43.3131,wait,2,2,-69.4824,False
2435,2,3,2,3,wait,2,2,-43.5591,wait,2,2,-70.0196,False
2436,2,3,2,4,wait,2,2,-43.3507,wait,2,2,-69.9502,False
2437,2,3,2,5,wait,2,2,-43.4487,wait,2,2,-69.9196,False
2438,2,3,2,6,wait,2,2,-43.4506,wait,2,2,-70.0425,False
2439,2,3,2,7,wait,2,2,-43.4413,wait,2,2,-69.9258,False
2440,2,3,2,8,wait,2,2,-43.3519,wait,2,2,-69.5823,False
2441,2,3,2,9,wait,2,2,-43.4731,wait,2,2,-70.0346,False
2442,2,3,2,10,wait,2,2,-43.3019,wait,2,2,-69.3279,False
2443,2,3,2,11,wait,2,2,-43.3536,wait,2,2,-70.164,False
2444,2,3,2,12,wait,2,2,-44.0049,wait,2,2,-70.75,False
2445,2,3,2,13,wait,2,2,-47.3473,wait,2,2,-76.5335,False
2446,2,3,2,14,wait,2,2,-87.6478,wait,2,2,-87.8495,False
2447,2,3,2,15,wait,0,0,0.0,wait,0,0,0.0,False
2448,2,3,3,0,wait,2,2,-34.6358,hunt,1,1,-58.5633,True
2449,2,3,3,1,wait,2,2,-34.9127,hunt,1,1,-58.4358,True
2450,2,3,3,2,wait,2,2,-35.0876,hunt,1,1,-58.423,True
2451,2,3,3,3,wait,2,2,-34.6423,hunt,1,1,-57.9759,True
2452,2,3,3,4,wait,2,2,-34.4829,hunt,1,1,-58.3802,True
2453,2,3,3,5,wait,2,2,-34.8921,hunt,1,1,-58.6164,True
2454,2,3,3,6,wait,2,2,-34.7655,hunt,1,1,-58.37,True
2455,2,3,3,7,wait,2,2,-34.8828,hunt,1,1,-58.8108,True
2456,2,3,3,8,wait,2,2,-34.9073,hunt,1,1,-59.543,True
2457,2,3,3,9,wait,2,2,-34.4773,wait,2,2,-58.5688,False
2458,2,3,3,10,wait,2,2,-34.5496,wait,2,2,-59.208,False
2459,2,3,3,11,wait,2,2,-35.4375,wait,2,2,-60.1678,False
2460,2,3,3,12,wait,2,2,-37.8932,wait,2,2,-64.976,False
2461,2,3,3,13,wait,2,2,-42.7825,wait,2,2,-72.7221,False
2462,2,3,3,14,wait,2,1,-86.6212,wait,2,2,-87.0692,True
2463,2,3,3,15,wait,0,0,0.0,wait,0,0,0.0,False
2464,2,3,4,0,hunt,1,1,-25.2977,hunt,1,1,-42.2802,False
2465,2,3,4,1,hunt,1,1,-25.6496,hunt,1,1,-43.2407,False
2466,2,3,4,2,hunt,1,1,-25.746,hunt,1,1,-43.6599,False
2467,2,3,4,3,hunt,1,1,-25.7845,hunt,1,1,-43.601,False
2468,2,3,4,4,hunt,1,1,-25.8924,hunt,1,1,-43.5326,False
2469,2,3,4,5,hunt,1,1,-26.0314,hunt,1,1,-43.6241,False
2470,2,3,4,6,wait,2,2,-26.1498,hunt,1,1,-44.3202,True
2471,2,3,4,7,hunt,1,1,-25.9689,hunt,1,1,-44.0362,False
2472,2,3,4,8,wait,2,2,-26.3578,hunt,1,1,-45.4766,True
2473,2,3,4,9,wait,2,2,-26.3616,hunt,1,1,-46.1656,True
2474,2,3,4,10,wait,2,2,-26.6624,hunt,1,1,-48.6916,True
2475,2,3,4,11,wait,2,2,-28.6731,wait,2,2,-52.1209,False
2476,2,3,4,12,wait,2,2,-32.8553,wait,2,2,-59.4793,False
2477,2,3,4,13,wait,2,2,-39.6871,wait,2,2,-70.973,False
2478,2,3,4,14,wait,2,2,-84.9765,wait,2,2,-84.8318,False
2479,2,3,4,15,wait,0,0,0.0,wait,0,0,0.0,False
2480,2,3,5,0,hunt,1,1,-13.158,hunt,1,1,-25.2125,False
2481,2,3,5,1,hunt,1,1,-13.3611,hunt,1,1,-25.4517,False
2482,2,3,5,2,hunt,1,1,-13.5771,hunt,1,1,-26.7993,False
2483,2,3,5,3,hunt,1,1,-13.824,hunt,1,1,-26.4242,False
2484,2,3,5,4,hunt,1,1,-13.9861,hunt,1,1,-26.8733,False
2485,2,3,5,5,hunt,1,1,-14.4482,hunt,1,1,-27.5154,False
2486,2,3,5,6,hunt,1,1,-14.8508,hunt,1,1,-28.472,False
2487,2,3,5,7,hunt,1,1,-15.5768,hunt,1,1,-29.5174,False
2488,2,3,5,8,hunt,1,1,-16.971,hunt,1,1,-31.4194,False
2489,2,3,5,9,hunt,1,1,-19.0115,hunt,1,1,-34.8723,False
2490,2,3,5,10,hunt,1,1,-21.8772,hunt,1,1,-40.2914,False
2491,2,3,5,11,hunt,1,1,-25.9884,hunt,1,1,-46.8832,False
2492,2,3,5,12,wait,1,2,-31.8177,wait,1,2,-57.0324,False
2493,2,3,5,13,wait,1,2,-39.0939,wait,1,2,-69.3272,False
2494,2,3,5,14,wait,1,2,-84.4921,wait,1,2,-84.9514,False
2495,2,3,5,15,wait,0,0,0.0,wait,0,0,0.0,False
2512,2,4,1,0,wait,2,2,-55.7722,wait,2,2,-80.0725,False
2513,2,4,1,1,wait,2,2,-56.3161,wait,2,2,-80.4236,False
2514,2,4,1,2,wait,2,2,-55.9291,wait,2,2,-79.6697,False
2515,2,4,1,3,wait,2,2,-55.7812,wait,2,2,-80.0467,False
2516,2,4,1,4,wait,2,2,-56.2747,wait,2,2,-80.5033,False
2517,2,4,1,5,wait,2,2,-56.2641,wait,2,2,-80.7615,False
2518,2,4,1,6,wait,2,2,-56.3625,wait,2,2,-80.2658,False
2519,2,4,1,7,wait,2,2,-55.7146,wait,2,2,-79.9698,False
2520,2,4,1,8,wait,2,2,-55.8919,wait,2,2,-79.9779,False
2521,2,4,1,9,wait,2,2,-56.1434,wait,2,2,-79.5913,False
2522,2,4,1,10,wait,2,2,-56.3934,wait,2,2,-79.8726,False
2523,2,4,1,11,wait,2,2,-56.1346,wait,2,2,-79.9656,False
2524,2,4,1,12,wait,2,2,-55.7618,wait,2,2,-79.8275,False
2525,2,4,1,13,wait,2,2,-57.0929,wait,2,2,-81.5601,False
2526,2,4,1,14,wait,2,2,-89.8454,wait,2,2,-89.9535,False
2527,2,4,1,15,wait,0,0,0.0,wait,0,0,0.0,False
2528,2,4,2,0,wait,2,2,-42.9707,wait,2,2,-69.2173,False
2529,2,4,2,1,wait,2,2,-42.7525,wait,2,2,-68.7621,False
2530,2,4,2,2,wait,2,2,-42.8789,wait,2,2,-69.0921,False
2531,2,4,2,3,wait,2,2,-43.1057,wait,2,2,-68.9426,False
2532,2,4,2,4,wait,2,2,-43.0004,wait,2,2,-68.5427,False
2533,2,4,2,5,wait,2,2,-43.1261,wait,2,2,-69.0304,False
2534,2,4,2,6,wait,2,2,-42.7453,wait,2,2,-68.327,False
2535,2,4,2,7,wait,2,2,-42.8807,wait,2,2,-69.5404,False
2536,2,4,2,8,wait,2,2,-42.987,wait,2,2,-69.1838,False
2537,2,4,2,9,wait,2,2,-42.5011,wait,2,2,-68.5619,False
2538,2,4,2,10,wait,2,2,-42.4888,wait,2,2,-67.96,False
2539,2,4,2,11,wait,2,2,-42.7499,wait,2,2,-68.6949,False
2540,2,4,2,12,wait,2,2,-43.6565,wait,2,2,-70.3179,False
2541,2,4,2,13,wait,2,2,-47.0682,wait,2,2,-75.2345,False
2542,2,4,2,14,wait,2,2,-87.7467,wait,2,2,-88.0286,False
2543,2,4,2,15,wait,0,0,0.0,wait,0,0,0.0,False
2544,2,4,3,0,wait,2,2,-33.8045,hunt,1,1,-55.7967,True
2545,2,4,3,1,wait,2,2,-34.0027,hunt,1,1,-55.4789,True
2546,2,4,3,2,wait,2,2,-33.8299,hunt,1,1,-55.4752,True
2547,2,4,3,3,wait,2,2,-33.8682,hunt,1,1,-55.868,True
2548,2,4,3,4,wait,2,2,-33.5619,hunt,1,1,-55.2502,True
2549,2,4,3,5,wait,2,2,-33.9079,hunt,1,1,-55.215,True
2550,2,4,3,6,wait,2,2,-34.0596,hunt,1,1,-55.3777,True
2551,2,4,3,7,wait,2,2,-33.8846,hunt,1,1,-56.1098,True
2552,2,4,3,8,wait,2,2,-33.7549,hunt,1,1,-56.0164,True
2553,2,4,3,9,wait,2,2,-33.7829,hunt,1,1,-57.1735,True
2554,2,4,3,10,wait,2,2,-34.0592,hunt,1,1,-57.9689,True
2555,2,4,3,11,wait,2,2,-34.2887,wait,2,2,-59.0554,False
2556,2,4,3,12,wait,2,2,-37.3621,wait,2,2,-63.3331,False
2557,2,4,3,13,wait,2,2,-42.682,wait,2,2,-72.1085,False
2558,2,4,3,14,wait,2,2,-86.5455,wait,2,2,-87.2837,False
2559,2,4,3,15,wait,0,0,0.0,wait,0,0,0.0,False
2560,2,4,4,0,hunt,1,1,-22.992,hunt,1,1,-38.7892,False
2561,2,4,4,1,hunt,1,1,-23.1899,hunt,1,1,-39.5122,False
2562,2,4,4,2,hunt,1,1,-22.969,hunt,1,1,-38.9473,False
2563,2,4,4,3,hunt,1,1,-23.9704,hunt,1,1,-40.5577,False
2564,2,4,4,4,hunt,1,1,-23.7709,hunt,1,1,-39.7331,False
2565,2,4,4,5,hunt,1,1,-23.3662,hunt,1,1,-39.2345,False
2566,2,4,4,6,hunt,1,1,-23.9673,hunt,1,1,-40.4311,False
2567,2,4,4,7,hunt,1,1,-23.8742,hunt,1,1,-40.2573,False
2568,2,4,4,8,wait,2,2,-24.8592,hunt,1,1,-42.1707,True
2569,2,4,4,9,wait,2,2,-24.8462,hunt,1,1,-44.1048,True
2570,2,4,4,10,wait,2,2,-25.4712,hunt,1,1,-46.5336,True
2571,2,4,4,11,wait,2,2,-27.9228,wait,2,2,-50.8548,False
2572,2,4,4,12,wait,2,2,-32.6851,wait,2,2,-59.3733,False
2573,2,4,4,13,wait,2,2,-39.404,wait,2,2,-70.1412,False
2574,2,4,4,14,wait,0,1,-85.1072,wait,2,2,-85.5991,True
2575,2,4,4,15,wait,0,0,0.0,wait,0,0,0.0,False
2576,2,4,5,0,hunt,1,1,-10.4007,hunt,1,1,-20.6808,False
2577,2,4,5,1,hunt,1,1,-10.5238,hunt,1,1,-21.4068,False
2578,2,4,5,2,hunt,1,1,-10.5731,hunt,1,1,-21.2689,False
2579,2,4,5,3,hunt,1,1,-10.96,hunt,1,1,-21.6032,False
2580,2,4,5,4,hunt,1,1,-11.5799,hunt,1,1,-22.877,False
2581,2,4,5,5,hunt,1,1,-11.8104,hunt,1,1,-23.4674,False
2582,2,4,5,6,hunt,1,1,-12.4903,hunt,1,1,-24.4945,False
2583,2,4,5,7,hunt,1,1,-13.5323,hunt,1,1,-26.2759,False
2584,2,4,5,8,hunt,1,1,-15.3438,hunt,1,1,-28.837,False
2585,2,4,5,9,hunt,1,1,-17.5557,hunt,1,1,-32.5282,False
2586,2,4,5,10,wait,2,2,-21.0095,hunt,1,1,-38.6786,True
2587,2,4,5,11,hunt,1,2,-25.2855,hunt,1,2,-45.9639,False
2588,2,4,5,12,wait,1,2,-31.2971,hunt,1,2,-56.4806,True
2589,2,4,5,13,wait,1,2,-38.9549,hunt,1,1,-68.9166,True
2590,2,4,5,14,wait,0,2,-84.8334,wait,2,2,-85.7608,True
2591,2,4,5,15,wait,0,0,0.0,wait,0,0,0.0,False
2608,2,5,1,0,wait,2,2,-56.3289,wait,2,2,-80.3489,False
2609,2,5,1,1,wait,2,2,-56.0492,wait,2,2,-80.0116,False
2610,2,5,1,2,wait,2,2,-55.8219,wait,2,2,-79.7238,False
2611,2,5,1,3,wait,2,2,-55.8609,wait,2,2,-80.4056,False
2612,2,5,1,4,wait,2,2,-55.7682,wait,2,2,-79.5148,False
2613,2,5,1,5,wait,2,2,-55.7129,wait,2,2,-79.5078,False
2614,2,5,1,6,wait,2,2,-55.8006,wait,2,2,-79.8094,False
2615,2,5,1,7,wait,2,2,-56.394,wait,2,2,-80.5796,False
2616,2,5,1,8,wait,2,2,-55.8893,wait,2,2,-80.2376,False
2617,2,5,1,9,wait,2,2,-55.7651,wait,2,2,-79.743,False
2618,2,5,1,10,wait,2,2,-55.8566,wait,2,2,-80.4617,False
2619,2,5,1,11,wait,2,2,-56.1652,wait,2,2,-79.9001,False
2620,2,5,1,12,wait,2,2,-56.083,wait,2,2,-79.6196,False
2621,2,5,1,13,wait,2,2,-57.1096,wait,2,2,-81.8891,False
2622,2,5,1,14,wait,2,2,-89.2211,wait,2,2,-88.8256,False
2623,2,5,1,15,wait,0,0,0.0,wait,0,0,0.0,False
2624,2,5,2,0,wait,2,2,-42.6347,wait,2,2,-68.5142,False
2625,2,5,2,1,wait,2,2,-41.9843,wait,2,2,-67.9441,False
2626,2,5,2,2,wait,2,2,-42.4065,wait,2,2,-67.769,False
2627,2,5,2,3,wait,2,2,-42.6972,wait,2,2,-68.7279,False
2628,2,5,2,4,wait,2,2,-42.7095,wait,2,2,-68.8166,False
2629,2,5,2,5,wait,2,2,-42.7926,wait,2,2,-69.0384,False
2630,2,5,2,6,wait,2,2,-42.5691,wait,2,2,-68.2594,False
2631,2,5,2,7,wait,2,2,-42.8386,wait,2,2,-68.6278,False
2632,2,5,2,8,wait,2,2,-42.4604,wait,2,2,-68.6493,False
2633,2,5,2,9,wait,2,2,-42.5384,wait,2,2,-68.0923,False
2634,2,5,2,10,wait,2,2,-42.2512,wait,2,2,-67.5817,False
2635,2,5,2,11,wait,2,2,-42.8461,wait,2,2,-68.8524,False
2636,2,5,2,12,wait,2,2,-43.8265,wait,2,2,-70.7088,False
2637,2,5,2,13,wait,2,2,-46.9329,wait,2,2,-75.872,False
2638,2,5,2,14,wait,2,2,-87.3244,wait,2,2,-87.6702,False
2639,2,5,2,15,wait,0,0,0.0,wait,0,0,0.0,False
2640,2,5,3,0,wait,2,2,-33.2691,hunt,1,1,-54.157,True
2641,2,5,3,1,wait,2,2,-33.6002,hunt,1,1,-54.0813,True
2642,2,5,3,2,wait,2,2,-33.6913,hunt,1,1,-54.6817,True
2643,2,5,3,3,wait,2,2,-33.1777,hunt,1,1,-54.1377,True
2644,2,5,3,4,wait,2,2,-33.6016,hunt,1,1,-54.4154,True
2645,2,5,3,5,wait,2,2,-33.6922,hunt,1,1,-54.0172,True
2646,2,5,3,6,wait,2,2,-33.328,hunt,1,1,-54.2071,True
2647,2,5,3,7,wait,2,2,-33.4394,hunt,1,1,-54.1308,True
2648,2,5,3,8,wait,2,2,-33.6586,hunt,1,2,-55.4908,True
2649,2,5,3,9,wait,2,2,-33.2213,hunt,1,1,-56.1574,True
2650,2,5,3,10,wait,2,2,-33.6017,hunt,1,1,-56.763,True
2651,2,5,3,11,wait,2,2,-34.2346,wait,2,2,-58.2407,False
2652,2,5,3,12,wait,2,2,-36.9787,wait,2,2,-62.9233,False
2653,2,5,3,13,wait,2,2,-42.7232,wait,2,2,-72.6376,False
2654,2,5,3,14,hunt,1,0,-86.7454,wait,2,2,-87.4486,True
2655,2,5,3,15,wait,0,0,0.0,wait,0,0,0.0,False
2656,2,5,4,0,hunt,1,1,-21.5655,hunt,1,1,-36.106,False
2657,2,5,4,1,hunt,1,1,-21.202,hunt,1,1,-35.84,False
2658,2,5,4,2,hunt,1,1,-21.7015,hunt,1,1,-36.984,False
2659,2,5,4,3,hunt,1,1,-21.6304,hunt,1,1,-36.3089,False
2660,2,5,4,4,hunt,1,1,-21.9474,hunt,1,1,-37.0412,False
2661,2,5,4,5,hunt,1,1,-22.0271,hunt,1,1,-37.1522,False
2662,2,5,4,6,hunt,1,1,-22.7147,hunt,1,1,-38.4778,False
2663,2,5,4,7,hunt,1,1,-23.2551,hunt,1,1,-38.9398,False
2664,2,5,4,8,hunt,1,1,-23.8107,hunt,1,1,-40.4012,False
2665,2,5,4,9,wait,2,2,-24.1889,hunt,1,1,-42.2299,True
2666,2,5,4,10,wait,2,2,-24.7837,hunt,1,1,-45.7208,True
2667,2,5,4,11,wait,2,2,-27.318,wait,2,2,-50.1932,False
2668,2,5,4,12,wait,2,2,-32.5257,wait,2,2,-58.8943,False
2669,2,5,4,13,wait,2,2,-39.0257,wait,2,2,-69.4942,False
2670,2,5,4,14,wait,2,2,-84.6338,wait,2,2,-84.8604,False
2671,2,5,4,15,wait,0,0,0.0,wait,0,0,0.0,False
2672,2,5,5,0,hunt,1,1,-8.1094,hunt,1,1,-17.2052,False
2673,2,5,5,1,hunt,1,1,-8.3122,hunt,1,1,-17.2911,False
2674,2,5,5,2,hunt,1,1,-8.5785,hunt,1,1,-17.8148,False
2675,2,5,5,3,hunt,1,1,-8.99,hunt,1,1,-18.352,False
2676,2,5,5,4,hunt,1,1,-9.0962,hunt,1,1,-18.2779,False
2677,2,5,5,5,hunt,1,1,-10.2518,hunt,1,1,-20.8666,False
2678,2,5,5,6,hunt,1,2,-11.309,hunt,1,1,-22.641,True
2679,2,5,5,7,hunt,1,1,-12.2455,hunt,1,1,-24.2547,False
2680,2,5,5,8,hunt,1,2,-14.4021,hunt,1,1,-27.8676,True
2681,2,5,5,9,hunt,1,2,-16.7362,hunt,1,2,-31.518,False
2682,2,5,5,10,hunt,1,2,-20.1084,hunt,1,1,-37.3265,True
2683,2,5,5,11,hunt,1,2,-24.6159,hunt,1,2,-45.2796,False
2684,2,5,5,12,hunt,1,2,-30.9243,hunt,1,2,-55.8313,False
2685,2,5,5,13,wait,2,2,-38.8353,wait,1,2,-69.5232,True
2686,2,5,5,14,wait,2,2,-84.52,wait,2,2,-84.5067,False
2687,2,5,5,15,wait,0,0,0.0,wait,0,0,0.0,False
2704,2,6,1,0,wait,2,2,-55.9485,wait,2,2,-80.1542,False
2705,2,6,1,1,wait,2,2,-56.2425,wait,2,2,-80.8249,False
2706,2,6,1,2,wait,2,2,-56.1002,wait,2,2,-80.4906,False
2707,2,6,1,3,wait,2,2,-55.7112,wait,2,2,-79.2251,False
2708,2,6,1,4,wait,2,2,-55.6917,wait,2,2,-79.3108,False
2709,2,6,1,5,wait,2,2,-56.0927,wait,2,2,-80.1032,False
2710,2,6,1,6,wait,2,2,-55.8264,wait,2,2,-80.264,False
2711,2,6,1,7,wait,2,2,-56.0452,wait,2,2,-79.9373,False
2712,2,6,1,8,wait,2,2,-56.0102,wait,2,2,-79.8202,False
2713,2,6,1,9,wait,2,2,-55.866,wait,2,2,-79.8094,False
2714,2,6,1,10,wait,2,2,-56.1466,wait,2,2,-80.2204,False
2715,2,6,1,11,wait,2,2,-56.0129,wait,2,2,-80.3339,False
2716,2,6,1,12,wait,2,2,-55.8309,wait,2,2,-79.0609,False
2717,2,6,1,13,wait,2,2,-57.0274,wait,2,2,-82.0968,False
2718,2,6,1,14,wait,2,2,-89.6386,wait,2,2,-89.2801,False
2719,2,6,1,15,wait,0,0,0.0,wait,0,0,0.0,False
2720,2,6,2,0,wait,2,2,-42.3192,wait,2,2,-68.5229,False
2721,2,6,2,1,wait,2,2,-42.6236,wait,2,2,-68.6396,False
2722,2,6,2,2,wait,2,2,-42.7622,wait,2,2,-68.9681,False
2723,2,6,2,3,wait,2,2,-42.4807,wait,2,2,-67.9258,False
2724,2,6,2,4,wait,2,2,-42.8524,wait,2,2,-68.9773,False
2725,2,6,2,5,wait,2,2,-42.6048,wait,2,2,-68.6137,False
2726,2,6,2,6,wait,2,2,-42.5865,wait,2,2,-68.3366,False
2727,2,6,2,7,wait,2,2,-42.3752,wait,2,2,-68.3251,False
2728,2,6,2,8,wait,2,2,-42.6632,wait,2,2,-68.4095,False
2729,2,6,2,9,wait,2,2,-42.6242,wait,2,2,-68.6557,False
2730,2,6,2,10,wait,2,2,-42.3598,wait,2,2,-67.7357,False
2731,2,6,2,11,wait,2,2,-42.6632,wait,2,2,-68.3027,False
2732,2,6,2,12,wait,2,2,-43.572,wait,2,2,-70.1448,False
2733,2,6,2,13,wait,2,2,-47.3064,wait,2,2,-76.5337,False
2734,2,6,2,14,wait,2,2,-87.8807,wait,2,2,-88.1024,False
2735,2,6,2,15,wait,0,0,0.0,wait,0,0,0.0,False
2736,2,6,3,0,hunt,1,1,-33.1062,hunt,1,1,-51.4907,False
2737,2,6,3,1,wait,2,2,-33.442,hunt,1,1,-53.1112,True
2738,2,6,3,2,wait,2,2,-33.3236,hunt,1,1,-52.655,True
2739,2,6,3,3,wait,2,2,-33.5647,hunt,1,2,-53.1574,True
2740,2,6,3,4,hunt,1,1,-33.2878,hunt,1,1,-52.4493,False
2741,2,6,3,5,wait,2,2,-33.5129,hunt,1,1,-53.1332,True
2742,2,6,3,6,wait,2,2,-33.2755,hunt,1,1,-53.2251,True
2743,2,6,3,7,wait,2,2,-33.533,hunt,1,2,-53.9843,True
2744,2,6,3,8,wait,2,2,-33.5573,hunt,1,1,-54.3975,True
2745,2,6,3,9,wait,2,2,-33.4694,hunt,1,2,-54.4424,True
2746,2,6,3,10,wait,2,2,-33.1219,hunt,1,2,-56.5142,True
2747,2,6,3,11,wait,2,2,-33.7412,wait,2,2,-57.5544,False
2748,2,6,3,12,wait,2,2,-37.1175,wait,2,2,-63.074,False
2749,2,6,3,13,wait,2,2,-43.1364,wait,2,2,-73.142,False
2750,2,6,3,14,hunt,1,2,-86.6799,wait,2,2,-87.4254,True
2751,2,6,3,15,wait,0,0,0.0,wait,0,0,0.0,False
2752,2,6,4,0,hunt,1,1,-19.6716,hunt,1,1,-32.6418,False
2753,2,6,4,1,hunt,1,1,-19.6623,hunt,1,1,-33.1671,False
2754,2,6,4,2,hunt,1,1,-20.4933,hunt,1,1,-34.4704,False
2755,2,6,4,3,hunt,1,1,-20.2562,hunt,1,1,-34.1742,False
2756,2,6,4,4,hunt,1,1,-20.6106,hunt,1,1,-34.8971,False
2757,2,6,4,5,hunt,1,1,-20.8963,hunt,1,1,-35.5515,False
2758,2,6,4,6,hunt,1,1,-21.7143,hunt,1,1,-36.4572,False
2759,2,6,4,7,hunt,1,2,-22.201,hunt,1,1,-37.7378,True
2760,2,6,4,8,hunt,1,1,-22.8165,hunt,1,1,-38.8617,False
2761,2,6,4,9,wait,2,2,-23.8538,hunt,1,2,-41.4258,True
2762,2,6,4,10,wait,2,2,-24.7594,hunt,1,2,-44.595,True
2763,2,6,4,11,wait,2,2,-27.332,wait,2,2,-50.3207,False
2764,2,6,4,12,wait,2,2,-32.1169,wait,2,2,-58.0168,False
2765,2,6,4,13,wait,2,2,-39.2588,wait,2,2,-69.9272,False
2766,2,6,4,14,wait,2,2,-85.2091,wait,2,2,-85.5165,False
2767,2,6,4,15,wait,0,0,0.0,wait,0,0,0.0,False
2768,2,6,5,0,hunt,1,1,-6.5122,hunt,1,1,-14.3933,False
2769,2,6,5,1,hunt,1,1,-6.5867,hunt,1,1,-15.0206,False
2770,2,6,5,2,hunt,1,1,-6.9684,hunt,1,1,-14.5981,False
2771,2,6,5,3,hunt,1,1,-7.1598,hunt,1,1,-15.5861,False
2772,2,6,5,4,hunt,1,1,-7.8027,hunt,1,1,-16.6573,False
2773,2,6,5,5,hunt,1,2,-9.1169,hunt,1,1,-19.0403,True
2774,2,6,5,6,wait,1,1,-10.123,hunt,1,1,-20.7485,True
2775,2,6,5,7,hunt,1,1,-11.6328,hunt,1,1,-23.3791,False
2776,2,6,5,8,wait,1,2,-13.4121,hunt,1,1,-26.5786,True
2777,2,6,5,9,hunt,1,2,-15.9236,hunt,1,2,-30.235,False
2778,2,6,5,10,hunt,1,2,-19.4606,hunt,1,1,-36.5002,True
2779,2,6,5,11,hunt,1,2,-24.4316,hunt,1,2,-44.6081,False
2780,2,6,5,12,wait,1,2,-30.7363,hunt,1,1,-55.7531,True
2781,2,6,5,13,hunt,1,2,-38.8246,wait,1,2,-69.5066,True
2782,2,6,5,14,hunt,1,1,-84.7864,hunt,1,1,-85.7116,False
2783,2,6,5,15,wait,0,0,0.0,wait,0,0,0.0,False
2800,2,7,1,0,wait,2,2,-56.2377,wait,2,2,-80.0223,False
2801,2,7,1,1,wait,2,2,-55.9603,wait,2,2,-80.272,False
2802,2,7,1,2,wait,2,2,-55.8519,wait,2,2,-79.8647,False
2803,2,7,1,3,wait,2,2,-55.3388,wait,2,2,-79.8592,False
2804,2,7,1,4,wait,2,2,-55.9128,wait,2,2,-79.8262,False
2805,2,7,1,5,wait,2,2,-55.5693,wait,2,2,-79.666,False
2806,2,7,1,6,wait,2,2,-56.1654,wait,2,2,-79.3765,False
2807,2,7,1,7,wait,2,2,-55.9734,wait,2,2,-79.8427,False
2808,2,7,1,8,wait,2,2,-56.1199,wait,2,2,-80.0881,False
2809,2,7,1,9,wait,2,2,-55.8093,wait,2,2,-80.4145,False
2810,2,7,1,10,wait,2,2,-55.7712,wait,2,2,-80.195,False
2811,2,7,1,11,wait,2,2,-56.087,wait,2,2,-80.0242,False
2812,2,7,1,12,wait,2,2,-55.6893,wait,2,2,-79.9093,False
2813,2,7,1,13,wait,2,2,-56.8456,wait,2,2,-81.5145,False
2814,2,7,1,14,wait,2,2,-89.2956,wait,2,2,-88.8902,False
2815,2,7,1,15,wait,0,0,0.0,wait,0,0,0.0,False
2816,2,7,2,0,wait,2,2,-42.9732,wait,2,2,-68.9669,False
2817,2,7,2,1,wait,2,2,-42.7129,wait,2,2,-68.6696,False
2818,2,7,2,2,wait,2,2,-42.6925,wait,2,2,-68.7018,False
2819,2,7,2,3,wait,2,2,-42.1268,wait,2,2,-67.9302,False
2820,2,7,2,4,wait,2,2,-42.6132,wait,2,2,-68.5484,False
2821,2,7,2,5,wait,2,2,-42.4761,wait,2,2,-68.4127,False
2822,2,7,2,6,wait,2,2,-42.5637,wait,2,2,-68.3945,False
2823,2,7,2,7,wait,2,2,-42.7667,wait,2,2,-68.7892,False
2824,2,7,2,8,wait,2,2,-42.5082,wait,2,2,-68.834,False
2825,2,7,2,9,wait,2,2,-42.7101,wait,2,2,-68.7443,False
2826,2,7,2,10,wait,2,2,-42.7819,wait,2,2,-69.0175,False
2827,2,7,2,11,wait,2,2,-42.7126,wait,2,2,-68.3889,False
2828,2,7,2,12,wait,2,2,-43.6246,wait,2,2,-69.6276,False
2829,2,7,2,13,wait,2,2,-47.1396,wait,2,2,-75.8377,False
2830,2,7,2,14,wait,2,2,-87.5784,wait,2,2,-87.774,False
2831,2,7,2,15,wait,0,0,0.0,wait,0,0,0.0,False
2832,2,7,3,0,hunt,1,1,-32.1901,hunt,1,1,-50.0949,False
2833,2,7,3,1,hunt,1,1,-32.5779,hunt,1,1,-51.0498,False
2834,2,7,3,2,hunt,1,2,-32.4984,hunt,1,2,-51.3754,False
2835,2,7,3,3,hunt,1,1,-33.0957,hunt,1,1,-52.2241,False
2836,2,7,3,4,hunt,1,2,-32.8467,hunt,1,1,-52.1104,True
2837,2,7,3,5,hunt,1,1,-32.8067,hunt,1,1,-51.1068,False
2838,2,7,3,6,hunt,1,2,-33.2065,hunt,1,2,-52.3087,False
2839,2,7,3,7,wait,2,2,-33.3383,hunt,1,1,-52.8602,True
2840,2,7,3,8,wait,2,2,-33.3143,hunt,1,2,-53.5128,True
2841,2,7,3,9,wait,2,2,-33.3012,hunt,1,1,-54.0397,True
2842,2,7,3,10,wait,2,2,-33.4497,hunt,1,2,-56.3849,True
2843,2,7,3,11,wait,2,2,-34.1914,wait,2,2,-57.9449,False
2844,2,7,3,12,wait,2,2,-37.3434,wait,2,2,-63.2132,False
2845,2,7,3,13,wait,2,2,-42.8866,wait,2,2,-72.2182,False
2846,2,7,3,14,hunt,0,1,-86.4618,wait,2,2,-87.088,True
2847,2,7,3,15,wait,0,0,0.0,wait,0,0,0.0,False
2848,2,7,4,0,hunt,1,1,-18.8738,hunt,1,1,-32.2736,False
2849,2,7,4,1,hunt,1,1,-18.654,hunt,1,1,-31.6484,False
2850,2,7,4,2,hunt,1,2,-19.5557,hunt,1,1,-33.2543,True
2851,2,7,4,3,hunt,1,1,-19.32,hunt,1,1,-32.9457,False
2852,2,7,4,4,hunt,1,1,-19.6528,hunt,1,1,-33.4477,False
2853,2,7,4,5,hunt,1,1,-19.6594,hunt,1,1,-32.8972,False
2854,2,7,4,6,hunt,1,2,-20.6528,hunt,1,1,-35.2554,True
2855,2,7,4,7,hunt,1,1,-21.3215,hunt,1,1,-36.2037,False
2856,2,7,4,8,hunt,1,2,-22.6299,hunt,1,1,-38.5086,True
2857,2,7,4,9,hunt,1,2,-23.7921,hunt,1,2,-40.8447,False
2858,2,7,4,10,wait,2,2,-24.5671,hunt,1,2,-44.3175,True
2859,2,7,4,11,wait,2,2,-27.1515,hunt,1,2,-49.0952,True
2860,2,7,4,12,wait,2,2,-32.4346,wait,2,2,-58.4202,False
2861,2,7,4,13,wait,2,2,-39.5667,wait,2,2,-70.6572,False
2862,2,7,4,14,wait,2,2,-85.3037,wait,2,2,-85.4152,False
2863,2,7,4,15,wait,0,0,0.0,wait,0,0,0.0,False
2864,2,7,5,0,hunt,1,1,-5.376,hunt,1,1,-11.8332,False
2865,2,7,5,1,hunt,1,1,-5.7076,hunt,1,1,-13.735,False
2866,2,7,5,2,hunt,1,1,-5.4431,hunt,1,1,-12.8485,False
2867,2,7,5,3,hunt,1,1,-5.8028,hunt,1,1,-12.9846,False
2868,2,7,5,4,hunt,1,2,-6.7936,hunt,1,1,-14.9961,True
2869,2,7,5,5,hunt,1,1,-7.7253,hunt,1,1,-16.8609,False
2870,2,7,5,6,hunt,1,2,-9.1972,hunt,1,1,-19.3242,True
2871,2,7,5,7,hunt,1,2,-10.6416,hunt,1,1,-21.5857,True
2872,2,7,5,8,hunt,1,2,-12.4724,hunt,1,1,-25.2967,True
2873,2,7,5,9,hunt,1,2,-15.275,hunt,1,2,-29.5588,False
2874,2,7,5,10,hunt,1,2,-18.913,hunt,1,1,-35.6514,True
2875,2,7,5,11,hunt,1,2,-23.9001,hunt,1,2,-44.02,False
2876,2,7,5,12,wait,1,2,-30.8706,hunt,1,2,-55.8531,True
2877,2,7,5,13,hunt,1,2,-38.729,hunt,1,2,-68.8599,False
2878,2,7,5,14,hunt,1,1,-84.7174,hunt,1,2,-85.7744,True
2879,2,7,5,15,wait,0,0,0.0,wait,0,0,0.0,False
2896,2,8,1,0,wait,2,2,-56.0802,wait,2,2,-80.0921,False
2897,2,8,1,1,wait,2,2,-55.92,wait,2,2,-80.2969,False
2898,2,8,1,2,wait,2,2,-55.7436,wait,2,2,-79.59,False
2899,2,8,1,3,wait,2,2,-56.3162,wait,2,2,-80.8467,False
2900,2,8,1,4,wait,2,2,-55.7853,wait,2,2,-79.6561,False
2901,2,8,1,5,wait,2,2,-55.8382,wait,2,2,-80.3436,False
2902,2,8,1,6,wait,2,2,-56.0271,wait,2,2,-80.2125,False
2903,2,8,1,7,wait,2,2,-55.9969,wait,2,2,-79.9982,False
2904,2,8,1,8,wait,2,2,-55.6969,wait,2,2,-79.3868,False
2905,2,8,1,9,wait,2,2,-56.1481,wait,2,2,-79.9835,False
2906,2,8,1,10,wait,2,2,-56.034,wait,2,2,-80.5972,False
2907,2,8,1,11,wait,2,2,-55.9405,wait,2,2,-79.1818,False
2908,2,8,1,12,wait,2,2,-55.7271,wait,2,2,-80.1554,False
2909,2,8,1,13,wait,2,2,-57.1885,wait,2,2,-81.9977,False
2910,2,8,1,14,wait,2,2,-89.8444,wait,2,2,-89.8738,False
2911,2,8,1,15,wait,0,0,0.0,wait,0,0,0.0,False
2912,2,8,2,0,wait,2,2,-42.4409,wait,2,2,-68.1833,False
2913,2,8,2,1,wait,2,2,-42.3559,wait,2,2,-68.3764,False
2914,2,8,2,2,wait,2,2,-42.7417,wait,2,2,-68.6559,False
2915,2,8,2,3,wait,2,2,-42.5905,wait,2,2,-68.5112,False
2916,2,8,2,4,wait,2,2,-42.5077,wait,2,2,-68.2392,False
2917,2,8,2,5,wait,2,2,-42.546,wait,2,2,-68.0995,False
2918,2,8,2,6,wait,2,2,-42.682,hunt,1,2,-68.746,True
2919,2,8,2,7,wait,2,2,-42.703,wait,2,2,-68.2983,False
2920,2,8,2,8,wait,2,2,-42.4299,wait,2,2,-68.1669,False
2921,2,8,2,9,wait,2,2,-42.5637,wait,2,2,-68.7623,False
2922,2,8,2,10,wait,2,2,-43.12,wait,2,2,-68.2658,False
2923,2,8,2,11,wait,2,2,-42.8279,wait,2,2,-69.1333,False
2924,2,8,2,12,wait,2,2,-43.5307,wait,2,2,-69.5888,False
2925,2,8,2,13,wait,2,2,-46.7559,wait,2,2,-75.5261,False
2926,2,8,2,14,wait,2,2,-87.7238,wait,2,2,-88.0874,False
2927,2,8,2,15,wait,0,0,0.0,wait,0,0,0.0,False
2928,2,8,3,0,hunt,1,2,-32.0415,hunt,1,1,-50.1998,True
2929,2,8,3,1,hunt,1,1,-32.3399,hunt,1,1,-51.3432,False
2930,2,8,3,2,hunt,1,2,-32.3235,hunt,1,2,-50.5148,False
2931,2,8,3,3,hunt,1,1,-32.1168,hunt,1,1,-50.4871,False
2932,2,8,3,4,hunt,1,1,-32.6986,hunt,1,1,-50.7656,False
2933,2,8,3,5,hunt,1,2,-32.632,hunt,1,2,-51.3653,False
2934,2,8,3,6,hunt,1,2,-32.5539,hunt,1,2,-51.2999,False
2935,2,8,3,7,hunt,1,1,-33.0925,hunt,1,1,-52.2757,False
2936,2,8,3,8,hunt,1,2,-33.1326,hunt,1,2,-52.2821,False
2937,2,8,3,9,wait,2,2,-33.1314,hunt,1,1,-53.8632,True
2938,2,8,3,10,wait,2,2,-33.1623,hunt,1,1,-56.7466,True
2939,2,8,3,11,wait,2,2,-33.9159,wait,2,2,-58.1159,False
2940,2,8,3,12,wait,2,2,-37.4975,wait,2,2,-63.9213,False
2941,2,8,3,13,wait,2,2,-42.9723,wait,2,2,-72.612,False
2942,2,8,3,14,wait,2,2,-86.043,wait,2,2,-86.3474,False
2943,2,8,3,15,wait,0,0,0.0,wait,0,0,0.0,False
2944,2,8,4,0,hunt,1,1,-18.0715,hunt,1,1,-30.4591,False
2945,2,8,4,1,hunt,1,1,-18.0729,hunt,1,1,-30.5656,False
2946,2,8,4,2,hunt,1,2,-18.3618,hunt,1,2,-31.4684,False
2947,2,8,4,3,hunt,1,1,-18.7775,hunt,1,1,-31.1885,False
2948,2,8,4,4,hunt,1,1,-19.3406,hunt,1,1,-32.7197,False
2949,2,8,4,5,hunt,1,2,-19.503,hunt,1,2,-33.224,False
2950,2,8,4,6,hunt,1,2,-19.9553,hunt,1,2,-34.1054,False
2951,2,8,4,7,hunt,1,1,-20.8186,hunt,1,1,-35.3159,False
2952,2,8,4,8,hunt,1,2,-21.6932,hunt,1,2,-37.3501,False
2953,2,8,4,9,hunt,1,2,-23.3793,hunt,1,2,-40.3593,False
2954,2,8,4,10,wait,2,2,-24.6836,hunt,1,1,-44.2315,True
2955,2,8,4,11,wait,2,2,-27.4696,hunt,1,2,-49.4159,True
2956,2,8,4,12,wait,2,2,-32.2993,wait,2,2,-57.9227,False
2957,2,8,4,13,wait,2,2,-39.4491,wait,2,2,-70.0991,False
2958,2,8,4,14,hunt,1,1,-85.0705,wait,2,2,-85.6741,True
2959,2,8,4,15,wait,0,0,0.0,wait,0,0,0.0,False
2960,2,8,5,0,hunt,1,1,-4.6987,hunt,1,1,-11.4268,False
2961,2,8,5,1,hunt,1,1,-4.2899,hunt,1,1,-10.9283,False
2962,2,8,5,2,hunt,1,1,-4.7095,hunt,1,1,-11.3725,False
2963,2,8,5,3,hunt,1,1,-4.8709,hunt,1,1,-11.8968,False
2964,2,8,5,4,hunt,1,2,-5.8063,hunt,1,1,-13.758,True
2965,2,8,5,5,hunt,1,2,-7.187,hunt,1,1,-15.7722,True
2966,2,8,5,6,hunt,1,1,-8.4621,hunt,1,1,-18.1652,False
2967,2,8,5,7,hunt,1,2,-9.9889,hunt,1,1,-20.7089,True
2968,2,8,5,8,hunt,1,2,-12.0956,hunt,1,2,-24.2784,False
2969,2,8,5,9,hunt,1,1,-14.9396,hunt,1,1,-28.8986,False
2970,2,8,5,10,hunt,1,2,-18.643,hunt,1,1,-34.9815,True
2971,2,8,5,11,hunt,1,2,-23.8573,hunt,1,2,-43.8692,False
2972,2,8,5,12,hunt,1,1,-30.7288,hunt,1,2,-55.7565,True
2973,2,8,5,13,hunt,1,2,-38.7848,hunt,1,2,-68.9314,False
2974,2,8,5,14,wait,1,2,-84.6695,wait,2,2,-85.7213,True
2975,2,8,5,15,wait,0,0,0.0,wait,0,0,0.0,False
2992,2,9,1,0,wait,2,2,-55.9543,wait,2,2,-79.7438,False
2993,2,9,1,1,wait,2,2,-55.8293,wait,2,2,-79.9531,False
2994,2,9,1,2,wait,2,2,-55.6393,wait,2,2,-78.7437,False
2995,2,9,1,3,wait,2,2,-55.6772,wait,2,2,-80.2774,False
2996,2,9,1,4,wait,2,2,-55.6523,wait,2,2,-79.7191,False
2997,2,9,1,5,wait,2,2,-55.575,wait,2,2,-79.1507,False
2998,2,9,1,6,wait,2,2,-56.0767,wait,2,2,-80.5167,False
2999,2,9,1,7,wait,2,2,-55.83,wait,2,2,-80.2381,False
3000,2,9,1,8,wait,2,2,-56.0353,wait,2,2,-80.1464,False
3001,2,9,1,9,wait,2,2,-55.6385,wait,2,2,-79.7992,False
3002,2,9,1,10,wait,2,2,-55.8455,wait,2,2,-80.0018,False
3003,2,9,1,11,wait,2,2,-56.1837,wait,2,2,-80.2934,False
3004,2,9,1,12,wait,2,2,-56.1375,wait,2,2,-80.223,False
3005,2,9,1,13,wait,2,2,-56.9827,wait,2,2,-81.2808,False
3006,2,9,1,14,wait,2,2,-89.7254,wait,2,2,-89.6233,False
3007,2,9,1,15,wait,0,0,0.0,wait,0,0,0.0,False
3008,2,9,2,0,wait,2,2,-42.8782,wait,2,2,-68.7017,False
3009,2,9,2,1,wait,2,2,-42.4119,wait,2,2,-67.8588,False
3010,2,9,2,2,wait,2,2,-42.5792,wait,2,2,-68.0024,False
3011,2,9,2,3,wait,2,2,-42.7212,hunt,1,1,-68.4559,True
3012,2,9,2,4,wait,2,2,-42.5556,hunt,1,1,-68.6495,True
3013,2,9,2,5,wait,2,2,-42.2032,wait,2,2,-67.8027,False
3014,2,9,2,6,wait,2,2,-42.715,wait,2,2,-68.3567,False
3015,2,9,2,7,wait,2,2,-42.5931,hunt,1,2,-68.5723,True
3016,2,9,2,8,wait,2,2,-42.7896,wait,2,2,-68.8571,False
3017,2,9,2,9,wait,2,2,-42.4011,hunt,1,2,-68.7871,True
3018,2,9,2,10,wait,2,2,-42.5663,wait,2,2,-67.7225,False
3019,2,9,2,11,wait,2,2,-42.1684,wait,2,2,-67.5066,False
3020,2,9,2,12,wait,2,2,-43.1181,wait,2,2,-69.5013,False
3021,2,9,2,13,wait,2,2,-47.3072,wait,2,2,-75.6394,False
3022,2,9,2,14,wait,2,2,-87.2164,wait,2,2,-87.2044,False
3023,2,9,2,15,wait,0,0,0.0,wait,0,0,0.0,False
3024,2,9,3,0,hunt,1,1,-31.2688,hunt,1,1,-48.9569,False
3025,2,9,3,1,hunt,1,1,-31.9148,hunt,1,1,-49.3167,False
3026,2,9,3,2,hunt,1,2,-31.8115,hunt,1,2,-49.5167,False
3027,2,9,3,3,hunt,1,1,-32.1575,hunt,1,1,-50.426,False
3028,2,9,3,4,hunt,1,2,-32.3045,hunt,1,2,-50.5984,False
3029,2,9,3,5,hunt,1,2,-32.033,hunt,1,2,-50.5235,False
3030,2,9,3,6,hunt,1,2,-32.2201,hunt,1,2,-51.6675,False
3031,2,9,3,7,hunt,1,2,-32.7262,hunt,1,2,-51.3463,False
3032,2,9,3,8,hunt,1,2,-33.541,hunt,1,2,-53.1062,False
3033,2,9,3,9,wait,2,2,-32.9223,hunt,1,2,-53.8483,True
3034,2,9,3,10,wait,2,2,-33.3502,hunt,1,2,-56.0431,True
3035,2,9,3,11,wait,2,2,-34.002,wait,2,2,-58.4948,False
3036,2,9,3,12,wait,2,2,-37.3552,wait,2,2,-62.937,False
3037,2,9,3,13,wait,2,2,-42.6283,wait,2,2,-71.9723,False
3038,2,9,3,14,wait,0,2,-86.4348,wait,2,2,-86.8812,True
3039,2,9,3,15,wait,0,0,0.0,wait,0,0,0.0,False
3040,2,9,4,0,hunt,1,1,-17.6949,hunt,1,1,-30.1416,False
3041,2,9,4,1,hunt,1,1,-17.7454,hunt,1,1,-29.7559,False
3042,2,9,4,2,hunt,1,2,-17.5947,hunt,1,2,-30.3275,False
3043,2,9,4,3,hunt,1,2,-18.5397,hunt,1,1,-31.7091,True
3044,2,9,4,4,hunt,1,2,-18.5434,hunt,1,2,-31.6789,False
3045,2,9,4,5,hunt,1,2,-18.9532,hunt,1,2,-32.0618,False
3046,2,9,4,6,hunt,1,2,-19.9223,hunt,1,2,-33.9264,False
3047,2,9,4,7,hunt,1,2,-20.8769,hunt,1,2,-35.8645,False
3048,2,9,4,8,hunt,1,2,-22.0106,hunt,1,2,-37.5871,False
3049,2,9,4,9,wait,2,2,-23.7771,hunt,1,1,-40.4545,True
3050,2,9,4,10,wait,2,2,-24.8895,hunt,1,2,-44.1179,True
3051,2,9,4,11,wait,2,2,-27.0401,hunt,1,2,-49.32,True
3052,2,9,4,12,wait,2,2,-32.2695,wait,2,2,-58.176,False
3053,2,9,4,13,wait,2,2,-39.4527,wait,2,2,-70.8667,False
3054,2,9,4,14,wait,2,2,-85.0816,wait,2,2,-84.5915,False
3055,2,9,4,15,wait,0,0,0.0,wait,0,0,0.0,False
3056,2,9,5,0,hunt,1,1,-4.0489,hunt,1,1,-10.3343,False
3057,2,9,5,1,hunt,1,1,-4.0671,hunt,1,1,-10.2387,False
3058,2,9,5,2,hunt,1,1,-4.3722,hunt,1,1,-10.6441,False
3059,2,9,5,3,hunt,1,2,-4.5756,hunt,1,1,-11.4998,True
3060,2,9,5,4,hunt,1,1,-5.4874,hunt,1,1,-13.0319,False
3061,2,9,5,5,hunt,1,2,-6.6627,hunt,1,1,-14.8512,True
3062,2,9,5,6,hunt,1,2,-7.8628,hunt,1,2,-17.6244,False
3063,2,9,5,7,hunt,1,1,-9.5651,hunt,1,1,-19.6259,False
3064,2,9,5,8,hunt,1,2,-11.9013,hunt,1,1,-24.0664,True
3065,2,9,5,9,hunt,1,2,-14.642,hunt,1,1,-28.4195,True
3066,2,9,5,10,hunt,1,1,-18.3652,hunt,1,1,-34.724,False
3067,2,9,5,11,hunt,1,2,-23.8562,hunt,1,2,-43.9107,False
3068,2,9,5,12,hunt,1,2,-30.5278,hunt,1,2,-55.0206,False
3069,2,9,5,13,wait,2,2,-38.9321,wait,1,2,-69.5352,True
3070,2,9,5,14,hunt,1,1,-84.7285,wait,2,2,-85.6205,True
3071,2,9,5,15,wait,0,0,0.0,wait,0,0,0.0,False
3088,2,10,1,0,wait,2,2,-55.9388,wait,2,2,-80.3021,False
3089,2,10,1,1,wait,2,2,-56.0009,wait,2,2,-80.1411,False
3090,2,10,1,2,wait,2,2,-55.9501,wait,2,2,-79.177,False
3091,2,10,1,3,wait,2,2,-55.8198,wait,2,2,-80.0625,False
3092,2,10,1,4,wait,2,2,-55.8026,wait,2,2,-79.6986,False
3093,2,10,1,5,wait,2,2,-56.0473,wait,2,2,-79.7784,False
3094,2,10,1,6,wait,2,2,-56.0254,wait,2,2,-79.4271,False
3095,2,10,1,7,wait,2,2,-55.9437,wait,2,2,-80.2957,False
3096,2,10,1,8,wait,2,2,-56.1073,wait,2,2,-80.2382,False
3097,2,10,1,9,wait,2,2,-55.5428,wait,2,2,-79.6088,False
3098,2,10,1,10,wait,2,2,-56.0091,wait,2,2,-79.8992,False
3099,2,10,1,11,wait,2,2,-55.6815,wait,2,2,-79.8238,False
3100,2,10,1,12,wait,2,2,-55.4468,wait,2,2,-79.7049,False
3101,2,10,1,13,wait,2,2,-57.0901,wait,2,2,-81.4957,False
3102,2,10,1,14,hunt,0,1,-90.072,wait,2,2,-90.7542,True
3103,2,10,1,15,wait,0,0,0.0,wait,0,0,0.0,False
3104,2,10,2,0,wait,2,2,-42.5346,wait,2,2,-67.885,False
3105,2,10,2,1,wait,2,2,-42.6891,hunt,1,2,-68.7982,True
3106,2,10,2,2,wait,2,2,-42.5165,hunt,1,1,-68.2946,True
3107,2,10,2,3,wait,2,2,-42.725,hunt,1,1,-68.7148,True
3108,2,10,2,4,wait,2,2,-42.9156,hunt,1,1,-67.8426,True
3109,2,10,2,5,wait,2,2,-42.7208,wait,2,2,-68.9614,False
3110,2,10,2,6,wait,2,2,-42.6236,wait,2,2,-68.2556,False
3111,2,10,2,7,wait,2,2,-42.4381,wait,2,2,-68.4664,False
3112,2,10,2,8,wait,2,2,-42.3967,hunt,1,2,-68.2051,True
3113,2,10,2,9,wait,2,2,-42.762,wait,2,2,-68.957,False
3114,2,10,2,10,wait,2,2,-42.6577,wait,2,2,-68.8599,False
3115,2,10,2,11,wait,2,2,-42.583,wait,2,2,-68.6641,False
3116,2,10,2,12,wait,2,2,-43.2391,wait,2,2,-69.6317,False
3117,2,10,2,13,wait,2,2,-47.4799,wait,2,2,-76.1958,False
3118,2,10,2,14,wait,2,2,-87.5183,wait,2,2,-87.7027,False
3119,2,10,2,15,wait,0,0,0.0,wait,0,0,0.0,False
3120,2,10,3,0,hunt,1,2,-31.0401,hunt,1,2,-49.1013,False
3121,2,10,3,1,hunt,1,2,-31.4711,hunt,1,2,-49.4587,False
3122,2,10,3,2,hunt,1,1,-31.4884,hunt,1,1,-49.5937,False
3123,2,10,3,3,hunt,1,2,-31.9807,hunt,1,2,-49.7936,False
3124,2,10,3,4,hunt,1,2,-31.6142,hunt,1,2,-49.847,False
3125,2,10,3,5,hunt,1,2,-31.9302,hunt,1,2,-50.2795,False
3126,2,10,3,6,hunt,1,2,-31.7814,hunt,1,2,-50.218,False
3127,2,10,3,7,hunt,1,2,-32.4345,hunt,1,2,-51.2805,False
3128,2,10,3,8,wait,2,2,-33.1941,hunt,1,2,-52.854,True
3129,2,10,3,9,wait,2,2,-33.5652,hunt,1,1,-54.041,True
3130,2,10,3,10,wait,2,2,-32.934,hunt,1,2,-55.5267,True
3131,2,10,3,11,wait,2,2,-34.047,wait,2,2,-57.7833,False
3132,2,10,3,12,wait,2,2,-37.354,wait,2,2,-63.3031,False
3133,2,10,3,13,wait,2,2,-42.7841,wait,2,2,-72.5873,False
3134,2,10,3,14,wait,2,2,-86.2718,wait,2,2,-86.4382,False
3135,2,10,3,15,wait,0,0,0.0,wait,0,0,0.0,False
3136,2,10,4,0,hunt,1,2,-17.4656,hunt,1,2,-30.0575,False
3137,2,10,4,1,hunt,1,2,-17.5599,hunt,1,2,-29.3222,False
3138,2,10,4,2,hunt,1,2,-17.7308,hunt,1,1,-30.4116,True
3139,2,10,4,3,hunt,1,2,-17.8501,hunt,1,2,-30.0942,False
3140,2,10,4,4,hunt,1,2,-18.1617,hunt,1,2,-30.3918,False
3141,2,10,4,5,hunt,1,2,-19.012,hunt,1,2,-32.419,False
3142,2,10,4,6,hunt,1,2,-19.4577,hunt,1,2,-33.5647,False
3143,2,10,4,7,hunt,1,1,-20.5457,hunt,1,2,-35.3732,True
3144,2,10,4,8,hunt,1,2,-21.621,hunt,1,2,-37.1251,False
3145,2,10,4,9,hunt,1,2,-23.0304,hunt,1,2,-38.9791,False
3146,2,10,4,10,wait,2,2,-24.5835,hunt,1,2,-42.9121,True
3147,2,10,4,11,wait,2,2,-27.1823,hunt,1,2,-49.5186,True
3148,2,10,4,12,wait,2,2,-32.3324,wait,2,2,-58.5509,False
3149,2,10,4,13,wait,2,2,-39.4077,wait,2,2,-70.2904,False
3150,2,10,4,14,hunt,1,2,-85.422,wait,2,2,-86.2501,True
3151,2,10,4,15,wait,0,0,0.0,wait,0,0,0.0,False
3152,2,10,5,0,hunt,1,2,-3.706,hunt,1,2,-9.777,False
3153,2,10,5,1,hunt,1,1,-3.5192,hunt,1,1,-9.5314,False
3154,2,10,5,2,hunt,1,2,-3.7856,hunt,1,2,-10.4794,False
3155,2,10,5,3,hunt,1,2,-4.0057,hunt,1,1,-10.7064,True
3156,2,10,5,4,hunt,1,2,-4.8603,hunt,1,1,-12.068,True
3157,2,10,5,5,hunt,1,2,-6.0272,hunt,1,2,-14.212,False
3158,2,10,5,6,hunt,1,1,-7.5624,hunt,1,1,-17.0654,False
3159,2,10,5,7,hunt,1,2,-9.2351,hunt,1,2,-19.5823,False
3160,2,10,5,8,hunt,1,2,-11.4032,hunt,1,2,-23.4294,False
3161,2,10,5,9,hunt,1,2,-14.2858,hunt,1,1,-27.9031,True
3162,2,10,5,10,hunt,1,2,-18.0668,hunt,1,1,-34.0998,True
3163,2,10,5,11,hunt,1,2,-24.0014,hunt,1,2,-44.202,False
3164,2,10,5,12,hunt,1,2,-30.4448,hunt,1,2,-54.8955,False
3165,2,10,5,13,hunt,1,2,-38.8532,hunt,1,2,-69.218,False
3166,2,10,5,14,hunt,1,2,-84.577,wait,2,2,-85.1892,True
3167,2,10,5,15,wait,0,0,0.0,wait,0,0,0.0,False
3184,3,0,1,0,wait,2,0,-98.8916,wait,2,0,-98.8984,False
3185,3,0,1,1,wait,2,0,-98.8916,wait,2,0,-98.8984,False
3186,3,0,1,2,wait,2,0,-98.8916,wait,2,0,-98.8984,False
3187,3,0,1,3,wait,2,0,-98.8916,wait,2,0,-98.8984,False
3188,3,0,1,4,wait,2,0,-98.8916,wait,2,0,-98.8984,False
3189,3,0,1,5,wait,2,0,-98.8916,wait,2,0,-98.8984,False
3190,3,0,1,6,wait,2,0,-98.8916,wait,2,0,-98.8984,False
3191,3,0,1,7,wait,2,0,-98.8916,wait,2,0,-98.8984,False
3192,3,0,1,8,wait,2,0,-98.8915,wait,2,0,-98.8984,False
3193,3,0,1,9,wait,2,0,-98.8916,wait,2,0,-98.8984,False
3194,3,0,1,10,wait,2,0,-98.8916,wait,2,0,-98.8984,False
3195,3,0,1,11,wait,2,0,-98.8916,wait,2,0,-98.8984,False
3196,3,0,1,12,wait,2,0,-98.8916,wait,2,0,-98.8984,False
3197,3,0,1,13,wait,2,0,-98.8916,wait,2,0,-98.8984,False
3198,3,0,1,14,wait,2,0,-98.8916,wait,2,0,-98.8984,False
3199,3,0,1,15,wait,0,0,0.0,wait,0,0,0.0,False
3200,3,0,2,0,wait,1,0,-71.7243,wait,1,0,-87.4691,False
3201,3,0,2,1,wait,1,0,-71.592,wait,1,0,-86.6778,False
3202,3,0,2,2,wait,1,0,-72.011,wait,1,0,-88.1402,False
3203,3,0,2,3,wait,1,0,-71.8416,wait,1,0,-87.9632,False
3204,3,0,2,4,wait,1,0,-71.7958,wait,1,0,-87.4133,False
3205,3,0,2,5,wait,1,0,-71.5648,wait,1,0,-87.5745,False
3206,3,0,2,6,wait,1,0,-71.9487,wait,1,0,-88.1081,False
3207,3,0,2,7,wait,1,0,-71.4208,wait,1,0,-87.5694,False
3208,3,0,2,8,wait,1,0,-71.3022,wait,1,0,-87.1093,False
3209,3,0,2,9,wait,1,0,-71.561,wait,1,0,-87.3169,False
3210,3,0,2,10,wait,1,0,-71.3426,wait,1,0,-87.8552,False
3211,3,0,2,11,wait,1,0,-71.2188,wait,1,0,-86.7085,False
3212,3,0,2,12,wait,1,0,-71.5884,wait,1,0,-87.7338,False
3213,3,0,2,13,wait,1,0,-72.3748,wait,1,0,-88.8992,False
3214,3,0,2,14,wait,2,0,-93.5342,wait,2,0,-93.7463,False
3215,3,0,2,15,wait,0,0,0.0,wait,0,0,0.0,False
3216,3,0,3,0,wait,1,0,-53.3448,wait,1,0,-74.3953,False
3217,3,0,3,1,wait,1,0,-53.5328,wait,1,0,-75.0726,False
3218,3,0,3,2,wait,1,0,-53.6201,wait,1,0,-75.2396,False
3219,3,0,3,3,wait,1,0,-52.9862,wait,1,0,-74.989,False
3220,3,0,3,4,wait,1,0,-53.1361,wait,1,0,-74.6028,False
3221,3,0,3,5,wait,1,0,-53.9358,wait,1,0,-75.0127,False
3222,3,0,3,6,wait,1,0,-53.8082,wait,1,0,-74.6726,False
3223,3,0,3,7,wait,1,0,-53.3802,wait,1,0,-74.5262,False
3224,3,0,3,8,wait,1,0,-53.6459,wait,1,0,-74.8502,False
3225,3,0,3,9,wait,1,0,-53.715,wait,1,0,-75.3177,False
3226,3,0,3,10,wait,1,0,-53.6285,wait,1,0,-75.2729,False
3227,3,0,3,11,wait,1,0,-53.5661,wait,1,0,-74.667,False
3228,3,0,3,12,wait,1,0,-54.6931,wait,1,0,-77.2156,False
3229,3,0,3,13,wait,1,0,-57.4517,wait,1,0,-80.7781,False
3230,3,0,3,14,wait,2,0,-90.6094,wait,2,0,-90.6426,False
3231,3,0,3,15,wait,0,0,0.0,wait,0,0,0.0,False
3232,3,0,4,0,wait,1,0,-39.0609,wait,1,0,-61.4017,False
3233,3,0,4,1,wait,1,0,-39.1064,wait,1,0,-60.654,False
3234,3,0,4,2,wait,1,0,-39.0295,wait,1,0,-61.5664,False
3235,3,0,4,3,wait,1,0,-38.7733,wait,1,0,-60.9758,False
3236,3,0,4,4,wait,1,0,-39.1703,wait,1,0,-61.255,False
3237,3,0,4,5,wait,1,0,-39.2878,wait,1,0,-61.3474,False
3238,3,0,4,6,wait,1,0,-39.0524,wait,1,0,-61.383,False
3239,3,0,4,7,wait,1,0,-39.0242,wait,1,0,-61.5538,False
3240,3,0,4,8,wait,1,0,-39.2878,wait,1,0,-61.6838,False
3241,3,0,4,9,wait,1,0,-39.0925,wait,1,0,-61.3017,False
3242,3,0,4,10,wait,1,0,-39.4286,wait,1,0,-61.6079,False
3243,3,0,4,11,wait,1,0,-40.6793,wait,1,0,-63.9821,False
3244,3,0,4,12,wait,1,0,-43.1499,wait,1,0,-68.0429,False
3245,3,0,4,13,wait,2,0,-48.2721,wait,1,0,-77.1348,True
3246,3,0,4,14,wait,2,0,-89.136,wait,2,0,-88.6994,False
3247,3,0,4,15,wait,0,0,0.0,wait,0,0,0.0,False
3248,3,0,5,0,wait,1,0,-29.3664,wait,1,0,-48.5988,False
3249,3,0,5,1,wait,1,0,-29.5272,wait,1,0,-47.7793,False
3250,3,0,5,2,wait,1,0,-29.2096,wait,1,0,-48.289,False
3251,3,0,5,3,wait,1,0,-29.3208,wait,1,0,-48.5269,False
3252,3,0,5,4,wait,1,0,-29.6018,wait,1,0,-49.6399,False
3253,3,0,5,5,wait,1,0,-29.4807,wait,1,0,-48.8145,False
3254,3,0,5,6,wait,1,0,-29.6283,wait,1,0,-49.2455,False
3255,3,0,5,7,wait,1,0,-29.5469,wait,1,0,-48.9675,False
3256,3,0,5,8,wait,1,0,-29.7786,wait,1,0,-49.938,False
3257,3,0,5,9,wait,1,0,-30.4482,wait,1,0,-50.1244,False
3258,3,0,5,10,wait,1,0,-31.3821,wait,1,0,-52.0204,False
3259,3,0,5,11,wait,1,0,-33.1501,wait,1,0,-55.1439,False
3260,3,0,5,12,wait,1,0,-37.9494,wait,1,0,-62.9149,False
3261,3,0,5,13,wait,2,0,-44.608,wait,2,0,-74.1824,False
3262,3,0,5,14,wait,2,0,-88.3353,wait,2,0,-88.1378,False
3263,3,0,5,15,wait,0,0,0.0,wait,0,0,0.0,False
3280,3,1,1,0,wait,1,1,-71.043,wait,1,1,-86.7027,False
3281,3,1,1,1,wait,1,1,-70.9561,wait,1,1,-87.0948,False
3282,3,1,1,2,wait,1,1,-70.9484,wait,1,1,-86.4716,False
3283,3,1,1,3,wait,1,1,-70.7272,wait,1,1,-86.579,False
3284,3,1,1,4,wait,1,1,-70.7943,wait,1,1,-86.9069,False
3285,3,1,1,5,wait,1,1,-70.9672,wait,1,1,-86.7223,False
3286,3,1,1,6,wait,1,1,-71.0822,wait,1,1,-87.0216,False
3287,3,1,1,7,wait,1,1,-70.8255,wait,1,1,-86.4721,False
3288,3,1,1,8,wait,1,1,-70.7947,wait,1,1,-87.1394,False
3289,3,1,1,9,wait,1,1,-70.5025,wait,1,1,-86.088,False
3290,3,1,1,10,wait,1,1,-70.6501,wait,1,1,-86.372,False
3291,3,1,1,11,wait,1,1,-70.5206,wait,1,1,-86.7533,False
3292,3,1,1,12,wait,1,1,-70.963,wait,1,1,-87.1168,False
3293,3,1,1,13,wait,1,1,-71.6256,wait,1,1,-88.4146,False
3294,3,1,1,14,wait,2,1,-92.8322,wait,2,1,-92.9745,False
3295,3,1,1,15,wait,0,0,0.0,wait,0,0,0.0,False
3296,3,1,2,0,wait,1,1,-52.5132,wait,1,1,-73.411,False
3297,3,1,2,1,wait,1,1,-52.7757,wait,1,1,-74.3724,False
3298,3,1,2,2,wait,1,1,-53.1238,wait,1,1,-74.9853,False
3299,3,1,2,3,wait,1,1,-52.5885,wait,1,1,-74.0048,False
3300,3,1,2,4,wait,1,1,-52.7822,wait,1,1,-74.3556,False
3301,3,1,2,5,wait,1,1,-52.8581,wait,1,1,-74.7148,False
3302,3,1,2,6,wait,1,1,-52.5221,wait,1,1,-74.0666,False
3303,3,1,2,7,wait,1,1,-52.8314,wait,1,1,-74.0846,False
3304,3,1,2,8,wait,1,1,-52.5743,wait,1,1,-74.1843,False
3305,3,1,2,9,wait,1,1,-52.4433,wait,1,1,-73.5169,False
3306,3,1,2,10,wait,1,1,-52.537,wait,1,1,-73.9609,False
3307,3,1,2,11,wait,1,1,-52.8774,wait,1,1,-74.2707,False
3308,3,1,2,12,wait,1,1,-53.855,wait,1,1,-76.037,False
3309,3,1,2,13,wait,1,1,-56.6262,wait,1,1,-80.8596,False
3310,3,1,2,14,wait,2,1,-90.1803,wait,2,1,-90.3922,False
3311,3,1,2,15,wait,0,0,0.0,wait,0,0,0.0,False
3312,3,1,3,0,wait,1,1,-38.279,wait,1,1,-60.5121,False
3313,3,1,3,1,wait,1,1,-38.164,wait,1,1,-60.0343,False
3314,3,1,3,2,wait,1,1,-38.2532,wait,1,1,-60.1118,False
3315,3,1,3,3,wait,1,1,-38.3306,wait,1,1,-60.4479,False
3316,3,1,3,4,wait,1,1,-38.2075,wait,1,1,-60.3069,False
3317,3,1,3,5,wait,1,1,-38.1511,wait,1,1,-59.9246,False
3318,3,1,3,6,wait,1,1,-38.229,wait,1,1,-60.4373,False
3319,3,1,3,7,wait,1,1,-38.1945,wait,1,1,-59.9212,False
3320,3,1,3,8,wait,1,1,-38.4126,wait,1,1,-60.4329,False
3321,3,1,3,9,wait,1,1,-38.2929,wait,1,1,-60.3502,False
3322,3,1,3,10,wait,1,1,-38.678,wait,1,1,-60.6448,False
3323,3,1,3,11,wait,1,1,-39.5504,wait,1,1,-63.0608,False
3324,3,1,3,12,wait,1,1,-41.6427,wait,1,1,-66.7875,False
3325,3,1,3,13,wait,1,1,-47.3337,wait,1,1,-76.0226,False
3326,3,1,3,14,wait,2,1,-87.982,wait,2,1,-87.3802,False
3327,3,1,3,15,wait,0,0,0.0,wait,0,0,0.0,False
3328,3,1,4,0,wait,1,1,-28.1967,wait,1,1,-47.4473,False
3329,3,1,4,1,wait,1,1,-27.9763,wait,1,1,-47.0893,False
3330,3,1,4,2,wait,1,1,-28.1067,wait,1,1,-47.4095,False
3331,3,1,4,3,wait,1,1,-28.6166,wait,1,1,-48.2849,False
3332,3,1,4,4,wait,1,1,-28.1724,wait,1,1,-47.7345,False
3333,3,1,4,5,wait,1,1,-28.4829,wait,1,1,-48.0867,False
3334,3,1,4,6,wait,1,1,-28.4057,wait,1,1,-47.4837,False
3335,3,1,4,7,wait,1,1,-28.3334,wait,1,1,-47.9798,False
3336,3,1,4,8,wait,1,1,-28.6187,wait,1,1,-48.2776,False
3337,3,1,4,9,wait,1,1,-28.7737,wait,1,1,-48.439,False
3338,3,1,4,10,wait,1,1,-30.0108,wait,1,1,-50.7594,False
3339,3,1,4,11,wait,1,1,-32.4352,wait,1,1,-54.6337,False
3340,3,1,4,12,wait,1,1,-36.8957,wait,1,1,-62.0215,False
3341,3,1,4,13,wait,1,1,-43.5324,wait,1,1,-73.0594,False
3342,3,1,4,14,wait,2,1,-87.1511,wait,2,1,-87.3545,False
3343,3,1,4,15,wait,0,0,0.0,wait,0,0,0.0,False
3344,3,1,5,0,wait,1,1,-17.5918,wait,1,1,-32.8254,False
3345,3,1,5,1,wait,1,1,-17.4364,wait,1,1,-32.4816,False
3346,3,1,5,2,wait,1,1,-17.7109,wait,1,1,-33.1329,False
3347,3,1,5,3,wait,1,1,-17.7926,wait,1,1,-33.5564,False
3348,3,1,5,4,wait,1,1,-17.7523,wait,1,1,-33.3357,False
3349,3,1,5,5,wait,1,1,-18.0613,wait,1,1,-33.7268,False
3350,3,1,5,6,wait,1,1,-18.3645,wait,1,1,-34.259,False
3351,3,1,5,7,wait,1,1,-18.9223,wait,1,1,-35.1614,False
3352,3,1,5,8,wait,1,1,-19.1702,wait,1,1,-35.4666,False
3353,3,1,5,9,wait,1,1,-20.8401,wait,1,1,-38.2586,False
3354,3,1,5,10,wait,1,1,-22.9486,wait,1,1,-41.6341,False
3355,3,1,5,11,wait,1,1,-27.2555,wait,1,1,-49.0537,False
3356,3,1,5,12,wait,1,1,-32.7481,wait,1,1,-57.8043,False
3357,3,1,5,13,wait,1,1,-40.5156,wait,1,1,-71.309,False
3358,3,1,5,14,wait,2,1,-86.1826,wait,2,1,-86.551,False
3359,3,1,5,15,wait,0,0,0.0,wait,0,0,0.0,False
3376,3,2,1,0,wait,2,2,-54.606,wait,2,2,-77.4631,False
3377,3,2,1,1,wait,2,2,-53.9667,wait,2,2,-76.8012,False
3378,3,2,1,2,wait,2,2,-54.1363,wait,2,2,-77.0968,False
3379,3,2,1,3,wait,2,2,-54.056,wait,2,2,-77.1544,False
3380,3,2,1,4,wait,2,2,-54.1005,wait,2,2,-77.0422,False
3381,3,2,1,5,wait,2,2,-54.0416,wait,2,2,-76.8962,False
3382,3,2,1,6,wait,2,2,-54.1578,wait,2,2,-76.9296,False
3383,3,2,1,7,wait,2,2,-53.9103,wait,2,2,-76.9297,False
3384,3,2,1,8,wait,2,2,-53.9655,wait,2,2,-76.8497,False
3385,3,2,1,9,wait,2,2,-53.9356,wait,2,2,-76.8743,False
3386,3,2,1,10,wait,2,2,-53.9475,wait,2,2,-77.1309,False
3387,3,2,1,11,wait,2,2,-53.9783,wait,2,2,-76.3138,False
3388,3,2,1,12,wait,2,2,-54.4917,wait,2,2,-78.4356,False
3389,3,2,1,13,wait,2,2,-55.7513,wait,2,2,-80.1188,False
3390,3,2,1,14,wait,2,2,-89.8285,wait,2,2,-89.864,False
3391,3,2,1,15,wait,0,0,0.0,wait,0,0,0.0,False
3392,3,2,2,0,wait,2,2,-40.6876,wait,2,2,-64.8982,False
3393,3,2,2,1,wait,2,2,-40.327,wait,2,2,-64.8636,False
3394,3,2,2,2,wait,2,2,-40.9017,wait,2,2,-65.4326,False
3395,3,2,2,3,wait,2,2,-41.2912,wait,2,2,-65.9373,False
3396,3,2,2,4,wait,2,2,-40.9798,wait,2,2,-65.5315,False
3397,3,2,2,5,wait,2,2,-41.3793,wait,2,2,-66.4293,False
3398,3,2,2,6,wait,2,2,-40.9613,wait,2,2,-65.6062,False
3399,3,2,2,7,wait,2,2,-40.9883,wait,2,2,-66.1845,False
3400,3,2,2,8,wait,2,2,-40.8264,wait,2,2,-65.2248,False
3401,3,2,2,9,wait,2,2,-41.1178,wait,2,2,-65.3709,False
3402,3,2,2,10,wait,2,2,-40.7779,wait,2,2,-65.3295,False
3403,3,2,2,11,wait,2,2,-41.1831,wait,2,2,-66.6285,False
3404,3,2,2,12,wait,2,2,-42.4878,wait,2,2,-68.7347,False
3405,3,2,2,13,wait,2,2,-47.0767,wait,2,2,-75.828,False
3406,3,2,2,14,wait,2,2,-87.9056,wait,2,2,-87.9415,False
3407,3,2,2,15,wait,0,0,0.0,wait,0,0,0.0,False
3408,3,2,3,0,wait,2,2,-31.4737,wait,1,1,-53.7185,True
3409,3,2,3,1,wait,2,2,-31.4408,wait,2,2,-53.7429,False
3410,3,2,3,2,wait,2,2,-31.7034,wait,1,1,-53.4216,True
3411,3,2,3,3,wait,2,2,-31.9685,wait,1,1,-54.6795,True
3412,3,2,3,4,wait,2,2,-32.0287,wait,1,1,-53.8532,True
3413,3,2,3,5,wait,2,2,-31.8961,wait,2,2,-54.3486,False
3414,3,2,3,6,wait,2,2,-31.9197,wait,1,1,-54.4197,True
3415,3,2,3,7,wait,2,2,-31.7864,wait,2,2,-54.1419,False
3416,3,2,3,8,wait,2,2,-31.6761,wait,2,2,-54.2213,False
3417,3,2,3,9,wait,2,2,-31.6979,wait,1,1,-54.1353,True
3418,3,2,3,10,wait,2,2,-32.1737,wait,2,2,-54.8381,False
3419,3,2,3,11,wait,2,2,-33.4888,wait,2,2,-56.9744,False
3420,3,2,3,12,wait,2,2,-36.605,wait,2,2,-61.9469,False
3421,3,2,3,13,wait,2,2,-42.4324,wait,2,2,-71.3296,False
3422,3,2,3,14,wait,2,2,-86.3539,wait,2,2,-86.6553,False
3423,3,2,3,15,wait,0,0,0.0,wait,0,0,0.0,False
3424,3,2,4,0,wait,2,2,-22.2395,wait,1,1,-40.0981,True
3425,3,2,4,1,wait,2,2,-22.6861,wait,1,1,-40.5062,True
3426,3,2,4,2,wait,2,2,-22.41,wait,1,1,-39.9985,True
3427,3,2,4,3,wait,2,2,-22.4826,wait,1,1,-40.3646,True
3428,3,2,4,4,wait,2,2,-22.5008,wait,1,1,-41.2216,True
3429,3,2,4,5,wait,2,2,-22.6711,wait,1,1,-40.9009,True
3430,3,2,4,6,wait,2,2,-22.747,wait,1,1,-40.0139,True
3431,3,2,4,7,wait,2,2,-22.9646,wait,1,1,-41.4877,True
3432,3,2,4,8,wait,2,2,-23.1849,wait,1,1,-41.4744,True
3433,3,2,4,9,wait,2,2,-23.5078,wait,1,1,-43.5759,True
3434,3,2,4,10,wait,2,2,-24.8252,wait,2,2,-45.7571,False
3435,3,2,4,11,wait,2,2,-27.4917,wait,2,2,-50.7728,False
3436,3,2,4,12,wait,2,2,-31.7796,wait,2,2,-57.8921,False
3437,3,2,4,13,wait,2,2,-38.9493,wait,2,2,-69.7023,False
3438,3,2,4,14,wait,1,2,-85.357,wait,2,2,-85.9414,True
3439,3,2,4,15,wait,0,0,0.0,wait,0,0,0.0,False
3440,3,2,5,0,wait,1,1,-12.1836,wait,1,1,-23.9418,False
3441,3,2,5,1,wait,1,1,-12.5674,wait,1,1,-24.3861,False
3442,3,2,5,2,wait,1,1,-12.6791,wait,1,1,-24.7908,False
3443,3,2,5,3,wait,1,1,-12.542,wait,1,1,-24.813,False
3444,3,2,5,4,wait,1,1,-13.165,wait,1,1,-25.3974,False
3445,3,2,5,5,wait,1,1,-13.1986,wait,1,1,-26.0329,False
3446,3,2,5,6,wait,1,1,-13.8496,wait,1,1,-26.6361,False
3447,3,2,5,7,wait,1,1,-14.2679,wait,1,1,-27.6599,False
3448,3,2,5,8,wait,1,1,-15.7287,wait,1,1,-30.0035,False
3449,3,2,5,9,wait,1,1,-17.7237,wait,1,1,-33.0656,False
3450,3,2,5,10,wait,1,1,-20.7786,wait,1,1,-37.4144,False
3451,3,2,5,11,wait,1,2,-25.5181,wait,1,1,-46.5439,True
3452,3,2,5,12,hunt,2,1,-31.4414,wait,1,1,-56.8618,True
3453,3,2,5,13,wait,1,1,-38.9009,wait,1,1,-68.9091,False
3454,3,2,5,14,hunt,1,0,-84.6076,wait,2,1,-85.6062,True
3455,3,2,5,15,wait,0,0,0.0,wait,0,0,0.0,False
3472,3,3,1,0,wait,2,2,-52.4735,wait,2,2,-74.2411,False
3473,3,3,1,1,wait,2,2,-52.8516,wait,2,2,-74.9606,False
3474,3,3,1,2,wait,2,2,-52.432,wait,2,2,-74.2014,False
3475,3,3,1,3,wait,2,2,-52.4503,wait,2,2,-73.9284,False
3476,3,3,1,4,wait,2,2,-52.5867,wait,2,2,-74.531,False
3477,3,3,1,5,wait,2,2,-53.1132,wait,2,2,-74.6278,False
3478,3,3,1,6,wait,2,2,-52.7253,wait,2,2,-74.8345,False
3479,3,3,1,7,wait,2,2,-52.7867,wait,2,2,-75.1841,False
3480,3,3,1,8,wait,2,2,-52.8478,wait,2,2,-74.7478,False
3481,3,3,1,9,wait,2,2,-52.833,wait,2,2,-74.7385,False
3482,3,3,1,10,wait,2,2,-52.6356,wait,2,2,-74.4473,False
3483,3,3,1,11,wait,2,2,-52.6478,wait,2,2,-74.3213,False
3484,3,3,1,12,wait,2,2,-52.8875,wait,2,2,-74.6317,False
3485,3,3,1,13,wait,2,2,-55.8183,wait,2,2,-79.5942,False
3486,3,3,1,14,wait,2,2,-88.8441,wait,2,2,-88.9144,False
3487,3,3,1,15,wait,0,0,0.0,wait,0,0,0.0,False
3488,3,3,2,0,wait,2,2,-38.2278,wait,2,2,-60.7055,False
3489,3,3,2,1,wait,2,2,-38.2715,wait,2,2,-60.9078,False
3490,3,3,2,2,wait,2,2,-38.4767,wait,2,2,-61.4723,False
3491,3,3,2,3,wait,2,2,-38.0342,wait,2,2,-61.0035,False
3492,3,3,2,4,wait,2,2,-38.3031,wait,2,2,-60.6583,False
3493,3,3,2,5,wait,2,2,-38.2201,wait,2,2,-61.2791,False
3494,3,3,2,6,wait,2,2,-38.097,wait,2,2,-60.8422,False
3495,3,3,2,7,wait,2,2,-37.9256,wait,2,2,-60.1701,False
3496,3,3,2,8,wait,2,2,-38.1131,wait,2,2,-60.9865,False
3497,3,3,2,9,wait,2,2,-37.9323,wait,2,2,-60.7794,False
3498,3,3,2,10,wait,2,2,-37.5802,wait,2,2,-60.051,False
3499,3,3,2,11,wait,2,2,-38.5034,wait,2,2,-61.6377,False
3500,3,3,2,12,wait,2,2,-40.5419,wait,2,2,-65.0647,False
3501,3,3,2,13,wait,2,2,-45.9159,wait,2,2,-73.5752,False
3502,3,3,2,14,wait,2,2,-86.3243,wait,2,2,-87.6339,False
3503,3,3,2,15,wait,0,0,0.0,wait,0,0,0.0,False
3504,3,3,3,0,wait,2,2,-28.4342,wait,2,2,-48.944,False
3505,3,3,3,1,wait,2,2,-28.3821,wait,2,2,-48.6049,False
3506,3,3,3,2,wait,2,2,-28.6963,wait,2,2,-49.0842,False
3507,3,3,3,3,wait,2,2,-28.9246,wait,2,2,-49.1003,False
3508,3,3,3,4,wait,2,2,-28.5589,wait,2,2,-49.3768,False
3509,3,3,3,5,wait,2,2,-28.7731,wait,2,2,-49.3284,False
3510,3,3,3,6,wait,2,2,-29.0837,wait,2,2,-49.6316,False
3511,3,3,3,7,wait,2,2,-28.8573,wait,2,2,-49.4721,False
3512,3,3,3,8,wait,2,2,-28.6746,wait,2,2,-49.1238,False
3513,3,3,3,9,wait,2,2,-29.2336,wait,2,2,-49.8083,False
3514,3,3,3,10,wait,2,2,-29.5895,wait,2,2,-50.6233,False
3515,3,3,3,11,wait,2,2,-31.5353,wait,2,2,-53.7284,False
3516,3,3,3,12,wait,2,2,-35.4528,wait,2,2,-60.6894,False
3517,3,3,3,13,wait,2,2,-42.1892,wait,2,2,-71.9141,False
3518,3,3,3,14,hunt,2,1,-84.4245,hunt,2,2,-86.2253,True
3519,3,3,3,15,wait,0,0,0.0,wait,0,0,0.0,False
3520,3,3,4,0,wait,2,2,-17.771,hunt,1,1,-33.8448,True
3521,3,3,4,1,hunt,2,2,-18.0344,hunt,2,2,-34.3779,False
3522,3,3,4,2,hunt,2,2,-18.1883,hunt,1,1,-34.087,True
3523,3,3,4,3,wait,2,2,-18.1823,hunt,1,1,-33.9965,True
3524,3,3,4,4,wait,2,2,-17.9242,hunt,1,1,-34.2948,True
3525,3,3,4,5,wait,2,2,-18.2958,hunt,1,1,-34.8971,True
3526,3,3,4,6,wait,2,2,-18.4538,wait,2,2,-35.6924,False
3527,3,3,4,7,wait,2,2,-18.739,wait,2,2,-35.8752,False
3528,3,3,4,8,wait,2,2,-18.9002,wait,2,2,-36.247,False
3529,3,3,4,9,wait,2,2,-20.0622,wait,2,2,-37.9446,False
3530,3,3,4,10,hunt,2,2,-22.02,wait,2,2,-41.7138,True
3531,3,3,4,11,wait,2,2,-25.2758,wait,2,2,-46.7464,False
3532,3,3,4,12,wait,2,2,-30.9097,wait,2,2,-56.1795,False
3533,3,3,4,13,wait,1,1,-38.7452,wait,2,2,-69.6968,True
3534,3,3,4,14,hunt,1,1,-83.0063,wait,2,2,-84.5856,True
3535,3,3,4,15,wait,0,0,0.0,wait,0,0,0.0,False
3536,3,3,5,0,hunt,1,1,-8.17,hunt,1,1,-17.0922,False
3537,3,3,5,1,hunt,1,1,-7.9912,hunt,1,1,-17.0044,False
3538,3,3,5,2,hunt,1,1,-8.4167,hunt,1,1,-17.3812,False
3539,3,3,5,3,hunt,1,1,-8.594,hunt,1,1,-18.186,False
3540,3,3,5,4,hunt,1,1,-8.8156,hunt,1,1,-18.4409,False
3541,3,3,5,5,hunt,1,1,-9.3663,hunt,1,1,-19.1652,False
3542,3,3,5,6,hunt,1,1,-10.515,hunt,1,1,-21.1531,False
3543,3,3,5,7,wait,1,2,-11.6196,hunt,1,1,-23.2094,True
3544,3,3,5,8,hunt,1,1,-13.3127,hunt,1,1,-25.1676,False
3545,3,3,5,9,wait,1,1,-15.7373,wait,1,1,-30.0348,False
3546,3,3,5,10,wait,1,1,-18.8269,wait,1,1,-35.4015,False
3547,3,3,5,11,hunt,1,2,-23.2407,wait,1,1,-44.6353,True
3548,3,3,5,12,wait,2,1,-29.2014,wait,1,1,-55.5132,True
3549,3,3,5,13,wait,2,1,-37.2462,wait,2,2,-68.7098,True
3550,3,3,5,14,hunt,2,0,-82.3972,hunt,2,2,-85.0936,True
3551,3,3,5,15,wait,0,0,0.0,wait,0,0,0.0,False
3568,3,4,1,0,wait,2,2,-51.6876,wait,2,2,-73.0999,False
3569,3,4,1,1,wait,2,2,-51.6197,wait,2,2,-73.3126,False
3570,3,4,1,2,wait,2,2,-51.8659,wait,2,2,-73.348,False
3571,3,4,1,3,wait,2,2,-52.1039,wait,2,2,-73.5739,False
3572,3,4,1,4,wait,2,2,-51.9603,wait,2,2,-73.8383,False
3573,3,4,1,5,wait,2,2,-52.2627,wait,2,2,-73.3981,False
3574,3,4,1,6,wait,2,2,-51.9928,wait,2,2,-73.6934,False
3575,3,4,1,7,wait,2,2,-52.1226,wait,2,2,-73.531,False
3576,3,4,1,8,hunt,2,2,-52.2855,wait,2,2,-73.8284,True
3577,3,4,1,9,wait,2,2,-51.8535,wait,2,2,-72.8687,False
3578,3,4,1,10,wait,2,2,-51.8476,wait,2,2,-73.4175,False
3579,3,4,1,11,wait,2,2,-52.2558,wait,2,2,-73.4527,False
3580,3,4,1,12,wait,2,2,-52.4606,wait,2,2,-74.3021,False
3581,3,4,1,13,wait,2,2,-55.6177,wait,2,2,-80.2202,False
3582,3,4,1,14,hunt,2,2,-89.0054,hunt,2,2,-89.4536,False
3583,3,4,1,15,wait,0,0,0.0,wait,0,0,0.0,False
3584,3,4,2,0,hunt,2,2,-37.2457,hunt,2,2,-59.4332,False
3585,3,4,2,1,wait,2,2,-36.7923,wait,2,2,-58.8899,False
3586,3,4,2,2,hunt,2,2,-36.9508,hunt,2,2,-58.7605,False
3587,3,4,2,3,hunt,2,2,-37.0283,hunt,2,2,-59.1137,False
3588,3,4,2,4,hunt,2,2,-36.9332,hunt,2,2,-58.8217,False
3589,3,4,2,5,hunt,2,2,-36.6283,hunt,2,2,-58.7317,False
3590,3,4,2,6,hunt,2,2,-36.9036,hunt,2,2,-59.1132,False
3591,3,4,2,7,hunt,2,2,-37.1374,hunt,2,2,-59.0791,False
3592,3,4,2,8,wait,2,2,-37.5878,hunt,2,2,-59.716,True
3593,3,4,2,9,wait,2,2,-37.134,wait,2,2,-59.4811,False
3594,3,4,2,10,wait,2,2,-37.3334,wait,2,2,-60.0635,False
3595,3,4,2,11,wait,2,2,-38.0492,wait,2,2,-60.8639,False
3596,3,4,2,12,wait,2,2,-40.5283,wait,2,2,-65.1001,False
3597,3,4,2,13,wait,2,2,-45.9812,wait,2,2,-73.8076,False
3598,3,4,2,14,hunt,2,1,-86.2943,wait,2,2,-87.6536,True
3599,3,4,2,15,wait,0,0,0.0,wait,0,0,0.0,False
3600,3,4,3,0,hunt,2,2,-25.3875,hunt,2,2,-43.8047,False
3601,3,4,3,1,hunt,2,2,-25.5212,hunt,2,2,-43.7402,False
3602,3,4,3,2,hunt,2,2,-25.7025,hunt,2,2,-44.2386,False
3603,3,4,3,3,hunt,2,2,-25.5512,hunt,2,2,-44.1863,False
3604,3,4,3,4,hunt,2,2,-25.8249,hunt,2,2,-44.6944,False
3605,3,4,3,5,hunt,2,2,-25.8213,hunt,2,2,-44.5552,False
3606,3,4,3,6,hunt,2,2,-25.8767,hunt,2,2,-43.9955,False
3607,3,4,3,7,hunt,2,2,-26.1199,hunt,2,2,-44.6066,False
3608,3,4,3,8,hunt,2,2,-26.438,hunt,2,2,-45.0744,False
3609,3,4,3,9,hunt,2,2,-26.8371,hunt,2,2,-45.9763,False
3610,3,4,3,10,hunt,2,2,-28.6212,wait,2,2,-49.1438,True
3611,3,4,3,11,wait,2,2,-30.4822,wait,2,2,-52.3127,False
3612,3,4,3,12,hunt,2,2,-35.1268,hunt,2,2,-59.8436,False
3613,3,4,3,13,hunt,2,2,-42.103,hunt,2,2,-71.6309,False
3614,3,4,3,14,hunt,1,1,-84.2349,hunt,2,2,-86.4244,True
3615,3,4,3,15,wait,0,0,0.0,wait,0,0,0.0,False
3616,3,4,4,0,hunt,2,2,-13.5636,hunt,2,2,-27.1609,False
3617,3,4,4,1,hunt,2,2,-13.7043,hunt,2,2,-27.7444,False
3618,3,4,4,2,hunt,2,2,-13.5456,hunt,2,2,-26.9336,False
3619,3,4,4,3,hunt,2,2,-13.9838,hunt,2,2,-27.7096,False
3620,3,4,4,4,hunt,2,2,-14.0842,hunt,2,2,-27.9361,False
3621,3,4,4,5,hunt,2,2,-14.6008,hunt,2,2,-29.1112,False
3622,3,4,4,6,hunt,2,2,-14.7807,hunt,2,2,-29.5265,False
3623,3,4,4,7,hunt,2,2,-15.5872,hunt,2,2,-30.887,False
3624,3,4,4,8,hunt,2,2,-16.8025,hunt,2,2,-32.6023,False
3625,3,4,4,9,hunt,2,2,-18.6847,wait,2,2,-35.7038,True
3626,3,4,4,10,wait,2,2,-20.802,wait,2,2,-39.1116,False
3627,3,4,4,11,hunt,2,2,-24.9019,hunt,2,2,-46.2993,False
3628,3,4,4,12,wait,2,2,-30.9616,wait,2,2,-56.6717,False
3629,3,4,4,13,wait,2,2,-37.8478,wait,2,2,-67.012,False
3630,3,4,4,14,wait,1,0,-83.075,hunt,2,2,-85.1438,True
3631,3,4,4,15,wait,0,0,0.0,wait,0,0,0.0,False
3632,3,4,5,0,hunt,1,1,-4.4061,hunt,1,1,-10.8674,False
3633,3,4,5,1,hunt,1,1,-4.4876,hunt,1,1,-11.038,False
3634,3,4,5,2,hunt,1,1,-4.6502,hunt,1,1,-11.224,False
3635,3,4,5,3,hunt,1,1,-5.1137,hunt,1,1,-12.4294,False
3636,3,4,5,4,hunt,1,1,-5.7819,hunt,1,1,-12.9645,False
3637,3,4,5,5,hunt,1,1,-6.5766,hunt,1,1,-14.5165,False
3638,3,4,5,6,wait,1,2,-7.973,hunt,1,1,-16.924,True
3639,3,4,5,7,hunt,1,1,-9.576,hunt,1,1,-19.5891,False
3640,3,4,5,8,hunt,1,0,-11.2542,hunt,1,1,-22.7751,True
3641,3,4,5,9,hunt,2,1,-13.9368,hunt,1,1,-28.0467,True
3642,3,4,5,10,wait,2,1,-17.4435,hunt,1,1,-34.971,True
3643,3,4,5,11,hunt,1,0,-22.0877,hunt,1,2,-43.3386,True
3644,3,4,5,12,wait,1,1,-28.5704,wait,1,2,-54.7177,True
3645,3,4,5,13,wait,1,2,-36.8235,wait,1,2,-68.3385,False
3646,3,4,5,14,hunt,1,2,-82.2673,wait,2,2,-85.1268,True
3647,3,4,5,15,wait,0,0,0.0,wait,0,0,0.0,False
3664,3,5,1,0,hunt,2,2,-51.7746,hunt,2,2,-72.8232,False
3665,3,5,1,1,hunt,2,2,-51.8516,hunt,2,2,-73.5531,False
3666,3,5,1,2,hunt,2,2,-51.675,hunt,2,2,-72.5099,False
3667,3,5,1,3,hunt,2,2,-51.4457,hunt,2,2,-72.9497,False
3668,3,5,1,4,hunt,2,2,-51.8475,hunt,2,2,-72.7156,False
3669,3,5,1,5,hunt,2,2,-51.7158,hunt,2,2,-73.0795,False
3670,3,5,1,6,wait,2,2,-51.8885,wait,2,2,-73.306,False
3671,3,5,1,7,hunt,2,2,-51.7177,hunt,2,2,-72.2325,False
3672,3,5,1,8,hunt,2,2,-51.6215,hunt,2,2,-73.2327,False
3673,3,5,1,9,hunt,2,2,-51.5473,hunt,2,2,-72.9747,False
3674,3,5,1,10,wait,2,2,-51.646,wait,2,2,-72.9411,False
3675,3,5,1,11,wait,2,2,-52.0957,wait,2,2,-73.9553,False
3676,3,5,1,12,wait,2,2,-52.3198,wait,2,2,-74.395,False
3677,3,5,1,13,wait,2,2,-55.5862,wait,2,2,-79.6739,False
3678,3,5,1,14,wait,0,1,-89.011,hunt,2,2,-89.4885,True
3679,3,5,1,15,wait,0,0,0.0,wait,0,0,0.0,False
3680,3,5,2,0,hunt,2,2,-35.2833,hunt,2,2,-56.0575,False
3681,3,5,2,1,hunt,2,2,-35.6193,hunt,2,2,-56.6057,False
3682,3,5,2,2,hunt,2,2,-35.5558,hunt,2,2,-56.3712,False
3683,3,5,2,3,hunt,2,2,-35.3792,hunt,2,2,-56.2403,False
3684,3,5,2,4,hunt,2,2,-35.4201,hunt,2,2,-55.7746,False
3685,3,5,2,5,hunt,2,2,-35.5392,hunt,2,2,-56.8739,False
3686,3,5,2,6,hunt,2,2,-35.8333,hunt,2,2,-56.4402,False
3687,3,5,2,7,hunt,2,2,-35.9548,hunt,2,2,-57.6304,False
3688,3,5,2,8,hunt,2,2,-35.5922,hunt,2,2,-56.6463,False
3689,3,5,2,9,hunt,2,2,-36.1709,hunt,2,2,-57.7964,False
3690,3,5,2,10,wait,2,2,-37.1173,wait,2,2,-58.9936,False
3691,3,5,2,11,wait,2,2,-37.8578,wait,2,2,-60.1893,False
3692,3,5,2,12,wait,2,2,-40.3798,wait,2,2,-65.0013,False
3693,3,5,2,13,wait,2,2,-46.067,wait,2,2,-73.8086,False
3694,3,5,2,14,wait,2,2,-86.4506,wait,2,2,-87.4109,False
3695,3,5,2,15,wait,0,0,0.0,wait,0,0,0.0,False
3696,3,5,3,0,hunt,2,2,-23.6235,hunt,2,2,-40.5411,False
3697,3,5,3,1,hunt,2,2,-23.3036,hunt,2,2,-39.8069,False
3698,3,5,3,2,hunt,2,2,-23.3141,hunt,2,2,-39.7584,False
3699,3,5,3,3,hunt,2,2,-23.8878,hunt,2,2,-41.1977,False
3700,3,5,3,4,hunt,2,2,-23.8423,hunt,2,2,-40.7942,False
3701,3,5,3,5,hunt,2,2,-23.7014,hunt,2,2,-40.7165,False
3702,3,5,3,6,hunt,2,2,-24.0883,hunt,2,2,-41.3209,False
3703,3,5,3,7,hunt,2,2,-24.1623,hunt,2,2,-41.8547,False
3704,3,5,3,8,hunt,2,2,-25.1675,hunt,2,2,-43.2114,False
3705,3,5,3,9,hunt,2,2,-26.0904,hunt,2,2,-44.9696,False
3706,3,5,3,10,hunt,2,2,-27.494,hunt,2,2,-47.3952,False
3707,3,5,3,11,hunt,2,2,-30.2507,hunt,2,2,-51.8571,False
3708,3,5,3,12,hunt,2,2,-34.8135,hunt,2,2,-59.3004,False
3709,3,5,3,13,hunt,2,2,-41.6948,hunt,2,2,-70.5798,False
3710,3,5,3,14,wait,2,2,-84.4384,wait,2,2,-85.951,False
3711,3,5,3,15,wait,0,0,0.0,wait,0,0,0.0,False
3712,3,5,4,0,hunt,2,2,-10.412,hunt,2,2,-21.7755,False
3713,3,5,4,1,hunt,2,2,-10.6498,hunt,2,2,-22.4109,False
3714,3,5,4,2,hunt,2,2,-10.8078,hunt,2,2,-22.2545,False
3715,3,5,4,3,hunt,2,2,-11.3636,hunt,2,2,-23.535,False
3716,3,5,4,4,hunt,2,2,-11.5624,hunt,2,2,-23.3523,False
3717,3,5,4,5,hunt,2,2,-11.693,hunt,2,2,-23.8116,False
3718,3,5,4,6,hunt,2,2,-12.3571,hunt,2,2,-25.5047,False
3719,3,5,4,7,hunt,2,2,-13.6239,hunt,2,2,-27.4371,False
3720,3,5,4,8,hunt,2,2,-14.9594,hunt,2,2,-29.288,False
3721,3,5,4,9,hunt,2,2,-17.0472,hunt,2,2,-32.9376,False
3722,3,5,4,10,hunt,2,2,-19.9263,hunt,2,2,-37.7386,False
3723,3,5,4,11,hunt,2,2,-24.4199,hunt,2,2,-45.4849,False
3724,3,5,4,12,wait,2,2,-30.2521,wait,2,2,-54.6021,False
3725,3,5,4,13,wait,2,2,-38.1294,wait,2,2,-67.7682,False
3726,3,5,4,14,wait,1,2,-82.9025,hunt,2,2,-84.8827,True
3727,3,5,4,15,wait,0,0,0.0,wait,0,0,0.0,False
3728,3,5,5,0,hunt,1,1,-2.0385,hunt,1,1,-7.3017,False
3729,3,5,5,1,hunt,1,1,-2.0238,hunt,1,1,-7.0396,False
3730,3,5,5,2,hunt,1,1,-2.5285,hunt,1,1,-7.5772,False
3731,3,5,5,3,hunt,1,1,-2.5475,hunt,1,1,-7.7094,False
3732,3,5,5,4,hunt,1,1,-3.2289,hunt,1,1,-8.8638,False
3733,3,5,5,5,hunt,1,1,-4.2737,hunt,1,1,-10.9606,False
3734,3,5,5,6,hunt,1,1,-5.8406,hunt,1,1,-13.4037,False
3735,3,5,5,7,hunt,2,1,-7.7496,hunt,1,1,-16.7353,True
3736,3,5,5,8,hunt,2,1,-9.9235,hunt,1,1,-20.9233,True
3737,3,5,5,9,wait,1,1,-12.5781,hunt,1,1,-26.2914,True
3738,3,5,5,10,hunt,0,2,-16.3931,hunt,1,1,-33.6055,True
3739,3,5,5,11,hunt,0,1,-21.508,hunt,1,1,-42.3993,True
3740,3,5,5,12,hunt,1,1,-28.1581,hunt,1,2,-54.4188,True
3741,3,5,5,13,wait,1,0,-36.6906,wait,2,2,-68.1585,True
3742,3,5,5,14,hunt,2,0,-82.2632,hunt,2,2,-84.6135,True
3743,3,5,5,15,wait,0,0,0.0,wait,0,0,0.0,False
3760,3,6,1,0,hunt,2,2,-51.2005,hunt,2,2,-72.0314,False
3761,3,6,1,1,hunt,2,2,-50.9022,hunt,2,2,-71.6827,False
3762,3,6,1,2,hunt,2,2,-51.2728,hunt,2,2,-72.3079,False
3763,3,6,1,3,hunt,2,2,-51.3059,hunt,2,2,-72.6401,False
3764,3,6,1,4,hunt,2,2,-50.6726,hunt,2,2,-70.8999,False
3765,3,6,1,5,hunt,2,2,-51.1607,hunt,2,2,-72.2234,False
3766,3,6,1,6,hunt,2,2,-51.2535,hunt,2,2,-72.0654,False
3767,3,6,1,7,hunt,2,2,-51.1001,hunt,2,2,-72.3756,False
3768,3,6,1,8,hunt,2,2,-51.2128,hunt,2,2,-71.8008,False
3769,3,6,1,9,hunt,2,2,-51.3836,hunt,2,2,-72.3671,False
3770,3,6,1,10,hunt,2,2,-51.6077,hunt,2,2,-72.2415,False
3771,3,6,1,11,wait,2,2,-51.8766,wait,2,2,-73.072,False
3772,3,6,1,12,wait,2,2,-52.2668,wait,2,2,-74.1125,False
3773,3,6,1,13,wait,2,2,-55.5949,wait,2,2,-79.361,False
3774,3,6,1,14,wait,2,1,-89.0085,wait,2,2,-89.7444,True
3775,3,6,1,15,wait,0,0,0.0,wait,0,0,0.0,False
3776,3,6,2,0,hunt,2,2,-34.4422,hunt,2,2,-55.23,False
3777,3,6,2,1,hunt,2,2,-34.3674,hunt,2,2,-55.1834,False
3778,3,6,2,2,hunt,2,2,-34.6328,hunt,2,2,-54.9303,False
3779,3,6,2,3,hunt,2,2,-34.5107,hunt,2,2,-54.9897,False
3780,3,6,2,4,hunt,2,2,-34.8432,hunt,2,2,-55.4537,False
3781,3,6,2,5,hunt,2,2,-34.8291,hunt,2,2,-55.5858,False
3782,3,6,2,6,hunt,2,2,-34.3405,hunt,2,2,-54.6912,False
3783,3,6,2,7,hunt,2,2,-35.1908,hunt,2,2,-56.2774,False
3784,3,6,2,8,hunt,2,2,-35.0683,hunt,2,2,-55.807,False
3785,3,6,2,9,hunt,2,2,-35.3353,hunt,2,2,-56.7641,False
3786,3,6,2,10,hunt,2,2,-36.3433,hunt,2,2,-57.924,False
3787,3,6,2,11,hunt,2,2,-37.8104,hunt,2,2,-60.0319,False
3788,3,6,2,12,wait,2,2,-40.253,wait,2,2,-64.5354,False
3789,3,6,2,13,wait,2,2,-45.7997,wait,2,2,-73.8106,False
3790,3,6,2,14,wait,1,2,-86.3454,hunt,2,2,-87.9247,True
3791,3,6,2,15,wait,0,0,0.0,wait,0,0,0.0,False
3792,3,6,3,0,hunt,2,2,-21.675,hunt,2,2,-37.8425,False
3793,3,6,3,1,hunt,2,2,-21.9668,hunt,2,2,-38.2078,False
3794,3,6,3,2,hunt,2,2,-22.3474,hunt,2,2,-38.3486,False
3795,3,6,3,3,hunt,2,2,-22.1106,hunt,2,2,-37.8099,False
3796,3,6,3,4,hunt,2,2,-22.1946,hunt,2,2,-38.4269,False
3797,3,6,3,5,hunt,2,2,-22.1671,hunt,2,2,-38.0817,False
3798,3,6,3,6,hunt,2,2,-22.7299,hunt,2,2,-38.985,False
3799,3,6,3,7,hunt,2,2,-23.0917,hunt,2,2,-39.5254,False
3800,3,6,3,8,hunt,2,2,-23.8946,hunt,2,2,-41.2266,False
3801,3,6,3,9,hunt,2,2,-25.2591,hunt,2,2,-43.1457,False
3802,3,6,3,10,hunt,2,2,-26.9577,hunt,2,2,-46.2525,False
3803,3,6,3,11,hunt,2,2,-29.9279,hunt,2,2,-51.1976,False
3804,3,6,3,12,hunt,2,2,-34.6105,hunt,2,2,-58.4319,False
3805,3,6,3,13,hunt,2,2,-41.6517,hunt,2,2,-70.4953,False
3806,3,6,3,14,wait,1,1,-84.4749,hunt,2,2,-86.6711,True
3807,3,6,3,15,wait,0,0,0.0,wait,0,0,0.0,False
3808,3,6,4,0,hunt,2,2,-8.6423,hunt,2,2,-19.3726,False
3809,3,6,4,1,hunt,2,2,-8.8169,hunt,2,2,-19.5915,False
3810,3,6,4,2,hunt,2,2,-8.7864,hunt,2,2,-18.9201,False
3811,3,6,4,3,hunt,2,2,-9.1412,hunt,2,2,-19.8217,False
3812,3,6,4,4,hunt,2,2,-9.7572,hunt,2,2,-20.4571,False
3813,3,6,4,5,hunt,2,2,-10.2157,hunt,2,2,-21.9217,False
3814,3,6,4,6,hunt,2,2,-10.8861,hunt,2,2,-23.1216,False
3815,3,6,4,7,hunt,2,2,-12.5521,hunt,2,2,-25.7305,False
3816,3,6,4,8,hunt,2,2,-13.9634,hunt,2,2,-27.7457,False
3817,3,6,4,9,hunt,2,2,-16.4069,hunt,2,2,-31.9321,False
3818,3,6,4,10,hunt,2,2,-19.2861,hunt,2,2,-36.2722,False
3819,3,6,4,11,hunt,2,2,-24.2034,hunt,2,2,-44.7238,False
3820,3,6,4,12,wait,2,2,-30.4614,hunt,2,2,-55.6808,True
3821,3,6,4,13,wait,2,2,-38.27,wait,2,2,-68.6056,False
3822,3,6,4,14,hunt,0,2,-83.1687,hunt,2,2,-85.3334,True
3823,3,6,4,15,wait,0,0,0.0,wait,0,0,0.0,False
3824,3,6,5,0,hunt,1,1,-0.0356,hunt,1,1,-3.4668,False
3825,3,6,5,1,hunt,1,1,-0.3254,hunt,1,1,-3.8385,False
3826,3,6,5,2,hunt,1,1,-0.3282,hunt,1,1,-4.6334,False
3827,3,6,5,3,hunt,1,1,-0.8295,hunt,1,1,-5.2396,False
3828,3,6,5,4,hunt,1,1,-1.4711,hunt,1,1,-6.1086,False
3829,3,6,5,5,hunt,1,1,-2.2971,hunt,1,1,-7.9693,False
3830,3,6,5,6,hunt,2,1,-4.2587,hunt,1,1,-11.0554,True
3831,3,6,5,7,wait,2,1,-6.2976,hunt,1,1,-14.462,True
3832,3,6,5,8,hunt,1,1,-8.5183,hunt,1,1,-18.7422,False
3833,3,6,5,9,hunt,1,2,-11.6746,hunt,1,1,-24.9436,True
3834,3,6,5,10,wait,0,2,-15.6512,hunt,1,1,-31.8623,True
3835,3,6,5,11,hunt,0,2,-21.0037,hunt,1,2,-41.5215,True
3836,3,6,5,12,wait,1,2,-28.0088,hunt,1,2,-54.0163,True
3837,3,6,5,13,wait,1,1,-36.6274,hunt,2,2,-68.1319,True
3838,3,6,5,14,wait,2,1,-82.2969,wait,2,2,-84.6948,True
3839,3,6,5,15,wait,0,0,0.0,wait,0,0,0.0,False
3856,3,7,1,0,hunt,2,2,-51.231,hunt,2,2,-71.6464,False
3857,3,7,1,1,hunt,2,2,-50.7653,hunt,2,2,-71.5104,False
3858,3,7,1,2,hunt,2,2,-50.8705,hunt,2,2,-71.3422,False
3859,3,7,1,3,hunt,2,2,-50.7634,hunt,2,2,-71.2867,False
3860,3,7,1,4,wait,2,2,-51.1708,hunt,2,2,-72.4845,True
3861,3,7,1,5,hunt,2,2,-51.0211,hunt,2,2,-71.8433,False
3862,3,7,1,6,hunt,2,2,-51.304,hunt,2,2,-72.1585,False
3863,3,7,1,7,hunt,2,2,-50.8209,hunt,2,2,-71.1358,False
3864,3,7,1,8,hunt,2,2,-51.0842,hunt,2,2,-71.1528,False
3865,3,7,1,9,hunt,2,2,-51.2516,hunt,2,2,-72.287,False
3866,3,7,1,10,hunt,2,2,-51.2244,hunt,2,2,-72.6049,False
3867,3,7,1,11,wait,2,2,-51.9305,wait,2,2,-72.9366,False
3868,3,7,1,12,wait,2,2,-52.3474,wait,2,2,-74.3229,False
3869,3,7,1,13,wait,2,2,-55.7047,wait,2,2,-80.0295,False
3870,3,7,1,14,wait,2,2,-88.8906,wait,2,2,-89.0665,False
3871,3,7,1,15,wait,0,0,0.0,wait,0,0,0.0,False
3872,3,7,2,0,hunt,2,2,-33.9907,hunt,2,2,-54.6213,False
3873,3,7,2,1,hunt,2,2,-34.1514,hunt,2,2,-55.096,False
3874,3,7,2,2,hunt,2,2,-33.5434,hunt,2,2,-53.2039,False
3875,3,7,2,3,hunt,2,2,-33.3654,hunt,2,2,-53.5822,False
3876,3,7,2,4,hunt,2,2,-34.0439,hunt,2,2,-54.175,False
3877,3,7,2,5,hunt,2,2,-33.5111,hunt,2,2,-53.8702,False
3878,3,7,2,6,hunt,2,2,-34.026,hunt,2,2,-54.2936,False
3879,3,7,2,7,hunt,2,2,-34.2741,hunt,2,2,-54.5308,False
3880,3,7,2,8,hunt,2,2,-34.6246,hunt,2,2,-54.9766,False
3881,3,7,2,9,hunt,2,2,-35.284,hunt,2,2,-56.7998,False
3882,3,7,2,10,hunt,2,2,-36.2811,hunt,2,2,-57.7709,False
3883,3,7,2,11,wait,2,2,-37.2531,wait,2,2,-59.9705,False
3884,3,7,2,12,wait,2,2,-40.3081,wait,2,2,-64.9589,False
3885,3,7,2,13,wait,2,2,-45.8495,wait,2,2,-73.8285,False
3886,3,7,2,14,hunt,2,2,-86.214,wait,2,2,-87.4002,True
3887,3,7,2,15,wait,0,0,0.0,wait,0,0,0.0,False
3888,3,7,3,0,hunt,2,2,-20.6479,hunt,2,2,-35.7789,False
3889,3,7,3,1,hunt,2,2,-20.1669,hunt,2,2,-35.2208,False
3890,3,7,3,2,hunt,2,2,-21.0631,hunt,2,2,-36.0767,False
3891,3,7,3,3,hunt,2,2,-20.547,hunt,2,2,-36.1316,False
3892,3,7,3,4,hunt,2,2,-21.0984,hunt,2,2,-36.4927,False
3893,3,7,3,5,hunt,2,2,-21.1805,hunt,2,2,-36.5276,False
3894,3,7,3,6,hunt,2,2,-21.7095,hunt,2,2,-37.5673,False
3895,3,7,3,7,hunt,2,2,-22.4364,hunt,2,2,-38.8897,False
3896,3,7,3,8,hunt,2,2,-23.4066,hunt,2,2,-40.1501,False
3897,3,7,3,9,hunt,2,2,-24.5379,hunt,2,2,-42.3199,False
3898,3,7,3,10,hunt,2,2,-26.741,hunt,2,2,-45.9891,False
3899,3,7,3,11,hunt,2,2,-29.5159,hunt,2,2,-50.3861,False
3900,3,7,3,12,hunt,2,2,-34.4948,hunt,2,2,-58.4269,False
3901,3,7,3,13,wait,2,2,-42.0564,hunt,2,2,-71.4241,True
3902,3,7,3,14,wait,2,2,-84.2964,wait,2,2,-85.7634,False
3903,3,7,3,15,wait,0,0,0.0,wait,0,0,0.0,False
3904,3,7,4,0,hunt,2,2,-6.9737,hunt,2,2,-16.6613,False
3905,3,7,4,1,hunt,2,2,-7.4196,hunt,2,2,-16.8921,False
3906,3,7,4,2,hunt,2,2,-7.4943,hunt,2,2,-17.6813,False
3907,3,7,4,3,hunt,2,2,-7.8223,hunt,2,2,-17.5875,False
3908,3,7,4,4,hunt,2,2,-8.3428,hunt,2,2,-18.7583,False
3909,3,7,4,5,hunt,2,2,-9.1088,hunt,2,2,-19.2011,False
3910,3,7,4,6,hunt,2,2,-10.3282,hunt,2,2,-21.872,False
3911,3,7,4,7,hunt,2,2,-11.6579,hunt,2,2,-24.0338,False
3912,3,7,4,8,hunt,2,2,-13.4188,hunt,2,2,-27.3202,False
3913,3,7,4,9,hunt,2,2,-15.7762,hunt,2,2,-30.8285,False
3914,3,7,4,10,hunt,2,2,-18.7592,hunt,2,2,-36.0081,False
3915,3,7,4,11,hunt,2,2,-23.8996,hunt,2,2,-44.3633,False
3916,3,7,4,12,wait,2,1,-30.1598,hunt,2,2,-55.3338,True
3917,3,7,4,13,wait,2,2,-38.3414,wait,2,2,-68.6581,False
3918,3,7,4,14,hunt,0,2,-83.0801,hunt,2,2,-85.0782,True
3919,3,7,4,15,wait,0,0,0.0,wait,0,0,0.0,False
3920,3,7,5,0,hunt,1,1,1.5338,hunt,1,1,-0.4946,False
3921,3,7,5,1,hunt,1,1,1.3309,hunt,1,1,-1.4377,False
3922,3,7,5,2,hunt,1,1,1.2496,hunt,1,1,-1.9523,False
3923,3,7,5,3,hunt,1,1,0.489,hunt,1,1,-2.6792,False
3924,3,7,5,4,hunt,1,1,-0.0373,hunt,0,1,-3.0204,True
3925,3,7,5,5,hunt,1,1,-0.9178,hunt,1,1,-4.5725,False
3926,3,7,5,6,hunt,1,1,-2.7973,hunt,1,1,-8.7745,False
3927,3,7,5,7,hunt,1,2,-5.0464,hunt,1,1,-13.0364,True
3928,3,7,5,8,hunt,1,2,-7.5788,hunt,1,1,-16.9566,True
3929,3,7,5,9,hunt,1,2,-10.9243,hunt,1,1,-23.0587,True
3930,3,7,5,10,wait,2,1,-15.0787,hunt,1,1,-30.719,True
3931,3,7,5,11,wait,1,1,-20.6324,hunt,1,1,-40.2656,True
3932,3,7,5,12,wait,0,1,-27.8953,hunt,1,2,-53.5857,True
3933,3,7,5,13,wait,1,1,-36.6146,wait,1,2,-68.3379,True
3934,3,7,5,14,hunt,2,1,-82.2926,wait,2,2,-84.8299,True
3935,3,7,5,15,wait,0,0,0.0,wait,0,0,0.0,False
3952,3,8,1,0,hunt,2,2,-50.687,hunt,2,2,-71.0243,False
3953,3,8,1,1,hunt,2,2,-50.6358,hunt,2,2,-70.946,False
3954,3,8,1,2,hunt,2,2,-50.857,hunt,2,2,-71.3804,False
3955,3,8,1,3,hunt,2,2,-50.8381,hunt,2,2,-71.0087,False
3956,3,8,1,4,hunt,2,2,-50.8961,hunt,2,2,-70.9563,False
3957,3,8,1,5,hunt,2,2,-50.2358,hunt,2,2,-70.7453,False
3958,3,8,1,6,hunt,2,2,-50.3933,hunt,2,2,-70.8662,False
3959,3,8,1,7,hunt,2,2,-50.5962,hunt,2,2,-71.432,False
3960,3,8,1,8,hunt,2,2,-50.9427,hunt,2,2,-71.0447,False
3961,3,8,1,9,hunt,2,2,-50.8302,hunt,2,2,-71.5953,False
3962,3,8,1,10,hunt,2,2,-51.3855,hunt,2,2,-72.4444,False
3963,3,8,1,11,hunt,2,2,-51.7439,hunt,2,2,-73.3302,False
3964,3,8,1,12,wait,2,2,-52.7411,wait,2,2,-74.5585,False
3965,3,8,1,13,wait,2,2,-55.5192,wait,2,2,-79.8187,False
3966,3,8,1,14,hunt,1,2,-89.0761,wait,2,2,-89.9809,True
3967,3,8,1,15,wait,0,0,0.0,wait,0,0,0.0,False
3968,3,8,2,0,hunt,2,2,-33.2744,hunt,2,2,-52.7971,False
3969,3,8,2,1,hunt,2,2,-33.1959,hunt,2,2,-52.8817,False
3970,3,8,2,2,hunt,2,2,-32.7913,hunt,2,2,-52.1958,False
3971,3,8,2,3,hunt,2,2,-33.2314,hunt,2,2,-53.1135,False
3972,3,8,2,4,hunt,2,2,-33.1613,hunt,2,2,-52.5584,False
3973,3,8,2,5,hunt,2,2,-33.0661,hunt,2,2,-52.5528,False
3974,3,8,2,6,hunt,2,2,-33.6066,hunt,2,2,-53.5875,False
3975,3,8,2,7,hunt,2,2,-33.9945,hunt,2,2,-54.4473,False
3976,3,8,2,8,hunt,2,2,-34.4427,hunt,2,2,-55.1784,False
3977,3,8,2,9,hunt,2,2,-35.2476,hunt,2,2,-56.287,False
3978,3,8,2,10,hunt,2,2,-35.9239,hunt,2,2,-57.0694,False
3979,3,8,2,11,wait,2,2,-37.2548,wait,2,2,-59.7204,False
3980,3,8,2,12,hunt,2,2,-40.9116,wait,2,2,-65.7648,True
3981,3,8,2,13,hunt,2,2,-46.0294,hunt,2,2,-74.3964,False
3982,3,8,2,14,hunt,2,2,-86.2846,wait,2,2,-87.9947,True
3983,3,8,2,15,wait,0,0,0.0,wait,0,0,0.0,False
3984,3,8,3,0,hunt,2,2,-19.8544,hunt,2,2,-33.8648,False
3985,3,8,3,1,hunt,2,2,-19.6469,hunt,2,2,-34.4657,False
3986,3,8,3,2,hunt,2,2,-20.0141,hunt,2,2,-34.3731,False
3987,3,8,3,3,hunt,2,2,-20.29,hunt,2,2,-34.8541,False
3988,3,8,3,4,hunt,2,2,-20.2302,hunt,2,2,-35.1882,False
3989,3,8,3,5,hunt,2,2,-20.701,hunt,2,2,-36.3911,False
3990,3,8,3,6,hunt,2,2,-21.2234,hunt,2,2,-35.8734,False
3991,3,8,3,7,hunt,2,2,-22.2052,hunt,2,2,-38.4372,False
3992,3,8,3,8,hunt,2,2,-22.9398,hunt,2,2,-39.4588,False
3993,3,8,3,9,hunt,2,2,-24.2308,hunt,2,2,-41.2764,False
3994,3,8,3,10,hunt,2,2,-26.4721,hunt,2,2,-45.3759,False
3995,3,8,3,11,hunt,2,2,-29.7974,hunt,2,2,-50.7531,False
3996,3,8,3,12,hunt,2,2,-34.7565,hunt,2,2,-59.0825,False
3997,3,8,3,13,wait,2,2,-41.8106,wait,2,2,-70.6307,False
3998,3,8,3,14,wait,2,2,-84.4389,hunt,2,2,-86.6386,True
3999,3,8,3,15,wait,0,0,0.0,wait,0,0,0.0,False
4000,3,8,4,0,hunt,2,2,-6.1782,hunt,2,2,-14.8136,False
4001,3,8,4,1,hunt,2,2,-6.4785,hunt,2,2,-14.6749,False
4002,3,8,4,2,hunt,2,2,-6.1807,hunt,2,2,-15.4238,False
4003,3,8,4,3,hunt,2,2,-6.7528,hunt,2,2,-16.5354,False
4004,3,8,4,4,hunt,2,2,-7.516,hunt,2,2,-17.0072,False
4005,3,8,4,5,hunt,2,2,-8.4845,hunt,2,2,-18.4405,False
4006,3,8,4,6,hunt,2,2,-9.2817,hunt,2,2,-20.2211,False
4007,3,8,4,7,hunt,2,2,-11.0566,hunt,2,2,-23.0533,False
4008,3,8,4,8,hunt,2,2,-12.782,hunt,2,2,-26.5863,False
4009,3,8,4,9,hunt,2,2,-15.211,hunt,2,2,-29.8678,False
4010,3,8,4,10,hunt,2,2,-18.3824,hunt,2,2,-35.3097,False
4011,3,8,4,11,hunt,2,2,-23.8443,hunt,2,2,-44.727,False
4012,3,8,4,12,hunt,2,2,-30.2773,hunt,2,2,-55.0331,False
4013,3,8,4,13,wait,2,2,-38.1151,hunt,2,2,-68.7052,True
4014,3,8,4,14,wait,1,0,-82.9563,hunt,2,2,-85.441,True
4015,3,8,4,15,wait,0,0,0.0,wait,0,0,0.0,False
4016,3,8,5,0,hunt,1,2,2.0538,hunt,1,1,1.3931,True
4017,3,8,5,1,hunt,1,2,1.908,hunt,1,1,0.2419,True
4018,3,8,5,2,hunt,1,1,1.833,hunt,1,2,1.1725,True
4019,3,8,5,3,hunt,1,2,1.2027,hunt,1,1,0.6773,True
4020,3,8,5,4,hunt,1,1,1.0019,hunt,1,2,0.102,True
4021,3,8,5,5,hunt,1,2,0.0527,hunt,0,1,-2.3713,True
4022,3,8,5,6,hunt,1,2,-1.949,hunt,1,1,-7.2519,True
4023,3,8,5,7,hunt,1,1,-4.2876,hunt,1,1,-11.59,False
4024,3,8,5,8,hunt,2,1,-6.8836,hunt,1,1,-15.9489,True
4025,3,8,5,9,wait,0,2,-10.2343,hunt,1,1,-21.601,True
4026,3,8,5,10,hunt,2,2,-14.6866,hunt,1,1,-29.7308,True
4027,3,8,5,11,wait,1,2,-20.3028,hunt,1,1,-39.2977,True
4028,3,8,5,12,hunt,1,0,-27.8339,hunt,1,2,-53.6214,True
4029,3,8,5,13,wait,1,2,-36.5536,wait,1,2,-68.2276,False
4030,3,8,5,14,hunt,2,1,-82.4813,wait,2,2,-84.6268,True
4031,3,8,5,15,wait,0,0,0.0,wait,0,0,0.0,False
4048,3,9,1,0,hunt,2,2,-50.8401,hunt,2,2,-70.9368,False
4049,3,9,1,1,hunt,2,2,-50.667,hunt,2,2,-71.0019,False
4050,3,9,1,2,hunt,2,2,-50.3173,hunt,2,2,-70.3344,False
4051,3,9,1,3,hunt,2,2,-50.6918,hunt,2,2,-71.0011,False
4052,3,9,1,4,hunt,2,2,-50.5209,hunt,2,2,-70.7917,False
4053,3,9,1,5,hunt,2,2,-49.882,hunt,2,2,-69.9435,False
4054,3,9,1,6,hunt,2,2,-50.1115,hunt,2,2,-71.4067,False
4055,3,9,1,7,hunt,2,2,-50.611,hunt,2,2,-70.7131,False
4056,3,9,1,8,hunt,2,2,-50.2899,hunt,2,2,-70.9577,False
4057,3,9,1,9,hunt,2,2,-51.2884,hunt,2,2,-71.982,False
4058,3,9,1,10,hunt,2,2,-51.6004,hunt,2,2,-72.5405,False
4059,3,9,1,11,wait,2,2,-51.7992,wait,2,2,-73.2606,False
4060,3,9,1,12,wait,2,2,-52.397,wait,2,2,-74.7625,False
4061,3,9,1,13,wait,2,2,-55.3942,wait,2,2,-79.6423,False
4062,3,9,1,14,wait,1,1,-88.8702,hunt,2,2,-89.2416,True
4063,3,9,1,15,wait,0,0,0.0,wait,0,0,0.0,False
4064,3,9,2,0,hunt,2,2,-32.5487,hunt,2,2,-52.2955,False
4065,3,9,2,1,hunt,2,2,-33.1174,hunt,2,2,-51.919,False
4066,3,9,2,2,hunt,2,2,-33.3279,hunt,2,2,-53.1341,False
4067,3,9,2,3,hunt,2,2,-32.8166,hunt,2,2,-52.5214,False
4068,3,9,2,4,hunt,2,2,-33.1903,hunt,2,2,-52.0952,False
4069,3,9,2,5,hunt,2,2,-33.1251,hunt,2,2,-51.6871,False
4070,3,9,2,6,hunt,2,2,-33.2449,hunt,2,2,-52.745,False
4071,3,9,2,7,hunt,2,2,-33.6672,hunt,2,2,-53.442,False
4072,3,9,2,8,hunt,2,2,-34.1601,hunt,2,2,-54.5847,False
4073,3,9,2,9,hunt,2,2,-34.7466,hunt,2,2,-56.1249,False
4074,3,9,2,10,hunt,2,2,-35.6327,hunt,2,2,-56.8594,False
4075,3,9,2,11,wait,2,2,-37.5001,wait,2,2,-60.2898,False
4076,3,9,2,12,wait,2,2,-40.2532,wait,2,2,-64.3648,False
4077,3,9,2,13,hunt,2,2,-46.0786,wait,2,2,-73.9756,True
4078,3,9,2,14,wait,2,2,-86.316,wait,2,2,-87.4337,False
4079,3,9,2,15,wait,0,0,0.0,wait,0,0,0.0,False
4080,3,9,3,0,hunt,2,2,-19.0856,hunt,2,2,-33.0553,False
4081,3,9,3,1,hunt,2,2,-18.9729,hunt,2,2,-33.5061,False
4082,3,9,3,2,hunt,2,2,-19.5865,hunt,2,2,-33.7904,False
4083,3,9,3,3,hunt,2,2,-19.1477,hunt,2,2,-32.942,False
4084,3,9,3,4,hunt,2,2,-20.0403,hunt,2,2,-34.5252,False
4085,3,9,3,5,hunt,2,2,-20.3822,hunt,2,2,-35.1679,False
4086,3,9,3,6,hunt,2,2,-21.3385,hunt,2,2,-36.4795,False
4087,3,9,3,7,hunt,2,2,-21.9102,hunt,2,2,-37.3809,False
4088,3,9,3,8,hunt,2,2,-22.9202,hunt,2,2,-39.4668,False
4089,3,9,3,9,hunt,2,2,-24.1031,hunt,2,2,-41.2707,False
4090,3,9,3,10,hunt,2,2,-26.3063,hunt,2,2,-45.3952,False
4091,3,9,3,11,hunt,2,2,-29.4146,hunt,2,2,-49.8861,False
4092,3,9,3,12,hunt,2,2,-34.6023,hunt,2,2,-59.2783,False
4093,3,9,3,13,wait,2,2,-41.7585,wait,2,2,-71.1012,False
4094,3,9,3,14,wait,2,2,-84.5228,hunt,2,2,-86.8341,True
4095,3,9,3,15,wait,0,0,0.0,wait,0,0,0.0,False
4096,3,9,4,0,hunt,2,2,-5.5938,hunt,2,2,-13.676,False
4097,3,9,4,1,hunt,2,2,-5.8059,hunt,2,2,-14.3624,False
4098,3,9,4,2,hunt,2,2,-5.7108,hunt,2,2,-14.6402,False
4099,3,9,4,3,hunt,2,2,-6.3145,hunt,2,2,-15.3127,False
4100,3,9,4,4,hunt,2,2,-6.9898,hunt,2,2,-16.0936,False
4101,3,9,4,5,wait,2,2,-7.9253,hunt,2,2,-18.4051,True
4102,3,9,4,6,hunt,2,2,-9.052,hunt,2,2,-19.7824,False
4103,3,9,4,7,wait,2,2,-10.8139,hunt,2,2,-22.6286,True
4104,3,9,4,8,hunt,2,2,-12.5335,hunt,2,2,-25.6589,False
4105,3,9,4,9,hunt,2,2,-14.8574,hunt,2,2,-29.3079,False
4106,3,9,4,10,hunt,2,2,-18.5245,hunt,2,2,-35.8198,False
4107,3,9,4,11,hunt,2,2,-23.8017,hunt,2,2,-44.1434,False
4108,3,9,4,12,wait,2,2,-30.062,wait,2,2,-54.8776,False
4109,3,9,4,13,wait,2,2,-38.1,hunt,2,2,-68.6031,True
4110,3,9,4,14,hunt,2,0,-83.0702,hunt,2,2,-84.7862,True
4111,3,9,4,15,wait,0,0,0.0,wait,0,0,0.0,False
4112,3,9,5,0,hunt,1,2,2.4443,hunt,1,1,1.6678,True
4113,3,9,5,1,hunt,1,2,2.4049,hunt,1,1,1.3085,True
4114,3,9,5,2,hunt,1,2,2.2421,hunt,1,1,1.3642,True
4115,3,9,5,3,hunt,1,1,1.5455,hunt,1,2,0.6934,True
4116,3,9,5,4,hunt,1,1,1.4917,hunt,1,2,0.6497,True
4117,3,9,5,5,hunt,1,1,0.9238,hunt,1,1,-1.9251,False
4118,3,9,5,6,wait,2,2,-1.2432,hunt,1,1,-6.8518,True
4119,3,9,5,7,hunt,1,0,-3.8165,hunt,1,1,-10.9888,True
4120,3,9,5,8,hunt,1,2,-6.4425,hunt,1,1,-15.286,True
4121,3,9,5,9,hunt,1,2,-10.0703,hunt,1,1,-21.5737,True
4122,3,9,5,10,hunt,1,1,-14.2894,hunt,1,1,-28.234,False
4123,3,9,5,11,wait,0,0,-19.9803,hunt,1,1,-38.5606,True
4124,3,9,5,12,wait,1,2,-27.8519,hunt,0,1,-53.0686,True
4125,3,9,5,13,wait,1,0,-36.5758,hunt,2,2,-68.0399,True
4126,3,9,5,14,wait,2,0,-82.4379,wait,2,2,-85.7593,True
4127,3,9,5,15,wait,0,0,0.0,wait,0,0,0.0,False
4144,3,10,1,0,hunt,2,2,-50.1233,hunt,2,2,-70.045,False
4145,3,10,1,1,hunt,2,2,-50.6095,hunt,2,2,-71.1665,False
4146,3,10,1,2,hunt,2,2,-50.3753,hunt,2,2,-70.3509,False
4147,3,10,1,3,hunt,2,2,-49.894,hunt,2,2,-70.5749,False
4148,3,10,1,4,hunt,2,2,-50.1443,hunt,2,2,-70.5854,False
4149,3,10,1,5,hunt,2,2,-50.6354,hunt,2,2,-70.7484,False
4150,3,10,1,6,hunt,2,2,-50.5149,hunt,2,2,-71.0136,False
4151,3,10,1,7,hunt,2,2,-50.8293,hunt,2,2,-71.3397,False
4152,3,10,1,8,hunt,2,2,-50.016,hunt,2,2,-70.1805,False
4153,3,10,1,9,hunt,2,2,-51.2035,hunt,2,2,-72.1573,False
4154,3,10,1,10,hunt,2,2,-50.8906,hunt,2,2,-71.9096,False
4155,3,10,1,11,wait,2,2,-52.237,wait,2,2,-73.766,False
4156,3,10,1,12,wait,2,2,-52.7964,wait,2,2,-74.8808,False
4157,3,10,1,13,wait,2,2,-55.0814,wait,2,2,-78.9815,False
4158,3,10,1,14,hunt,1,0,-88.9702,hunt,2,2,-89.6147,True
4159,3,10,1,15,wait,0,0,0.0,wait,0,0,0.0,False
4160,3,10,2,0,hunt,2,2,-32.4354,hunt,2,2,-52.179,False
4161,3,10,2,1,hunt,2,2,-32.4733,hunt,2,2,-51.5462,False
4162,3,10,2,2,hunt,2,2,-32.9795,hunt,2,2,-51.712,False
4163,3,10,2,3,hunt,2,2,-33.0816,hunt,2,2,-52.3789,False
4164,3,10,2,4,hunt,2,2,-32.3366,hunt,2,2,-51.4142,False
4165,3,10,2,5,hunt,2,2,-32.8961,hunt,2,2,-52.6835,False
4166,3,10,2,6,hunt,2,2,-33.3724,hunt,2,2,-53.2121,False
4167,3,10,2,7,hunt,2,2,-33.6838,hunt,2,2,-53.3998,False
4168,3,10,2,8,hunt,2,2,-33.928,hunt,2,2,-54.1791,False
4169,3,10,2,9,hunt,2,2,-34.897,hunt,2,2,-55.5367,False
4170,3,10,2,10,hunt,2,2,-35.8168,hunt,2,2,-57.6246,False
4171,3,10,2,11,wait,2,2,-37.6092,wait,2,2,-59.9383,False
4172,3,10,2,12,wait,2,2,-40.3588,wait,2,2,-64.7253,False
4173,3,10,2,13,wait,2,2,-46.2011,wait,2,2,-74.4783,False
4174,3,10,2,14,hunt,2,2,-86.1755,hunt,2,2,-87.2954,False
4175,3,10,2,15,wait,0,0,0.0,wait,0,0,0.0,False
4176,3,10,3,0,hunt,2,2,-18.8176,hunt,2,2,-32.5342,False
4177,3,10,3,1,hunt,2,2,-19.3149,hunt,2,2,-33.6752,False
4178,3,10,3,2,hunt,2,2,-18.9182,hunt,2,2,-33.1315,False
4179,3,10,3,3,hunt,2,2,-19.3045,hunt,2,2,-33.5198,False
4180,3,10,3,4,hunt,2,2,-19.573,hunt,2,2,-34.1304,False
4181,3,10,3,5,hunt,2,2,-19.9505,hunt,2,2,-34.0616,False
4182,3,10,3,6,hunt,2,2,-20.8452,hunt,2,2,-35.9416,False
4183,3,10,3,7,hunt,2,2,-21.5147,hunt,2,2,-36.881,False
4184,3,10,3,8,hunt,2,2,-22.6148,hunt,2,2,-39.6673,False
4185,3,10,3,9,hunt,2,2,-24.243,hunt,2,2,-41.5121,False
4186,3,10,3,10,hunt,2,2,-26.2775,hunt,2,2,-44.8711,False
4187,3,10,3,11,hunt,2,2,-29.6928,hunt,2,2,-50.8325,False
4188,3,10,3,12,wait,2,2,-35.016,wait,2,2,-59.3761,False
4189,3,10,3,13,wait,2,2,-41.7477,wait,2,2,-71.3393,False
4190,3,10,3,14,wait,2,0,-84.3632,hunt,2,2,-86.3393,True
4191,3,10,3,15,wait,0,0,0.0,wait,0,0,0.0,False
4192,3,10,4,0,hunt,2,2,-5.1534,hunt,2,2,-13.288,False
4193,3,10,4,1,hunt,2,2,-5.4326,hunt,2,2,-13.6937,False
4194,3,10,4,2,hunt,2,2,-5.1887,hunt,2,2,-13.3661,False
4195,3,10,4,3,hunt,2,2,-5.9059,hunt,2,2,-14.5688,False
4196,3,10,4,4,hunt,1,2,-6.4707,hunt,2,2,-15.8194,True
4197,3,10,4,5,hunt,2,2,-7.7922,hunt,2,2,-17.2133,False
4198,3,10,4,6,hunt,2,2,-8.7462,hunt,2,2,-19.234,False
4199,3,10,4,7,hunt,2,2,-10.3844,hunt,2,2,-22.235,False
4200,3,10,4,8,hunt,2,2,-12.3207,hunt,2,2,-24.6425,False
4201,3,10,4,9,hunt,2,2,-14.4541,hunt,2,2,-29.0272,False
4202,3,10,4,10,hunt,1,1,-18.1976,hunt,2,2,-35.1592,True
4203,3,10,4,11,wait,2,2,-23.6822,wait,2,2,-44.3463,False
4204,3,10,4,12,wait,2,2,-30.26,hunt,2,2,-55.1584,True
4205,3,10,4,13,wait,1,2,-38.3829,hunt,2,2,-68.6576,True
4206,3,10,4,14,wait,2,0,-83.1315,hunt,2,2,-84.958,True
4207,3,10,4,15,wait,0,0,0.0,wait,0,0,0.0,False
4208,3,10,5,0,hunt,1,1,2.9111,hunt,1,2,1.751,True
4209,3,10,5,1,hunt,1,2,2.6518,hunt,1,1,0.9408,True
4210,3,10,5,2,hunt,1,1,2.5126,hunt,1,2,1.1825,True
4211,3,10,5,3,hunt,1,1,2.0545,hunt,1,2,1.5722,True
4212,3,10,5,4,hunt,1,2,2.392,hunt,1,1,1.7736,True
4213,3,10,5,5,hunt,1,2,1.4631,hunt,1,1,0.8693,True
4214,3,10,5,6,hunt,1,2,-0.6618,hunt,1,1,-5.5319,True
4215,3,10,5,7,hunt,1,2,-3.3315,hunt,1,1,-9.8985,True
4216,3,10,5,8,hunt,1,1,-6.2026,hunt,1,1,-14.8771,False
4217,3,10,5,9,hunt,2,0,-9.7165,hunt,1,1,-20.7143,True
4218,3,10,5,10,hunt,1,2,-13.9775,hunt,1,2,-27.9327,False
4219,3,10,5,11,hunt,1,2,-19.6948,hunt,1,2,-37.6528,False
4220,3,10,5,12,hunt,1,2,-27.6939,hunt,0,1,-52.7117,True
4221,3,10,5,13,wait,2,1,-36.6317,wait,2,2,-68.3938,True
4222,3,10,5,14,wait,2,1,-82.3107,hunt,2,2,-85.1339,True
4223,3,10,5,15,wait,0,0,0.0,wait,0,0,0.0,False
4240,4,0,1,0,wait,2,0,-98.8916,wait,2,0,-98.8984,False
4241,4,0,1,1,wait,2,0,-98.8916,wait,2,0,-98.8984,False
4242,4,0,1,2,wait,2,0,-98.8916,wait,2,0,-98.8984,False
4243,4,0,1,3,wait,2,0,-98.8916,wait,2,0,-98.8984,False
4244,4,0,1,4,wait,2,0,-98.8916,wait,2,0,-98.8984,False
4245,4,0,1,5,wait,2,0,-98.8916,wait,2,0,-98.8984,False
4246,4,0,1,6,wait,2,0,-98.8916,wait,2,0,-98.8984,False
4247,4,0,1,7,wait,2,0,-98.8916,wait,2,0,-98.8984,False
4248,4,0,1,8,wait,2,0,-98.8916,wait,2,0,-98.8984,False
4249,4,0,1,9,wait,2,0,-98.8917,wait,2,0,-98.8984,False
4250,4,0,1,10,wait,2,0,-98.8916,wait,2,0,-98.8984,False
4251,4,0,1,11,wait,2,0,-98.8916,wait,2,0,-98.8984,False
4252,4,0,1,12,wait,2,0,-98.8915,wait,2,0,-98.8984,False
4253,4,0,1,13,wait,2,0,-98.8916,wait,2,0,-98.8984,False
4254,4,0,1,14,wait,2,0,-98.8916,wait,2,0,-98.8984,False
4255,4,0,1,15,wait,0,0,0.0,wait,0,0,0.0,False
4256,4,0,2,0,wait,1,0,-71.0492,wait,1,0,-86.7146,False
4257,4,0,2,1,wait,1,0,-70.5758,wait,1,0,-86.1118,False
4258,4,0,2,2,wait,1,0,-70.3741,wait,1,0,-85.7656,False
4259,4,0,2,3,wait,1,0,-70.4054,wait,1,0,-85.3673,False
4260,4,0,2,4,wait,1,0,-70.7785,wait,1,0,-86.3418,False
4261,4,0,2,5,wait,1,0,-70.3434,wait,1,0,-85.9224,False
4262,4,0,2,6,wait,1,0,-70.605,wait,1,0,-86.1228,False
4263,4,0,2,7,wait,1,0,-70.5861,wait,1,0,-85.7621,False
4264,4,0,2,8,wait,1,0,-70.6424,wait,1,0,-85.8523,False
4265,4,0,2,9,wait,1,0,-71.2899,wait,1,0,-86.1226,False
4266,4,0,2,10,wait,1,0,-70.7689,wait,1,0,-86.0613,False
4267,4,0,2,11,wait,1,0,-70.8909,wait,1,0,-86.6104,False
4268,4,0,2,12,wait,2,0,-70.7153,wait,2,0,-86.6543,False
4269,4,0,2,13,wait,2,0,-72.1391,wait,2,0,-88.5646,False
4270,4,0,2,14,wait,2,0,-93.7216,wait,1,0,-93.7412,True
4271,4,0,2,15,wait,0,0,0.0,wait,0,0,0.0,False
4272,4,0,3,0,wait,1,0,-51.363,wait,1,0,-70.944,False
4273,4,0,3,1,wait,1,0,-51.0924,wait,1,0,-71.1378,False
4274,4,0,3,2,wait,1,0,-51.5557,wait,1,0,-71.4242,False
4275,4,0,3,3,wait,1,0,-51.1407,wait,1,0,-71.3581,False
4276,4,0,3,4,wait,1,0,-51.7563,wait,1,0,-71.1704,False
4277,4,0,3,5,wait,1,0,-51.5108,wait,1,0,-71.7432,False
4278,4,0,3,6,wait,1,0,-51.2269,wait,1,0,-71.0628,False
4279,4,0,3,7,wait,1,0,-51.5727,wait,1,0,-72.0404,False
4280,4,0,3,8,wait,1,0,-51.9981,wait,1,0,-72.0361,False
4281,4,0,3,9,wait,1,0,-51.5345,wait,1,0,-71.7114,False
4282,4,0,3,10,wait,1,0,-51.6289,wait,1,0,-71.5186,False
4283,4,0,3,11,wait,1,0,-52.2449,wait,1,0,-72.8119,False
4284,4,0,3,12,wait,1,0,-53.9553,wait,1,0,-75.8801,False
4285,4,0,3,13,wait,2,0,-57.4166,wait,2,0,-80.9765,False
4286,4,0,3,14,wait,2,0,-90.4515,wait,2,0,-90.5631,False
4287,4,0,3,15,wait,0,0,0.0,wait,0,0,0.0,False
4288,4,0,4,0,wait,1,0,-35.6404,wait,1,0,-55.5942,False
4289,4,0,4,1,wait,1,0,-36.43,wait,1,0,-56.8353,False
4290,4,0,4,2,wait,1,0,-36.0949,wait,1,0,-56.2193,False
4291,4,0,4,3,wait,1,0,-36.083,wait,1,0,-55.8149,False
4292,4,0,4,4,wait,1,0,-36.1241,wait,1,0,-55.9809,False
4293,4,0,4,5,wait,1,0,-36.6459,wait,1,0,-56.5126,False
4294,4,0,4,6,wait,1,0,-36.0391,wait,1,0,-55.7788,False
4295,4,0,4,7,wait,1,0,-35.9557,wait,1,0,-56.4236,False
4296,4,0,4,8,wait,1,0,-36.1544,wait,1,0,-56.8383,False
4297,4,0,4,9,wait,1,0,-36.7532,wait,1,0,-56.8853,False
4298,4,0,4,10,wait,1,0,-37.0021,wait,1,0,-58.068,False
4299,4,0,4,11,wait,1,0,-38.6306,wait,1,0,-61.1192,False
4300,4,0,4,12,wait,1,0,-42.7461,wait,1,0,-66.1316,False
4301,4,0,4,13,wait,2,0,-47.6599,wait,2,0,-75.172,False
4302,4,0,4,14,wait,2,0,-88.9984,wait,2,0,-89.1115,False
4303,4,0,4,15,wait,0,0,0.0,wait,0,0,0.0,False
4304,4,0,5,0,wait,1,0,-25.3705,wait,1,0,-41.3377,False
4305,4,0,5,1,wait,1,0,-24.9454,wait,1,0,-41.852,False
4306,4,0,5,2,wait,1,0,-25.1928,wait,1,0,-41.7766,False
4307,4,0,5,3,wait,1,0,-25.6032,wait,1,0,-42.3202,False
4308,4,0,5,4,wait,1,0,-25.4247,wait,1,0,-42.5847,False
4309,4,0,5,5,wait,1,0,-25.2413,wait,1,0,-41.7552,False
4310,4,0,5,6,wait,1,0,-25.3548,wait,1,0,-42.2383,False
4311,4,0,5,7,wait,1,0,-26.1024,wait,1,0,-43.248,False
4312,4,0,5,8,wait,1,0,-26.112,wait,1,0,-43.6626,False
4313,4,0,5,9,wait,1,0,-27.1738,wait,1,0,-44.8745,False
4314,4,0,5,10,wait,1,0,-28.563,wait,1,0,-47.293,False
4315,4,0,5,11,wait,1,0,-31.8092,wait,1,0,-52.6077,False
4316,4,0,5,12,wait,2,0,-37.2383,wait,1,0,-62.1495,True
4317,4,0,5,13,wait,2,0,-43.8571,wait,2,0,-72.7024,False
4318,4,0,5,14,wait,2,0,-88.3473,wait,2,0,-88.5812,False
4319,4,0,5,15,wait,0,0,0.0,wait,0,0,0.0,False
4336,4,1,1,0,wait,1,1,-69.5983,wait,1,1,-85.1917,False
4337,4,1,1,1,wait,1,1,-70.0486,wait,1,1,-85.5875,False
4338,4,1,1,2,wait,1,1,-69.7991,wait,1,1,-85.0691,False
4339,4,1,1,3,wait,1,1,-69.9486,wait,1,1,-85.2604,False
4340,4,1,1,4,wait,1,1,-70.114,wait,1,1,-85.5156,False
4341,4,1,1,5,wait,1,1,-69.7423,wait,1,1,-84.8287,False
4342,4,1,1,6,wait,1,1,-69.7476,wait,1,1,-85.0064,False
4343,4,1,1,7,wait,1,1,-69.9804,wait,1,1,-85.5424,False
4344,4,1,1,8,wait,1,1,-70.1281,wait,1,1,-85.4036,False
4345,4,1,1,9,wait,1,1,-69.4672,wait,1,1,-85.0089,False
4346,4,1,1,10,wait,1,1,-70.1719,wait,1,1,-85.2097,False
4347,4,1,1,11,wait,2,1,-70.1848,wait,2,1,-86.1522,False
4348,4,1,1,12,wait,2,1,-70.727,wait,2,1,-86.4801,False
4349,4,1,1,13,wait,1,1,-71.7861,wait,2,1,-88.3965,True
4350,4,1,1,14,wait,2,1,-93.0712,wait,2,1,-93.0574,False
4351,4,1,1,15,wait,0,0,0.0,wait,0,0,0.0,False
4352,4,1,2,0,wait,1,1,-50.827,wait,1,1,-70.2861,False
4353,4,1,2,1,wait,1,1,-50.741,wait,1,1,-70.5639,False
4354,4,1,2,2,wait,1,1,-50.3247,wait,1,1,-70.3421,False
4355,4,1,2,3,wait,1,1,-50.8681,wait,1,1,-70.7004,False
4356,4,1,2,4,wait,1,1,-50.8462,wait,1,1,-70.6156,False
4357,4,1,2,5,wait,1,1,-50.6818,wait,1,1,-70.3468,False
4358,4,1,2,6,wait,1,1,-50.7064,wait,1,1,-70.8815,False
4359,4,1,2,7,wait,1,1,-50.5018,wait,1,1,-70.3088,False
4360,4,1,2,8,wait,1,1,-50.7476,wait,1,1,-71.3139,False
4361,4,1,2,9,wait,1,1,-50.5272,wait,1,1,-70.113,False
4362,4,1,2,10,wait,1,1,-50.8222,wait,1,1,-71.3037,False
4363,4,1,2,11,wait,1,1,-51.7647,wait,1,1,-72.5024,False
4364,4,1,2,12,wait,1,1,-53.4645,wait,1,1,-74.6273,False
4365,4,1,2,13,wait,2,1,-56.3591,wait,2,1,-80.2948,False
4366,4,1,2,14,wait,2,1,-90.0196,wait,2,1,-90.3337,False
4367,4,1,2,15,wait,0,0,0.0,wait,0,0,0.0,False
4368,4,1,3,0,wait,1,1,-34.9985,wait,1,1,-55.0793,False
4369,4,1,3,1,wait,1,1,-34.8436,wait,1,1,-54.9519,False
4370,4,1,3,2,wait,1,1,-34.9671,wait,1,1,-54.5932,False
4371,4,1,3,3,wait,1,1,-35.0863,wait,1,1,-55.0954,False
4372,4,1,3,4,wait,1,1,-35.2041,wait,1,1,-55.5387,False
4373,4,1,3,5,wait,1,1,-35.1814,wait,1,1,-55.0761,False
4374,4,1,3,6,wait,1,1,-35.3057,wait,1,1,-55.9225,False
4375,4,1,3,7,wait,1,1,-35.5989,wait,1,1,-56.1382,False
4376,4,1,3,8,wait,1,1,-35.3625,wait,1,1,-55.9089,False
4377,4,1,3,9,wait,1,1,-34.9569,wait,1,1,-55.2829,False
4378,4,1,3,10,wait,1,1,-36.3133,wait,1,1,-56.3869,False
4379,4,1,3,11,wait,1,1,-37.9392,wait,1,1,-59.9018,False
4380,4,1,3,12,wait,1,1,-41.1514,wait,1,1,-65.4017,False
4381,4,1,3,13,wait,2,1,-46.4666,wait,2,1,-74.5265,False
4382,4,1,3,14,wait,2,1,-88.1569,wait,2,1,-87.9473,False
4383,4,1,3,15,wait,0,0,0.0,wait,0,0,0.0,False
4384,4,1,4,0,wait,1,1,-24.1952,wait,1,1,-40.2099,False
4385,4,1,4,1,wait,1,1,-24.1765,wait,1,1,-40.9581,False
4386,4,1,4,2,wait,1,1,-23.8744,wait,1,1,-40.3074,False
4387,4,1,4,3,wait,1,1,-24.2831,wait,1,1,-40.5354,False
4388,4,1,4,4,wait,1,1,-24.44,wait,1,1,-41.1263,False
4389,4,1,4,5,wait,1,1,-24.2597,wait,1,1,-41.1187,False
4390,4,1,4,6,wait,1,1,-24.4069,wait,1,1,-41.1746,False
4391,4,1,4,7,wait,1,1,-24.7271,wait,1,1,-41.4345,False
4392,4,1,4,8,wait,1,1,-24.9759,wait,1,1,-41.8135,False
4393,4,1,4,9,wait,1,1,-25.8225,wait,1,1,-43.2539,False
4394,4,1,4,10,wait,1,1,-27.7694,wait,1,1,-47.5682,False
4395,4,1,4,11,wait,1,1,-30.47,wait,1,1,-51.3923,False
4396,4,1,4,12,wait,1,1,-36.308,wait,1,1,-60.865,False
4397,4,1,4,13,wait,2,1,-42.7142,wait,2,1,-71.8095,False
4398,4,1,4,14,wait,2,1,-86.8408,wait,2,1,-86.3788,False
4399,4,1,4,15,wait,0,0,0.0,wait,0,0,0.0,False
4400,4,1,5,0,wait,1,1,-13.159,wait,1,1,-25.2366,False
4401,4,1,5,1,wait,1,1,-12.9869,wait,1,1,-24.9379,False
4402,4,1,5,2,wait,1,1,-13.0868,wait,1,1,-25.3346,False
4403,4,1,5,3,wait,1,1,-13.225,wait,1,1,-25.4756,False
4404,4,1,5,4,wait,1,1,-13.3563,wait,1,1,-25.8279,False
4405,4,1,5,5,wait,1,1,-13.7681,wait,1,1,-26.3189,False
4406,4,1,5,6,wait,1,1,-14.0874,wait,1,1,-26.9819,False
4407,4,1,5,7,wait,1,1,-15.025,wait,1,1,-28.2195,False
4408,4,1,5,8,wait,1,1,-16.2151,wait,1,1,-30.3667,False
4409,4,1,5,9,wait,1,1,-17.9835,wait,1,1,-33.3148,False
4410,4,1,5,10,wait,1,1,-21.1137,wait,1,1,-38.4664,False
4411,4,1,5,11,wait,1,1,-25.8519,wait,1,1,-46.6589,False
4412,4,1,5,12,wait,2,1,-31.837,wait,2,1,-56.8328,False
4413,4,1,5,13,wait,2,1,-39.6525,wait,2,1,-69.5756,False
4414,4,1,5,14,wait,2,1,-86.2778,wait,2,1,-86.9061,False
4415,4,1,5,15,wait,0,0,0.0,wait,0,0,0.0,False
4432,4,2,1,0,wait,2,2,-51.6789,wait,2,2,-72.8448,False
4433,4,2,1,1,wait,2,2,-51.9811,wait,2,2,-73.5686,False
4434,4,2,1,2,wait,2,2,-52.0381,wait,2,2,-73.4714,False
4435,4,2,1,3,wait,2,2,-51.9249,wait,2,2,-72.8524,False
4436,4,2,1,4,wait,2,2,-51.8906,wait,2,2,-73.371,False
4437,4,2,1,5,wait,2,2,-52.0136,wait,2,2,-73.4359,False
4438,4,2,1,6,wait,2,2,-51.6712,wait,2,2,-72.651,False
4439,4,2,1,7,wait,2,2,-51.4896,wait,2,2,-72.2869,False
4440,4,2,1,8,wait,2,2,-52.0619,wait,2,2,-73.8804,False
4441,4,2,1,9,wait,2,2,-51.9187,wait,2,2,-73.148,False
4442,4,2,1,10,wait,2,2,-51.3063,wait,2,2,-72.9497,False
4443,4,2,1,11,wait,2,2,-52.3465,wait,2,2,-73.7337,False
4444,4,2,1,12,wait,2,2,-53.1212,wait,2,2,-75.1455,False
4445,4,2,1,13,wait,2,2,-55.6917,wait,2,2,-79.6115,False
4446,4,2,1,14,wait,2,2,-89.4454,wait,2,2,-89.2868,False
4447,4,2,1,15,wait,0,0,0.0,wait,0,0,0.0,False
4448,4,2,2,0,wait,2,2,-36.8393,wait,2,2,-59.1568,False
4449,4,2,2,1,wait,2,2,-36.7381,wait,2,2,-58.022,False
4450,4,2,2,2,wait,2,2,-36.9967,wait,2,2,-59.2807,False
4451,4,2,2,3,wait,2,2,-37.0856,wait,2,2,-59.6249,False
4452,4,2,2,4,wait,2,2,-37.1876,wait,2,2,-59.3914,False
4453,4,2,2,5,wait,2,2,-37.1766,wait,2,2,-58.8685,False
4454,4,2,2,6,wait,2,2,-37.1853,wait,2,2,-59.2056,False
4455,4,2,2,7,wait,2,2,-37.0586,wait,2,2,-59.3719,False
4456,4,2,2,8,wait,2,2,-37.5176,wait,2,2,-60.1314,False
4457,4,2,2,9,wait,2,2,-37.2141,wait,2,2,-58.7924,False
4458,4,2,2,10,wait,2,2,-37.0505,wait,2,2,-59.3957,False
4459,4,2,2,11,wait,2,2,-38.5195,wait,2,2,-62.1902,False
4460,4,2,2,12,wait,2,2,-40.962,wait,2,2,-65.6576,False
4461,4,2,2,13,wait,2,2,-46.624,wait,2,2,-74.6585,False
4462,4,2,2,14,wait,2,2,-87.9029,wait,2,2,-87.846,False
4463,4,2,2,15,wait,0,0,0.0,wait,0,0,0.0,False
4464,4,2,3,0,wait,2,2,-26.5998,wait,2,2,-45.1836,False
4465,4,2,3,1,wait,2,2,-26.7951,wait,1,1,-46.3879,True
4466,4,2,3,2,wait,2,2,-26.8817,wait,2,2,-46.441,False
4467,4,2,3,3,wait,2,2,-27.1556,wait,2,2,-46.2718,False
4468,4,2,3,4,wait,2,2,-27.1083,wait,2,2,-46.3832,False
4469,4,2,3,5,wait,2,2,-27.2891,wait,2,2,-46.697,False
4470,4,2,3,6,wait,2,2,-26.7715,wait,2,2,-46.2473,False
4471,4,2,3,7,wait,2,2,-26.9836,wait,2,2,-45.9394,False
4472,4,2,3,8,wait,2,2,-27.3766,wait,2,2,-46.7848,False
4473,4,2,3,9,wait,2,2,-27.5861,wait,2,2,-47.2937,False
4474,4,2,3,10,wait,2,2,-28.546,wait,2,2,-49.5323,False
4475,4,2,3,11,wait,2,2,-30.9099,wait,2,2,-52.8653,False
4476,4,2,3,12,wait,2,2,-35.4431,wait,2,2,-59.8948,False
4477,4,2,3,13,wait,2,2,-41.6685,wait,2,2,-70.5807,False
4478,4,2,3,14,wait,2,2,-86.6018,wait,2,2,-87.0586,False
4479,4,2,3,15,wait,0,0,0.0,wait,0,0,0.0,False
4480,4,2,4,0,wait,2,2,-15.8603,wait,2,2,-30.9035,False
4481,4,2,4,1,wait,2,2,-15.7355,wait,2,2,-30.397,False
4482,4,2,4,2,wait,2,2,-16.1461,wait,2,2,-31.5973,False
4483,4,2,4,3,wait,2,2,-16.2144,wait,1,1,-31.1426,True
4484,4,2,4,4,wait,2,2,-15.9801,wait,1,1,-31.9214,True
4485,4,2,4,5,wait,2,2,-16.5598,wait,2,2,-32.0124,False
4486,4,2,4,6,wait,2,2,-16.8105,wait,2,2,-32.4489,False
4487,4,2,4,7,wait,2,2,-17.2256,wait,2,2,-33.5623,False
4488,4,2,4,8,wait,2,2,-17.7612,wait,2,2,-34.1232,False
4489,4,2,4,9,wait,2,2,-18.7419,wait,2,2,-35.8622,False
4490,4,2,4,10,wait,2,2,-21.2514,wait,2,2,-39.9736,False
4491,4,2,4,11,wait,2,2,-25.4899,wait,2,2,-47.0397,False
4492,4,2,4,12,wait,2,2,-31.0474,wait,2,2,-56.3562,False
4493,4,2,4,13,wait,2,2,-38.5562,wait,2,2,-68.8609,False
4494,4,2,4,14,wait,2,2,-84.9117,wait,2,2,-85.123,False
4495,4,2,4,15,wait,0,0,0.0,wait,0,0,0.0,False
4496,4,2,5,0,wait,1,1,-7.0648,wait,1,1,-14.8812,False
4497,4,2,5,1,wait,1,1,-7.1575,wait,1,1,-15.687,False
4498,4,2,5,2,wait,1,1,-7.5554,wait,1,1,-15.9094,False
4499,4,2,5,3,wait,1,1,-7.54,wait,1,1,-16.3112,False
4500,4,2,5,4,wait,1,1,-7.9594,wait,1,1,-17.0698,False
4501,4,2,5,5,wait,1,1,-8.556,wait,1,1,-18.0353,False
4502,4,2,5,6,wait,1,1,-9.2529,wait,1,1,-19.1754,False
4503,4,2,5,7,wait,1,1,-10.5903,wait,1,1,-21.3324,False
4504,4,2,5,8,wait,1,1,-12.4506,wait,1,1,-24.4904,False
4505,4,2,5,9,wait,1,1,-15.1033,wait,1,1,-28.7273,False
4506,4,2,5,10,wait,1,1,-19.1494,wait,1,1,-35.3393,False
4507,4,2,5,11,wait,1,0,-24.1407,wait,1,1,-44.3687,True
4508,4,2,5,12,wait,2,2,-30.6975,wait,2,1,-56.0253,True
4509,4,2,5,13,wait,2,1,-38.6792,wait,2,1,-69.0065,False
4510,4,2,5,14,hunt,0,1,-84.7845,wait,2,2,-85.7254,True
4511,4,2,5,15,wait,0,0,0.0,wait,0,0,0.0,False
4528,4,3,1,0,wait,2,2,-48.622,wait,2,2,-68.4319,False
4529,4,3,1,1,wait,2,2,-48.8215,wait,2,2,-68.4545,False
4530,4,3,1,2,wait,2,2,-49.418,wait,2,2,-69.2627,False
4531,4,3,1,3,wait,2,2,-49.3653,wait,2,2,-69.2692,False
4532,4,3,1,4,wait,2,2,-48.7002,wait,2,2,-68.5404,False
4533,4,3,1,5,wait,2,2,-49.105,wait,2,2,-68.2082,False
4534,4,3,1,6,wait,2,2,-49.1589,wait,2,2,-68.5018,False
4535,4,3,1,7,wait,2,2,-48.5799,wait,2,2,-67.4385,False
4536,4,3,1,8,wait,2,2,-49.0214,wait,2,2,-68.5747,False
4537,4,3,1,9,wait,2,2,-48.8674,wait,2,2,-68.2029,False
4538,4,3,1,10,wait,2,2,-49.6948,wait,2,2,-69.0401,False
4539,4,3,1,11,wait,2,2,-48.808,wait,2,2,-68.8914,False
4540,4,3,1,12,wait,2,2,-51.0396,wait,2,2,-72.0785,False
4541,4,3,1,13,wait,2,2,-54.8863,wait,2,2,-78.8743,False
4542,4,3,1,14,wait,2,1,-88.8792,hunt,2,2,-89.5591,True
4543,4,3,1,15,wait,0,0,0.0,wait,0,0,0.0,False
4544,4,3,2,0,wait,2,2,-33.2815,wait,2,2,-52.7658,False
4545,4,3,2,1,wait,2,2,-33.0562,wait,2,2,-52.9184,False
4546,4,3,2,2,wait,2,2,-33.4028,wait,2,2,-53.6743,False
4547,4,3,2,3,wait,2,2,-33.2893,wait,2,2,-52.9583,False
4548,4,3,2,4,wait,2,2,-33.4455,wait,2,2,-53.1075,False
4549,4,3,2,5,wait,2,2,-33.1122,wait,2,2,-52.8426,False
4550,4,3,2,6,wait,2,2,-33.4593,wait,2,2,-53.4149,False
4551,4,3,2,7,wait,2,2,-33.2174,wait,2,2,-53.2395,False
4552,4,3,2,8,wait,2,2,-33.8045,wait,2,2,-53.39,False
4553,4,3,2,9,wait,2,2,-33.6009,wait,2,2,-53.0718,False
4554,4,3,2,10,wait,2,2,-33.8994,wait,2,2,-54.4796,False
4555,4,3,2,11,wait,2,2,-36.0612,wait,2,2,-57.2705,False
4556,4,3,2,12,wait,2,2,-39.5952,wait,2,2,-63.6471,False
4557,4,3,2,13,wait,2,2,-45.4786,wait,2,2,-73.3185,False
4558,4,3,2,14,hunt,2,0,-86.123,hunt,2,2,-86.9233,True
4559,4,3,2,15,wait,0,0,0.0,wait,0,0,0.0,False
4560,4,3,3,0,wait,2,2,-22.6963,wait,2,2,-39.6931,False
4561,4,3,3,1,wait,2,2,-22.4409,wait,2,2,-39.303,False
4562,4,3,3,2,wait,2,2,-22.6979,wait,2,2,-38.8152,False
4563,4,3,3,3,wait,2,2,-22.7544,wait,2,2,-39.5924,False
4564,4,3,3,4,wait,2,2,-22.7457,wait,2,2,-39.1578,False
4565,4,3,3,5,wait,2,2,-23.0851,wait,2,2,-39.5162,False
4566,4,3,3,6,wait,2,2,-22.5969,wait,2,2,-39.082,False
4567,4,3,3,7,wait,2,2,-23.2098,wait,2,2,-40.1518,False
4568,4,3,3,8,wait,2,2,-23.5351,wait,2,2,-40.5883,False
4569,4,3,3,9,wait,2,2,-24.1493,wait,2,2,-42.1547,False
4570,4,3,3,10,wait,2,2,-25.6699,wait,2,2,-44.0654,False
4571,4,3,3,11,wait,2,2,-28.9709,wait,2,2,-49.4734,False
4572,4,3,3,12,wait,2,2,-34.1195,wait,2,2,-58.426,False
4573,4,3,3,13,wait,2,2,-41.4425,wait,2,2,-70.3039,False
4574,4,3,3,14,wait,2,2,-84.4181,wait,2,2,-86.014,False
4575,4,3,3,15,wait,0,0,0.0,wait,0,0,0.0,False
4576,4,3,4,0,wait,2,2,-10.9525,wait,2,2,-22.817,False
4577,4,3,4,1,wait,2,2,-10.7303,wait,2,2,-22.5015,False
4578,4,3,4,2,wait,2,2,-11.0212,wait,2,2,-23.0688,False
4579,4,3,4,3,wait,2,2,-11.2041,wait,2,2,-23.5221,False
4580,4,3,4,4,wait,2,2,-11.4644,wait,2,2,-23.6367,False
4581,4,3,4,5,wait,2,2,-11.5238,wait,2,2,-24.2159,False
4582,4,3,4,6,wait,2,2,-12.4113,wait,2,2,-25.3188,False
4583,4,3,4,7,wait,2,2,-12.7354,wait,2,2,-25.9514,False
4584,4,3,4,8,wait,2,2,-13.6849,wait,2,2,-27.1519,False
4585,4,3,4,9,wait,2,2,-15.9251,wait,2,2,-31.1798,False
4586,4,3,4,10,wait,2,2,-19.0936,wait,2,2,-36.4856,False
4587,4,3,4,11,wait,2,2,-23.7297,wait,2,2,-44.1001,False
4588,4,3,4,12,wait,2,2,-29.9642,wait,2,2,-54.9342,False
4589,4,3,4,13,wait,2,2,-38.0581,wait,2,2,-67.8922,False
4590,4,3,4,14,wait,1,1,-83.0856,hunt,2,2,-85.0778,True
4591,4,3,4,15,wait,0,0,0.0,wait,0,0,0.0,False
4592,4,3,5,0,wait,1,1,-3.3938,wait,1,1,-9.2161,False
4593,4,3,5,1,wait,1,1,-3.5672,wait,1,1,-9.6894,False
4594,4,3,5,2,wait,1,1,-3.6801,wait,1,1,-9.8429,False
4595,4,3,5,3,hunt,1,1,-4.1974,hunt,1,1,-10.543,False
4596,4,3,5,4,wait,1,1,-4.8117,wait,1,1,-11.7269,False
4597,4,3,5,5,hunt,1,1,-5.5602,hunt,1,1,-13.0773,False
4598,4,3,5,6,wait,1,1,-6.6865,wait,1,1,-14.7265,False
4599,4,3,5,7,wait,1,1,-8.0794,wait,1,1,-17.121,False
4600,4,3,5,8,wait,2,2,-10.0899,wait,1,1,-21.1402,True
4601,4,3,5,9,wait,1,2,-12.8817,hunt,1,1,-26.6983,True
4602,4,3,5,10,hunt,1,1,-16.6882,wait,1,1,-33.9859,True
4603,4,3,5,11,wait,1,1,-21.642,wait,1,2,-43.0639,True
4604,4,3,5,12,wait,2,2,-28.2884,wait,2,2,-54.6347,False
4605,4,3,5,13,wait,1,1,-36.7939,wait,2,2,-68.0745,True
4606,4,3,5,14,hunt,2,2,-82.27,hunt,2,2,-84.7507,False
4607,4,3,5,15,wait,0,0,0.0,wait,0,0,0.0,False
4624,4,4,1,0,wait,2,2,-47.7768,wait,2,2,-66.2472,False
4625,4,4,1,1,wait,2,2,-47.8562,wait,2,2,-66.3779,False
4626,4,4,1,2,wait,2,2,-47.8608,wait,2,2,-66.2847,False
4627,4,4,1,3,wait,2,2,-47.7096,wait,2,2,-66.3659,False
4628,4,4,1,4,wait,2,2,-48.0715,wait,2,2,-66.4461,False
4629,4,4,1,5,wait,2,2,-47.7073,wait,2,2,-66.3421,False
4630,4,4,1,6,wait,2,2,-48.1186,wait,2,2,-66.9796,False
4631,4,4,1,7,wait,2,2,-47.9328,wait,2,2,-66.7265,False
4632,4,4,1,8,wait,2,2,-47.7046,wait,2,2,-65.5389,False
4633,4,4,1,9,wait,2,2,-47.8875,wait,2,2,-66.9161,False
4634,4,4,1,10,wait,2,2,-47.6131,wait,2,2,-66.5649,False
4635,4,4,1,11,wait,2,2,-48.569,wait,2,2,-67.7159,False
4636,4,4,1,12,wait,2,2,-50.3561,wait,2,2,-71.1655,False
4637,4,4,1,13,wait,2,2,-54.41,wait,2,2,-77.3496,False
4638,4,4,1,14,hunt,2,2,-88.9494,wait,2,2,-89.9195,True
4639,4,4,1,15,wait,0,0,0.0,wait,0,0,0.0,False
4640,4,4,2,0,wait,2,2,-32.1594,wait,2,2,-51.0087,False
4641,4,4,2,1,wait,2,2,-31.7443,wait,2,2,-49.5319,False
4642,4,4,2,2,wait,2,2,-32.2131,wait,2,2,-50.8508,False
4643,4,4,2,3,wait,2,2,-31.6179,wait,2,2,-50.1,False
4644,4,4,2,4,wait,2,2,-31.507,wait,2,2,-49.9223,False
4645,4,4,2,5,wait,2,2,-31.799,wait,2,2,-50.2805,False
4646,4,4,2,6,wait,2,2,-31.6865,wait,2,2,-50.5742,False
4647,4,4,2,7,wait,2,2,-31.8431,wait,2,2,-50.5053,False
4648,4,4,2,8,wait,2,2,-32.3051,wait,2,2,-51.7615,False
4649,4,4,2,9,wait,2,2,-32.3645,wait,2,2,-51.8135,False
4650,4,4,2,10,wait,2,2,-32.735,wait,2,2,-52.4215,False
4651,4,4,2,11,wait,2,2,-35.2168,wait,2,2,-55.462,False
4652,4,4,2,12,wait,2,2,-38.9015,wait,2,2,-61.7759,False
4653,4,4,2,13,wait,2,2,-45.212,wait,2,2,-73.1353,False
4654,4,4,2,14,hunt,1,0,-86.2769,wait,2,2,-87.3314,True
4655,4,4,2,15,wait,0,0,0.0,wait,0,0,0.0,False
4656,4,4,3,0,wait,2,2,-20.3413,wait,2,2,-34.896,False
4657,4,4,3,1,wait,2,2,-20.3194,wait,2,2,-34.8734,False
4658,4,4,3,2,wait,2,2,-20.2037,wait,2,2,-35.628,False
4659,4,4,3,3,wait,2,2,-20.4303,wait,2,2,-35.6019,False
4660,4,4,3,4,wait,2,2,-20.3096,wait,2,2,-34.9883,False
4661,4,4,3,5,wait,2,2,-20.5031,wait,2,2,-35.5492,False
4662,4,4,3,6,wait,2,2,-20.5832,wait,2,2,-35.5081,False
4663,4,4,3,7,wait,2,2,-21.221,wait,2,2,-36.3469,False
4664,4,4,3,8,wait,2,2,-21.6144,wait,2,2,-37.9411,False
4665,4,4,3,9,wait,2,2,-23.3681,wait,2,2,-40.3931,False
4666,4,4,3,10,wait,2,2,-24.8076,wait,2,2,-42.5115,False
4667,4,4,3,11,wait,2,2,-28.3529,wait,2,2,-48.3061,False
4668,4,4,3,12,wait,2,2,-33.6764,wait,2,2,-57.135,False
4669,4,4,3,13,wait,2,2,-40.5134,wait,2,2,-68.8203,False
4670,4,4,3,14,hunt,2,1,-84.2888,wait,2,2,-86.3235,True
4671,4,4,3,15,wait,0,0,0.0,wait,0,0,0.0,False
4672,4,4,4,0,wait,2,2,-6.9768,wait,2,2,-16.299,False
4673,4,4,4,1,wait,2,2,-6.9029,wait,2,2,-16.2121,False
4674,4,4,4,2,wait,2,2,-7.5544,wait,2,2,-17.0633,False
4675,4,4,4,3,wait,2,2,-7.6548,wait,2,2,-16.9457,False
4676,4,4,4,4,wait,2,2,-8.0133,wait,2,2,-17.8619,False
4677,4,4,4,5,wait,2,2,-8.4967,wait,2,2,-19.3068,False
4678,4,4,4,6,wait,2,2,-9.4413,wait,2,2,-20.1159,False
4679,4,4,4,7,wait,2,2,-10.493,wait,2,2,-22.0325,False
4680,4,4,4,8,wait,2,2,-11.9953,wait,2,2,-24.4794,False
4681,4,4,4,9,wait,2,2,-14.4673,wait,2,2,-28.5296,False
4682,4,4,4,10,wait,2,2,-17.7776,wait,2,2,-33.9548,False
4683,4,4,4,11,wait,2,2,-23.0953,wait,2,2,-43.2996,False
4684,4,4,4,12,wait,2,2,-29.839,wait,2,2,-53.9634,False
4685,4,4,4,13,hunt,2,2,-37.9598,hunt,2,2,-68.1821,False
4686,4,4,4,14,hunt,2,0,-83.1216,hunt,2,2,-85.0746,True
4687,4,4,4,15,wait,0,0,0.0,wait,0,0,0.0,False
4688,4,4,5,0,hunt,1,1,-0.0053,hunt,1,1,-3.3787,False
4689,4,4,5,1,hunt,1,1,-0.0682,hunt,1,1,-3.5678,False
4690,4,4,5,2,hunt,1,1,-0.4498,hunt,1,1,-4.3711,False
4691,4,4,5,3,hunt,1,1,-0.6138,hunt,1,1,-4.7878,False
4692,4,4,5,4,hunt,1,1,-1.4785,hunt,1,1,-6.0361,False
4693,4,4,5,5,hunt,2,1,-2.4,hunt,1,1,-8.0081,True
4694,4,4,5,6,wait,1,1,-4.0225,hunt,1,1,-11.0667,True
4695,4,4,5,7,hunt,1,1,-5.7731,hunt,1,1,-13.594,False
4696,4,4,5,8,hunt,1,1,-8.0919,hunt,1,1,-18.2021,False
4697,4,4,5,9,hunt,2,2,-11.0112,wait,1,1,-24.3291,True
4698,4,4,5,10,wait,1,1,-15.1481,wait,1,1,-32.2228,False
4699,4,4,5,11,wait,2,2,-20.5863,wait,1,2,-42.0635,True
4700,4,4,5,12,hunt,2,1,-27.4765,hunt,2,2,-53.9979,True
4701,4,4,5,13,hunt,0,1,-36.3042,hunt,2,2,-67.4536,True
4702,4,4,5,14,wait,0,2,-82.2603,hunt,2,2,-85.3266,True
4703,4,4,5,15,wait,0,0,0.0,wait,0,0,0.0,False
4720,4,5,1,0,wait,2,2,-47.1702,wait,2,2,-65.3705,False
4721,4,5,1,1,wait,2,2,-47.1175,wait,2,2,-65.2516,False
4722,4,5,1,2,wait,2,2,-47.2699,wait,2,2,-65.588,False
4723,4,5,1,3,wait,2,2,-47.265,wait,2,2,-65.8718,False
4724,4,5,1,4,wait,2,2,-47.1618,wait,2,2,-65.8327,False
4725,4,5,1,5,wait,2,2,-47.2409,wait,2,2,-65.5713,False
4726,4,5,1,6,wait,2,2,-47.6763,wait,2,2,-66.4034,False
4727,4,5,1,7,wait,2,2,-47.2862,wait,2,2,-65.194,False
4728,4,5,1,8,wait,2,2,-47.5171,wait,2,2,-66.3574,False
4729,4,5,1,9,wait,2,2,-47.2093,wait,2,2,-64.8882,False
4730,4,5,1,10,wait,2,2,-47.3814,wait,2,2,-65.53,False
4731,4,5,1,11,wait,2,2,-47.7915,wait,2,2,-66.7176,False
4732,4,5,1,12,wait,2,2,-49.8523,wait,2,2,-69.926,False
4733,4,5,1,13,wait,2,2,-54.3303,wait,2,2,-77.775,False
4734,4,5,1,14,hunt,2,1,-88.8809,wait,2,2,-89.4673,True
4735,4,5,1,15,wait,0,0,0.0,wait,0,0,0.0,False
4736,4,5,2,0,hunt,2,2,-30.8696,hunt,2,2,-48.4643,False
4737,4,5,2,1,wait,2,2,-30.9126,hunt,2,2,-48.7745,True
4738,4,5,2,2,wait,2,2,-30.5998,hunt,2,2,-48.4938,True
4739,4,5,2,3,hunt,2,2,-30.8821,wait,2,2,-48.8197,True
4740,4,5,2,4,hunt,2,2,-30.7319,wait,2,2,-48.835,True
4741,4,5,2,5,wait,2,2,-30.6024,wait,2,2,-47.6707,False
4742,4,5,2,6,wait,2,2,-30.3369,wait,2,2,-48.5392,False
4743,4,5,2,7,wait,2,2,-31.1225,wait,2,2,-49.5203,False
4744,4,5,2,8,wait,2,2,-31.1548,wait,2,2,-49.1332,False
4745,4,5,2,9,wait,2,2,-31.6809,wait,2,2,-50.3673,False
4746,4,5,2,10,wait,2,2,-32.1283,wait,2,2,-51.5508,False
4747,4,5,2,11,wait,2,2,-34.3558,wait,2,2,-54.7251,False
4748,4,5,2,12,wait,2,2,-38.5801,wait,2,2,-61.6977,False
4749,4,5,2,13,wait,2,2,-45.0713,wait,2,2,-72.8168,False
4750,4,5,2,14,hunt,2,2,-86.3643,wait,2,2,-87.1186,True
4751,4,5,2,15,wait,0,0,0.0,wait,0,0,0.0,False
4752,4,5,3,0,wait,2,2,-17.7344,wait,2,2,-30.7837,False
4753,4,5,3,1,hunt,2,2,-17.4929,hunt,2,2,-30.1547,False
4754,4,5,3,2,wait,2,2,-17.2945,wait,2,2,-30.5882,False
4755,4,5,3,3,hunt,2,2,-17.6864,hunt,2,2,-30.7237,False
4756,4,5,3,4,hunt,2,2,-18.0042,hunt,2,2,-31.4964,False
4757,4,5,3,5,hunt,2,2,-18.6027,hunt,2,2,-32.4717,False
4758,4,5,3,6,hunt,2,2,-18.6349,hunt,2,2,-32.1039,False
4759,4,5,3,7,wait,2,2,-19.3764,wait,2,2,-33.5387,False
4760,4,5,3,8,wait,2,2,-20.282,wait,2,2,-35.1248,False
4761,4,5,3,9,wait,2,2,-21.5067,wait,2,2,-37.2459,False
4762,4,5,3,10,hunt,2,2,-24.1797,hunt,2,2,-41.749,False
4763,4,5,3,11,hunt,2,2,-27.8831,hunt,2,2,-47.9956,False
4764,4,5,3,12,wait,2,2,-33.5877,wait,2,2,-57.1879,False
4765,4,5,3,13,wait,2,2,-41.1989,wait,2,2,-69.7984,False
4766,4,5,3,14,wait,2,1,-84.3172,wait,2,2,-86.6286,True
4767,4,5,3,15,wait,0,0,0.0,wait,0,0,0.0,False
4768,4,5,4,0,wait,2,2,-4.0932,wait,2,2,-11.643,False
4769,4,5,4,1,wait,2,2,-4.1281,wait,2,2,-11.4393,False
4770,4,5,4,2,wait,2,2,-4.6446,wait,2,2,-12.3418,False
4771,4,5,4,3,wait,2,2,-4.9241,wait,2,2,-12.6555,False
4772,4,5,4,4,wait,2,2,-5.3963,wait,2,2,-13.8526,False
4773,4,5,4,5,wait,2,2,-6.1861,wait,2,2,-15.1694,False
4774,4,5,4,6,wait,2,2,-7.0911,wait,2,2,-16.2767,False
4775,4,5,4,7,wait,2,2,-8.564,wait,2,2,-18.7457,False
4776,4,5,4,8,wait,2,2,-10.5139,wait,2,2,-22.4207,False
4777,4,5,4,9,hunt,2,2,-13.3092,hunt,2,2,-26.9016,False
4778,4,5,4,10,wait,2,2,-17.2859,wait,2,2,-33.3873,False
4779,4,5,4,11,hunt,2,2,-22.7501,hunt,2,2,-42.846,False
4780,4,5,4,12,hunt,2,2,-29.4409,hunt,2,2,-53.9601,False
4781,4,5,4,13,hunt,2,2,-37.6672,hunt,2,2,-67.4127,False
4782,4,5,4,14,wait,2,0,-83.0295,hunt,2,2,-85.4054,True
4783,4,5,4,15,wait,0,0,0.0,wait,0,0,0.0,False
4784,4,5,5,0,hunt,1,1,2.2426,wait,1,1,1.2722,True
4785,4,5,5,1,hunt,1,1,2.4085,wait,1,1,1.1047,True
4786,4,5,5,2,wait,1,1,1.0492,hunt,1,1,1.0943,True
4787,4,5,5,3,hunt,1,1,1.6418,hunt,1,1,-0.8548,False
4788,4,5,5,4,hunt,1,1,0.9651,hunt,1,2,-0.238,True
4789,4,5,5,5,hunt,1,1,-0.0795,hunt,0,1,-3.2582,True
4790,4,5,5,6,hunt,1,1,-1.6369,hunt,1,1,-6.5242,False
4791,4,5,5,7,hunt,2,1,-3.8538,hunt,1,1,-10.9383,True
4792,4,5,5,8,wait,0,2,-6.4057,hunt,1,1,-16.0447,True
4793,4,5,5,9,wait,2,2,-9.7181,hunt,1,1,-21.8495,True
4794,4,5,5,10,hunt,2,1,-14.0131,hunt,1,1,-29.8154,True
4795,4,5,5,11,hunt,1,0,-19.8689,hunt,1,1,-40.9456,True
4796,4,5,5,12,wait,2,2,-27.0714,hunt,1,1,-52.8355,True
4797,4,5,5,13,hunt,2,2,-36.1843,hunt,2,2,-67.3881,False
4798,4,5,5,14,wait,2,0,-82.3319,hunt,2,2,-84.8744,True
4799,4,5,5,15,wait,0,0,0.0,wait,0,0,0.0,False
4816,4,6,1,0,hunt,2,2,-47.3659,wait,2,2,-65.9698,True
4817,4,6,1,1,wait,2,2,-47.021,wait,2,2,-65.3054,False
4818,4,6,1,2,wait,2,2,-47.5023,wait,2,2,-65.4164,False
4819,4,6,1,3,wait,2,2,-47.4062,wait,2,2,-65.5409,False
4820,4,6,1,4,hunt,2,2,-47.6879,wait,2,2,-66.1072,True
4821,4,6,1,5,wait,2,2,-47.0576,wait,2,2,-65.1834,False
4822,4,6,1,6,wait,2,2,-47.1295,wait,2,2,-65.1748,False
4823,4,6,1,7,wait,2,2,-46.9612,wait,2,2,-65.384,False
4824,4,6,1,8,wait,2,2,-46.9692,wait,2,2,-65.0985,False
4825,4,6,1,9,wait,2,2,-47.3995,wait,2,2,-64.9467,False
4826,4,6,1,10,wait,2,2,-46.667,wait,2,2,-64.85,False
4827,4,6,1,11,wait,2,2,-47.7727,wait,2,2,-66.3366,False
4828,4,6,1,12,wait,2,2,-49.494,wait,2,2,-69.242,False
4829,4,6,1,13,wait,2,2,-54.9381,wait,2,2,-78.5344,False
4830,4,6,1,14,hunt,2,2,-88.8467,hunt,2,2,-88.9965,False
4831,4,6,1,15,wait,0,0,0.0,wait,0,0,0.0,False
4832,4,6,2,0,hunt,2,2,-29.2687,hunt,2,2,-46.1058,False
4833,4,6,2,1,hunt,2,2,-28.8634,hunt,2,2,-45.8122,False
4834,4,6,2,2,hunt,2,2,-29.2701,hunt,2,2,-46.6615,False
4835,4,6,2,3,wait,2,2,-29.5157,wait,2,2,-46.5454,False
4836,4,6,2,4,hunt,2,2,-29.5514,hunt,2,2,-47.0592,False
4837,4,6,2,5,wait,2,2,-29.8699,wait,2,2,-46.8912,False
4838,4,6,2,6,hunt,2,2,-30.2,hunt,2,2,-47.6925,False
4839,4,6,2,7,hunt,2,2,-29.9216,hunt,2,2,-47.2843,False
4840,4,6,2,8,hunt,2,2,-30.4155,hunt,2,2,-48.1455,False
4841,4,6,2,9,hunt,2,2,-30.9601,hunt,2,2,-48.7742,False
4842,4,6,2,10,wait,2,2,-31.4541,wait,2,2,-49.3416,False
4843,4,6,2,11,wait,2,2,-34.1536,wait,2,2,-54.3433,False
4844,4,6,2,12,wait,2,2,-38.5432,wait,2,2,-61.4841,False
4845,4,6,2,13,wait,2,2,-45.0024,wait,2,2,-72.9724,False
4846,4,6,2,14,hunt,1,2,-86.2249,wait,2,2,-87.1596,True
4847,4,6,2,15,wait,0,0,0.0,wait,0,0,0.0,False
4848,4,6,3,0,hunt,2,2,-14.8782,hunt,2,2,-25.9311,False
4849,4,6,3,1,hunt,2,2,-14.7921,hunt,2,2,-25.6763,False
4850,4,6,3,2,hunt,2,2,-15.3196,hunt,2,2,-27.4049,False
4851,4,6,3,3,hunt,2,2,-15.4603,hunt,2,2,-26.6895,False
4852,4,6,3,4,hunt,2,2,-15.67,hunt,2,2,-27.5528,False
4853,4,6,3,5,hunt,2,2,-16.3246,hunt,2,2,-28.5246,False
4854,4,6,3,6,hunt,2,2,-17.3032,hunt,2,2,-29.8866,False
4855,4,6,3,7,hunt,2,2,-17.7482,hunt,2,2,-30.6471,False
4856,4,6,3,8,hunt,2,2,-18.9318,hunt,2,2,-32.8116,False
4857,4,6,3,9,wait,2,2,-20.9471,wait,2,2,-36.1667,False
4858,4,6,3,10,hunt,2,2,-23.5,hunt,2,2,-40.1932,False
4859,4,6,3,11,hunt,2,2,-27.4129,hunt,2,2,-47.3015,False
4860,4,6,3,12,wait,2,2,-33.6213,wait,2,2,-57.0836,False
4861,4,6,3,13,wait,2,2,-40.984,wait,2,2,-69.2947,False
4862,4,6,3,14,wait,2,1,-84.3883,hunt,2,2,-86.2527,True
4863,4,6,3,15,wait,0,0,0.0,wait,0,0,0.0,False
4864,4,6,4,0,hunt,2,2,-1.7168,hunt,2,2,-7.1128,False
4865,4,6,4,1,hunt,2,2,-1.5267,hunt,2,2,-7.4648,False
4866,4,6,4,2,hunt,2,2,-2.2232,hunt,2,2,-8.4248,False
4867,4,6,4,3,hunt,2,2,-2.4096,hunt,2,2,-8.4502,False
4868,4,6,4,4,hunt,2,2,-2.7519,hunt,2,2,-9.2955,False
4869,4,6,4,5,hunt,2,2,-4.016,hunt,2,2,-11.103,False
4870,4,6,4,6,hunt,2,2,-5.4632,hunt,2,2,-13.9604,False
4871,4,6,4,7,hunt,2,2,-7.0232,hunt,2,2,-16.4053,False
4872,4,6,4,8,wait,2,2,-9.4187,wait,2,2,-20.5689,False
4873,4,6,4,9,wait,2,2,-12.6731,wait,2,2,-25.7728,False
4874,4,6,4,10,hunt,2,2,-16.6112,hunt,2,2,-32.2509,False
4875,4,6,4,11,hunt,2,2,-22.2073,hunt,2,2,-41.8632,False
4876,4,6,4,12,hunt,2,2,-29.1947,wait,2,2,-53.5481,True
4877,4,6,4,13,hunt,2,2,-37.6544,hunt,2,2,-67.4305,False
4878,4,6,4,14,wait,0,1,-83.033,wait,2,2,-84.8652,True
4879,4,6,4,15,wait,0,0,0.0,wait,0,0,0.0,False
4880,4,6,5,0,wait,1,1,3.3129,hunt,1,2,2.1741,True
4881,4,6,5,1,wait,1,2,2.4013,hunt,1,1,3.5771,True
4882,4,6,5,2,hunt,1,1,4.1396,hunt,1,1,3.5025,False
4883,4,6,5,3,wait,1,2,1.4438,hunt,1,1,2.9211,True
4884,4,6,5,4,hunt,1,2,1.7115,hunt,1,1,2.4299,True
4885,4,6,5,5,hunt,1,2,0.9681,hunt,1,1,2.1982,True
4886,4,6,5,6,hunt,1,2,0.2164,hunt,0,1,-2.5265,True
4887,4,6,5,7,hunt,1,2,-2.4068,hunt,1,1,-8.433,True
4888,4,6,5,8,wait,1,2,-5.1212,hunt,1,1,-13.1838,True
4889,4,6,5,9,hunt,2,2,-8.5427,hunt,1,1,-20.3898,True
4890,4,6,5,10,hunt,0,0,-13.1886,hunt,1,1,-28.1067,True
4891,4,6,5,11,hunt,1,2,-19.0423,hunt,1,1,-37.7809,True
4892,4,6,5,12,hunt,1,1,-26.4039,hunt,1,1,-49.1687,False
4893,4,6,5,13,hunt,2,2,-36.1288,hunt,2,2,-67.3762,False
4894,4,6,5,14,hunt,2,2,-82.3455,hunt,2,2,-85.1104,False
4895,4,6,5,15,wait,0,0,0.0,wait,0,0,0.0,False
4912,4,7,1,0,hunt,2,2,-46.9857,hunt,2,2,-64.83,False
4913,4,7,1,1,hunt,2,2,-46.9274,hunt,2,2,-65.3601,False
4914,4,7,1,2,hunt,2,2,-46.7196,hunt,2,2,-64.3338,False
4915,4,7,1,3,wait,2,2,-46.9607,wait,2,2,-65.615,False
4916,4,7,1,4,hunt,2,2,-46.9851,hunt,2,2,-65.1956,False
4917,4,7,1,5,hunt,2,2,-47.308,hunt,2,2,-65.3624,False
4918,4,7,1,6,hunt,2,2,-47.0708,hunt,2,2,-65.3717,False
4919,4,7,1,7,wait,2,2,-46.8096,wait,2,2,-64.7023,False
4920,4,7,1,8,wait,2,2,-47.1697,wait,2,2,-65.4574,False
4921,4,7,1,9,wait,2,2,-47.006,wait,2,2,-65.0748,False
4922,4,7,1,10,wait,2,2,-47.0194,wait,2,2,-65.6189,False
4923,4,7,1,11,wait,2,2,-47.8404,wait,2,2,-66.479,False
4924,4,7,1,12,wait,2,2,-49.8432,wait,2,2,-70.2776,False
4925,4,7,1,13,wait,2,2,-54.681,wait,2,2,-78.0456,False
4926,4,7,1,14,hunt,2,2,-88.9224,hunt,2,2,-89.5527,False
4927,4,7,1,15,wait,0,0,0.0,wait,0,0,0.0,False
4928,4,7,2,0,hunt,2,2,-27.7162,hunt,2,2,-43.965,False
4929,4,7,2,1,hunt,2,2,-28.3422,hunt,2,2,-44.268,False
4930,4,7,2,2,hunt,2,2,-28.1054,hunt,2,2,-44.5168,False
4931,4,7,2,3,hunt,2,2,-28.232,hunt,2,2,-44.2571,False
4932,4,7,2,4,hunt,2,2,-28.7468,hunt,2,2,-45.6042,False
4933,4,7,2,5,hunt,2,2,-28.8889,hunt,2,2,-45.4626,False
4934,4,7,2,6,wait,2,2,-29.3334,hunt,2,2,-46.256,True
4935,4,7,2,7,hunt,2,2,-29.2283,hunt,2,2,-45.7304,False
4936,4,7,2,8,hunt,2,2,-30.0868,hunt,2,2,-47.5313,False
4937,4,7,2,9,hunt,2,2,-30.8357,hunt,2,2,-48.3546,False
4938,4,7,2,10,wait,2,2,-31.6554,wait,2,2,-50.0345,False
4939,4,7,2,11,wait,2,2,-34.0267,wait,2,2,-54.0867,False
4940,4,7,2,12,wait,2,2,-39.0243,wait,2,2,-61.7656,False
4941,4,7,2,13,wait,2,2,-45.3515,wait,2,2,-73.3033,False
4942,4,7,2,14,hunt,2,2,-86.2137,hunt,2,2,-87.5351,False
4943,4,7,2,15,wait,0,0,0.0,wait,0,0,0.0,False
4944,4,7,3,0,hunt,2,2,-13.2525,hunt,2,2,-23.7974,False
4945,4,7,3,1,hunt,2,2,-13.3935,hunt,2,2,-23.6677,False
4946,4,7,3,2,hunt,2,2,-13.7426,hunt,2,2,-24.0298,False
4947,4,7,3,3,hunt,2,2,-13.3801,hunt,2,2,-24.3448,False
4948,4,7,3,4,hunt,2,2,-14.0128,hunt,2,2,-24.9755,False
4949,4,7,3,5,hunt,2,2,-14.6731,hunt,2,2,-25.912,False
4950,4,7,3,6,hunt,2,2,-15.5783,hunt,2,2,-27.8433,False
4951,4,7,3,7,hunt,2,2,-16.4433,hunt,2,2,-28.9756,False
4952,4,7,3,8,hunt,2,2,-17.8715,hunt,2,2,-31.5059,False
4953,4,7,3,9,hunt,2,2,-20.4022,hunt,2,2,-34.9073,False
4954,4,7,3,10,wait,2,2,-23.155,wait,2,2,-39.6433,False
4955,4,7,3,11,hunt,2,2,-27.3616,wait,2,2,-47.4285,True
4956,4,7,3,12,hunt,2,2,-33.5705,wait,2,2,-57.1058,True
4957,4,7,3,13,wait,2,2,-41.0023,wait,2,2,-69.7707,False
4958,4,7,3,14,hunt,2,2,-84.3873,wait,2,2,-86.0863,True
4959,4,7,3,15,wait,0,0,0.0,wait,0,0,0.0,False
4960,4,7,4,0,hunt,2,2,0.3918,hunt,2,2,-3.5794,False
4961,4,7,4,1,hunt,2,2,-0.1717,hunt,1,1,-4.1718,True
4962,4,7,4,2,hunt,2,2,-0.5447,hunt,2,2,-5.4851,False
4963,4,7,4,3,hunt,2,2,-0.5925,hunt,2,2,-5.4487,False
4964,4,7,4,4,hunt,2,2,-1.3467,hunt,2,2,-7.0726,False
4965,4,7,4,5,hunt,2,2,-2.1505,hunt,2,2,-8.3711,False
4966,4,7,4,6,hunt,2,2,-3.9526,hunt,2,2,-11.1828,False
4967,4,7,4,7,hunt,2,2,-5.9035,hunt,2,2,-14.5235,False
4968,4,7,4,8,hunt,2,2,-8.5657,hunt,2,2,-18.8091,False
4969,4,7,4,9,wait,1,2,-11.675,hunt,2,2,-24.3368,True
4970,4,7,4,10,hunt,2,2,-15.8269,hunt,2,2,-31.0473,False
4971,4,7,4,11,hunt,2,2,-21.7333,hunt,2,2,-41.1406,False
4972,4,7,4,12,hunt,2,2,-29.0439,hunt,2,2,-53.215,False
4973,4,7,4,13,wait,2,2,-37.7366,wait,2,2,-67.3692,False
4974,4,7,4,14,hunt,1,1,-83.0378,hunt,2,2,-85.0284,True
4975,4,7,4,15,wait,0,0,0.0,wait,0,0,0.0,False
4976,4,7,5,0,hunt,2,1,2.2049,hunt,1,1,3.7539,True
4977,4,7,5,1,wait,1,2,3.9621,hunt,1,1,4.4209,True
4978,4,7,5,2,wait,1,2,3.9354,hunt,1,2,3.8068,True
4979,4,7,5,3,wait,1,2,3.254,hunt,1,1,3.7069,True
4980,4,7,5,4,wait,1,2,2.2396,hunt,1,1,2.9845,True
4981,4,7,5,5,hunt,1,2,2.162,hunt,1,1,2.9825,True
4982,4,7,5,6,hunt,1,1,1.6651,wait,1,1,1.3696,True
4983,4,7,5,7,wait,1,2,-1.0969,hunt,1,1,-6.3974,True
4984,4,7,5,8,hunt,0,1,-4.0351,hunt,1,1,-11.4302,True
4985,4,7,5,9,hunt,1,2,-7.5917,hunt,1,1,-17.6698,True
4986,4,7,5,10,wait,1,2,-12.2596,hunt,1,1,-25.7426,True
4987,4,7,5,11,hunt,2,2,-18.1454,hunt,1,1,-35.1936,True
4988,4,7,5,12,wait,2,2,-25.667,hunt,1,1,-47.2481,True
4989,4,7,5,13,hunt,2,1,-36.1536,hunt,2,2,-67.6716,True
4990,4,7,5,14,wait,2,0,-82.4702,wait,2,2,-84.8883,True
4991,4,7,5,15,wait,0,0,0.0,wait,0,0,0.0,False
5008,4,8,1,0,hunt,2,2,-46.4777,hunt,2,2,-63.9281,False
5009,4,8,1,1,hunt,2,2,-46.8115,hunt,2,2,-64.2725,False
5010,4,8,1,2,hunt,2,2,-47.1628,hunt,2,2,-65.2692,False
5011,4,8,1,3,hunt,2,2,-46.2839,hunt,2,2,-64.7333,False
5012,4,8,1,4,wait,2,2,-47.2448,hunt,2,2,-65.6273,True
5013,4,8,1,5,wait,2,2,-46.9394,wait,2,2,-65.1099,False
5014,4,8,1,6,hunt,2,2,-47.0188,hunt,2,2,-65.5848,False
5015,4,8,1,7,wait,2,2,-47.1946,wait,2,2,-65.7862,False
5016,4,8,1,8,wait,2,2,-46.961,wait,2,2,-64.8066,False
5017,4,8,1,9,hunt,2,2,-47.1408,hunt,2,2,-64.6416,False
5018,4,8,1,10,wait,2,2,-47.1446,wait,2,2,-65.4241,False
5019,4,8,1,11,wait,2,2,-47.7628,wait,2,2,-66.1315,False
5020,4,8,1,12,wait,2,2,-49.8784,wait,2,2,-69.9521,False
5021,4,8,1,13,wait,2,2,-55.0097,wait,2,2,-78.3369,False
5022,4,8,1,14,hunt,1,2,-88.9967,hunt,2,2,-89.6204,True
5023,4,8,1,15,wait,0,0,0.0,wait,0,0,0.0,False
5024,4,8,2,0,hunt,2,2,-27.6193,hunt,2,2,-43.5255,False
5025,4,8,2,1,hunt,2,2,-27.1918,hunt,2,2,-43.0699,False
5026,4,8,2,2,hunt,2,2,-27.7368,hunt,2,2,-43.8687,False
5027,4,8,2,3,hunt,2,2,-27.8085,hunt,2,2,-44.1034,False
5028,4,8,2,4,hunt,2,2,-27.6622,hunt,2,2,-43.7311,False
5029,4,8,2,5,hunt,2,2,-27.8432,hunt,2,2,-44.1329,False
5030,4,8,2,6,hunt,2,2,-28.2447,hunt,2,2,-44.4949,False
5031,4,8,2,7,hunt,2,2,-28.8799,hunt,2,2,-45.4001,False
5032,4,8,2,8,hunt,2,2,-29.3603,hunt,2,2,-46.5231,False
5033,4,8,2,9,hunt,2,2,-30.4257,hunt,2,2,-47.9856,False
5034,4,8,2,10,wait,2,2,-31.6282,wait,2,2,-49.5968,False
5035,4,8,2,11,wait,2,2,-34.3626,wait,2,2,-54.9528,False
5036,4,8,2,12,wait,2,2,-38.555,wait,2,2,-61.4255,False
5037,4,8,2,13,wait,2,2,-45.4639,wait,2,2,-72.3905,False
5038,4,8,2,14,wait,2,2,-86.2228,wait,2,2,-87.0242,False
5039,4,8,2,15,wait,0,0,0.0,wait,0,0,0.0,False
5040,4,8,3,0,hunt,2,2,-12.1535,hunt,2,2,-21.4536,False
5041,4,8,3,1,hunt,2,2,-11.9478,hunt,2,2,-21.6414,False
5042,4,8,3,2,hunt,2,2,-12.1919,hunt,2,2,-21.7102,False
5043,4,8,3,3,hunt,2,2,-12.9789,hunt,2,2,-22.8484,False
5044,4,8,3,4,hunt,2,2,-12.9522,hunt,2,2,-22.8644,False
5045,4,8,3,5,hunt,2,2,-14.0711,hunt,2,2,-24.7097,False
5046,4,8,3,6,hunt,2,2,-14.3673,hunt,2,2,-25.2388,False
5047,4,8,3,7,hunt,2,2,-16.1144,hunt,2,2,-28.317,False
5048,4,8,3,8,hunt,2,2,-17.616,hunt,2,2,-30.6576,False
5049,4,8,3,9,hunt,2,2,-19.5275,hunt,2,2,-33.6606,False
5050,4,8,3,10,hunt,2,2,-22.8567,hunt,2,2,-39.7264,False
5051,4,8,3,11,hunt,2,2,-27.2742,hunt,2,2,-46.7058,False
5052,4,8,3,12,hunt,2,2,-33.7182,wait,2,2,-57.1806,True
5053,4,8,3,13,wait,2,2,-41.0053,wait,2,2,-69.6711,False
5054,4,8,3,14,hunt,1,1,-84.3277,hunt,2,2,-85.9252,True
5055,4,8,3,15,wait,0,0,0.0,wait,0,0,0.0,False
5056,4,8,4,0,hunt,2,2,1.1694,hunt,1,1,-1.6328,True
5057,4,8,4,1,hunt,2,2,1.483,wait,2,2,-0.8546,True
5058,4,8,4,2,hunt,2,2,1.0019,wait,2,2,-0.2051,True
5059,4,8,4,3,hunt,2,2,0.8987,hunt,1,2,-2.449,True
5060,4,8,4,4,hunt,2,2,0.2669,hunt,1,1,-3.4231,True
5061,4,8,4,5,hunt,2,2,-0.774,hunt,2,2,-5.5333,False
5062,4,8,4,6,wait,2,0,-2.8851,hunt,2,2,-10.0463,True
5063,4,8,4,7,hunt,2,2,-4.9487,hunt,2,2,-13.194,False
5064,4,8,4,8,wait,2,2,-7.4699,hunt,2,2,-17.5694,True
5065,4,8,4,9,hunt,2,2,-10.9778,hunt,2,2,-23.0167,False
5066,4,8,4,10,wait,2,2,-15.7632,hunt,2,2,-31.1882,True
5067,4,8,4,11,hunt,2,2,-21.084,hunt,2,2,-39.5385,False
5068,4,8,4,12,hunt,2,2,-28.8639,hunt,2,2,-53.0628,False
5069,4,8,4,13,hunt,2,2,-37.8124,hunt,2,2,-67.6968,False
5070,4,8,4,14,hunt,2,2,-83.1379,wait,2,2,-85.6315,True
5071,4,8,4,15,wait,0,0,0.0,wait,0,0,0.0,False
5072,4,8,5,0,wait,1,2,5.1841,wait,1,2,4.3675,False
5073,4,8,5,1,wait,1,1,5.3864,wait,1,1,5.2411,False
5074,4,8,5,2,hunt,2,2,2.6371,hunt,1,1,4.4798,True
5075,4,8,5,3,hunt,1,2,5.5152,hunt,1,2,5.2484,False
5076,4,8,5,4,hunt,2,2,1.7006,hunt,1,2,4.0681,True
5077,4,8,5,5,wait,1,1,1.501,hunt,1,2,3.3728,True
5078,4,8,5,6,hunt,1,2,1.9645,hunt,1,1,2.9004,True
5079,4,8,5,7,hunt,1,1,-0.2703,hunt,1,1,-4.0858,False
5080,4,8,5,8,wait,1,2,-3.1778,hunt,1,1,-9.6175,True
5081,4,8,5,9,hunt,1,2,-6.788,hunt,1,1,-15.9425,True
5082,4,8,5,10,wait,1,1,-11.6278,hunt,1,1,-23.8267,True
5083,4,8,5,11,hunt,1,1,-17.4691,hunt,1,1,-33.1475,False
5084,4,8,5,12,hunt,1,1,-24.629,hunt,1,1,-44.9876,False
5085,4,8,5,13,wait,0,2,-36.1704,wait,1,2,-68.0048,True
5086,4,8,5,14,hunt,2,1,-82.2781,wait,2,2,-84.5334,True
5087,4,8,5,15,wait,0,0,0.0,wait,0,0,0.0,False
5104,4,9,1,0,hunt,2,2,-46.6602,hunt,2,2,-63.9876,False
5105,4,9,1,1,hunt,2,2,-46.4299,hunt,2,2,-63.8036,False
5106,4,9,1,2,hunt,2,2,-46.7443,hunt,2,2,-63.9584,False
5107,4,9,1,3,hunt,2,2,-46.2423,hunt,2,2,-64.2997,False
5108,4,9,1,4,hunt,2,2,-46.8532,hunt,2,2,-64.2829,False
5109,4,9,1,5,hunt,2,2,-46.8552,hunt,2,2,-65.0723,False
5110,4,9,1,6,hunt,2,2,-46.794,hunt,2,2,-64.4031,False
5111,4,9,1,7,hunt,2,2,-46.6602,hunt,2,2,-64.8767,False
5112,4,9,1,8,wait,2,2,-47.0259,wait,2,2,-65.114,False
5113,4,9,1,9,wait,2,2,-47.6103,wait,2,2,-66.0314,False
5114,4,9,1,10,wait,2,2,-47.3517,wait,2,2,-65.0895,False
5115,4,9,1,11,wait,2,2,-47.6412,wait,2,2,-66.1292,False
5116,4,9,1,12,wait,2,2,-50.3349,wait,2,2,-70.8436,False
5117,4,9,1,13,wait,2,2,-54.843,wait,2,2,-77.8389,False
5118,4,9,1,14,wait,2,1,-89.0404,hunt,2,2,-89.7316,True
5119,4,9,1,15,wait,0,0,0.0,wait,0,0,0.0,False
5120,4,9,2,0,hunt,2,2,-26.9716,hunt,2,2,-42.5565,False
5121,4,9,2,1,hunt,2,2,-26.729,hunt,2,2,-41.3955,False
5122,4,9,2,2,hunt,2,2,-26.8043,hunt,2,2,-41.8282,False
5123,4,9,2,3,hunt,2,2,-27.5323,hunt,2,2,-42.5848,False
5124,4,9,2,4,hunt,2,2,-27.7752,hunt,2,2,-43.6719,False
5125,4,9,2,5,hunt,2,2,-27.9431,hunt,2,2,-43.9502,False
5126,4,9,2,6,hunt,2,2,-28.1323,hunt,2,2,-44.5426,False
5127,4,9,2,7,hunt,2,2,-28.6996,hunt,2,2,-45.3594,False
5128,4,9,2,8,hunt,2,2,-29.668,hunt,2,2,-46.794,False
5129,4,9,2,9,hunt,2,2,-30.4842,hunt,2,2,-47.835,False
5130,4,9,2,10,wait,2,2,-31.7166,wait,2,2,-50.148,False
5131,4,9,2,11,wait,2,2,-34.0363,wait,2,2,-54.7523,False
5132,4,9,2,12,wait,2,2,-38.9543,wait,2,2,-61.7093,False
5133,4,9,2,13,wait,2,2,-45.3317,wait,2,2,-72.401,False
5134,4,9,2,14,hunt,2,2,-86.2594,hunt,2,2,-87.4927,False
5135,4,9,2,15,wait,0,0,0.0,wait,0,0,0.0,False
5136,4,9,3,0,hunt,2,2,-11.4102,hunt,2,2,-19.5658,False
5137,4,9,3,1,hunt,2,2,-11.7017,hunt,2,2,-20.8579,False
5138,4,9,3,2,hunt,2,2,-11.4523,hunt,2,2,-21.2555,False
5139,4,9,3,3,hunt,2,2,-12.021,hunt,2,2,-21.0325,False
5140,4,9,3,4,hunt,2,2,-12.302,hunt,2,2,-21.8815,False
5141,4,9,3,5,hunt,2,2,-13.0856,hunt,2,2,-22.7922,False
5142,4,9,3,6,hunt,2,2,-13.9604,hunt,2,2,-24.552,False
5143,4,9,3,7,hunt,2,2,-15.2933,hunt,2,2,-25.8281,False
5144,4,9,3,8,hunt,2,2,-17.1244,hunt,2,2,-30.1182,False
5145,4,9,3,9,hunt,2,2,-19.4996,hunt,2,2,-34.1291,False
5146,4,9,3,10,wait,2,2,-23.0125,wait,2,2,-39.6954,False
5147,4,9,3,11,hunt,2,2,-27.4683,hunt,2,2,-46.7091,False
5148,4,9,3,12,hunt,2,2,-33.4576,hunt,2,2,-57.025,False
5149,4,9,3,13,wait,2,2,-41.1023,wait,2,2,-69.9701,False
5150,4,9,3,14,hunt,0,2,-84.4415,hunt,2,2,-86.2633,True
5151,4,9,3,15,wait,0,0,0.0,wait,0,0,0.0,False
5152,4,9,4,0,hunt,2,2,1.9806,hunt,2,2,-1.1794,False
5153,4,9,4,1,hunt,2,2,2.105,wait,2,2,-0.2598,True
5154,4,9,4,2,hunt,2,2,1.6105,hunt,2,2,-1.8086,False
5155,4,9,4,3,hunt,2,2,1.3324,wait,2,2,-0.3812,True
5156,4,9,4,4,hunt,2,2,1.0899,hunt,1,2,-1.8636,True
5157,4,9,4,5,hunt,2,2,0.1618,hunt,1,1,-3.1696,True
5158,4,9,4,6,hunt,2,2,-2.2927,hunt,2,2,-8.431,False
5159,4,9,4,7,hunt,2,2,-4.5479,hunt,2,2,-12.2972,False
5160,4,9,4,8,hunt,2,2,-7.2678,hunt,2,2,-17.0518,False
5161,4,9,4,9,hunt,2,2,-10.7486,hunt,2,2,-22.1005,False
5162,4,9,4,10,hunt,2,2,-14.916,hunt,2,2,-29.472,False
5163,4,9,4,11,hunt,2,2,-20.471,hunt,2,2,-38.9112,False
5164,4,9,4,12,wait,2,2,-29.075,wait,2,2,-53.3847,False
5165,4,9,4,13,wait,0,2,-37.9112,wait,2,2,-68.2764,True
5166,4,9,4,14,hunt,2,1,-83.0327,hunt,2,2,-84.5812,True
5167,4,9,4,15,wait,0,0,0.0,wait,0,0,0.0,False
5168,4,9,5,0,hunt,1,2,5.8739,hunt,1,2,5.6201,False
5169,4,9,5,1,hunt,1,2,5.7906,hunt,1,2,5.5963,False
5170,4,9,5,2,hunt,1,1,6.5189,hunt,1,1,7.5353,False
5171,4,9,5,3,hunt,2,1,2.5693,wait,1,2,4.4265,True
5172,4,9,5,4,wait,1,2,4.0969,wait,1,1,3.7659,True
5173,4,9,5,5,hunt,2,2,1.595,hunt,1,2,3.8061,True
5174,4,9,5,6,hunt,1,2,3.0544,hunt,1,1,3.4688,True
5175,4,9,5,7,wait,1,2,0.2851,hunt,0,1,-1.5497,True
5176,4,9,5,8,hunt,1,1,-2.5893,hunt,1,1,-8.106,False
5177,4,9,5,9,hunt,1,2,-6.1466,hunt,1,1,-14.4033,True
5178,4,9,5,10,wait,1,2,-10.8758,hunt,1,1,-22.152,True
5179,4,9,5,11,hunt,1,1,-15.9927,hunt,1,1,-30.1327,False
5180,4,9,5,12,hunt,1,1,-22.207,hunt,1,1,-40.8975,False
5181,4,9,5,13,wait,0,1,-36.1736,hunt,2,2,-67.7026,True
5182,4,9,5,14,wait,1,2,-82.4726,hunt,2,2,-85.4128,True
5183,4,9,5,15,wait,0,0,0.0,wait,0,0,0.0,False
5200,4,10,1,0,hunt,2,2,-46.6157,hunt,2,2,-64.3051,False
5201,4,10,1,1,hunt,2,2,-46.2213,hunt,2,2,-63.9007,False
5202,4,10,1,2,wait,2,2,-46.9637,hunt,2,2,-64.9214,True
5203,4,10,1,3,hunt,2,2,-46.8215,hunt,2,2,-64.5091,False
5204,4,10,1,4,hunt,2,2,-46.173,hunt,2,2,-63.6419,False
5205,4,10,1,5,hunt,2,2,-46.7652,hunt,2,2,-64.4761,False
5206,4,10,1,6,hunt,2,2,-46.5322,hunt,2,2,-63.9785,False
5207,4,10,1,7,hunt,2,2,-46.775,hunt,2,2,-65.2175,False
5208,4,10,1,8,hunt,2,2,-47.18,hunt,2,2,-64.84,False
5209,4,10,1,9,wait,2,2,-47.1683,wait,2,2,-65.3358,False
5210,4,10,1,10,wait,2,2,-47.0441,wait,2,2,-65.1796,False
5211,4,10,1,11,wait,2,2,-47.5151,wait,2,2,-66.1546,False
5212,4,10,1,12,wait,2,2,-50.0755,wait,2,2,-69.9157,False
5213,4,10,1,13,wait,2,2,-54.2533,wait,2,2,-77.5576,False
5214,4,10,1,14,wait,2,2,-89.0646,hunt,2,2,-89.7527,True
5215,4,10,1,15,wait,0,0,0.0,wait,0,0,0.0,False
5216,4,10,2,0,hunt,2,2,-26.3961,hunt,2,2,-40.9882,False
5217,4,10,2,1,hunt,2,2,-26.5999,hunt,2,2,-42.3368,False
5218,4,10,2,2,hunt,2,2,-26.9844,hunt,2,2,-42.2464,False
5219,4,10,2,3,hunt,2,2,-27.109,hunt,2,2,-42.5144,False
5220,4,10,2,4,hunt,2,2,-27.2069,hunt,2,2,-42.4248,False
5221,4,10,2,5,hunt,2,2,-27.0475,hunt,2,2,-42.4021,False
5222,4,10,2,6,hunt,2,2,-27.7085,hunt,2,2,-43.2457,False
5223,4,10,2,7,hunt,2,2,-28.0189,hunt,2,2,-44.5712,False
5224,4,10,2,8,hunt,2,2,-29.0711,hunt,2,2,-45.4429,False
5225,4,10,2,9,hunt,2,2,-30.3858,hunt,2,2,-48.4569,False
5226,4,10,2,10,wait,2,2,-31.5887,wait,2,2,-49.8735,False
5227,4,10,2,11,wait,2,2,-34.2141,wait,2,2,-54.3044,False
5228,4,10,2,12,wait,2,2,-38.5156,wait,2,2,-61.624,False
5229,4,10,2,13,wait,2,2,-45.1147,hunt,2,2,-73.0052,True
5230,4,10,2,14,hunt,2,1,-86.2835,hunt,2,2,-87.3099,True
5231,4,10,2,15,wait,0,0,0.0,wait,0,0,0.0,False
5232,4,10,3,0,hunt,2,2,-10.0818,hunt,2,2,-18.2611,False
5233,4,10,3,1,hunt,2,2,-11.1493,hunt,2,2,-19.9798,False
5234,4,10,3,2,hunt,2,2,-11.1929,hunt,2,2,-20.3103,False
5235,4,10,3,3,hunt,2,2,-11.8065,hunt,2,2,-20.4141,False
5236,4,10,3,4,hunt,2,2,-11.6921,hunt,2,2,-20.7893,False
5237,4,10,3,5,hunt,2,2,-12.5594,hunt,2,2,-22.2976,False
5238,4,10,3,6,hunt,2,2,-13.8642,hunt,2,2,-24.2133,False
5239,4,10,3,7,hunt,2,2,-14.758,hunt,2,2,-25.919,False
5240,4,10,3,8,wait,2,2,-17.2157,hunt,2,2,-30.2902,True
5241,4,10,3,9,hunt,2,2,-19.3002,hunt,2,2,-33.464,False
5242,4,10,3,10,hunt,2,2,-22.5568,hunt,2,2,-38.9478,False
5243,4,10,3,11,hunt,2,2,-26.9809,hunt,2,2,-45.7977,False
5244,4,10,3,12,hunt,2,2,-33.4965,hunt,2,2,-57.6078,False
5245,4,10,3,13,wait,2,2,-40.9163,wait,2,2,-70.3476,False
5246,4,10,3,14,wait,1,1,-84.3963,hunt,2,2,-86.7769,True
5247,4,10,3,15,wait,0,0,0.0,wait,0,0,0.0,False
5248,4,10,4,0,hunt,2,2,2.4589,hunt,2,2,-0.4029,False
5249,4,10,4,1,hunt,2,2,2.3263,wait,2,2,-0.1308,True
5250,4,10,4,2,hunt,2,2,1.755,hunt,2,2,-1.8099,False
5251,4,10,4,3,hunt,2,2,1.842,wait,2,2,-0.2052,True
5252,4,10,4,4,hunt,2,2,1.5316,wait,2,2,-0.7561,True
5253,4,10,4,5,hunt,2,2,0.6543,hunt,1,1,-2.5063,True
5254,4,10,4,6,hunt,2,2,-1.7813,hunt,2,2,-7.8063,False
5255,4,10,4,7,hunt,2,2,-4.1241,hunt,2,2,-11.6299,False
5256,4,10,4,8,hunt,2,2,-6.6879,hunt,2,2,-16.0833,False
5257,4,10,4,9,hunt,2,2,-10.3403,hunt,2,2,-21.7144,False
5258,4,10,4,10,hunt,2,2,-14.4749,hunt,2,2,-29.0531,False
5259,4,10,4,11,hunt,2,2,-20.2843,hunt,2,2,-37.9885,False
5260,4,10,4,12,hunt,2,2,-29.0314,hunt,1,2,-52.3941,True
5261,4,10,4,13,hunt,2,2,-37.8852,wait,2,2,-67.9136,True
5262,4,10,4,14,wait,0,2,-83.0832,hunt,2,2,-85.3482,True
5263,4,10,4,15,wait,0,0,0.0,wait,0,0,0.0,False
5264,4,10,5,0,hunt,2,1,3.8049,hunt,1,1,4.7591,True
5265,4,10,5,1,wait,1,2,6.5769,wait,1,2,6.8004,False
5266,4,10,5,2,hunt,1,1,7.0697,hunt,1,1,7.8148,False
5267,4,10,5,3,hunt,1,2,6.5845,hunt,1,2,6.8367,False
5268,4,10,5,4,hunt,1,1,5.3352,hunt,1,1,5.696,False
5269,4,10,5,5,hunt,2,2,2.5442,wait,1,1,4.0305,True
5270,4,10,5,6,hunt,1,2,3.8155,hunt,1,1,3.1364,True
5271,4,10,5,7,hunt,1,2,1.1034,wait,1,1,0.2227,True
5272,4,10,5,8,hunt,1,2,-1.9278,hunt,1,1,-7.2128,True
5273,4,10,5,9,hunt,1,1,-5.6287,hunt,1,1,-13.1765,False
5274,4,10,5,10,wait,1,1,-10.3332,hunt,1,1,-21.4739,True
5275,4,10,5,11,hunt,0,2,-15.3949,hunt,1,1,-29.3658,True
5276,4,10,5,12,hunt,1,1,-21.7597,hunt,1,1,-39.9656,False
5277,4,10,5,13,hunt,2,1,-36.1376,wait,1,2,-67.3701,True
5278,4,10,5,14,wait,2,1,-82.3249,wait,2,2,-85.1867,True
5279,4,10,5,15,wait,0,0,0.0,wait,0,0,0.0,False
5296,5,0,1,0,wait,2,0,-98.8916,wait,2,0,-98.8984,False
5297,5,0,1,1,wait,2,0,-98.8916,wait,2,0,-98.8984,False
5298,5,0,1,2,wait,2,0,-98.8915,wait,2,0,-98.8984,False
5299,5,0,1,3,wait,2,0,-98.8916,wait,2,0,-98.8984,False
5300,5,0,1,4,wait,2,0,-98.8916,wait,2,0,-98.8984,False
5301,5,0,1,5,wait,2,0,-98.8916,wait,2,0,-98.8984,False
5302,5,0,1,6,wait,2,0,-98.8916,wait,2,0,-98.8984,False
5303,5,0,1,7,wait,2,0,-98.8916,wait,2,0,-98.8984,False
5304,5,0,1,8,wait,2,0,-98.8915,wait,2,0,-98.8984,False
5305,5,0,1,9,wait,2,0,-98.8916,wait,2,0,-98.8984,False
5306,5,0,1,10,wait,2,0,-98.8916,wait,2,0,-98.8984,False
5307,5,0,1,11,wait,2,0,-98.8916,wait,2,0,-98.8984,False
5308,5,0,1,12,wait,2,0,-98.8917,wait,2,0,-98.8984,False
5309,5,0,1,13,wait,2,0,-98.8916,wait,2,0,-98.8984,False
5310,5,0,1,14,wait,2,0,-98.8916,wait,2,0,-98.8984,False
5311,5,0,1,15,wait,0,0,0.0,wait,0,0,0.0,False
5312,5,0,2,0,wait,1,0,-70.1204,wait,1,0,-85.2024,False
5313,5,0,2,1,wait,1,0,-70.4279,wait,2,0,-85.6201,True
5314,5,0,2,2,wait,1,0,-70.0507,wait,1,0,-84.8757,False
5315,5,0,2,3,wait,2,0,-70.2827,wait,2,0,-85.3148,False
5316,5,0,2,4,wait,1,0,-69.7762,wait,1,0,-84.4629,False
5317,5,0,2,5,wait,1,0,-70.0824,wait,1,0,-85.4151,False
5318,5,0,2,6,wait,1,0,-69.8302,wait,1,0,-84.6752,False
5319,5,0,2,7,wait,1,0,-69.9261,wait,1,0,-85.0429,False
5320,5,0,2,8,wait,1,0,-69.8049,wait,1,0,-84.5314,False
5321,5,0,2,9,wait,1,0,-69.9356,wait,1,0,-84.8674,False
5322,5,0,2,10,wait,1,0,-70.1828,wait,1,0,-85.2476,False
5323,5,0,2,11,wait,2,0,-70.1494,wait,2,0,-85.8923,False
5324,5,0,2,12,wait,2,0,-71.1789,wait,2,0,-86.7378,False
5325,5,0,2,13,wait,2,0,-72.8857,wait,2,0,-89.1976,False
5326,5,0,2,14,wait,2,0,-93.4597,wait,2,0,-93.1763,False
5327,5,0,2,15,wait,0,0,0.0,wait,0,0,0.0,False
5328,5,0,3,0,wait,1,0,-49.397,wait,1,0,-68.1924,False
5329,5,0,3,1,wait,1,0,-49.7723,wait,1,0,-68.9915,False
5330,5,0,3,2,wait,1,0,-49.8701,wait,1,0,-69.1801,False
5331,5,0,3,3,wait,1,0,-50.1844,wait,1,0,-69.3075,False
5332,5,0,3,4,wait,1,0,-49.6866,wait,1,0,-69.1143,False
5333,5,0,3,5,wait,1,0,-49.9022,wait,1,0,-68.5432,False
5334,5,0,3,6,wait,1,0,-49.9093,wait,1,0,-68.7685,False
5335,5,0,3,7,wait,1,0,-49.8688,wait,1,0,-69.2041,False
5336,5,0,3,8,wait,1,0,-50.208,wait,1,0,-69.3514,False
5337,5,0,3,9,wait,1,0,-50.0634,wait,1,0,-68.9,False
5338,5,0,3,10,wait,1,0,-50.804,wait,1,0,-69.8794,False
5339,5,0,3,11,wait,2,0,-51.6544,wait,2,0,-72.3242,False
5340,5,0,3,12,wait,1,0,-53.9307,wait,1,0,-75.5072,False
5341,5,0,3,13,wait,2,0,-57.2451,wait,2,0,-81.2912,False
5342,5,0,3,14,wait,2,0,-90.6656,wait,2,0,-90.8306,False
5343,5,0,3,15,wait,0,0,0.0,wait,0,0,0.0,False
5344,5,0,4,0,wait,1,0,-32.582,wait,1,0,-50.5125,False
5345,5,0,4,1,wait,1,0,-33.3424,wait,1,0,-51.9908,False
5346,5,0,4,2,wait,1,0,-33.0018,wait,1,0,-51.287,False
5347,5,0,4,3,wait,1,0,-32.8196,wait,1,0,-50.4516,False
5348,5,0,4,4,wait,1,0,-33.2636,wait,1,0,-51.922,False
5349,5,0,4,5,wait,1,0,-33.0949,wait,1,0,-51.4356,False
5350,5,0,4,6,wait,1,0,-33.5,wait,1,0,-51.717,False
5351,5,0,4,7,wait,1,0,-33.344,wait,1,0,-51.6641,False
5352,5,0,4,8,wait,1,0,-33.4047,wait,1,0,-51.8486,False
5353,5,0,4,9,wait,1,0,-34.3886,wait,1,0,-53.5478,False
5354,5,0,4,10,wait,1,0,-35.2674,wait,1,0,-54.9561,False
5355,5,0,4,11,wait,1,0,-37.8114,wait,1,0,-59.621,False
5356,5,0,4,12,wait,1,0,-42.1722,wait,1,0,-66.5287,False
5357,5,0,4,13,wait,2,0,-47.6587,wait,2,0,-75.4082,False
5358,5,0,4,14,wait,2,0,-89.1445,wait,2,0,-89.1861,False
5359,5,0,4,15,wait,0,0,0.0,wait,0,0,0.0,False
5360,5,0,5,0,wait,1,0,-21.3,wait,1,0,-35.3109,False
5361,5,0,5,1,wait,1,0,-21.5894,wait,1,0,-35.3763,False
5362,5,0,5,2,wait,1,0,-21.5003,wait,1,0,-35.2495,False
5363,5,0,5,3,wait,1,0,-21.4081,wait,1,0,-35.3688,False
5364,5,0,5,4,wait,1,0,-21.765,wait,1,0,-36.2745,False
5365,5,0,5,5,wait,1,0,-21.9402,wait,1,0,-36.2793,False
5366,5,0,5,6,wait,1,0,-22.2615,wait,1,0,-36.8912,False
5367,5,0,5,7,wait,1,0,-22.7665,wait,1,0,-37.748,False
5368,5,0,5,8,wait,1,0,-23.4892,wait,1,0,-38.7967,False
5369,5,0,5,9,wait,1,0,-24.8762,wait,1,0,-41.4747,False
5370,5,0,5,10,wait,1,0,-27.3023,wait,1,0,-44.9816,False
5371,5,0,5,11,wait,1,0,-31.201,wait,1,0,-51.3243,False
5372,5,0,5,12,wait,2,0,-36.9688,wait,1,0,-61.3094,True
5373,5,0,5,13,wait,2,0,-44.0954,wait,2,0,-73.6985,False
5374,5,0,5,14,wait,2,0,-88.3261,wait,2,0,-87.4739,False
5375,5,0,5,15,wait,0,0,0.0,wait,0,0,0.0,False
5392,5,1,1,0,wait,1,1,-68.8901,wait,1,1,-84.3269,False
5393,5,1,1,1,wait,1,1,-69.7234,wait,1,1,-84.6434,False
5394,5,1,1,2,wait,1,1,-69.3767,wait,1,1,-84.209,False
5395,5,1,1,3,wait,1,1,-69.2199,wait,1,1,-83.9168,False
5396,5,1,1,4,wait,2,1,-69.7219,wait,2,1,-84.6557,False
5397,5,1,1,5,wait,2,1,-69.4491,wait,2,1,-84.7529,False
5398,5,1,1,6,wait,1,1,-69.2038,wait,1,1,-84.0816,False
5399,5,1,1,7,wait,2,1,-69.5478,wait,2,1,-84.7212,False
5400,5,1,1,8,wait,1,1,-69.1954,wait,1,1,-84.3016,False
5401,5,1,1,9,wait,1,1,-69.327,wait,1,1,-84.5834,False
5402,5,1,1,10,wait,1,1,-69.5083,wait,1,1,-84.1257,False
5403,5,1,1,11,wait,2,1,-69.6136,wait,2,1,-85.1389,False
5404,5,1,1,12,wait,2,1,-69.8903,wait,2,1,-85.5425,False
5405,5,1,1,13,wait,2,1,-71.1165,wait,2,1,-87.6979,False
5406,5,1,1,14,wait,2,1,-92.8317,wait,2,1,-92.8282,False
5407,5,1,1,15,wait,0,0,0.0,wait,0,0,0.0,False
5408,5,1,2,0,wait,1,1,-48.5836,wait,1,1,-67.2003,False
5409,5,1,2,1,wait,1,1,-48.529,wait,1,1,-67.2128,False
5410,5,1,2,2,wait,1,1,-49.0853,wait,1,1,-67.8004,False
5411,5,1,2,3,wait,1,1,-48.9541,wait,1,1,-67.5837,False
5412,5,1,2,4,wait,1,1,-49.4165,wait,1,1,-68.6408,False
5413,5,1,2,5,wait,1,1,-48.6122,wait,1,1,-67.6562,False
5414,5,1,2,6,wait,1,1,-48.7065,wait,1,1,-67.5899,False
5415,5,1,2,7,wait,1,1,-49.3748,wait,1,1,-68.1263,False
5416,5,1,2,8,wait,1,1,-48.8438,wait,1,1,-67.5288,False
5417,5,1,2,9,wait,1,1,-48.7426,wait,1,1,-67.7263,False
5418,5,1,2,10,wait,1,1,-49.7684,wait,1,1,-69.0922,False
5419,5,1,2,11,wait,1,1,-51.2022,wait,1,1,-71.0848,False
5420,5,1,2,12,wait,2,1,-52.9196,wait,2,1,-74.7814,False
5421,5,1,2,13,wait,2,1,-56.0552,wait,2,1,-79.6582,False
5422,5,1,2,14,wait,2,1,-89.9323,wait,2,1,-90.1039,False
5423,5,1,2,15,wait,0,0,0.0,wait,0,0,0.0,False
5424,5,1,3,0,wait,1,1,-32.1193,wait,1,1,-50.6465,False
5425,5,1,3,1,wait,1,1,-32.5131,wait,1,1,-50.5135,False
5426,5,1,3,2,wait,1,1,-32.2419,wait,1,1,-50.4856,False
5427,5,1,3,3,wait,1,1,-32.221,wait,1,1,-50.7204,False
5428,5,1,3,4,wait,1,1,-32.2693,wait,1,1,-50.6855,False
5429,5,1,3,5,wait,1,1,-32.1048,wait,1,1,-49.8957,False
5430,5,1,3,6,wait,1,1,-32.3283,wait,1,1,-50.6544,False
5431,5,1,3,7,wait,1,1,-32.5499,wait,1,1,-50.9517,False
5432,5,1,3,8,wait,1,1,-32.5087,wait,1,1,-50.9331,False
5433,5,1,3,9,wait,1,1,-33.4899,wait,1,1,-52.5594,False
5434,5,1,3,10,wait,1,1,-34.943,wait,1,1,-54.9559,False
5435,5,1,3,11,wait,1,1,-37.1698,wait,1,1,-58.459,False
5436,5,1,3,12,wait,2,1,-41.0873,wait,2,1,-65.2332,False
5437,5,1,3,13,wait,2,1,-46.9981,wait,2,1,-75.4832,False
5438,5,1,3,14,wait,2,1,-87.7809,wait,2,1,-87.296,False
5439,5,1,3,15,wait,0,0,0.0,wait,0,0,0.0,False
5440,5,1,4,0,wait,1,1,-20.0895,wait,1,1,-34.0956,False
5441,5,1,4,1,wait,1,1,-20.3512,wait,1,1,-34.4475,False
5442,5,1,4,2,wait,1,1,-20.3207,wait,1,1,-34.5054,False
5443,5,1,4,3,wait,1,1,-20.3063,wait,1,1,-33.9382,False
5444,5,1,4,4,wait,1,1,-20.6195,wait,1,1,-35.2821,False
5445,5,1,4,5,wait,1,1,-20.7876,wait,1,1,-35.1692,False
5446,5,1,4,6,wait,1,1,-21.2089,wait,1,1,-35.1049,False
5447,5,1,4,7,wait,1,1,-21.6382,wait,1,1,-36.1314,False
5448,5,1,4,8,wait,1,1,-22.2538,wait,1,1,-36.9696,False
5449,5,1,4,9,wait,1,1,-23.5279,wait,1,1,-39.7466,False
5450,5,1,4,10,wait,1,1,-25.9292,wait,1,1,-43.7482,False
5451,5,1,4,11,wait,2,1,-30.4533,wait,2,1,-51.3225,False
5452,5,1,4,12,wait,1,1,-35.7856,wait,1,1,-60.1371,False
5453,5,1,4,13,wait,2,1,-42.6965,wait,2,1,-71.4743,False
5454,5,1,4,14,wait,1,1,-87.9748,wait,1,1,-87.9259,False
5455,5,1,4,15,wait,0,0,0.0,wait,0,0,0.0,False
5456,5,1,5,0,wait,1,1,-8.8359,wait,1,1,-18.2868,False
5457,5,1,5,1,wait,1,1,-9.1878,wait,1,1,-18.1207,False
5458,5,1,5,2,wait,1,1,-9.3109,wait,1,1,-19.2027,False
5459,5,1,5,3,wait,1,1,-9.5091,wait,1,1,-19.4106,False
5460,5,1,5,4,wait,1,1,-9.7105,wait,1,1,-19.9009,False
5461,5,1,5,5,wait,1,1,-10.2062,wait,1,1,-20.677,False
5462,5,1,5,6,wait,1,1,-11.1801,wait,1,1,-22.0289,False
5463,5,1,5,7,wait,1,1,-12.1457,wait,1,1,-24.0071,False
5464,5,1,5,8,wait,1,1,-13.6168,wait,1,1,-26.2313,False
5465,5,1,5,9,wait,1,1,-16.1043,wait,1,1,-30.5421,False
5466,5,1,5,10,wait,1,1,-20.1122,wait,1,1,-36.738,False
5467,5,1,5,11,wait,2,1,-25.2195,wait,2,1,-46.0144,False
5468,5,1,5,12,wait,2,1,-31.6968,wait,2,1,-56.5878,False
5469,5,1,5,13,wait,2,1,-39.5395,wait,1,1,-69.6862,True
5470,5,1,5,14,wait,2,1,-86.7536,wait,2,1,-87.1042,False
5471,5,1,5,15,wait,0,0,0.0,wait,0,0,0.0,False
5488,5,2,1,0,wait,2,2,-50.0574,wait,2,2,-69.6935,False
5489,5,2,1,1,wait,2,2,-49.9601,wait,2,2,-70.2182,False
5490,5,2,1,2,wait,2,2,-50.3245,wait,2,2,-70.2707,False
5491,5,2,1,3,wait,2,2,-49.4982,wait,2,2,-69.9,False
5492,5,2,1,4,wait,2,2,-50.2402,wait,2,2,-70.0609,False
5493,5,2,1,5,wait,2,2,-49.7628,wait,2,2,-69.959,False
5494,5,2,1,6,wait,2,2,-49.8422,wait,2,2,-69.9741,False
5495,5,2,1,7,wait,2,2,-49.7649,wait,2,2,-69.8242,False
5496,5,2,1,8,wait,2,2,-49.4581,wait,2,2,-69.5275,False
5497,5,2,1,9,wait,2,2,-49.7992,wait,2,2,-69.3115,False
5498,5,2,1,10,wait,2,2,-50.4693,wait,2,2,-70.6417,False
5499,5,2,1,11,wait,2,2,-50.7312,wait,2,2,-70.4031,False
5500,5,2,1,12,wait,2,2,-51.981,wait,2,2,-73.5565,False
5501,5,2,1,13,wait,2,2,-56.1175,wait,2,2,-80.47,False
5502,5,2,1,14,wait,2,2,-89.6243,wait,2,2,-89.5313,False
5503,5,2,1,15,wait,0,0,0.0,wait,0,0,0.0,False
5504,5,2,2,0,wait,2,2,-33.5346,wait,2,2,-53.4096,False
5505,5,2,2,1,wait,2,2,-33.7624,wait,2,2,-54.0242,False
5506,5,2,2,2,wait,2,2,-33.6834,wait,2,2,-53.4522,False
5507,5,2,2,3,wait,2,2,-34.0658,wait,2,2,-54.3717,False
5508,5,2,2,4,wait,2,2,-33.9869,wait,2,2,-53.9869,False
5509,5,2,2,5,wait,2,2,-34.2999,wait,2,2,-54.7743,False
5510,5,2,2,6,wait,2,2,-34.1152,wait,2,2,-53.8796,False
5511,5,2,2,7,wait,2,2,-34.1251,wait,2,2,-54.0922,False
5512,5,2,2,8,wait,2,2,-33.7233,wait,2,2,-54.17,False
5513,5,2,2,9,wait,2,2,-34.1978,wait,2,2,-54.5686,False
5514,5,2,2,10,wait,2,2,-35.2205,wait,2,2,-55.8888,False
5515,5,2,2,11,wait,2,2,-36.1818,wait,2,2,-58.1251,False
5516,5,2,2,12,wait,2,2,-40.3503,wait,2,2,-64.7224,False
5517,5,2,2,13,wait,2,2,-46.0285,wait,2,2,-74.1561,False
5518,5,2,2,14,wait,2,2,-87.5204,wait,2,2,-87.9825,False
5519,5,2,2,15,wait,0,0,0.0,wait,0,0,0.0,False
5520,5,2,3,0,wait,2,2,-22.9199,wait,2,2,-39.3165,False
5521,5,2,3,1,wait,2,2,-22.8428,wait,2,2,-39.559,False
5522,5,2,3,2,wait,2,2,-22.6076,wait,2,2,-39.0947,False
5523,5,2,3,3,wait,2,2,-23.0453,wait,2,2,-39.8799,False
5524,5,2,3,4,wait,2,2,-23.1549,wait,2,2,-39.8384,False
5525,5,2,3,5,wait,2,2,-22.9712,wait,2,2,-39.4395,False
5526,5,2,3,6,wait,2,2,-23.262,wait,2,2,-40.2576,False
5527,5,2,3,7,wait,2,2,-23.2554,wait,2,2,-40.3335,False
5528,5,2,3,8,wait,2,2,-23.7046,wait,2,2,-40.7229,False
5529,5,2,3,9,wait,2,2,-24.6015,wait,2,2,-42.2143,False
5530,5,2,3,10,wait,2,2,-26.007,wait,2,2,-44.6506,False
5531,5,2,3,11,wait,2,2,-29.6116,wait,2,2,-50.5608,False
5532,5,2,3,12,wait,2,2,-34.843,wait,2,2,-59.3757,False
5533,5,2,3,13,wait,2,2,-42.0265,wait,2,2,-71.2406,False
5534,5,2,3,14,wait,2,1,-86.4994,wait,2,2,-87.3505,True
5535,5,2,3,15,wait,0,0,0.0,wait,0,0,0.0,False
5536,5,2,4,0,wait,2,2,-11.1679,wait,2,2,-23.4482,False
5537,5,2,4,1,wait,2,2,-11.2837,wait,2,2,-23.2054,False
5538,5,2,4,2,wait,2,2,-11.5084,wait,1,1,-23.7665,True
5539,5,2,4,3,wait,2,2,-11.6627,wait,1,1,-23.8238,True
5540,5,2,4,4,wait,2,2,-11.8137,wait,2,2,-24.5085,False
5541,5,2,4,5,wait,2,2,-12.3883,wait,1,1,-24.8122,True
5542,5,2,4,6,wait,2,2,-12.7906,wait,1,1,-26.2806,True
5543,5,2,4,7,wait,2,2,-13.1812,wait,2,2,-26.4999,False
5544,5,2,4,8,wait,2,2,-14.5312,wait,2,2,-28.4531,False
5545,5,2,4,9,wait,2,2,-16.4791,wait,2,2,-32.048,False
5546,5,2,4,10,wait,2,2,-19.5131,wait,2,2,-37.0519,False
5547,5,2,4,11,wait,2,2,-24.2822,wait,2,2,-45.3108,False
5548,5,2,4,12,wait,2,2,-30.6855,wait,2,2,-56.14,False
5549,5,2,4,13,wait,2,2,-38.9207,wait,2,2,-69.2791,False
5550,5,2,4,14,wait,1,1,-84.9646,wait,2,2,-85.9989,True
5551,5,2,4,15,wait,0,0,0.0,wait,0,0,0.0,False
5552,5,2,5,0,wait,1,1,-3.1267,wait,1,1,-8.7605,False
5553,5,2,5,1,wait,1,1,-3.2482,wait,1,1,-9.1848,False
5554,5,2,5,2,wait,1,1,-3.4493,wait,1,1,-9.1294,False
5555,5,2,5,3,wait,1,1,-3.5718,wait,1,1,-9.5237,False
5556,5,2,5,4,wait,1,1,-4.2999,wait,1,1,-11.0032,False
5557,5,2,5,5,wait,1,1,-5.4314,wait,1,1,-12.7504,False
5558,5,2,5,6,wait,1,1,-6.39,wait,1,1,-14.0965,False
5559,5,2,5,7,wait,1,2,-8.0476,wait,1,1,-17.3466,True
5560,5,2,5,8,wait,1,1,-10.1809,wait,1,1,-20.5979,False
5561,5,2,5,9,wait,2,1,-13.699,wait,1,1,-26.545,True
5562,5,2,5,10,wait,1,1,-17.7614,wait,1,1,-33.3832,False
5563,5,2,5,11,wait,2,1,-23.1602,wait,2,1,-43.1238,False
5564,5,2,5,12,wait,1,2,-30.1573,wait,1,1,-55.3568,True
5565,5,2,5,13,wait,2,2,-38.4511,wait,2,1,-69.0471,True
5566,5,2,5,14,wait,2,1,-84.6786,wait,2,1,-85.6672,False
5567,5,2,5,15,wait,0,0,0.0,wait,0,0,0.0,False
5584,5,3,1,0,wait,2,2,-46.2182,wait,2,2,-64.3608,False
5585,5,3,1,1,wait,2,2,-46.911,wait,2,2,-65.1409,False
5586,5,3,1,2,wait,2,2,-46.5487,wait,2,2,-64.4616,False
5587,5,3,1,3,wait,2,2,-46.8016,wait,2,2,-63.8042,False
5588,5,3,1,4,wait,2,2,-46.0621,wait,2,2,-64.7556,False
5589,5,3,1,5,wait,2,2,-46.6973,wait,2,2,-64.4996,False
5590,5,3,1,6,wait,2,2,-46.5044,wait,2,2,-64.3076,False
5591,5,3,1,7,wait,2,2,-46.4486,wait,2,2,-64.2026,False
5592,5,3,1,8,wait,2,2,-46.6451,wait,2,2,-64.1228,False
5593,5,3,1,9,wait,2,2,-46.3622,wait,2,2,-64.4172,False
5594,5,3,1,10,wait,2,2,-46.5756,wait,2,2,-64.6261,False
5595,5,3,1,11,wait,2,2,-48.0423,wait,2,2,-67.1942,False
5596,5,3,1,12,wait,2,2,-50.9252,wait,2,2,-71.0565,False
5597,5,3,1,13,wait,2,2,-54.9839,wait,2,2,-78.0959,False
5598,5,3,1,14,wait,2,2,-88.9374,hunt,2,2,-89.4224,True
5599,5,3,1,15,wait,0,0,0.0,wait,0,0,0.0,False
5600,5,3,2,0,wait,2,2,-28.8406,wait,2,2,-46.1649,False
5601,5,3,2,1,wait,2,2,-28.9964,wait,2,2,-45.8921,False
5602,5,3,2,2,wait,2,2,-29.4289,wait,2,2,-46.3625,False
5603,5,3,2,3,wait,2,2,-29.3517,wait,2,2,-46.6744,False
5604,5,3,2,4,wait,2,2,-29.5179,wait,2,2,-46.2701,False
5605,5,3,2,5,wait,2,2,-29.575,wait,2,2,-46.6554,False
5606,5,3,2,6,wait,2,2,-29.5005,wait,2,2,-46.2534,False
5607,5,3,2,7,wait,2,2,-29.563,wait,2,2,-46.6604,False
5608,5,3,2,8,wait,2,2,-29.7812,wait,2,2,-47.0438,False
5609,5,3,2,9,wait,2,2,-30.2228,wait,2,2,-47.498,False
5610,5,3,2,10,wait,2,2,-31.3697,wait,2,2,-50.2669,False
5611,5,3,2,11,wait,2,2,-33.6772,wait,2,2,-53.7335,False
5612,5,3,2,12,wait,2,2,-38.9749,wait,2,2,-62.3966,False
5613,5,3,2,13,wait,2,2,-45.135,wait,2,2,-73.1972,False
5614,5,3,2,14,hunt,0,1,-86.2959,wait,2,2,-87.5019,True
5615,5,3,2,15,wait,0,0,0.0,wait,0,0,0.0,False
5616,5,3,3,0,wait,2,2,-17.8413,wait,2,2,-31.2436,False
5617,5,3,3,1,wait,2,2,-17.7597,wait,2,2,-30.9766,False
5618,5,3,3,2,wait,2,2,-17.6645,wait,2,2,-30.9538,False
5619,5,3,3,3,wait,2,2,-17.4506,wait,2,2,-30.8575,False
5620,5,3,3,4,wait,2,2,-18.278,wait,2,2,-32.0619,False
5621,5,3,3,5,wait,2,2,-17.9665,wait,2,2,-31.448,False
5622,5,3,3,6,wait,2,2,-18.3499,wait,2,2,-31.7012,False
5623,5,3,3,7,wait,2,2,-18.7419,wait,2,2,-32.2579,False
5624,5,3,3,8,wait,2,2,-19.3419,wait,2,2,-33.1879,False
5625,5,3,3,9,wait,2,2,-20.9706,wait,2,2,-36.4106,False
5626,5,3,3,10,wait,2,2,-23.426,wait,2,2,-40.1072,False
5627,5,3,3,11,wait,2,2,-27.5134,wait,2,2,-47.2614,False
5628,5,3,3,12,wait,2,2,-33.7494,wait,2,2,-57.4813,False
5629,5,3,3,13,hunt,2,2,-41.8057,hunt,2,2,-70.794,False
5630,5,3,3,14,wait,2,2,-84.414,wait,2,2,-86.7309,False
5631,5,3,3,15,wait,0,0,0.0,wait,0,0,0.0,False
5632,5,3,4,0,wait,2,2,-5.316,wait,2,2,-13.3346,False
5633,5,3,4,1,wait,2,2,-5.4353,wait,2,2,-13.7236,False
5634,5,3,4,2,wait,2,2,-5.5052,wait,2,2,-14.019,False
5635,5,3,4,3,wait,2,2,-6.0087,wait,2,2,-14.5407,False
5636,5,3,4,4,wait,2,2,-6.3628,wait,2,2,-15.6118,False
5637,5,3,4,5,wait,2,2,-6.8183,wait,2,2,-16.2582,False
5638,5,3,4,6,wait,2,2,-7.9176,wait,2,2,-18.1042,False
5639,5,3,4,7,wait,2,2,-8.9253,wait,2,2,-19.2106,False
5640,5,3,4,8,wait,2,2,-10.6602,wait,2,2,-22.4187,False
5641,5,3,4,9,wait,2,2,-13.1998,wait,2,2,-26.3308,False
5642,5,3,4,10,wait,2,2,-17.484,wait,2,2,-33.8151,False
5643,5,3,4,11,wait,2,2,-22.5395,wait,2,2,-41.9163,False
5644,5,3,4,12,wait,2,2,-29.8754,wait,2,2,-54.7359,False
5645,5,3,4,13,hunt,2,2,-38.2276,wait,2,2,-68.7967,True
5646,5,3,4,14,wait,1,0,-82.9549,hunt,2,2,-84.4857,True
5647,5,3,4,15,wait,0,0,0.0,wait,0,0,0.0,False
5648,5,3,5,0,wait,1,1,0.9426,wait,1,1,-1.6194,False
5649,5,3,5,1,wait,1,1,0.8262,wait,1,1,-1.9096,False
5650,5,3,5,2,wait,1,1,0.5597,wait,1,1,-2.9205,False
5651,5,3,5,3,wait,1,1,0.1282,wait,1,1,-3.4157,False
5652,5,3,5,4,hunt,1,1,-0.892,wait,1,1,-5.2849,True
5653,5,3,5,5,hunt,1,1,-1.8957,wait,1,1,-6.9046,True
5654,5,3,5,6,wait,1,1,-3.2284,wait,1,1,-9.3811,False
5655,5,3,5,7,wait,1,2,-5.1963,wait,1,1,-12.6531,True
5656,5,3,5,8,wait,1,0,-7.6823,wait,1,1,-17.4942,True
5657,5,3,5,9,wait,2,1,-10.9047,wait,1,1,-24.0085,True
5658,5,3,5,10,wait,2,1,-15.1899,wait,1,1,-32.0095,True
5659,5,3,5,11,hunt,1,2,-20.6833,wait,1,1,-41.9351,True
5660,5,3,5,12,wait,2,2,-27.7707,wait,1,2,-53.8457,True
5661,5,3,5,13,hunt,2,2,-36.6331,wait,2,2,-67.2145,True
5662,5,3,5,14,wait,2,1,-82.5286,hunt,2,2,-85.2674,True
5663,5,3,5,15,wait,0,0,0.0,wait,0,0,0.0,False
5680,5,4,1,0,wait,2,2,-44.5933,wait,2,2,-61.0713,False
5681,5,4,1,1,wait,2,2,-44.7236,wait,2,2,-60.7801,False
5682,5,4,1,2,wait,2,2,-44.5507,wait,2,2,-60.9585,False
5683,5,4,1,3,wait,2,2,-44.4038,wait,2,2,-60.8175,False
5684,5,4,1,4,wait,2,2,-44.0789,wait,2,2,-60.4627,False
5685,5,4,1,5,wait,2,2,-44.5399,wait,2,2,-60.7301,False
5686,5,4,1,6,wait,2,2,-44.8724,wait,2,2,-61.237,False
5687,5,4,1,7,wait,2,2,-44.509,wait,2,2,-61.1452,False
5688,5,4,1,8,wait,2,2,-44.8435,wait,2,2,-61.1018,False
5689,5,4,1,9,wait,2,2,-45.0399,wait,2,2,-61.5601,False
5690,5,4,1,10,wait,2,2,-45.1398,wait,2,2,-62.5321,False
5691,5,4,1,11,wait,2,2,-46.4531,wait,2,2,-63.9039,False
5692,5,4,1,12,wait,2,2,-49.1044,wait,2,2,-69.2074,False
5693,5,4,1,13,wait,2,2,-54.7158,wait,2,2,-78.22,False
5694,5,4,1,14,hunt,2,2,-88.7319,hunt,2,2,-88.9404,False
5695,5,4,1,15,wait,0,0,0.0,wait,0,0,0.0,False
5696,5,4,2,0,wait,2,2,-26.904,wait,2,2,-41.6075,False
5697,5,4,2,1,wait,2,2,-26.7551,wait,2,2,-41.967,False
5698,5,4,2,2,wait,2,2,-26.7123,wait,2,2,-42.5285,False
5699,5,4,2,3,wait,2,2,-26.9244,wait,2,2,-42.6927,False
5700,5,4,2,4,wait,2,2,-27.181,wait,2,2,-42.8637,False
5701,5,4,2,5,wait,2,2,-26.8042,wait,2,2,-42.1179,False
5702,5,4,2,6,wait,2,2,-27.0707,wait,2,2,-42.5582,False
5703,5,4,2,7,wait,2,2,-27.5614,wait,2,2,-43.1229,False
5704,5,4,2,8,wait,2,2,-27.3223,wait,2,2,-43.0271,False
5705,5,4,2,9,wait,2,2,-28.5804,wait,2,2,-45.1328,False
5706,5,4,2,10,wait,2,2,-29.833,wait,2,2,-47.3875,False
5707,5,4,2,11,wait,2,2,-32.7015,wait,2,2,-51.839,False
5708,5,4,2,12,wait,2,2,-37.7977,wait,2,2,-61.2885,False
5709,5,4,2,13,wait,2,2,-45.2294,wait,2,2,-72.8197,False
5710,5,4,2,14,hunt,0,2,-86.1868,wait,2,2,-87.4173,True
5711,5,4,2,15,wait,0,0,0.0,wait,0,0,0.0,False
5712,5,4,3,0,wait,2,2,-14.641,wait,2,2,-25.6435,False
5713,5,4,3,1,wait,2,2,-14.5528,wait,2,2,-25.1366,False
5714,5,4,3,2,wait,2,2,-15.0055,wait,2,2,-26.465,False
5715,5,4,3,3,wait,2,2,-14.914,wait,2,2,-26.5388,False
5716,5,4,3,4,wait,2,2,-14.9549,wait,2,2,-26.5318,False
5717,5,4,3,5,wait,2,2,-15.1617,wait,2,2,-26.3093,False
5718,5,4,3,6,wait,2,2,-15.977,wait,2,2,-28.2058,False
5719,5,4,3,7,wait,2,2,-16.4464,wait,2,2,-28.6788,False
5720,5,4,3,8,wait,2,2,-17.3962,wait,2,2,-30.2629,False
5721,5,4,3,9,wait,2,2,-19.1718,wait,2,2,-33.5125,False
5722,5,4,3,10,wait,2,2,-22.2589,wait,2,2,-38.6237,False
5723,5,4,3,11,wait,2,2,-26.7165,wait,2,2,-46.3356,False
5724,5,4,3,12,wait,2,2,-32.6981,wait,2,2,-55.9312,False
5725,5,4,3,13,wait,2,2,-41.0369,wait,2,2,-69.7015,False
5726,5,4,3,14,wait,2,2,-84.3337,hunt,2,2,-86.3998,True
5727,5,4,3,15,wait,0,0,0.0,wait,0,0,0.0,False
5728,5,4,4,0,wait,2,2,-1.9493,wait,2,2,-7.6912,False
5729,5,4,4,1,wait,2,2,-1.814,wait,2,2,-8.2261,False
5730,5,4,4,2,wait,2,2,-2.239,wait,2,2,-8.1674,False
5731,5,4,4,3,wait,2,2,-2.7321,wait,2,2,-9.1589,False
5732,5,4,4,4,wait,2,2,-3.1996,wait,2,2,-9.9168,False
5733,5,4,4,5,hunt,2,2,-4.0563,wait,2,2,-11.7638,True
5734,5,4,4,6,wait,2,2,-5.1435,wait,2,2,-13.0407,False
5735,5,4,4,7,wait,2,2,-6.5263,wait,2,2,-15.3536,False
5736,5,4,4,8,wait,2,2,-8.5585,wait,2,2,-19.097,False
5737,5,4,4,9,wait,2,2,-12.0212,wait,2,2,-24.5837,False
5738,5,4,4,10,wait,2,2,-16.6792,wait,2,2,-32.3956,False
5739,5,4,4,11,wait,2,2,-22.1074,wait,2,2,-41.5309,False
5740,5,4,4,12,wait,2,2,-28.8213,wait,2,2,-52.4624,False
5741,5,4,4,13,hunt,2,2,-37.5979,wait,2,2,-67.761,True
5742,5,4,4,14,hunt,2,2,-83.0256,wait,2,2,-85.1901,True
5743,5,4,4,15,wait,0,0,0.0,wait,0,0,0.0,False
5744,5,4,5,0,wait,1,2,1.7454,wait,1,1,3.1354,True
5745,5,4,5,1,wait,1,1,3.1939,hunt,1,1,2.4401,True
5746,5,4,5,2,wait,1,1,3.0324,hunt,1,1,2.1112,True
5747,5,4,5,3,hunt,1,1,2.2952,wait,1,1,2.3414,True
5748,5,4,5,4,wait,1,1,1.7536,hunt,1,1,1.4591,True
5749,5,4,5,5,hunt,1,1,0.7421,hunt,1,1,-2.3103,False
5750,5,4,5,6,hunt,1,1,-0.9692,hunt,1,1,-5.6675,False
5751,5,4,5,7,wait,1,2,-3.0381,hunt,1,1,-9.9147,True
5752,5,4,5,8,hunt,1,1,-5.5982,hunt,1,1,-15.1087,False
5753,5,4,5,9,wait,2,1,-9.118,hunt,1,1,-21.3984,True
5754,5,4,5,10,wait,2,2,-13.5326,hunt,1,1,-30.2994,True
5755,5,4,5,11,wait,1,0,-19.4196,wait,1,1,-40.6059,True
5756,5,4,5,12,hunt,2,2,-26.8388,hunt,1,1,-52.8793,True
5757,5,4,5,13,hunt,2,1,-36.194,wait,2,1,-67.4174,True
5758,5,4,5,14,wait,1,0,-82.4132,hunt,2,2,-85.1395,True
5759,5,4,5,15,wait,0,0,0.0,wait,0,0,0.0,False
5776,5,5,1,0,wait,2,2,-42.862,wait,2,2,-57.8206,False
5777,5,5,1,1,wait,2,2,-43.2286,wait,2,2,-58.6014,False
5778,5,5,1,2,wait,2,2,-42.7405,wait,2,2,-57.5916,False
5779,5,5,1,3,wait,2,2,-42.841,wait,2,2,-58.4242,False
5780,5,5,1,4,wait,2,2,-42.8343,wait,2,2,-58.5378,False
5781,5,5,1,5,wait,2,2,-43.198,wait,2,2,-58.8339,False
5782,5,5,1,6,wait,2,2,-43.495,wait,2,2,-58.8213,False
5783,5,5,1,7,wait,2,2,-42.8871,wait,2,2,-58.2434,False
5784,5,5,1,8,wait,2,2,-43.5001,wait,2,2,-58.766,False
5785,5,5,1,9,wait,2,2,-43.5096,wait,2,2,-59.3882,False
5786,5,5,1,10,wait,2,2,-44.2865,wait,2,2,-60.1798,False
5787,5,5,1,11,wait,2,2,-45.586,wait,2,2,-62.2006,False
5788,5,5,1,12,wait,2,2,-49.0284,wait,2,2,-68.5914,False
5789,5,5,1,13,wait,2,2,-54.4523,wait,2,2,-78.3523,False
5790,5,5,1,14,wait,2,0,-88.8418,wait,2,2,-89.3696,True
5791,5,5,1,15,wait,0,0,0.0,wait,0,0,0.0,False
5792,5,5,2,0,wait,2,2,-24.6547,wait,2,2,-38.7571,False
5793,5,5,2,1,wait,2,2,-24.9138,wait,2,2,-39.0294,False
5794,5,5,2,2,wait,2,2,-25.1314,wait,2,2,-39.0364,False
5795,5,5,2,3,wait,2,2,-24.5852,wait,2,2,-38.4968,False
5796,5,5,2,4,wait,2,2,-25.1351,wait,2,2,-39.3213,False
5797,5,5,2,5,wait,2,2,-25.2505,wait,2,2,-39.3664,False
5798,5,5,2,6,hunt,2,2,-25.7717,wait,2,2,-40.4087,True
5799,5,5,2,7,wait,2,2,-25.9167,wait,2,2,-40.7672,False
5800,5,5,2,8,wait,2,2,-26.6223,wait,2,2,-42.0104,False
5801,5,5,2,9,wait,2,2,-27.5312,wait,2,2,-43.004,False
5802,5,5,2,10,wait,2,2,-28.4926,wait,2,2,-45.2784,False
5803,5,5,2,11,wait,2,2,-32.3186,wait,2,2,-51.4936,False
5804,5,5,2,12,wait,2,2,-37.5678,wait,2,2,-59.9634,False
5805,5,5,2,13,wait,2,2,-45.0635,wait,2,2,-72.2663,False
5806,5,5,2,14,hunt,2,0,-86.4108,wait,2,2,-87.4731,True
5807,5,5,2,15,wait,0,0,0.0,wait,0,0,0.0,False
5808,5,5,3,0,hunt,2,2,-12.1133,hunt,2,2,-21.8662,False
5809,5,5,3,1,wait,2,2,-11.6593,wait,2,2,-20.832,False
5810,5,5,3,2,wait,2,2,-12.0919,wait,2,2,-21.0507,False
5811,5,5,3,3,hunt,2,2,-12.4765,hunt,2,2,-22.3933,False
5812,5,5,3,4,hunt,2,2,-13.0084,hunt,2,2,-23.0865,False
5813,5,5,3,5,wait,2,2,-13.3745,wait,2,2,-23.3361,False
5814,5,5,3,6,wait,2,2,-13.6266,wait,2,2,-24.4581,False
5815,5,5,3,7,wait,2,2,-14.5828,wait,2,2,-25.4226,False
5816,5,5,3,8,wait,2,2,-15.7441,wait,2,2,-27.744,False
5817,5,5,3,9,hunt,2,2,-18.1286,wait,2,2,-31.7084,True
5818,5,5,3,10,wait,2,2,-21.3528,wait,2,2,-37.3111,False
5819,5,5,3,11,wait,2,2,-26.0743,wait,2,2,-44.5796,False
5820,5,5,3,12,wait,2,2,-32.7502,wait,2,2,-56.0003,False
5821,5,5,3,13,wait,2,2,-41.0049,wait,2,2,-69.7397,False
5822,5,5,3,14,wait,2,2,-84.3958,wait,2,2,-85.9963,False
5823,5,5,3,15,wait,0,0,0.0,wait,0,0,0.0,False
5824,5,5,4,0,wait,2,2,0.8098,hunt,1,1,-2.8943,True
5825,5,5,4,1,wait,2,2,0.592,hunt,1,1,-2.4889,True
5826,5,5,4,2,hunt,2,2,0.6157,hunt,1,1,-2.4847,True
5827,5,5,4,3,wait,2,2,0.1079,hunt,1,1,-2.96,True
5828,5,5,4,4,wait,2,2,-0.5244,wait,2,2,-5.4934,False
5829,5,5,4,5,hunt,2,2,-1.6416,hunt,2,2,-7.5559,False
5830,5,5,4,6,wait,2,2,-3.0812,wait,2,2,-9.9815,False
5831,5,5,4,7,wait,2,2,-5.049,wait,2,2,-13.1059,False
5832,5,5,4,8,wait,2,2,-7.5213,wait,2,2,-17.47,False
5833,5,5,4,9,wait,2,2,-10.8138,wait,2,2,-22.7007,False
5834,5,5,4,10,wait,2,2,-15.7544,hunt,2,2,-31.1617,True
5835,5,5,4,11,hunt,2,2,-21.5839,hunt,2,2,-40.8744,False
5836,5,5,4,12,wait,2,2,-28.9051,wait,2,2,-53.0701,False
5837,5,5,4,13,wait,2,2,-37.5869,wait,2,2,-67.108,False
5838,5,5,4,14,hunt,2,2,-82.9628,wait,2,2,-84.5267,True
5839,5,5,4,15,wait,0,0,0.0,wait,0,0,0.0,False
5840,5,5,5,0,hunt,2,2,1.4305,wait,1,1,4.2282,True
5841,5,5,5,1,wait,1,2,3.9789,wait,1,1,4.0858,True
5842,5,5,5,2,wait,1,2,3.6395,hunt,1,1,4.2368,True
5843,5,5,5,3,hunt,2,1,2.2446,hunt,1,1,3.9902,True
5844,5,5,5,4,hunt,2,1,1.7443,wait,1,1,3.3478,True
5845,5,5,5,5,hunt,1,2,1.5198,hunt,1,1,2.9761,True
5846,5,5,5,6,hunt,1,2,1.1056,hunt,1,2,-1.1401,False
5847,5,5,5,7,wait,1,1,-1.1441,hunt,1,1,-6.6453,True
5848,5,5,5,8,hunt,1,1,-3.9561,hunt,1,1,-12.0526,False
5849,5,5,5,9,hunt,1,2,-7.6008,hunt,1,1,-18.7658,True
5850,5,5,5,10,hunt,1,2,-12.3045,hunt,1,1,-27.2504,True
5851,5,5,5,11,hunt,2,2,-18.236,hunt,1,1,-37.3521,True
5852,5,5,5,12,hunt,1,2,-25.9577,hunt,1,1,-49.7925,True
5853,5,5,5,13,hunt,0,2,-35.9577,hunt,0,0,-66.919,True
5854,5,5,5,14,hunt,1,0,-82.3208,wait,2,2,-84.8917,True
5855,5,5,5,15,wait,0,0,0.0,wait,0,0,0.0,False
5872,5,6,1,0,wait,2,2,-42.4797,wait,2,2,-57.6076,False
5873,5,6,1,1,wait,2,2,-41.9757,wait,2,2,-57.2836,False
5874,5,6,1,2,wait,2,2,-42.2491,wait,2,2,-57.1242,False
5875,5,6,1,3,wait,2,2,-42.4201,wait,2,2,-57.8414,False
5876,5,6,1,4,wait,2,2,-41.6869,wait,2,2,-56.7532,False
5877,5,6,1,5,wait,2,2,-42.4921,wait,2,2,-57.5857,False
5878,5,6,1,6,hunt,2,2,-43.1964,hunt,2,2,-58.7436,False
5879,5,6,1,7,wait,2,2,-42.3149,wait,2,2,-57.095,False
5880,5,6,1,8,wait,2,2,-42.6889,wait,2,2,-57.6642,False
5881,5,6,1,9,wait,2,2,-43.0126,wait,2,2,-58.713,False
5882,5,6,1,10,wait,2,2,-44.0022,wait,2,2,-59.7625,False
5883,5,6,1,11,wait,2,2,-45.6516,wait,2,2,-63.1309,False
5884,5,6,1,12,wait,2,2,-49.4797,wait,2,2,-69.2797,False
5885,5,6,1,13,hunt,2,2,-54.6118,hunt,2,2,-77.5515,False
5886,5,6,1,14,hunt,1,2,-89.008,wait,2,2,-89.7997,True
5887,5,6,1,15,wait,0,0,0.0,wait,0,0,0.0,False
5888,5,6,2,0,wait,2,2,-22.8033,wait,2,2,-35.8191,False
5889,5,6,2,1,wait,2,2,-23.4285,wait,2,2,-36.455,False
5890,5,6,2,2,wait,2,2,-23.0713,wait,2,2,-36.1876,False
5891,5,6,2,3,wait,2,2,-23.195,wait,2,2,-36.2708,False
5892,5,6,2,4,wait,2,2,-23.5436,wait,2,2,-36.681,False
5893,5,6,2,5,wait,2,2,-23.5233,wait,2,2,-35.9698,False
5894,5,6,2,6,wait,2,2,-24.0614,wait,2,2,-37.3837,False
5895,5,6,2,7,wait,2,2,-24.7344,wait,2,2,-38.6856,False
5896,5,6,2,8,wait,2,2,-25.0035,wait,2,2,-38.8699,False
5897,5,6,2,9,wait,2,2,-26.757,wait,2,2,-42.3125,False
5898,5,6,2,10,wait,2,2,-28.9421,wait,2,2,-45.5968,False
5899,5,6,2,11,hunt,2,2,-32.5064,hunt,2,2,-52.0062,False
5900,5,6,2,12,hunt,2,2,-38.1748,hunt,2,2,-60.637,False
5901,5,6,2,13,wait,2,2,-45.0324,wait,2,2,-72.9616,False
5902,5,6,2,14,wait,2,2,-86.2796,wait,2,2,-88.2106,False
5903,5,6,2,15,wait,0,0,0.0,wait,0,0,0.0,False
5904,5,6,3,0,wait,2,2,-9.3015,hunt,2,2,-16.8996,True
5905,5,6,3,1,hunt,2,2,-9.0709,hunt,2,2,-16.4992,False
5906,5,6,3,2,hunt,2,2,-9.4026,hunt,2,2,-17.4127,False
5907,5,6,3,3,hunt,2,2,-9.9393,hunt,2,2,-17.9271,False
5908,5,6,3,4,hunt,2,2,-10.1271,hunt,2,2,-18.3947,False
5909,5,6,3,5,wait,2,2,-10.9495,wait,2,2,-19.9189,False
5910,5,6,3,6,hunt,2,2,-11.7958,hunt,2,2,-21.2368,False
5911,5,6,3,7,wait,2,2,-12.9318,hunt,2,2,-23.3915,True
5912,5,6,3,8,wait,2,2,-14.9197,wait,2,2,-26.6224,False
5913,5,6,3,9,wait,2,2,-17.1605,wait,2,2,-29.5244,False
5914,5,6,3,10,wait,2,2,-20.8855,wait,2,2,-35.7823,False
5915,5,6,3,11,wait,2,2,-26.0159,wait,2,2,-44.9788,False
5916,5,6,3,12,wait,2,2,-32.4781,wait,2,2,-54.8473,False
5917,5,6,3,13,wait,2,2,-40.8628,wait,2,2,-69.2269,False
5918,5,6,3,14,wait,2,2,-84.3838,wait,2,2,-86.6287,False
5919,5,6,3,15,wait,0,0,0.0,wait,0,0,0.0,False
5920,5,6,4,0,hunt,2,2,3.0822,wait,2,2,1.8264,True
5921,5,6,4,1,hunt,2,2,3.0434,wait,2,2,1.834,True
5922,5,6,4,2,hunt,2,2,2.7059,wait,2,2,2.319,True
5923,5,6,4,3,hunt,2,2,2.4364,wait,2,2,1.9681,True
5924,5,6,4,4,wait,2,2,1.445,hunt,2,2,1.4062,True
5925,5,6,4,5,hunt,2,2,0.9313,hunt,1,1,-1.6854,True
5926,5,6,4,6,wait,2,2,-0.8,hunt,2,2,-6.2905,True
5927,5,6,4,7,hunt,2,2,-3.2455,hunt,2,2,-10.1364,False
5928,5,6,4,8,hunt,2,2,-6.2677,hunt,2,2,-15.4551,False
5929,5,6,4,9,hunt,2,2,-10.1103,hunt,2,2,-22.005,False
5930,5,6,4,10,hunt,2,2,-14.9745,hunt,2,2,-29.8422,False
5931,5,6,4,11,wait,2,2,-20.7749,hunt,2,2,-39.7825,True
5932,5,6,4,12,wait,2,2,-28.2473,hunt,2,2,-51.8899,True
5933,5,6,4,13,hunt,2,2,-37.4427,hunt,2,2,-67.2222,False
5934,5,6,4,14,hunt,1,0,-83.0012,hunt,2,2,-85.0444,True
5935,5,6,4,15,wait,0,0,0.0,wait,0,0,0.0,False
5936,5,6,5,0,hunt,2,1,4.9582,hunt,1,1,4.7137,True
5937,5,6,5,1,hunt,2,1,4.5959,hunt,1,1,4.9716,True
5938,5,6,5,2,wait,2,2,2.8265,hunt,1,1,5.0912,True
5939,5,6,5,3,wait,2,1,3.3569,wait,1,1,5.2047,True
5940,5,6,5,4,wait,2,2,1.3676,hunt,1,1,4.9977,True
5941,5,6,5,5,hunt,2,1,2.2361,hunt,1,1,4.4658,True
5942,5,6,5,6,hunt,1,2,1.6943,hunt,1,1,3.6979,True
5943,5,6,5,7,hunt,2,1,0.747,wait,2,1,-0.7689,True
5944,5,6,5,8,hunt,1,1,-2.5495,hunt,1,1,-8.21,False
5945,5,6,5,9,hunt,1,2,-6.2193,hunt,1,1,-14.9549,True
5946,5,6,5,10,wait,1,1,-10.7573,hunt,1,1,-22.643,True
5947,5,6,5,11,hunt,1,1,-16.9743,hunt,1,1,-33.1089,False
5948,5,6,5,12,hunt,1,1,-24.6034,hunt,0,1,-44.9498,True
5949,5,6,5,13,hunt,0,1,-35.1123,hunt,0,0,-60.0859,True
5950,5,6,5,14,wait,0,2,-82.4768,wait,2,2,-85.0686,True
5951,5,6,5,15,wait,0,0,0.0,wait,0,0,0.0,False
5968,5,7,1,0,wait,2,2,-41.3788,wait,2,2,-55.6158,False
5969,5,7,1,1,wait,2,2,-41.5118,wait,2,2,-55.9964,False
5970,5,7,1,2,wait,2,2,-41.5264,wait,2,2,-56.3475,False
5971,5,7,1,3,wait,2,2,-41.7938,wait,2,2,-56.6304,False
5972,5,7,1,4,wait,2,2,-41.448,wait,2,2,-55.8017,False
5973,5,7,1,5,wait,2,2,-41.8497,wait,2,2,-56.1955,False
5974,5,7,1,6,wait,2,2,-41.8017,wait,2,2,-56.6207,False
5975,5,7,1,7,wait,2,2,-42.1492,wait,2,2,-57.5759,False
5976,5,7,1,8,wait,2,2,-42.3265,wait,2,2,-57.7428,False
5977,5,7,1,9,wait,2,2,-43.2064,wait,2,2,-58.4449,False
5978,5,7,1,10,wait,2,2,-43.7716,wait,2,2,-59.7723,False
5979,5,7,1,11,wait,2,2,-45.4268,wait,2,2,-63.0642,False
5980,5,7,1,12,wait,2,2,-49.4956,wait,2,2,-69.0428,False
5981,5,7,1,13,wait,2,2,-54.1184,wait,2,2,-77.41,False
5982,5,7,1,14,wait,2,2,-89.0603,wait,2,2,-89.5241,False
5983,5,7,1,15,wait,0,0,0.0,wait,0,0,0.0,False
5984,5,7,2,0,wait,2,2,-21.5715,wait,2,2,-33.7447,False
5985,5,7,2,1,wait,2,2,-21.8981,wait,2,2,-33.7512,False
5986,5,7,2,2,wait,2,2,-21.8034,wait,2,2,-34.0554,False
5987,5,7,2,3,wait,2,2,-22.1748,wait,2,2,-34.1407,False
5988,5,7,2,4,wait,2,2,-22.2798,wait,2,2,-34.441,False
5989,5,7,2,5,wait,2,2,-22.6219,wait,2,2,-35.1909,False
5990,5,7,2,6,wait,2,2,-23.047,wait,2,2,-35.5308,False
5991,5,7,2,7,wait,2,2,-23.6233,wait,2,2,-37.2565,False
5992,5,7,2,8,wait,2,2,-24.1793,wait,2,2,-38.1569,False
5993,5,7,2,9,wait,2,2,-25.804,wait,2,2,-40.9881,False
5994,5,7,2,10,wait,2,2,-28.6018,wait,2,2,-44.8636,False
5995,5,7,2,11,wait,2,2,-32.0557,wait,2,2,-50.3475,False
5996,5,7,2,12,wait,2,2,-37.9346,wait,2,2,-60.1864,False
5997,5,7,2,13,wait,2,2,-45.0531,wait,2,2,-72.0948,False
5998,5,7,2,14,hunt,2,1,-86.2808,hunt,2,2,-87.8627,True
5999,5,7,2,15,wait,0,0,0.0,wait,0,0,0.0,False
6000,5,7,3,0,hunt,2,2,-6.9501,hunt,2,2,-12.8934,False
6001,5,7,3,1,hunt,2,2,-7.2862,hunt,2,2,-12.9286,False
6002,5,7,3,2,hunt,2,2,-7.6468,hunt,2,2,-14.0919,False
6003,5,7,3,3,hunt,2,2,-7.6883,hunt,2,2,-13.7872,False
6004,5,7,3,4,hunt,2,2,-8.0611,hunt,2,2,-14.5719,False
6005,5,7,3,5,hunt,2,2,-8.5037,hunt,2,2,-15.6276,False
6006,5,7,3,6,hunt,2,2,-10.3969,hunt,2,2,-18.8618,False
6007,5,7,3,7,hunt,2,2,-11.7573,hunt,2,2,-20.9445,False
6008,5,7,3,8,wait,2,2,-14.0149,wait,2,2,-24.7577,False
6009,5,7,3,9,wait,2,2,-16.738,wait,2,2,-29.319,False
6010,5,7,3,10,hunt,2,2,-20.4988,hunt,2,2,-35.6781,False
6011,5,7,3,11,hunt,2,2,-25.9436,hunt,2,2,-44.5371,False
6012,5,7,3,12,hunt,2,2,-32.3818,hunt,2,2,-55.5266,False
6013,5,7,3,13,wait,1,2,-40.9778,wait,2,2,-70.1163,True
6014,5,7,3,14,hunt,0,2,-84.477,wait,2,2,-86.4512,True
6015,5,7,3,15,wait,0,0,0.0,wait,0,0,0.0,False
6016,5,7,4,0,hunt,2,2,4.7385,wait,2,2,2.9327,True
6017,5,7,4,1,hunt,2,2,4.4869,wait,2,2,3.3456,True
6018,5,7,4,2,wait,2,2,4.5723,hunt,2,2,3.1038,True
6019,5,7,4,3,hunt,2,2,4.1853,wait,2,2,3.2505,True
6020,5,7,4,4,wait,2,2,3.0411,hunt,2,2,2.352,True
6021,5,7,4,5,wait,2,2,1.2173,hunt,2,2,2.233,True
6022,5,7,4,6,hunt,2,2,0.9435,wait,2,2,1.1678,True
6023,5,7,4,7,hunt,2,2,-1.9566,hunt,2,2,-8.3578,False
6024,5,7,4,8,hunt,2,2,-5.0135,hunt,2,2,-13.1728,False
6025,5,7,4,9,wait,2,2,-8.8468,hunt,2,2,-19.5241,True
6026,5,7,4,10,hunt,0,1,-13.6259,hunt,2,2,-27.4303,True
6027,5,7,4,11,hunt,2,2,-19.3874,hunt,2,2,-37.156,False
6028,5,7,4,12,hunt,2,2,-26.7305,hunt,2,2,-49.0828,False
6029,5,7,4,13,wait,2,2,-37.2545,hunt,0,1,-60.6512,True
6030,5,7,4,14,hunt,1,2,-83.017,hunt,2,2,-84.8842,True
6031,5,7,4,15,wait,0,0,0.0,wait,0,0,0.0,False
6032,5,7,5,0,hunt,1,1,8.4445,hunt,1,1,10.3046,False
6033,5,7,5,1,wait,2,2,4.9299,hunt,1,1,6.327,True
6034,5,7,5,2,hunt,2,1,5.8548,hunt,1,1,6.3673,True
6035,5,7,5,3,wait,1,2,6.9436,wait,1,2,7.6002,False
6036,5,7,5,4,wait,1,1,6.8219,wait,1,1,7.4711,False
6037,5,7,5,5,hunt,2,2,3.2679,hunt,1,1,6.1618,True
6038,5,7,5,6,hunt,2,2,1.5847,hunt,1,2,4.3638,True
6039,5,7,5,7,hunt,1,2,1.0781,hunt,1,1,3.2445,True
6040,5,7,5,8,hunt,0,1,-0.8359,hunt,1,1,-5.4323,True
6041,5,7,5,9,hunt,1,1,-4.5351,hunt,1,1,-11.6445,False
6042,5,7,5,10,wait,2,2,-8.9769,hunt,1,1,-19.19,True
6043,5,7,5,11,wait,1,1,-14.7787,hunt,0,1,-27.2354,True
6044,5,7,5,12,hunt,0,1,-21.3759,hunt,0,1,-34.9772,False
6045,5,7,5,13,hunt,0,1,-28.2826,hunt,0,1,-47.415,False
6046,5,7,5,14,wait,0,2,-82.4092,wait,2,2,-85.2103,True
6047,5,7,5,15,wait,0,0,0.0,wait,0,0,0.0,False
6064,5,8,1,0,wait,2,2,-41.2796,wait,2,2,-55.785,False
6065,5,8,1,1,wait,2,2,-40.994,wait,2,2,-55.1274,False
6066,5,8,1,2,wait,2,2,-41.2228,wait,2,2,-55.3194,False
6067,5,8,1,3,wait,2,2,-41.1683,wait,2,2,-56.0361,False
6068,5,8,1,4,wait,2,2,-41.3218,wait,2,2,-55.7651,False
6069,5,8,1,5,wait,2,2,-41.3104,wait,2,2,-55.488,False
6070,5,8,1,6,wait,2,2,-41.5757,wait,2,2,-56.8161,False
6071,5,8,1,7,wait,2,2,-41.5226,wait,2,2,-56.1436,False
6072,5,8,1,8,wait,2,2,-41.8972,wait,2,2,-56.9686,False
6073,5,8,1,9,wait,2,2,-42.8983,wait,2,2,-57.8066,False
6074,5,8,1,10,wait,2,2,-44.059,wait,2,2,-59.8652,False
6075,5,8,1,11,wait,2,2,-45.9291,wait,2,2,-62.9975,False
6076,5,8,1,12,wait,2,2,-49.2506,wait,2,2,-68.8431,False
6077,5,8,1,13,wait,2,2,-54.5949,wait,2,2,-78.2113,False
6078,5,8,1,14,wait,1,0,-88.8609,wait,2,2,-89.2709,True
6079,5,8,1,15,wait,0,0,0.0,wait,0,0,0.0,False
6080,5,8,2,0,wait,2,2,-20.9862,wait,2,2,-32.6575,False
6081,5,8,2,1,wait,2,2,-21.309,wait,2,2,-32.4938,False
6082,5,8,2,2,wait,2,2,-21.4616,wait,2,2,-33.0352,False
6083,5,8,2,3,wait,2,2,-21.337,wait,2,2,-32.9861,False
6084,5,8,2,4,wait,2,2,-21.863,wait,2,2,-34.0668,False
6085,5,8,2,5,wait,2,2,-22.1253,wait,2,2,-34.2117,False
6086,5,8,2,6,wait,2,2,-22.5064,wait,2,2,-35.0434,False
6087,5,8,2,7,wait,2,2,-22.9652,wait,2,2,-36.3413,False
6088,5,8,2,8,wait,2,2,-24.2461,wait,2,2,-37.8262,False
6089,5,8,2,9,wait,2,2,-25.739,wait,2,2,-40.4085,False
6090,5,8,2,10,wait,2,2,-27.7749,wait,2,2,-43.944,False
6091,5,8,2,11,wait,2,2,-32.35,wait,2,2,-51.0516,False
6092,5,8,2,12,wait,2,2,-37.7352,wait,2,2,-59.9569,False
6093,5,8,2,13,wait,2,2,-45.1291,wait,2,2,-72.3364,False
6094,5,8,2,14,hunt,2,1,-86.2165,wait,2,2,-86.8106,True
6095,5,8,2,15,wait,0,0,0.0,wait,0,0,0.0,False
6096,5,8,3,0,hunt,2,2,-5.3806,hunt,2,2,-10.352,False
6097,5,8,3,1,hunt,2,2,-5.917,hunt,2,2,-11.4003,False
6098,5,8,3,2,hunt,2,2,-5.7782,hunt,2,2,-11.0929,False
6099,5,8,3,3,hunt,2,2,-7.0313,hunt,2,2,-12.8442,False
6100,5,8,3,4,wait,1,1,-7.4032,hunt,2,2,-14.0344,True
6101,5,8,3,5,hunt,2,2,-7.8043,hunt,2,2,-14.6792,False
6102,5,8,3,6,hunt,2,2,-9.788,hunt,2,2,-17.5062,False
6103,5,8,3,7,hunt,2,2,-11.2232,hunt,2,2,-19.9444,False
6104,5,8,3,8,hunt,2,2,-13.631,hunt,2,2,-23.937,False
6105,5,8,3,9,wait,2,2,-16.3139,wait,2,2,-28.4824,False
6106,5,8,3,10,hunt,2,2,-20.2844,hunt,2,2,-35.4159,False
6107,5,8,3,11,hunt,2,2,-25.7294,hunt,2,2,-44.3,False
6108,5,8,3,12,hunt,2,2,-31.7957,hunt,2,2,-54.4286,False
6109,5,8,3,13,wait,2,2,-40.6732,wait,2,2,-69.0979,False
6110,5,8,3,14,hunt,2,2,-84.1876,hunt,2,2,-85.5777,False
6111,5,8,3,15,wait,0,0,0.0,wait,0,0,0.0,False
6112,5,8,4,0,hunt,2,2,5.5769,hunt,2,2,4.1136,False
6113,5,8,4,1,hunt,2,2,5.5812,hunt,2,2,4.6216,False
6114,5,8,4,2,hunt,2,2,5.6172,hunt,2,2,4.7724,False
6115,5,8,4,3,wait,2,2,5.4801,wait,2,2,4.5266,False
6116,5,8,4,4,wait,2,2,4.5334,hunt,2,2,3.1512,True
6117,5,8,4,5,hunt,2,2,3.4734,wait,2,2,3.2082,True
6118,5,8,4,6,hunt,2,2,1.6335,wait,2,2,2.0835,True
6119,5,8,4,7,hunt,2,2,-0.8867,hunt,2,2,-6.4901,False
6120,5,8,4,8,hunt,2,2,-4.0864,hunt,2,2,-11.2808,False
6121,5,8,4,9,hunt,2,2,-7.8893,hunt,2,2,-17.8046,False
6122,5,8,4,10,hunt,2,2,-12.7537,hunt,2,2,-25.6073,False
6123,5,8,4,11,hunt,2,2,-17.813,hunt,2,2,-34.319,False
6124,5,8,4,12,hunt,2,2,-25.1349,hunt,2,2,-46.2165,False
6125,5,8,4,13,wait,2,2,-37.0072,hunt,0,2,-60.286,True
6126,5,8,4,14,hunt,2,2,-83.0767,hunt,2,2,-85.0946,False
6127,5,8,4,15,wait,0,0,0.0,wait,0,0,0.0,False
6128,5,8,5,0,hunt,1,2,8.332,hunt,1,2,9.9604,False
6129,5,8,5,1,wait,2,1,6.0481,hunt,1,1,7.225,True
6130,5,8,5,2,hunt,1,1,7.5223,hunt,1,1,8.9276,False
6131,5,8,5,3,hunt,1,2,8.4267,hunt,1,2,9.7173,False
6132,5,8,5,4,wait,2,2,4.4454,wait,1,2,6.1581,True
6133,5,8,5,5,wait,2,1,2.2554,hunt,1,2,6.4457,True
6134,5,8,5,6,hunt,2,2,2.7153,hunt,1,1,5.078,True
6135,5,8,5,7,hunt,1,2,2.3915,hunt,1,1,3.6858,True
6136,5,8,5,8,hunt,1,1,1.0179,hunt,0,1,-1.2042,True
6137,5,8,5,9,hunt,1,1,-2.3626,hunt,1,1,-7.2384,False
6138,5,8,5,10,hunt,0,2,-6.5872,hunt,1,1,-15.0404,True
6139,5,8,5,11,hunt,1,1,-12.1759,hunt,1,1,-24.2246,False
6140,5,8,5,12,hunt,1,1,-18.1631,hunt,0,1,-32.2681,True
6141,5,8,5,13,hunt,0,2,-27.4971,hunt,0,0,-43.5948,True
6142,5,8,5,14,hunt,2,0,-82.379,wait,2,2,-84.7119,True
6143,5,8,5,15,wait,0,0,0.0,wait,0,0,0.0,False
6160,5,9,1,0,wait,2,2,-40.9721,wait,2,2,-55.5754,False
6161,5,9,1,1,wait,2,2,-40.678,wait,2,2,-54.5844,False
6162,5,9,1,2,wait,2,2,-41.3829,wait,2,2,-54.9091,False
6163,5,9,1,3,wait,2,2,-41.105,wait,2,2,-54.7928,False
6164,5,9,1,4,wait,2,2,-41.1717,wait,2,2,-55.3757,False
6165,5,9,1,5,wait,2,2,-41.2094,wait,2,2,-55.6679,False
6166,5,9,1,6,wait,2,2,-41.4496,wait,2,2,-55.8209,False
6167,5,9,1,7,wait,2,2,-41.894,wait,2,2,-56.6738,False
6168,5,9,1,8,wait,2,2,-42.0453,wait,2,2,-56.7628,False
6169,5,9,1,9,wait,2,2,-42.7775,wait,2,2,-57.841,False
6170,5,9,1,10,wait,2,2,-43.7203,wait,2,2,-59.4238,False
6171,5,9,1,11,wait,2,2,-45.5953,wait,2,2,-62.8738,False
6172,5,9,1,12,wait,2,2,-49.515,wait,2,2,-69.1908,False
6173,5,9,1,13,wait,2,2,-54.4357,wait,2,2,-77.9521,False
6174,5,9,1,14,hunt,2,2,-88.9535,hunt,2,2,-89.4533,False
6175,5,9,1,15,wait,0,0,0.0,wait,0,0,0.0,False
6176,5,9,2,0,wait,2,2,-20.9064,wait,2,2,-32.2983,False
6177,5,9,2,1,hunt,2,2,-20.2723,hunt,2,2,-31.4623,False
6178,5,9,2,2,wait,2,2,-20.5076,wait,2,2,-31.6327,False
6179,5,9,2,3,wait,2,2,-20.8431,wait,2,2,-32.5141,False
6180,5,9,2,4,hunt,2,2,-21.3759,hunt,2,2,-32.7203,False
6181,5,9,2,5,wait,2,2,-21.5483,wait,2,2,-33.3493,False
6182,5,9,2,6,wait,2,2,-22.2427,wait,2,2,-34.6548,False
6183,5,9,2,7,hunt,2,2,-23.0884,wait,2,2,-36.1975,True
6184,5,9,2,8,hunt,2,2,-24.1963,wait,2,2,-38.0488,True
6185,5,9,2,9,wait,2,2,-25.3613,wait,2,2,-40.0942,False
6186,5,9,2,10,wait,2,2,-27.8822,wait,2,2,-43.7995,False
6187,5,9,2,11,wait,2,2,-31.994,wait,2,2,-50.7867,False
6188,5,9,2,12,hunt,2,2,-37.8262,hunt,2,2,-60.699,False
6189,5,9,2,13,wait,2,2,-45.0613,wait,2,2,-72.4784,False
6190,5,9,2,14,wait,2,1,-86.1177,wait,2,2,-87.4246,True
6191,5,9,2,15,wait,0,0,0.0,wait,0,0,0.0,False
6192,5,9,3,0,hunt,2,2,-4.9646,hunt,2,2,-9.8179,False
6193,5,9,3,1,hunt,2,2,-5.0024,hunt,2,2,-9.8269,False
6194,5,9,3,2,hunt,2,2,-4.9685,hunt,2,2,-9.2991,False
6195,5,9,3,3,hunt,2,2,-5.6334,hunt,2,2,-10.6105,False
6196,5,9,3,4,hunt,2,2,-6.0636,hunt,2,2,-11.551,False
6197,5,9,3,5,hunt,2,2,-6.8149,hunt,2,2,-12.4167,False
6198,5,9,3,6,hunt,2,2,-9.0456,hunt,2,2,-16.303,False
6199,5,9,3,7,hunt,2,2,-10.5554,hunt,2,2,-19.0825,False
6200,5,9,3,8,wait,2,2,-13.0404,wait,2,2,-23.4871,False
6201,5,9,3,9,wait,2,2,-16.0847,wait,2,2,-28.1098,False
6202,5,9,3,10,hunt,2,2,-19.7065,hunt,2,2,-34.5006,False
6203,5,9,3,11,hunt,2,2,-25.4189,hunt,2,2,-43.2788,False
6204,5,9,3,12,hunt,2,2,-31.6937,hunt,2,2,-54.4165,False
6205,5,9,3,13,wait,1,1,-41.1651,wait,2,2,-69.8855,True
6206,5,9,3,14,wait,2,1,-84.354,hunt,2,2,-86.5347,True
6207,5,9,3,15,wait,0,0,0.0,wait,0,0,0.0,False
6208,5,9,4,0,hunt,2,2,6.2576,hunt,2,2,5.5871,False
6209,5,9,4,1,wait,2,2,6.7539,wait,2,2,6.5277,False
6210,5,9,4,2,hunt,2,2,6.2042,hunt,2,2,5.7922,False
6211,5,9,4,3,wait,2,2,6.1239,wait,2,2,5.4873,False
6212,5,9,4,4,wait,2,2,4.895,hunt,2,2,3.764,True
6213,5,9,4,5,hunt,2,2,4.288,wait,2,2,3.3928,True
6214,5,9,4,6,hunt,2,2,3.0348,wait,2,2,2.5919,True
6215,5,9,4,7,hunt,2,2,-0.3139,hunt,2,2,-5.198,False
6216,5,9,4,8,hunt,2,2,-3.3614,hunt,2,2,-10.4371,False
6217,5,9,4,9,hunt,2,2,-7.0535,hunt,2,2,-16.7705,False
6218,5,9,4,10,hunt,2,2,-11.8426,hunt,2,2,-24.3217,False
6219,5,9,4,11,hunt,2,2,-17.2703,hunt,2,2,-33.5659,False
6220,5,9,4,12,hunt,2,2,-24.0973,hunt,0,1,-41.0111,True
6221,5,9,4,13,hunt,0,1,-30.3069,hunt,0,1,-45.9936,False
6222,5,9,4,14,hunt,2,2,-83.0846,hunt,2,2,-84.6089,False
6223,5,9,4,15,wait,0,0,0.0,wait,0,0,0.0,False
6224,5,9,5,0,wait,2,2,6.6222,hunt,1,1,7.8259,True
6225,5,9,5,1,wait,2,1,6.621,hunt,1,1,8.1284,True
6226,5,9,5,2,hunt,1,2,8.4895,hunt,1,2,9.7495,False
6227,5,9,5,3,hunt,2,1,6.478,hunt,1,2,6.8271,True
6228,5,9,5,4,wait,2,1,4.9657,hunt,1,1,6.6775,True
6229,5,9,5,5,hunt,2,1,5.0474,hunt,1,1,7.4761,True
6230,5,9,5,6,hunt,1,2,5.918,hunt,1,2,5.7901,False
6231,5,9,5,7,hunt,2,2,1.37,hunt,1,1,4.3323,True
6232,5,9,5,8,hunt,1,2,1.2106,hunt,1,1,3.4673,True
6233,5,9,5,9,hunt,1,1,-0.6679,hunt,1,1,-4.3446,False
6234,5,9,5,10,hunt,1,1,-4.2991,hunt,0,1,-9.1191,True
6235,5,9,5,11,hunt,0,1,-7.475,hunt,0,1,-12.2188,False
6236,5,9,5,12,hunt,0,1,-9.9873,hunt,0,1,-16.7573,False
6237,5,9,5,13,hunt,0,1,-13.3059,hunt,0,1,-21.3605,False
6238,5,9,5,14,wait,1,0,-82.2955,hunt,2,2,-84.9922,True
6239,5,9,5,15,wait,0,0,0.0,wait,0,0,0.0,False
6256,5,10,1,0,wait,2,2,-40.6057,wait,2,2,-54.464,False
6257,5,10,1,1,wait,2,2,-40.3837,wait,2,2,-53.773,False
6258,5,10,1,2,wait,2,2,-40.4837,wait,2,2,-54.327,False
6259,5,10,1,3,wait,2,2,-39.8878,wait,2,2,-53.9136,False
6260,5,10,1,4,wait,2,2,-40.7085,wait,2,2,-54.5363,False
6261,5,10,1,5,wait,2,2,-40.9754,wait,2,2,-55.7426,False
6262,5,10,1,6,wait,2,2,-41.2212,wait,2,2,-55.7222,False
6263,5,10,1,7,wait,2,2,-41.6695,wait,2,2,-56.8672,False
6264,5,10,1,8,wait,2,2,-41.9715,wait,2,2,-57.1256,False
6265,5,10,1,9,wait,2,2,-42.7265,wait,2,2,-57.8396,False
6266,5,10,1,10,wait,2,2,-43.4977,wait,2,2,-59.2395,False
6267,5,10,1,11,wait,2,2,-46.2974,wait,2,2,-63.7561,False
6268,5,10,1,12,wait,2,2,-49.182,wait,2,2,-68.939,False
6269,5,10,1,13,wait,2,2,-54.6931,wait,2,2,-77.855,False
6270,5,10,1,14,hunt,2,2,-88.9705,wait,2,2,-89.8241,True
6271,5,10,1,15,wait,0,0,0.0,wait,0,0,0.0,False
6272,5,10,2,0,wait,2,2,-19.906,wait,2,2,-30.3618,False
6273,5,10,2,1,hunt,2,2,-20.1196,hunt,2,2,-31.4444,False
6274,5,10,2,2,hunt,2,2,-20.0786,hunt,2,2,-31.1924,False
6275,5,10,2,3,hunt,2,2,-20.4304,hunt,2,2,-31.7048,False
6276,5,10,2,4,hunt,2,2,-20.2313,hunt,2,2,-31.1099,False
6277,5,10,2,5,wait,2,2,-20.9254,wait,2,2,-31.8278,False
6278,5,10,2,6,hunt,2,2,-22.1978,hunt,2,2,-34.4638,False
6279,5,10,2,7,wait,2,2,-22.8537,wait,2,2,-35.5749,False
6280,5,10,2,8,wait,2,2,-23.5504,wait,2,2,-36.3383,False
6281,5,10,2,9,wait,2,2,-25.6033,wait,2,2,-40.2361,False
6282,5,10,2,10,wait,2,2,-28.2942,wait,2,2,-44.5938,False
6283,5,10,2,11,hunt,2,2,-32.0378,hunt,2,2,-51.3806,False
6284,5,10,2,12,hunt,2,2,-37.5341,hunt,2,2,-60.2955,False
6285,5,10,2,13,hunt,2,2,-45.1575,hunt,2,2,-72.9207,False
6286,5,10,2,14,hunt,1,2,-86.4308,hunt,2,2,-87.458,True
6287,5,10,2,15,wait,0,0,0.0,wait,0,0,0.0,False
6288,5,10,3,0,hunt,2,2,-4.3881,hunt,2,2,-8.6256,False
6289,5,10,3,1,hunt,2,2,-4.9177,hunt,2,2,-9.8602,False
6290,5,10,3,2,hunt,2,2,-4.4013,hunt,2,2,-8.5601,False
6291,5,10,3,3,hunt,2,2,-4.9645,hunt,2,2,-9.8663,False
6292,5,10,3,4,hunt,2,2,-5.3154,hunt,2,2,-9.9445,False
6293,5,10,3,5,hunt,2,2,-5.9791,hunt,2,2,-11.4852,False
6294,5,10,3,6,wait,1,1,-8.835,hunt,2,2,-16.2568,True
6295,5,10,3,7,hunt,2,2,-10.6541,hunt,2,2,-18.9749,False
6296,5,10,3,8,hunt,2,2,-12.8763,hunt,2,2,-22.4732,False
6297,5,10,3,9,hunt,2,2,-15.7609,hunt,2,2,-27.5799,False
6298,5,10,3,10,hunt,2,2,-19.7165,hunt,2,2,-34.3636,False
6299,5,10,3,11,hunt,2,2,-25.0517,hunt,2,2,-42.6671,False
6300,5,10,3,12,hunt,2,2,-30.787,hunt,2,2,-52.7204,False
6301,5,10,3,13,wait,2,2,-40.5912,wait,2,2,-69.2533,False
6302,5,10,3,14,hunt,2,1,-84.2669,wait,2,2,-85.2061,True
6303,5,10,3,15,wait,0,0,0.0,wait,0,0,0.0,False
6304,5,10,4,0,wait,2,2,7.027,wait,2,2,7.1642,False
6305,5,10,4,1,wait,2,2,7.2918,wait,2,2,7.6649,False
6306,5,10,4,2,wait,2,2,7.3559,wait,2,2,7.5488,False
6307,5,10,4,3,hunt,2,2,6.1679,hunt,2,2,5.6675,False
6308,5,10,4,4,hunt,2,2,5.7118,hunt,2,2,4.7533,False
6309,5,10,4,5,hunt,2,2,4.3332,wait,2,2,3.6607,True
6310,5,10,4,6,hunt,2,2,3.8495,hunt,2,2,1.8538,False
6311,5,10,4,7,hunt,2,2,0.24,hunt,1,1,-0.75,True
6312,5,10,4,8,hunt,2,2,-3.0208,hunt,2,2,-9.6034,False
6313,5,10,4,9,hunt,2,2,-6.2771,hunt,2,2,-14.9042,False
6314,5,10,4,10,hunt,2,2,-10.9872,hunt,2,2,-22.7781,False
6315,5,10,4,11,hunt,2,2,-15.7017,hunt,2,2,-30.7149,False
6316,5,10,4,12,hunt,2,2,-22.0144,hunt,0,2,-39.6012,True
6317,5,10,4,13,hunt,0,2,-29.6165,hunt,0,2,-45.7952,False
6318,5,10,4,14,wait,1,1,-83.1273,wait,2,2,-84.7614,True
6319,5,10,4,15,wait,0,0,0.0,wait,0,0,0.0,False
6320,5,10,5,0,hunt,1,1,12.2373,hunt,1,1,16.8866,False
6321,5,10,5,1,wait,2,2,7.5029,hunt,1,1,9.1756,True
6322,5,10,5,2,wait,2,2,7.1982,wait,2,2,7.5808,False
6323,5,10,5,3,wait,2,2,7.1818,hunt,1,2,7.412,True
6324,5,10,5,4,wait,1,1,7.3824,wait,1,1,8.8707,False
6325,5,10,5,5,hunt,1,2,9.4284,hunt,1,2,11.3097,False
6326,5,10,5,6,wait,1,2,4.425,hunt,1,2,5.7381,True
6327,5,10,5,7,hunt,1,1,4.3915,hunt,1,2,5.1234,True
6328,5,10,5,8,hunt,1,1,3.2718,hunt,1,2,3.3909,True
6329,5,10,5,9,hunt,1,1,0.2202,hunt,0,1,-1.3689,True
6330,5,10,5,10,hunt,1,1,-3.3311,hunt,0,1,-8.3633,True
6331,5,10,5,11,hunt,0,2,-7.0053,hunt,0,2,-11.5034,False
6332,5,10,5,12,hunt,0,2,-8.9996,hunt,0,2,-15.859,False
6333,5,10,5,13,hunt,0,2,-12.4361,hunt,0,2,-19.9018,False
6334,5,10,5,14,hunt,2,2,-82.2298,wait,2,2,-84.9222,True
6335,5,10,5,15,wait,0,0,0.0,wait,0,0,0.0,False
6352,6,0,1,0,wait,2,0,-98.8916,wait,2,0,-98.8984,False
6353,6,0,1,1,wait,2,0,-98.8916,wait,2,0,-98.8984,False
6354,6,0,1,2,wait,2,0,-98.8916,wait,2,0,-98.8984,False
6355,6,0,1,3,wait,2,0,-98.8916,wait,2,0,-98.8984,False
6356,6,0,1,4,wait,2,0,-98.8917,wait,2,0,-98.8984,False
6357,6,0,1,5,wait,2,0,-98.8916,wait,2,0,-98.8984,False
6358,6,0,1,6,wait,2,0,-98.8916,wait,2,0,-98.8984,False
6359,6,0,1,7,wait,2,0,-98.8916,wait,2,0,-98.8984,False
6360,6,0,1,8,wait,2,0,-98.8916,wait,2,0,-98.8984,False
6361,6,0,1,9,wait,2,0,-98.8916,wait,2,0,-98.8984,False
6362,6,0,1,10,wait,2,0,-98.8916,wait,2,0,-98.8984,False
6363,6,0,1,11,wait,2,0,-98.8916,wait,2,0,-98.8984,False
6364,6,0,1,12,wait,2,0,-98.8916,wait,2,0,-98.8984,False
6365,6,0,1,13,wait,2,0,-98.8916,wait,2,0,-98.8984,False
6366,6,0,1,14,wait,2,0,-98.8916,wait,2,0,-98.8984,False
6367,6,0,1,15,wait,0,0,0.0,wait,0,0,0.0,False
6368,6,0,2,0,wait,2,0,-69.4066,wait,2,0,-84.3942,False
6369,6,0,2,1,wait,1,0,-69.7161,wait,1,0,-84.0084,False
6370,6,0,2,2,wait,1,0,-69.3686,wait,1,0,-84.1685,False
6371,6,0,2,3,wait,1,0,-69.2956,wait,1,0,-83.8933,False
6372,6,0,2,4,wait,2,0,-69.4354,wait,2,0,-83.89,False
6373,6,0,2,5,wait,2,0,-68.8995,wait,2,0,-83.3954,False
6374,6,0,2,6,wait,1,0,-69.4027,wait,1,0,-84.4741,False
6375,6,0,2,7,wait,1,0,-69.301,wait,1,0,-83.7724,False
6376,6,0,2,8,wait,1,0,-69.4909,wait,1,0,-84.5549,False
6377,6,0,2,9,wait,1,0,-69.3664,wait,1,0,-84.3074,False
6378,6,0,2,10,wait,2,0,-69.7158,wait,2,0,-84.7338,False
6379,6,0,2,11,wait,2,0,-69.8947,wait,2,0,-85.5362,False
6380,6,0,2,12,wait,2,0,-70.7674,wait,2,0,-86.3349,False
6381,6,0,2,13,wait,2,0,-72.2216,wait,2,0,-88.9103,False
6382,6,0,2,14,wait,1,0,-93.9599,wait,1,0,-93.7441,False
6383,6,0,2,15,wait,0,0,0.0,wait,0,0,0.0,False
6384,6,0,3,0,wait,1,0,-48.2981,wait,1,0,-66.0551,False
6385,6,0,3,1,wait,1,0,-48.44,wait,1,0,-66.7214,False
6386,6,0,3,2,wait,1,0,-48.5095,wait,1,0,-67.6466,False
6387,6,0,3,3,wait,1,0,-48.5051,wait,1,0,-66.9251,False
6388,6,0,3,4,wait,1,0,-48.5775,wait,1,0,-66.293,False
6389,6,0,3,5,wait,1,0,-48.5932,wait,1,0,-66.1684,False
6390,6,0,3,6,wait,1,0,-48.358,wait,1,0,-66.8003,False
6391,6,0,3,7,wait,1,0,-48.8516,wait,1,0,-66.5875,False
6392,6,0,3,8,wait,1,0,-49.1844,wait,1,0,-66.8073,False
6393,6,0,3,9,wait,1,0,-48.7413,wait,1,0,-67.1209,False
6394,6,0,3,10,wait,2,0,-50.0778,wait,2,0,-69.3564,False
6395,6,0,3,11,wait,2,0,-51.2165,wait,2,0,-71.2591,False
6396,6,0,3,12,wait,2,0,-53.5441,wait,2,0,-75.2074,False
6397,6,0,3,13,wait,2,0,-57.0932,wait,1,0,-81.4225,True
6398,6,0,3,14,wait,2,0,-90.7404,wait,2,0,-90.9183,False
6399,6,0,3,15,wait,0,0,0.0,wait,0,0,0.0,False
6400,6,0,4,0,wait,1,0,-30.3747,wait,1,0,-47.3195,False
6401,6,0,4,1,wait,1,0,-30.4208,wait,1,0,-46.9866,False
6402,6,0,4,2,wait,1,0,-30.4783,wait,1,0,-47.0369,False
6403,6,0,4,3,wait,1,0,-30.6774,wait,1,0,-46.9792,False
6404,6,0,4,4,wait,1,0,-30.868,wait,1,0,-47.6437,False
6405,6,0,4,5,wait,1,0,-30.9829,wait,1,0,-47.2354,False
6406,6,0,4,6,wait,1,0,-31.012,wait,1,0,-47.6126,False
6407,6,0,4,7,wait,1,0,-31.1906,wait,1,0,-48.1361,False
6408,6,0,4,8,wait,1,0,-31.7181,wait,1,0,-48.5146,False
6409,6,0,4,9,wait,1,0,-33.0402,wait,1,0,-50.4862,False
6410,6,0,4,10,wait,1,0,-34.6755,wait,1,0,-54.3825,False
6411,6,0,4,11,wait,1,0,-37.7725,wait,1,0,-59.2888,False
6412,6,0,4,12,wait,2,0,-41.2472,wait,2,0,-65.1068,False
6413,6,0,4,13,wait,2,0,-47.3761,wait,2,0,-75.4325,False
6414,6,0,4,14,wait,2,0,-88.9768,wait,2,0,-88.903,False
6415,6,0,4,15,wait,0,0,0.0,wait,0,0,0.0,False
6416,6,0,5,0,wait,1,0,-18.2424,wait,1,0,-30.1028,False
6417,6,0,5,1,wait,1,0,-18.1043,wait,1,0,-30.2605,False
6418,6,0,5,2,wait,1,0,-18.1554,wait,1,0,-30.2522,False
6419,6,0,5,3,wait,1,0,-18.5524,wait,1,0,-31.1361,False
6420,6,0,5,4,wait,1,0,-18.5435,wait,1,0,-30.7522,False
6421,6,0,5,5,wait,1,0,-19.0922,wait,1,0,-31.5216,False
6422,6,0,5,6,wait,1,0,-19.1969,wait,1,0,-32.0647,False
6423,6,0,5,7,wait,1,0,-20.0255,wait,1,0,-33.3027,False
6424,6,0,5,8,wait,1,0,-21.502,wait,1,0,-35.6532,False
6425,6,0,5,9,wait,1,0,-23.2405,wait,1,0,-38.4631,False
6426,6,0,5,10,wait,1,0,-26.0519,wait,1,0,-43.2921,False
6427,6,0,5,11,wait,2,0,-30.6639,wait,2,0,-50.9089,False
6428,6,0,5,12,wait,2,0,-36.2013,wait,2,0,-59.9318,False
6429,6,0,5,13,wait,2,0,-43.5294,wait,2,0,-72.9512,False
6430,6,0,5,14,wait,2,0,-88.1999,wait,1,0,-87.8344,True
6431,6,0,5,15,wait,0,0,0.0,wait,0,0,0.0,False
6448,6,1,1,0,wait,1,1,-68.7378,wait,1,1,-83.6748,False
6449,6,1,1,1,wait,1,1,-68.8916,wait,1,1,-83.3184,False
6450,6,1,1,2,wait,2,1,-68.9947,wait,1,1,-84.0296,True
6451,6,1,1,3,wait,1,1,-68.5215,wait,1,1,-83.4026,False
6452,6,1,1,4,wait,1,1,-69.2232,wait,1,1,-84.0456,False
6453,6,1,1,5,wait,1,1,-68.7985,wait,1,1,-83.8304,False
6454,6,1,1,6,wait,1,1,-68.7282,wait,1,1,-83.5175,False
6455,6,1,1,7,wait,1,1,-68.5981,wait,1,1,-82.7965,False
6456,6,1,1,8,wait,2,1,-68.5613,wait,2,1,-82.6887,False
6457,6,1,1,9,wait,1,1,-68.6806,wait,1,1,-83.3298,False
6458,6,1,1,10,wait,1,1,-68.6342,wait,1,1,-82.9238,False
6459,6,1,1,11,wait,1,1,-69.4558,wait,2,1,-84.8943,True
6460,6,1,1,12,wait,2,1,-70.0261,wait,2,1,-86.0455,False
6461,6,1,1,13,wait,2,1,-71.4696,wait,2,1,-87.6837,False
6462,6,1,1,14,wait,2,1,-93.1015,wait,2,1,-93.1909,False
6463,6,1,1,15,wait,0,0,0.0,wait,0,0,0.0,False
6464,6,1,2,0,wait,1,1,-47.1365,wait,1,1,-64.8508,False
6465,6,1,2,1,wait,1,1,-47.486,wait,1,1,-65.7308,False
6466,6,1,2,2,wait,1,1,-47.6383,wait,1,1,-65.8801,False
6467,6,1,2,3,wait,1,1,-47.7432,wait,1,1,-65.6546,False
6468,6,1,2,4,wait,1,1,-47.4074,wait,1,1,-65.6549,False
6469,6,1,2,5,wait,1,1,-47.6453,wait,1,1,-65.8043,False
6470,6,1,2,6,wait,1,1,-47.889,wait,1,1,-65.9684,False
6471,6,1,2,7,wait,1,1,-47.6534,wait,1,1,-65.7771,False
6472,6,1,2,8,wait,1,1,-47.7806,wait,1,1,-65.6914,False
6473,6,1,2,9,wait,1,1,-47.7115,wait,1,1,-65.8139,False
6474,6,1,2,10,wait,1,1,-48.8893,wait,1,1,-68.0247,False
6475,6,1,2,11,wait,1,1,-50.678,wait,1,1,-70.324,False
6476,6,1,2,12,wait,2,1,-52.6678,wait,1,1,-74.2069,True
6477,6,1,2,13,wait,2,1,-56.0641,wait,2,1,-79.9386,False
6478,6,1,2,14,wait,2,1,-89.7543,wait,2,1,-89.7183,False
6479,6,1,2,15,wait,0,0,0.0,wait,0,0,0.0,False
6480,6,1,3,0,wait,1,1,-29.6655,wait,1,1,-46.1827,False
6481,6,1,3,1,wait,1,1,-29.5033,wait,1,1,-45.8658,False
6482,6,1,3,2,wait,1,1,-29.6394,wait,1,1,-45.912,False
6483,6,1,3,3,wait,1,1,-29.8284,wait,1,1,-46.8197,False
6484,6,1,3,4,wait,1,1,-29.8906,wait,1,1,-46.0443,False
6485,6,1,3,5,wait,1,1,-29.6434,wait,1,1,-46.2989,False
6486,6,1,3,6,wait,1,1,-29.7758,wait,1,1,-47.1388,False
6487,6,1,3,7,wait,1,1,-30.4356,wait,1,1,-47.5347,False
6488,6,1,3,8,wait,1,1,-30.9834,wait,1,1,-48.032,False
6489,6,1,3,9,wait,1,1,-31.2913,wait,1,1,-48.9808,False
6490,6,1,3,10,wait,1,1,-33.7161,wait,1,1,-53.1314,False
6491,6,1,3,11,wait,1,1,-37.2723,wait,1,1,-59.2325,False
6492,6,1,3,12,wait,2,1,-40.492,wait,2,1,-64.9672,False
6493,6,1,3,13,wait,2,1,-46.8798,wait,2,1,-75.0341,False
6494,6,1,3,14,wait,2,1,-87.7207,wait,2,1,-87.804,False
6495,6,1,3,15,wait,0,0,0.0,wait,0,0,0.0,False
6496,6,1,4,0,wait,1,1,-17.1311,wait,1,1,-28.4991,False
6497,6,1,4,1,wait,1,1,-16.8438,wait,1,1,-28.6449,False
6498,6,1,4,2,wait,1,1,-17.5092,wait,1,1,-29.1868,False
6499,6,1,4,3,wait,1,1,-17.2491,wait,1,1,-29.2878,False
6500,6,1,4,4,wait,1,1,-17.4456,wait,1,1,-29.4238,False
6501,6,1,4,5,wait,1,1,-17.7111,wait,1,1,-30.4076,False
6502,6,1,4,6,wait,1,1,-18.2743,wait,1,1,-30.8224,False
6503,6,1,4,7,wait,1,1,-19.1338,wait,1,1,-32.1852,False
6504,6,1,4,8,wait,1,1,-20.1803,wait,1,1,-34.4908,False
6505,6,1,4,9,wait,1,1,-22.4159,wait,1,1,-37.8483,False
6506,6,1,4,10,wait,2,1,-25.2716,wait,2,1,-42.9198,False
6507,6,1,4,11,wait,2,1,-29.6777,wait,2,1,-50.1304,False
6508,6,1,4,12,wait,2,1,-35.1177,wait,2,1,-59.0178,False
6509,6,1,4,13,wait,2,1,-42.6344,wait,2,1,-71.88,False
6510,6,1,4,14,wait,2,1,-87.2831,wait,2,1,-87.0744,False
6511,6,1,4,15,wait,0,0,0.0,wait,0,0,0.0,False
6512,6,1,5,0,wait,1,1,-5.3135,wait,1,1,-12.584,False
6513,6,1,5,1,wait,1,1,-5.5264,wait,1,1,-12.6641,False
6514,6,1,5,2,wait,1,1,-5.7211,wait,1,1,-13.0758,False
6515,6,1,5,3,wait,1,1,-5.9103,wait,1,1,-13.8877,False
6516,6,1,5,4,wait,1,1,-6.8417,wait,1,1,-14.9788,False
6517,6,1,5,5,wait,1,1,-7.3882,wait,1,1,-16.1708,False
6518,6,1,5,6,wait,1,1,-8.4655,wait,1,1,-17.5946,False
6519,6,1,5,7,wait,1,1,-9.693,wait,1,1,-20.1454,False
6520,6,1,5,8,wait,1,1,-11.9474,wait,1,1,-23.4651,False
6521,6,1,5,9,wait,1,1,-15.2736,wait,1,1,-29.3117,False
6522,6,1,5,10,wait,2,1,-19.1994,wait,2,1,-35.9133,False
6523,6,1,5,11,wait,2,1,-24.7467,wait,2,1,-45.2817,False
6524,6,1,5,12,wait,2,1,-31.2121,wait,2,1,-55.2604,False
6525,6,1,5,13,wait,2,1,-39.1017,wait,2,1,-69.2683,False
6526,6,1,5,14,wait,2,1,-86.2306,wait,2,1,-85.6178,False
6527,6,1,5,15,wait,0,0,0.0,wait,0,0,0.0,False
6544,6,2,1,0,wait,2,2,-48.1492,wait,2,2,-66.8635,False
6545,6,2,1,1,wait,2,2,-47.325,wait,2,2,-65.784,False
6546,6,2,1,2,wait,2,2,-48.1909,wait,2,2,-66.4528,False
6547,6,2,1,3,wait,2,2,-47.9758,wait,2,2,-66.6108,False
6548,6,2,1,4,wait,2,2,-48.2618,wait,2,2,-66.4755,False
6549,6,2,1,5,wait,2,2,-48.0353,wait,2,2,-66.9774,False
6550,6,2,1,6,wait,2,2,-47.6061,wait,2,2,-66.683,False
6551,6,2,1,7,wait,2,2,-47.9408,wait,2,2,-67.4499,False
6552,6,2,1,8,wait,2,2,-47.7775,wait,2,2,-66.5195,False
6553,6,2,1,9,wait,2,2,-48.0353,wait,2,2,-67.1349,False
6554,6,2,1,10,wait,2,2,-48.8072,wait,2,2,-68.6394,False
6555,6,2,1,11,wait,2,2,-49.5539,wait,2,2,-69.3163,False
6556,6,2,1,12,wait,2,2,-51.7644,wait,2,2,-72.9155,False
6557,6,2,1,13,wait,2,2,-55.7412,wait,2,2,-79.6442,False
6558,6,2,1,14,wait,2,2,-89.0921,wait,2,2,-89.3108,False
6559,6,2,1,15,wait,0,0,0.0,wait,0,0,0.0,False
6560,6,2,2,0,wait,2,2,-31.2629,wait,2,2,-49.8265,False
6561,6,2,2,1,wait,2,2,-31.1144,wait,2,2,-49.4661,False
6562,6,2,2,2,wait,2,2,-30.9835,wait,2,2,-49.2701,False
6563,6,2,2,3,wait,2,2,-31.2322,wait,2,2,-49.5906,False
6564,6,2,2,4,wait,2,2,-31.2294,wait,2,2,-49.8915,False
6565,6,2,2,5,wait,2,2,-30.8296,wait,2,2,-48.5847,False
6566,6,2,2,6,wait,2,2,-31.1854,wait,2,2,-49.491,False
6567,6,2,2,7,wait,2,2,-31.1063,wait,2,2,-49.7358,False
6568,6,2,2,8,wait,2,2,-31.6675,wait,2,2,-50.6997,False
6569,6,2,2,9,wait,2,2,-31.8934,wait,2,2,-50.9766,False
6570,6,2,2,10,wait,2,2,-33.3827,wait,2,2,-52.6259,False
6571,6,2,2,11,wait,2,2,-36.1942,wait,2,2,-57.1577,False
6572,6,2,2,12,wait,2,2,-40.0316,wait,2,2,-64.0466,False
6573,6,2,2,13,wait,2,2,-46.158,wait,2,2,-74.2507,False
6574,6,2,2,14,wait,2,2,-87.6198,wait,2,2,-87.5852,False
6575,6,2,2,15,wait,0,0,0.0,wait,0,0,0.0,False
6576,6,2,3,0,wait,2,2,-18.7267,wait,2,2,-32.6591,False
6577,6,2,3,1,wait,2,2,-19.0983,wait,2,2,-33.3835,False
6578,6,2,3,2,wait,2,2,-18.9359,wait,2,2,-32.7018,False
6579,6,2,3,3,wait,2,2,-19.0384,wait,2,2,-33.0106,False
6580,6,2,3,4,wait,2,2,-19.2393,wait,2,2,-33.1706,False
6581,6,2,3,5,wait,2,2,-19.6723,wait,2,2,-34.4726,False
6582,6,2,3,6,wait,2,2,-19.6854,wait,2,2,-34.4718,False
6583,6,2,3,7,wait,2,2,-19.7364,wait,2,2,-34.1664,False
6584,6,2,3,8,wait,2,2,-20.5742,wait,2,2,-35.2358,False
6585,6,2,3,9,wait,2,2,-22.2924,wait,2,2,-38.3162,False
6586,6,2,3,10,wait,2,2,-24.5316,wait,2,2,-42.1129,False
6587,6,2,3,11,wait,2,2,-29.1253,wait,2,2,-49.9266,False
6588,6,2,3,12,wait,2,2,-34.3448,wait,2,2,-58.2044,False
6589,6,2,3,13,wait,2,2,-41.9635,wait,2,2,-71.479,False
6590,6,2,3,14,wait,2,0,-86.5026,wait,2,2,-87.2083,True
6591,6,2,3,15,wait,0,0,0.0,wait,0,0,0.0,False
6592,6,2,4,0,wait,2,2,-7.262,wait,2,2,-17.0724,False
6593,6,2,4,1,wait,2,2,-7.4101,wait,1,1,-16.6985,True
6594,6,2,4,2,wait,2,2,-7.778,wait,2,2,-17.3337,False
6595,6,2,4,3,wait,2,2,-7.766,wait,2,2,-17.9021,False
6596,6,2,4,4,wait,2,2,-7.939,wait,2,2,-17.5661,False
6597,6,2,4,5,wait,2,2,-8.7383,wait,2,2,-18.9205,False
6598,6,2,4,6,wait,2,2,-9.3794,wait,2,2,-20.2945,False
6599,6,2,4,7,wait,2,2,-10.4216,wait,2,2,-22.1455,False
6600,6,2,4,8,wait,2,2,-12.0749,wait,2,2,-24.4234,False
6601,6,2,4,9,wait,2,2,-14.7452,wait,2,2,-29.0427,False
6602,6,2,4,10,wait,2,2,-18.5397,wait,2,2,-35.4452,False
6603,6,2,4,11,wait,2,2,-23.5531,wait,2,2,-43.8389,False
6604,6,2,4,12,wait,2,2,-30.1469,wait,2,2,-55.1018,False
6605,6,2,4,13,wait,2,2,-38.4917,wait,2,2,-69.0115,False
6606,6,2,4,14,hunt,2,0,-85.4609,wait,2,2,-85.8011,True
6607,6,2,4,15,wait,0,0,0.0,wait,0,0,0.0,False
6608,6,2,5,0,wait,1,1,0.3799,wait,1,1,-2.4985,False
6609,6,2,5,1,wait,1,1,0.401,wait,1,1,-3.05,False
6610,6,2,5,2,wait,1,1,0.2031,wait,1,1,-3.2895,False
6611,6,2,5,3,wait,1,1,-0.4367,wait,1,1,-4.3149,False
6612,6,2,5,4,wait,1,1,-1.1274,wait,1,1,-5.3546,False
6613,6,2,5,5,wait,1,1,-2.4391,wait,1,1,-7.7678,False
6614,6,2,5,6,wait,1,1,-3.7303,wait,1,1,-10.1843,False
6615,6,2,5,7,wait,1,1,-5.6092,wait,1,1,-13.1612,False
6616,6,2,5,8,wait,1,1,-8.5797,wait,1,1,-17.9457,False
6617,6,2,5,9,wait,2,1,-12.3587,wait,1,1,-25.0349,True
6618,6,2,5,10,wait,2,1,-16.9417,wait,2,1,-32.6055,False
6619,6,2,5,11,wait,2,2,-22.7318,wait,2,1,-42.5689,True
6620,6,2,5,12,wait,1,1,-29.698,wait,2,1,-54.5567,True
6621,6,2,5,13,wait,2,1,-38.4674,wait,2,1,-68.2949,False
6622,6,2,5,14,wait,2,2,-84.6959,wait,2,2,-85.0377,False
6623,6,2,5,15,wait,0,0,0.0,wait,0,0,0.0,False
6640,6,3,1,0,wait,2,2,-44.3657,wait,2,2,-60.5125,False
6641,6,3,1,1,wait,2,2,-43.6501,wait,2,2,-59.8343,False
6642,6,3,1,2,wait,2,2,-44.2097,wait,2,2,-60.1045,False
6643,6,3,1,3,wait,2,2,-44.3599,wait,2,2,-60.6139,False
6644,6,3,1,4,wait,2,2,-44.1577,wait,2,2,-60.5176,False
6645,6,3,1,5,wait,2,2,-44.2026,wait,2,2,-60.4847,False
6646,6,3,1,6,wait,2,2,-43.8679,wait,2,2,-60.7235,False
6647,6,3,1,7,wait,2,2,-44.4165,wait,2,2,-60.9063,False
6648,6,3,1,8,wait,2,2,-43.6281,wait,2,2,-59.478,False
6649,6,3,1,9,wait,2,2,-44.2888,wait,2,2,-60.3553,False
6650,6,3,1,10,wait,2,2,-45.5652,wait,2,2,-62.7594,False
6651,6,3,1,11,wait,2,2,-47.3501,wait,2,2,-65.5368,False
6652,6,3,1,12,wait,2,2,-49.75,wait,2,2,-70.1549,False
6653,6,3,1,13,wait,2,2,-54.9097,wait,2,2,-78.8713,False
6654,6,3,1,14,wait,2,2,-89.0178,wait,2,2,-89.3717,False
6655,6,3,1,15,wait,0,0,0.0,wait,0,0,0.0,False
6656,6,3,2,0,wait,2,2,-25.7552,wait,2,2,-40.3378,False
6657,6,3,2,1,wait,2,2,-25.8769,wait,2,2,-40.2439,False
6658,6,3,2,2,wait,2,2,-25.76,wait,2,2,-40.988,False
6659,6,3,2,3,wait,2,2,-25.619,wait,2,2,-40.2683,False
6660,6,3,2,4,wait,2,2,-26.1703,wait,2,2,-40.7498,False
6661,6,3,2,5,wait,2,2,-25.7693,wait,2,2,-40.6544,False
6662,6,3,2,6,wait,2,2,-26.3934,wait,2,2,-41.846,False
6663,6,3,2,7,wait,2,2,-26.1794,wait,2,2,-40.856,False
6664,6,3,2,8,wait,2,2,-26.8174,wait,2,2,-41.7588,False
6665,6,3,2,9,wait,2,2,-28.0016,wait,2,2,-43.7899,False
6666,6,3,2,10,wait,2,2,-30.2661,wait,2,2,-47.887,False
6667,6,3,2,11,wait,2,2,-33.1827,wait,2,2,-52.9405,False
6668,6,3,2,12,wait,2,2,-38.5853,wait,2,2,-61.7575,False
6669,6,3,2,13,wait,2,2,-45.772,wait,2,2,-73.5755,False
6670,6,3,2,14,hunt,1,1,-86.2571,hunt,2,2,-87.7823,True
6671,6,3,2,15,wait,0,0,0.0,wait,0,0,0.0,False
6672,6,3,3,0,wait,2,2,-13.3986,wait,2,2,-23.6583,False
6673,6,3,3,1,wait,2,2,-13.2832,wait,2,2,-23.8365,False
6674,6,3,3,2,wait,2,2,-13.6014,wait,2,2,-24.1846,False
6675,6,3,3,3,wait,2,2,-13.7351,wait,2,2,-24.5119,False
6676,6,3,3,4,wait,2,2,-13.9532,wait,2,2,-24.4521,False
6677,6,3,3,5,wait,2,2,-14.0294,wait,2,2,-24.6906,False
6678,6,3,3,6,wait,2,2,-14.692,wait,2,2,-25.8848,False
6679,6,3,3,7,wait,2,2,-15.386,wait,2,2,-26.5575,False
6680,6,3,3,8,wait,2,2,-16.6869,wait,2,2,-29.2542,False
6681,6,3,3,9,wait,2,2,-18.6251,wait,2,2,-32.0612,False
6682,6,3,3,10,wait,2,2,-22.3355,wait,2,2,-37.9013,False
6683,6,3,3,11,wait,2,2,-27.0755,wait,2,2,-46.3416,False
6684,6,3,3,12,wait,2,2,-33.2925,wait,2,2,-57.3843,False
6685,6,3,3,13,wait,2,2,-41.4827,wait,2,2,-70.518,False
6686,6,3,3,14,wait,1,1,-84.3929,wait,2,2,-86.4385,True
6687,6,3,3,15,wait,0,0,0.0,wait,0,0,0.0,False
6688,6,3,4,0,wait,2,2,-1.6199,wait,2,2,-7.5321,False
6689,6,3,4,1,wait,2,2,-1.4785,wait,2,2,-7.0445,False
6690,6,3,4,2,wait,2,2,-1.8443,wait,2,2,-7.7133,False
6691,6,3,4,3,wait,2,2,-2.1498,wait,2,2,-8.3426,False
6692,6,3,4,4,wait,2,2,-2.7006,wait,2,2,-9.328,False
6693,6,3,4,5,wait,2,2,-3.5833,wait,2,2,-10.439,False
6694,6,3,4,6,wait,2,2,-4.6709,wait,2,2,-12.2838,False
6695,6,3,4,7,wait,2,2,-6.3127,wait,2,2,-15.2238,False
6696,6,3,4,8,wait,2,2,-8.4595,wait,2,2,-18.6709,False
6697,6,3,4,9,wait,2,2,-12.0624,wait,2,2,-24.7281,False
6698,6,3,4,10,wait,2,2,-16.5129,wait,2,2,-31.3301,False
6699,6,3,4,11,wait,2,2,-22.3329,wait,2,2,-41.4598,False
6700,6,3,4,12,wait,2,2,-29.1969,wait,2,2,-53.0882,False
6701,6,3,4,13,hunt,2,2,-38.2255,wait,2,2,-68.8177,True
6702,6,3,4,14,hunt,2,2,-83.0292,hunt,2,2,-84.5466,False
6703,6,3,4,15,wait,0,0,0.0,wait,0,0,0.0,False
6704,6,3,5,0,wait,1,1,3.7282,wait,1,1,2.594,False
6705,6,3,5,1,wait,2,1,1.2078,wait,1,1,3.4519,True
6706,6,3,5,2,hunt,1,1,1.8018,wait,1,1,2.3782,True
6707,6,3,5,3,wait,1,1,2.4724,wait,1,1,2.0845,False
6708,6,3,5,4,wait,1,1,2.2062,hunt,1,1,1.1047,True
6709,6,3,5,5,hunt,1,1,0.8245,wait,1,1,-2.3214,True
6710,6,3,5,6,hunt,1,1,-0.9286,wait,1,1,-5.748,True
6711,6,3,5,7,wait,2,1,-3.1408,wait,1,1,-9.7543,True
6712,6,3,5,8,wait,1,2,-5.8183,wait,1,1,-15.1642,True
6713,6,3,5,9,wait,1,2,-9.3434,wait,1,1,-21.8191,True
6714,6,3,5,10,hunt,1,2,-14.098,wait,1,1,-30.2078,True
6715,6,3,5,11,hunt,2,1,-20.0367,wait,1,1,-41.1187,True
6716,6,3,5,12,wait,2,1,-27.3605,wait,2,2,-53.2586,True
6717,6,3,5,13,wait,2,2,-36.5636,wait,2,2,-67.4335,False
6718,6,3,5,14,wait,1,1,-82.2888,hunt,1,2,-84.9251,True
6719,6,3,5,15,wait,0,0,0.0,wait,0,0,0.0,False
6736,6,4,1,0,wait,2,2,-41.2902,wait,2,2,-55.7265,False
6737,6,4,1,1,wait,2,2,-40.9653,wait,2,2,-55.7961,False
6738,6,4,1,2,wait,2,2,-41.581,wait,2,2,-56.0993,False
6739,6,4,1,3,wait,2,2,-41.2783,wait,2,2,-55.9366,False
6740,6,4,1,4,wait,2,2,-41.648,wait,2,2,-55.7445,False
6741,6,4,1,5,wait,2,2,-41.5869,wait,2,2,-55.9586,False
6742,6,4,1,6,wait,2,2,-41.336,wait,2,2,-55.3681,False
6743,6,4,1,7,wait,2,2,-41.6965,wait,2,2,-56.2983,False
6744,6,4,1,8,wait,2,2,-41.9225,wait,2,2,-56.2769,False
6745,6,4,1,9,wait,2,2,-41.9198,wait,2,2,-56.6606,False
6746,6,4,1,10,wait,2,2,-43.5069,wait,2,2,-59.1227,False
6747,6,4,1,11,wait,2,2,-45.2459,wait,2,2,-61.8916,False
6748,6,4,1,12,wait,2,2,-49.0885,wait,2,2,-68.6208,False
6749,6,4,1,13,hunt,2,2,-54.8366,wait,2,2,-78.555,True
6750,6,4,1,14,hunt,2,2,-88.9752,hunt,2,2,-89.2637,False
6751,6,4,1,15,wait,0,0,0.0,wait,0,0,0.0,False
6752,6,4,2,0,wait,2,2,-22.3313,wait,2,2,-34.7685,False
6753,6,4,2,1,wait,2,2,-22.5106,wait,2,2,-35.7974,False
6754,6,4,2,2,wait,2,2,-23.2436,wait,2,2,-35.5895,False
6755,6,4,2,3,wait,2,2,-23.0003,wait,2,2,-35.2831,False
6756,6,4,2,4,wait,2,2,-22.916,wait,2,2,-35.8499,False
6757,6,4,2,5,wait,2,2,-22.9093,wait,2,2,-35.4533,False
6758,6,4,2,6,wait,2,2,-23.3455,wait,2,2,-35.8547,False
6759,6,4,2,7,wait,2,2,-23.6933,wait,2,2,-37.0225,False
6760,6,4,2,8,wait,2,2,-24.9158,wait,2,2,-38.6717,False
6761,6,4,2,9,wait,2,2,-25.5011,wait,2,2,-40.013,False
6762,6,4,2,10,wait,2,2,-28.2274,wait,2,2,-44.6579,False
6763,6,4,2,11,wait,2,2,-32.0044,wait,2,2,-50.4544,False
6764,6,4,2,12,wait,2,2,-37.6713,wait,2,2,-59.8722,False
6765,6,4,2,13,wait,2,2,-45.2221,wait,2,2,-72.975,False
6766,6,4,2,14,hunt,0,2,-86.1967,hunt,2,2,-87.924,True
6767,6,4,2,15,wait,0,0,0.0,wait,0,0,0.0,False
6768,6,4,3,0,wait,2,2,-9.5104,wait,2,2,-16.9792,False
6769,6,4,3,1,wait,2,2,-9.5608,wait,2,2,-17.0379,False
6770,6,4,3,2,wait,2,2,-9.7897,wait,2,2,-17.4236,False
6771,6,4,3,3,wait,2,2,-9.5741,wait,2,2,-17.5846,False
6772,6,4,3,4,wait,2,2,-10.4028,wait,2,2,-18.926,False
6773,6,4,3,5,wait,2,2,-10.7521,wait,2,2,-19.5043,False
6774,6,4,3,6,wait,2,2,-11.468,wait,2,2,-20.7048,False
6775,6,4,3,7,wait,2,2,-12.7505,wait,2,2,-21.9812,False
6776,6,4,3,8,wait,2,2,-14.1544,wait,2,2,-24.8954,False
6777,6,4,3,9,wait,2,2,-16.6063,wait,2,2,-28.6361,False
6778,6,4,3,10,wait,2,2,-20.5338,wait,2,2,-35.732,False
6779,6,4,3,11,wait,2,2,-25.8421,wait,2,2,-44.748,False
6780,6,4,3,12,wait,2,2,-32.5042,wait,2,2,-55.2793,False
6781,6,4,3,13,wait,2,2,-41.0105,wait,2,2,-69.2089,False
6782,6,4,3,14,hunt,0,1,-84.3951,hunt,2,2,-86.2958,True
6783,6,4,3,15,wait,0,0,0.0,wait,0,0,0.0,False
6784,6,4,4,0,wait,2,2,2.5746,wait,2,2,-0.6149,False
6785,6,4,4,1,wait,2,2,2.3491,wait,1,1,-0.4863,True
6786,6,4,4,2,wait,2,2,2.1223,wait,1,1,-0.9771,True
6787,6,4,4,3,wait,2,2,1.451,wait,2,2,-1.9896,False
6788,6,4,4,4,wait,2,2,0.9233,wait,1,1,-0.5644,True
6789,6,4,4,5,wait,2,2,-0.2479,wait,2,2,-4.9923,False
6790,6,4,4,6,wait,2,2,-1.869,wait,2,2,-7.7443,False
6791,6,4,4,7,wait,2,2,-3.9507,wait,2,2,-11.3924,False
6792,6,4,4,8,wait,2,2,-6.6058,wait,2,2,-15.8423,False
6793,6,4,4,9,wait,2,2,-10.6505,wait,2,2,-22.4438,False
6794,6,4,4,10,hunt,2,2,-15.4638,wait,2,2,-30.8577,True
6795,6,4,4,11,hunt,2,2,-21.6245,wait,2,2,-41.0322,True
6796,6,4,4,12,hunt,1,1,-29.0588,hunt,2,2,-53.6496,True
6797,6,4,4,13,wait,2,2,-37.785,wait,2,2,-67.8074,False
6798,6,4,4,14,wait,0,1,-83.0663,wait,2,2,-85.4358,True
6799,6,4,4,15,wait,0,0,0.0,wait,0,0,0.0,False
6800,6,4,5,0,hunt,2,1,3.6943,hunt,1,1,4.4788,True
6801,6,4,5,1,wait,1,2,4.5082,hunt,1,1,4.3827,True
6802,6,4,5,2,hunt,1,1,5.1042,hunt,1,1,4.8885,False
6803,6,4,5,3,hunt,1,1,4.8684,hunt,1,1,4.741,False
6804,6,4,5,4,hunt,1,1,3.9237,wait,1,1,3.7482,True
6805,6,4,5,5,wait,2,1,1.1963,wait,1,1,3.7039,True
6806,6,4,5,6,hunt,1,1,1.1115,wait,1,1,2.7218,True
6807,6,4,5,7,hunt,1,2,-0.9935,hunt,1,1,-6.4821,True
6808,6,4,5,8,wait,2,2,-3.8487,wait,1,1,-12.0484,True
6809,6,4,5,9,wait,1,1,-7.57,wait,1,1,-19.2239,False
6810,6,4,5,10,wait,0,1,-12.3384,wait,1,1,-27.9465,True
6811,6,4,5,11,hunt,1,0,-18.5049,hunt,1,1,-38.2997,True
6812,6,4,5,12,hunt,2,0,-26.195,wait,1,1,-51.5902,True
6813,6,4,5,13,wait,2,2,-36.2051,wait,2,2,-67.3453,False
6814,6,4,5,14,wait,2,2,-82.4514,wait,2,2,-85.3075,False
6815,6,4,5,15,wait,0,0,0.0,wait,0,0,0.0,False
6832,6,5,1,0,wait,2,2,-39.2501,wait,2,2,-51.8353,False
6833,6,5,1,1,wait,2,2,-39.2907,wait,2,2,-52.4384,False
6834,6,5,1,2,wait,2,2,-40.0991,wait,2,2,-53.5906,False
6835,6,5,1,3,wait,2,2,-39.8663,wait,2,2,-53.1205,False
6836,6,5,1,4,wait,2,2,-39.9978,wait,2,2,-53.6243,False
6837,6,5,1,5,wait,2,2,-40.0149,wait,2,2,-52.9575,False
6838,6,5,1,6,wait,2,2,-40.2897,wait,2,2,-53.6183,False
6839,6,5,1,7,wait,2,2,-40.662,wait,2,2,-54.3272,False
6840,6,5,1,8,wait,2,2,-40.0707,wait,2,2,-53.7244,False
6841,6,5,1,9,wait,2,2,-40.6991,wait,2,2,-54.3036,False
6842,6,5,1,10,wait,2,2,-41.8084,wait,2,2,-56.6534,False
6843,6,5,1,11,wait,2,2,-44.2783,wait,2,2,-60.8489,False
6844,6,5,1,12,wait,2,2,-48.864,wait,2,2,-67.8798,False
6845,6,5,1,13,wait,2,2,-54.5068,wait,2,2,-77.8045,False
6846,6,5,1,14,hunt,0,0,-88.9391,wait,2,2,-89.5894,True
6847,6,5,1,15,wait,0,0,0.0,wait,0,0,0.0,False
6848,6,5,2,0,wait,2,2,-19.3974,wait,2,2,-30.2437,False
6849,6,5,2,1,wait,2,2,-20.0798,wait,2,2,-30.8473,False
6850,6,5,2,2,wait,2,2,-19.6658,wait,2,2,-30.3172,False
6851,6,5,2,3,wait,2,2,-19.97,wait,2,2,-31.1342,False
6852,6,5,2,4,wait,2,2,-20.4782,wait,2,2,-31.5567,False
6853,6,5,2,5,wait,2,2,-20.4901,wait,2,2,-32.1273,False
6854,6,5,2,6,wait,2,2,-21.1926,wait,2,2,-32.3529,False
6855,6,5,2,7,wait,2,2,-21.5465,wait,2,2,-32.8528,False
6856,6,5,2,8,wait,2,2,-22.5936,wait,2,2,-34.6567,False
6857,6,5,2,9,wait,2,2,-24.0716,wait,2,2,-37.3213,False
6858,6,5,2,10,wait,2,2,-26.5779,wait,2,2,-42.6079,False
6859,6,5,2,11,wait,2,2,-31.6944,wait,2,2,-49.7329,False
6860,6,5,2,12,wait,2,2,-37.1214,wait,2,2,-59.5584,False
6861,6,5,2,13,hunt,2,2,-45.2344,hunt,2,2,-72.8734,False
6862,6,5,2,14,hunt,2,2,-86.1391,wait,2,2,-86.9587,True
6863,6,5,2,15,wait,0,0,0.0,wait,0,0,0.0,False
6864,6,5,3,0,wait,2,2,-5.9562,wait,2,2,-11.3084,False
6865,6,5,3,1,wait,2,2,-6.6221,wait,2,2,-12.5827,False
6866,6,5,3,2,wait,2,2,-6.621,wait,2,2,-12.604,False
6867,6,5,3,3,wait,2,2,-7.0231,wait,2,2,-13.3279,False
6868,6,5,3,4,hunt,2,2,-7.4668,wait,2,2,-14.2522,True
6869,6,5,3,5,wait,2,2,-8.1991,wait,2,2,-15.439,False
6870,6,5,3,6,wait,2,2,-9.2018,wait,2,2,-16.5843,False
6871,6,5,3,7,wait,2,2,-10.4124,wait,2,2,-18.7224,False
6872,6,5,3,8,wait,2,2,-12.3765,wait,2,2,-22.0213,False
6873,6,5,3,9,wait,2,2,-15.5191,wait,2,2,-26.7273,False
6874,6,5,3,10,wait,2,2,-19.5113,wait,2,2,-34.0182,False
6875,6,5,3,11,wait,2,2,-25.2059,wait,2,2,-43.6949,False
6876,6,5,3,12,wait,2,2,-32.4173,wait,2,2,-55.3152,False
6877,6,5,3,13,wait,2,2,-41.1262,hunt,2,2,-69.7364,True
6878,6,5,3,14,wait,2,1,-84.2978,hunt,2,2,-86.4473,True
6879,6,5,3,15,wait,0,0,0.0,wait,0,0,0.0,False
6880,6,5,4,0,hunt,2,2,3.6239,wait,2,2,3.6871,True
6881,6,5,4,1,wait,2,2,4.75,wait,2,2,3.5278,False
6882,6,5,4,2,wait,2,2,4.5786,wait,2,2,2.8021,False
6883,6,5,4,3,hunt,2,2,3.0405,wait,2,2,3.6986,True
6884,6,5,4,4,hunt,2,2,2.6736,wait,2,2,3.4921,True
6885,6,5,4,5,hunt,2,2,1.631,wait,2,2,2.6442,True
6886,6,5,4,6,wait,2,2,0.1523,hunt,1,2,-3.8193,True
6887,6,5,4,7,wait,2,2,-2.3123,wait,2,2,-8.5595,False
6888,6,5,4,8,wait,2,2,-5.3554,wait,2,2,-13.9851,False
6889,6,5,4,9,wait,2,2,-9.4082,wait,2,2,-20.571,False
6890,6,5,4,10,hunt,1,2,-14.6353,hunt,2,2,-29.3902,True
6891,6,5,4,11,hunt,2,2,-20.5389,wait,2,2,-39.5979,True
6892,6,5,4,12,hunt,2,2,-28.0996,hunt,2,2,-51.6493,False
6893,6,5,4,13,hunt,2,2,-37.6455,hunt,1,0,-67.2868,True
6894,6,5,4,14,wait,1,0,-83.0064,wait,2,2,-85.3284,True
6895,6,5,4,15,wait,0,0,0.0,wait,0,0,0.0,False
6896,6,5,5,0,wait,1,2,6.6849,wait,1,2,7.1623,False
6897,6,5,5,1,wait,2,1,5.8428,wait,2,1,5.8389,False
6898,6,5,5,2,wait,2,2,4.4837,wait,1,1,5.6829,True
6899,6,5,5,3,hunt,2,1,5.1608,hunt,1,1,5.4396,True
6900,6,5,5,4,wait,2,1,4.874,wait,1,1,5.6246,True
6901,6,5,5,5,hunt,2,2,2.5592,wait,1,1,5.1298,True
6902,6,5,5,6,hunt,1,1,2.8435,wait,1,1,3.8088,True
6903,6,5,5,7,wait,1,2,0.6997,hunt,0,1,-1.1587,True
6904,6,5,5,8,hunt,1,1,-2.1561,hunt,1,1,-9.4136,False
6905,6,5,5,9,hunt,1,2,-5.8677,hunt,1,1,-15.8818,True
6906,6,5,5,10,hunt,1,1,-10.7588,wait,1,1,-24.8163,True
6907,6,5,5,11,wait,1,1,-16.7203,hunt,1,1,-34.2426,True
6908,6,5,5,12,hunt,1,1,-24.3498,hunt,1,0,-44.7243,True
6909,6,5,5,13,hunt,1,0,-35.2885,hunt,1,0,-59.1222,False
6910,6,5,5,14,hunt,2,1,-82.3316,wait,2,2,-85.1685,True
6911,6,5,5,15,wait,0,0,0.0,wait,0,0,0.0,False
6928,6,6,1,0,wait,2,2,-38.6432,wait,2,2,-50.963,False
6929,6,6,1,1,wait,2,2,-39.4313,wait,2,2,-52.1998,False
6930,6,6,1,2,wait,2,2,-38.8087,wait,2,2,-50.9856,False
6931,6,6,1,3,wait,2,2,-39.0322,wait,2,2,-51.974,False
6932,6,6,1,4,wait,2,2,-39.3748,wait,2,2,-52.2258,False
6933,6,6,1,5,wait,2,2,-39.3196,wait,2,2,-52.4517,False
6934,6,6,1,6,wait,2,2,-38.6031,wait,2,2,-51.3451,False
6935,6,6,1,7,wait,2,2,-39.5194,wait,2,2,-52.9628,False
6936,6,6,1,8,wait,2,2,-39.9969,wait,2,2,-53.6436,False
6937,6,6,1,9,wait,2,2,-40.4006,wait,2,2,-53.5543,False
6938,6,6,1,10,wait,2,2,-41.9268,wait,2,2,-56.4394,False
6939,6,6,1,11,wait,2,2,-44.6857,wait,2,2,-61.4547,False
6940,6,6,1,12,wait,2,2,-48.9971,wait,2,2,-68.4808,False
6941,6,6,1,13,hunt,2,2,-54.455,hunt,2,2,-77.0717,False
6942,6,6,1,14,hunt,1,1,-89.0368,wait,2,2,-89.8732,True
6943,6,6,1,15,wait,0,0,0.0,wait,0,0,0.0,False
6944,6,6,2,0,wait,2,2,-18.3459,wait,2,2,-27.7784,False
6945,6,6,2,1,wait,2,2,-18.177,wait,2,2,-27.9741,False
6946,6,6,2,2,wait,2,2,-18.0273,wait,2,2,-27.8499,False
6947,6,6,2,3,wait,2,2,-18.4302,wait,2,2,-28.3189,False
6948,6,6,2,4,wait,2,2,-18.6311,wait,2,2,-28.8293,False
6949,6,6,2,5,wait,2,2,-19.2134,wait,2,2,-29.561,False
6950,6,6,2,6,wait,2,2,-19.7325,wait,2,2,-30.5532,False
6951,6,6,2,7,wait,2,2,-20.5421,wait,2,2,-31.5517,False
6952,6,6,2,8,wait,2,2,-21.8829,wait,2,2,-34.1216,False
6953,6,6,2,9,wait,2,2,-23.2627,wait,2,2,-35.9956,False
6954,6,6,2,10,wait,2,2,-26.9641,wait,2,2,-42.3871,False
6955,6,6,2,11,hunt,2,2,-31.2885,hunt,2,2,-49.7276,False
6956,6,6,2,12,wait,2,2,-36.9637,wait,2,2,-59.3617,False
6957,6,6,2,13,wait,2,2,-44.7535,wait,2,2,-72.4669,False
6958,6,6,2,14,hunt,1,1,-86.2727,hunt,2,2,-87.5028,True
6959,6,6,2,15,wait,0,0,0.0,wait,0,0,0.0,False
6960,6,6,3,0,wait,2,2,-3.7503,wait,2,2,-7.277,False
6961,6,6,3,1,hunt,2,2,-4.2095,wait,2,2,-8.8133,True
6962,6,6,3,2,wait,2,2,-4.2124,wait,2,2,-8.2328,False
6963,6,6,3,3,wait,2,2,-4.6648,wait,2,2,-8.6054,False
6964,6,6,3,4,wait,2,2,-5.4731,wait,2,2,-10.5628,False
6965,6,6,3,5,wait,2,2,-6.0394,wait,2,2,-11.6929,False
6966,6,6,3,6,wait,2,2,-7.6978,wait,2,2,-13.7674,False
6967,6,6,3,7,wait,2,2,-9.442,wait,2,2,-16.9751,False
6968,6,6,3,8,wait,2,2,-11.4676,wait,2,2,-20.4705,False
6969,6,6,3,9,wait,2,2,-14.8915,wait,2,2,-25.6153,False
6970,6,6,3,10,hunt,2,2,-19.4988,hunt,2,2,-33.9881,False
6971,6,6,3,11,hunt,2,2,-24.9449,hunt,2,2,-42.9047,False
6972,6,6,3,12,wait,2,2,-31.9265,hunt,2,2,-54.9511,True
6973,6,6,3,13,wait,2,2,-40.5474,hunt,1,1,-67.8228,True
6974,6,6,3,14,hunt,1,2,-84.4509,hunt,2,2,-86.4415,True
6975,6,6,3,15,wait,0,0,0.0,wait,0,0,0.0,False
6976,6,6,4,0,hunt,2,2,6.4218,hunt,2,2,6.2877,False
6977,6,6,4,1,wait,2,2,6.7706,wait,2,2,6.7548,False
6978,6,6,4,2,wait,2,2,6.6151,wait,2,2,6.2341,False
6979,6,6,4,3,hunt,2,2,5.5224,wait,2,2,4.6702,True
6980,6,6,4,4,wait,2,2,5.5704,wait,2,2,4.771,False
6981,6,6,4,5,hunt,2,2,3.5756,wait,2,2,3.7716,True
6982,6,6,4,6,hunt,2,2,1.8387,wait,2,2,3.2306,True
6983,6,6,4,7,wait,2,2,-0.7482,hunt,2,2,-6.1975,True
6984,6,6,4,8,wait,2,2,-3.8586,hunt,2,2,-11.7204,True
6985,6,6,4,9,hunt,2,2,-7.9303,hunt,2,2,-17.9632,False
6986,6,6,4,10,wait,2,2,-12.9073,hunt,1,1,-26.2759,True
6987,6,6,4,11,hunt,1,2,-19.2127,hunt,1,1,-35.3237,True
6988,6,6,4,12,hunt,2,2,-26.3846,hunt,1,1,-45.667,True
6989,6,6,4,13,hunt,1,1,-35.4218,hunt,1,1,-59.285,False
6990,6,6,4,14,wait,1,2,-83.1728,wait,2,2,-85.5982,True
6991,6,6,4,15,wait,0,0,0.0,wait,0,0,0.0,False
6992,6,6,5,0,hunt,1,2,8.1816,hunt,1,2,9.8601,False
6993,6,6,5,1,hunt,2,1,7.9278,hunt,2,1,9.1397,False
6994,6,6,5,2,wait,2,2,6.6333,hunt,1,1,7.2833,True
6995,6,6,5,3,hunt,2,2,6.1781,hunt,1,1,6.3667,True
6996,6,6,5,4,wait,2,2,5.5211,hunt,1,1,6.1246,True
6997,6,6,5,5,hunt,1,2,5.8293,hunt,1,1,6.7586,True
6998,6,6,5,6,hunt,2,1,2.7712,hunt,1,1,6.4801,True
6999,6,6,5,7,hunt,1,1,3.7205,wait,1,1,3.4898,True
7000,6,6,5,8,hunt,1,1,0.6907,wait,0,1,-2.1998,True
7001,6,6,5,9,hunt,1,1,-2.4239,hunt,1,1,-7.6386,False
7002,6,6,5,10,hunt,1,1,-6.225,hunt,1,1,-13.9372,False
7003,6,6,5,11,hunt,1,1,-11.3696,hunt,1,1,-22.2994,False
7004,6,6,5,12,hunt,1,1,-18.2662,hunt,1,1,-33.7657,False
7005,6,6,5,13,hunt,1,0,-28.8821,hunt,1,0,-47.8643,False
7006,6,6,5,14,wait,2,1,-82.2845,wait,2,2,-84.2881,True
7007,6,6,5,15,wait,0,0,0.0,wait,0,0,0.0,False
7024,6,7,1,0,wait,2,2,-38.3344,wait,2,2,-50.9971,False
7025,6,7,1,1,wait,2,2,-37.8808,wait,2,2,-49.9407,False
7026,6,7,1,2,wait,2,2,-38.3572,wait,2,2,-50.7342,False
7027,6,7,1,3,wait,2,2,-38.1516,wait,2,2,-50.9023,False
7028,6,7,1,4,wait,2,2,-38.4272,wait,2,2,-50.4198,False
7029,6,7,1,5,wait,2,2,-38.2326,wait,2,2,-51.0089,False
7030,6,7,1,6,hunt,2,2,-38.9409,hunt,2,2,-51.7021,False
7031,6,7,1,7,wait,2,2,-38.7367,wait,2,2,-51.3671,False
7032,6,7,1,8,wait,2,2,-39.2345,wait,2,2,-51.9843,False
7033,6,7,1,9,wait,2,2,-39.5468,wait,2,2,-52.7549,False
7034,6,7,1,10,wait,2,2,-41.7755,wait,2,2,-56.5358,False
7035,6,7,1,11,wait,2,2,-44.0862,wait,2,2,-60.6689,False
7036,6,7,1,12,wait,2,2,-48.794,wait,2,2,-68.1594,False
7037,6,7,1,13,hunt,2,2,-54.6783,hunt,2,2,-77.8409,False
7038,6,7,1,14,hunt,2,1,-88.8889,wait,2,2,-89.502,True
7039,6,7,1,15,wait,0,0,0.0,wait,0,0,0.0,False
7040,6,7,2,0,wait,2,2,-16.8658,wait,2,2,-25.2101,False
7041,6,7,2,1,hunt,2,2,-16.8984,hunt,2,2,-25.6098,False
7042,6,7,2,2,wait,2,2,-16.6552,wait,2,2,-24.887,False
7043,6,7,2,3,wait,2,2,-17.0349,wait,2,2,-26.0503,False
7044,6,7,2,4,wait,2,2,-17.6394,wait,2,2,-26.7945,False
7045,6,7,2,5,wait,2,2,-17.9399,wait,2,2,-27.3971,False
7046,6,7,2,6,wait,2,2,-18.5181,wait,2,2,-28.367,False
7047,6,7,2,7,wait,2,2,-19.6355,wait,2,2,-30.0117,False
7048,6,7,2,8,wait,2,2,-20.9079,wait,2,2,-32.5297,False
7049,6,7,2,9,wait,2,2,-23.1765,wait,2,2,-36.1019,False
7050,6,7,2,10,wait,2,2,-26.3612,wait,2,2,-41.1303,False
7051,6,7,2,11,hunt,2,2,-30.9599,hunt,2,2,-49.3301,False
7052,6,7,2,12,hunt,2,2,-36.8406,hunt,2,2,-59.2028,False
7053,6,7,2,13,hunt,2,2,-45.1281,hunt,2,2,-72.5835,False
7054,6,7,2,14,hunt,1,2,-86.3016,hunt,2,2,-87.9822,True
7055,6,7,2,15,wait,0,0,0.0,wait,0,0,0.0,False
7056,6,7,3,0,wait,2,2,-1.7184,wait,2,2,-4.2728,False
7057,6,7,3,1,wait,2,2,-2.1228,wait,2,2,-4.8707,False
7058,6,7,3,2,wait,2,2,-2.4835,wait,2,2,-5.6944,False
7059,6,7,3,3,wait,2,2,-2.8822,wait,2,2,-6.3532,False
7060,6,7,3,4,wait,2,2,-3.5988,wait,2,2,-7.5673,False
7061,6,7,3,5,wait,2,2,-4.4969,wait,2,2,-8.8494,False
7062,6,7,3,6,wait,2,2,-6.062,wait,2,2,-11.5883,False
7063,6,7,3,7,wait,2,2,-8.1125,wait,2,2,-14.9912,False
7064,6,7,3,8,wait,2,2,-10.5259,wait,2,2,-19.0147,False
7065,6,7,3,9,wait,2,2,-14.35,wait,2,2,-25.1937,False
7066,6,7,3,10,hunt,2,2,-18.5803,hunt,2,2,-32.0356,False
7067,6,7,3,11,hunt,2,2,-23.8743,hunt,2,2,-40.7468,False
7068,6,7,3,12,hunt,2,2,-30.4114,hunt,1,1,-51.1806,True
7069,6,7,3,13,hunt,1,1,-38.6397,hunt,1,1,-61.1093,False
7070,6,7,3,14,hunt,0,1,-84.4324,wait,2,2,-86.519,True
7071,6,7,3,15,wait,0,0,0.0,wait,0,0,0.0,False
7072,6,7,4,0,wait,1,1,2.3145,wait,2,2,5.9732,True
7073,6,7,4,1,hunt,2,2,8.1378,hunt,2,2,8.6285,False
7074,6,7,4,2,hunt,2,2,7.3631,hunt,2,2,7.5814,False
7075,6,7,4,3,wait,2,2,8.0417,wait,2,2,8.4559,False
7076,6,7,4,4,hunt,2,2,6.6364,hunt,2,2,6.2709,False
7077,6,7,4,5,wait,2,2,5.7612,hunt,2,2,5.3862,True
7078,6,7,4,6,wait,2,2,3.0583,hunt,2,2,4.3323,True
7079,6,7,4,7,hunt,2,2,1.5192,hunt,1,1,-0.0497,True
7080,6,7,4,8,hunt,2,2,-2.0213,hunt,2,2,-7.8512,False
7081,6,7,4,9,hunt,2,2,-5.6323,hunt,2,2,-14.0435,False
7082,6,7,4,10,wait,2,2,-10.6659,hunt,1,1,-20.9548,True
7083,6,7,4,11,hunt,2,2,-16.7708,hunt,1,1,-28.8469,True
7084,6,7,4,12,hunt,1,1,-21.662,hunt,1,1,-36.0626,False
7085,6,7,4,13,hunt,1,1,-28.8393,hunt,1,1,-48.422,False
7086,6,7,4,14,wait,1,0,-83.1082,hunt,2,2,-85.4151,True
7087,6,7,4,15,wait,0,0,0.0,wait,0,0,0.0,False
7088,6,7,5,0,wait,2,1,8.1643,wait,2,1,9.4194,False
7089,6,7,5,1,wait,2,2,8.2096,wait,2,2,9.3115,False
7090,6,7,5,2,hunt,1,2,9.9973,hunt,1,2,12.5919,False
7091,6,7,5,3,wait,2,1,7.9174,wait,2,1,9.091,False
7092,6,7,5,4,hunt,1,1,9.0495,hunt,1,1,11.7751,False
7093,6,7,5,5,wait,1,2,7.5353,wait,1,2,8.3791,False
7094,6,7,5,6,hunt,1,1,9.5088,hunt,1,1,11.9694,False
7095,6,7,5,7,wait,1,1,3.3484,hunt,1,1,7.2656,True
7096,6,7,5,8,hunt,1,2,1.684,hunt,1,1,5.1935,True
7097,6,7,5,9,hunt,1,1,2.2786,hunt,1,2,1.0574,True
7098,6,7,5,10,hunt,1,1,-1.2391,hunt,1,1,-5.4059,False
7099,6,7,5,11,hunt,1,1,-5.3592,hunt,1,1,-12.4794,False
7100,6,7,5,12,hunt,1,1,-10.9933,hunt,1,1,-20.3858,False
7101,6,7,5,13,hunt,1,1,-19.9694,hunt,1,1,-36.6298,False
7102,6,7,5,14,hunt,1,1,-82.411,hunt,2,2,-85.4802,True
7103,6,7,5,15,wait,0,0,0.0,wait,0,0,0.0,False
7120,6,8,1,0,hunt,2,2,-37.3615,hunt,2,2,-49.389,False
7121,6,8,1,1,hunt,2,2,-37.9514,hunt,2,2,-49.3,False
7122,6,8,1,2,hunt,2,2,-38.0012,hunt,2,2,-49.4672,False
7123,6,8,1,3,wait,2,2,-37.416,wait,2,2,-49.3463,False
7124,6,8,1,4,wait,2,2,-38.141,wait,2,2,-50.1049,False
7125,6,8,1,5,hunt,2,2,-38.3968,hunt,2,2,-50.5181,False
7126,6,8,1,6,hunt,2,2,-38.5057,hunt,2,2,-50.9573,False
7127,6,8,1,7,wait,2,2,-38.9023,wait,2,2,-51.735,False
7128,6,8,1,8,wait,2,2,-39.1503,wait,2,2,-51.9637,False
7129,6,8,1,9,wait,2,2,-39.736,wait,2,2,-52.8328,False
7130,6,8,1,10,wait,2,2,-41.4843,wait,2,2,-56.0631,False
7131,6,8,1,11,hunt,2,2,-44.403,hunt,2,2,-60.1899,False
7132,6,8,1,12,wait,2,2,-48.6194,wait,2,2,-67.9421,False
7133,6,8,1,13,hunt,2,2,-54.417,hunt,2,2,-77.4964,False
7134,6,8,1,14,wait,1,2,-89.0474,wait,2,2,-89.7231,True
7135,6,8,1,15,wait,0,0,0.0,wait,0,0,0.0,False
7136,6,8,2,0,hunt,2,2,-15.4175,hunt,2,2,-23.089,False
7137,6,8,2,1,wait,2,2,-15.8166,wait,2,2,-24.2189,False
7138,6,8,2,2,hunt,2,2,-15.6328,hunt,2,2,-23.8586,False
7139,6,8,2,3,hunt,2,2,-15.8689,hunt,2,2,-24.1366,False
7140,6,8,2,4,hunt,2,2,-16.6047,hunt,2,2,-24.6304,False
7141,6,8,2,5,hunt,2,2,-16.8657,hunt,2,2,-25.6259,False
7142,6,8,2,6,wait,2,2,-18.0603,wait,2,2,-27.6899,False
7143,6,8,2,7,wait,2,2,-18.966,hunt,2,2,-29.3957,True
7144,6,8,2,8,hunt,2,2,-20.7819,hunt,2,2,-32.3322,False
7145,6,8,2,9,wait,2,2,-23.018,wait,2,2,-35.865,False
7146,6,8,2,10,wait,2,2,-26.2091,wait,2,2,-41.0792,False
7147,6,8,2,11,hunt,2,2,-30.8368,hunt,2,2,-48.9245,False
7148,6,8,2,12,hunt,2,2,-36.3183,hunt,2,2,-58.7648,False
7149,6,8,2,13,wait,2,2,-44.9992,wait,2,2,-72.4458,False
7150,6,8,2,14,hunt,1,1,-86.4556,wait,2,2,-87.7768,True
7151,6,8,2,15,wait,0,0,0.0,wait,0,0,0.0,False
7152,6,8,3,0,wait,2,2,-0.0844,wait,2,2,-1.7738,False
7153,6,8,3,1,wait,2,2,-0.2096,wait,2,2,-1.5592,False
7154,6,8,3,2,wait,2,2,-0.6527,wait,2,2,-2.8214,False
7155,6,8,3,3,wait,2,2,-1.1588,wait,2,2,-3.143,False
7156,6,8,3,4,hunt,2,2,-1.7762,hunt,2,2,-4.5731,False
7157,6,8,3,5,hunt,2,2,-3.436,hunt,2,2,-7.6181,False
7158,6,8,3,6,hunt,2,2,-5.1938,hunt,2,2,-10.3522,False
7159,6,8,3,7,wait,2,2,-7.4775,wait,2,2,-14.1009,False
7160,6,8,3,8,hunt,2,2,-10.207,hunt,2,2,-18.2604,False
7161,6,8,3,9,hunt,2,2,-13.4301,hunt,2,2,-24.1255,False
7162,6,8,3,10,wait,2,2,-17.8486,hunt,2,2,-31.3972,True
7163,6,8,3,11,hunt,2,2,-23.1423,hunt,2,2,-39.7469,False
7164,6,8,3,12,hunt,2,2,-29.9665,hunt,2,2,-51.0075,False
7165,6,8,3,13,hunt,1,2,-38.3403,hunt,1,2,-60.8705,False
7166,6,8,3,14,hunt,1,1,-84.345,wait,2,2,-86.522,True
7167,6,8,3,15,wait,0,0,0.0,wait,0,0,0.0,False
7168,6,8,4,0,wait,2,2,9.2687,wait,2,2,10.712,False
7169,6,8,4,1,hunt,2,2,8.903,hunt,2,2,10.507,False
7170,6,8,4,2,wait,2,2,8.9871,wait,2,2,10.4293,False
7171,6,8,4,3,wait,2,2,8.6344,wait,2,2,9.6905,False
7172,6,8,4,4,wait,2,2,8.3278,wait,2,2,9.418,False
7173,6,8,4,5,wait,2,2,6.7865,wait,2,2,6.6933,False
7174,6,8,4,6,hunt,2,2,5.0903,wait,2,2,4.5011,True
7175,6,8,4,7,hunt,2,2,2.5144,wait,2,2,3.1355,True
7176,6,8,4,8,hunt,2,2,-0.2692,hunt,2,2,-4.8527,False
7177,6,8,4,9,hunt,2,2,-4.4498,hunt,2,2,-12.1036,False
7178,6,8,4,10,hunt,2,2,-8.6984,hunt,1,1,-19.2784,True
7179,6,8,4,11,hunt,2,2,-14.9292,hunt,1,1,-26.2265,True
7180,6,8,4,12,hunt,1,1,-20.0518,hunt,1,1,-33.7244,False
7181,6,8,4,13,hunt,1,2,-28.2614,hunt,1,0,-47.2632,True
7182,6,8,4,14,wait,0,0,-83.2077,hunt,2,2,-85.7938,True
7183,6,8,4,15,wait,0,0,0.0,wait,0,0,0.0,False
7184,6,8,5,0,wait,2,2,9.181,wait,2,2,10.5771,False
7185,6,8,5,1,hunt,1,1,13.4669,hunt,1,1,19.09,False
7186,6,8,5,2,hunt,1,1,12.7359,hunt,1,1,17.6074,False
7187,6,8,5,3,wait,0,1,3.1729,hunt,1,1,8.0751,True
7188,6,8,5,4,hunt,2,2,8.2511,hunt,2,2,9.0675,False
7189,6,8,5,5,wait,2,1,7.578,hunt,1,1,9.4197,True
7190,6,8,5,6,hunt,1,1,9.7675,hunt,1,1,12.7208,False
7191,6,8,5,7,wait,1,2,3.4481,hunt,1,2,7.9073,True
7192,6,8,5,8,hunt,2,1,1.8049,hunt,1,2,5.4703,True
7193,6,8,5,9,hunt,1,1,4.5215,hunt,1,1,3.5115,False
7194,6,8,5,10,hunt,1,1,1.6053,hunt,1,1,-1.211,False
7195,6,8,5,11,hunt,1,1,-1.928,hunt,1,1,-6.796,False
7196,6,8,5,12,hunt,1,1,-7.5006,hunt,1,0,-15.8045,True
7197,6,8,5,13,hunt,1,0,-13.5806,hunt,1,0,-22.5175,False
7198,6,8,5,14,hunt,2,0,-82.3894,wait,2,1,-84.8312,True
7199,6,8,5,15,wait,0,0,0.0,wait,0,0,0.0,False
7216,6,9,1,0,hunt,2,2,-37.3618,hunt,2,2,-49.287,False
7217,6,9,1,1,wait,2,2,-37.2354,wait,2,2,-48.5347,False
7218,6,9,1,2,wait,2,2,-37.7066,wait,2,2,-49.4145,False
7219,6,9,1,3,hunt,2,2,-37.742,hunt,2,2,-49.7156,False
7220,6,9,1,4,hunt,2,2,-37.3868,hunt,2,2,-49.2242,False
7221,6,9,1,5,wait,2,2,-37.9143,wait,2,2,-49.9563,False
7222,6,9,1,6,wait,2,2,-38.3484,wait,2,2,-50.5004,False
7223,6,9,1,7,wait,2,2,-38.8253,wait,2,2,-50.7424,False
7224,6,9,1,8,wait,2,2,-39.3676,wait,2,2,-51.6249,False
7225,6,9,1,9,hunt,2,2,-40.0477,hunt,2,2,-53.4726,False
7226,6,9,1,10,wait,2,2,-41.614,wait,2,2,-56.5117,False
7227,6,9,1,11,wait,2,2,-44.5701,wait,2,2,-60.9729,False
7228,6,9,1,12,hunt,2,2,-48.8262,hunt,2,2,-67.7554,False
7229,6,9,1,13,hunt,2,2,-54.2322,hunt,2,2,-77.5184,False
7230,6,9,1,14,wait,2,2,-88.9201,wait,2,2,-89.418,False
7231,6,9,1,15,wait,0,0,0.0,wait,0,0,0.0,False
7232,6,9,2,0,wait,2,2,-14.3569,wait,2,2,-21.2956,False
7233,6,9,2,1,hunt,2,2,-14.9006,hunt,2,2,-21.5308,False
7234,6,9,2,2,wait,2,2,-14.9915,wait,2,2,-22.2355,False
7235,6,9,2,3,wait,2,2,-15.1199,wait,2,2,-22.5734,False
7236,6,9,2,4,hunt,2,2,-15.9004,hunt,2,2,-23.5592,False
7237,6,9,2,5,wait,2,2,-16.1422,wait,2,2,-24.577,False
7238,6,9,2,6,wait,2,2,-17.7379,wait,2,2,-26.7787,False
7239,6,9,2,7,hunt,2,2,-18.7266,wait,2,2,-28.8396,True
7240,6,9,2,8,wait,2,2,-20.7164,wait,2,2,-31.8728,False
7241,6,9,2,9,wait,2,2,-22.7139,wait,2,2,-35.4184,False
7242,6,9,2,10,hunt,2,2,-26.0045,hunt,2,2,-40.2504,False
7243,6,9,2,11,hunt,2,2,-30.8226,hunt,2,2,-48.4687,False
7244,6,9,2,12,hunt,2,2,-36.2404,hunt,2,2,-58.0363,False
7245,6,9,2,13,hunt,2,2,-44.8874,hunt,2,2,-72.0377,False
7246,6,9,2,14,wait,2,2,-86.2913,wait,2,2,-87.0121,False
7247,6,9,2,15,wait,0,0,0.0,wait,0,0,0.0,False
7248,6,9,3,0,wait,2,2,0.7212,hunt,2,2,1.075,True
7249,6,9,3,1,wait,2,2,0.5203,wait,2,2,-0.9012,False
7250,6,9,3,2,wait,2,2,-0.2277,wait,2,2,-1.6364,False
7251,6,9,3,3,wait,2,2,-0.4053,wait,2,2,-2.5784,False
7252,6,9,3,4,hunt,2,2,-1.7849,hunt,2,2,-4.3555,False
7253,6,9,3,5,hunt,2,2,-2.3937,hunt,2,2,-5.3461,False
7254,6,9,3,6,hunt,2,2,-4.5954,hunt,2,2,-9.3558,False
7255,6,9,3,7,hunt,2,2,-6.8465,hunt,2,2,-12.9512,False
7256,6,9,3,8,hunt,2,2,-9.6794,hunt,2,2,-17.1974,False
7257,6,9,3,9,hunt,2,2,-12.7777,hunt,2,2,-22.2419,False
7258,6,9,3,10,hunt,2,2,-17.232,hunt,2,2,-30.1722,False
7259,6,9,3,11,hunt,2,2,-22.1199,hunt,1,1,-36.9002,True
7260,6,9,3,12,hunt,1,1,-27.274,hunt,1,1,-42.2754,False
7261,6,9,3,13,hunt,1,1,-31.4588,hunt,1,1,-49.1057,False
7262,6,9,3,14,wait,0,1,-84.3734,hunt,2,2,-86.2615,True
7263,6,9,3,15,wait,0,0,0.0,wait,0,0,0.0,False
7264,6,9,4,0,hunt,2,2,9.3926,hunt,2,2,11.0003,False
7265,6,9,4,1,wait,2,2,8.8893,wait,2,2,10.4162,False
7266,6,9,4,2,wait,2,2,9.303,wait,2,2,11.0687,False
7267,6,9,4,3,wait,2,2,8.6617,wait,2,2,9.7347,False
7268,6,9,4,4,hunt,2,2,8.1861,hunt,2,2,9.1155,False
7269,6,9,4,5,hunt,2,2,8.0978,hunt,2,2,8.5066,False
7270,6,9,4,6,hunt,2,2,6.2068,hunt,2,2,5.3547,False
7271,6,9,4,7,wait,2,2,1.3136,hunt,2,2,4.1825,True
7272,6,9,4,8,wait,2,2,1.1239,hunt,1,1,-0.6241,True
7273,6,9,4,9,hunt,2,2,-2.7024,hunt,1,1,-7.9292,True
7274,6,9,4,10,hunt,1,1,-6.4637,hunt,1,1,-10.7695,False
7275,6,9,4,11,hunt,1,1,-8.4023,hunt,1,1,-14.1147,False
7276,6,9,4,12,hunt,1,1,-11.4916,hunt,1,1,-19.6042,False
7277,6,9,4,13,hunt,1,1,-15.5366,hunt,1,1,-26.292,False
7278,6,9,4,14,wait,2,2,-83.0616,hunt,2,2,-85.0768,True
7279,6,9,4,15,wait,0,0,0.0,wait,0,0,0.0,False
7280,6,9,5,0,hunt,2,1,10.9189,hunt,2,1,14.2261,False
7281,6,9,5,1,hunt,1,1,14.0525,hunt,1,1,19.778,False
7282,6,9,5,2,wait,2,2,9.2311,hunt,1,1,12.0324,True
7283,6,9,5,3,wait,2,2,8.6364,wait,2,2,9.8402,False
7284,6,9,5,4,wait,1,1,8.9171,wait,1,1,11.4353,False
7285,6,9,5,5,hunt,1,1,15.0625,hunt,1,1,21.6929,False
7286,6,9,5,6,hunt,2,1,7.079,hunt,1,1,10.8985,True
7287,6,9,5,7,hunt,2,2,4.7589,hunt,1,1,9.3607,True
7288,6,9,5,8,hunt,2,2,1.8863,hunt,1,1,9.992,True
7289,6,9,5,9,hunt,1,2,4.8354,hunt,1,1,7.3052,True
7290,6,9,5,10,hunt,1,1,9.1228,hunt,1,1,11.5237,False
7291,6,9,5,11,hunt,1,1,7.2046,hunt,1,1,7.8185,False
7292,6,9,5,12,hunt,1,1,3.3209,hunt,1,1,1.4028,False
7293,6,9,5,13,hunt,1,1,0.0139,hunt,1,1,-3.6023,False
7294,6,9,5,14,wait,2,2,-82.4499,hunt,2,2,-85.2382,True
7295,6,9,5,15,wait,0,0,0.0,wait,0,0,0.0,False
7312,6,10,1,0,hunt,2,2,-36.7326,hunt,2,2,-48.793,False
7313,6,10,1,1,wait,2,2,-37.1217,wait,2,2,-48.9233,False
7314,6,10,1,2,hunt,2,2,-37.3553,hunt,2,2,-48.6577,False
7315,6,10,1,3,hunt,2,2,-37.3047,hunt,2,2,-49.472,False
7316,6,10,1,4,hunt,2,2,-37.3514,hunt,2,2,-49.3592,False
7317,6,10,1,5,hunt,2,2,-37.3852,hunt,2,2,-48.7707,False
7318,6,10,1,6,wait,2,2,-37.8605,wait,2,2,-50.2623,False
7319,6,10,1,7,hunt,2,2,-38.3095,hunt,2,2,-50.6168,False
7320,6,10,1,8,wait,2,2,-39.0739,wait,2,2,-51.7704,False
7321,6,10,1,9,wait,2,2,-39.6999,wait,2,2,-52.7505,False
7322,6,10,1,10,wait,2,2,-41.6662,wait,2,2,-56.9763,False
7323,6,10,1,11,wait,2,2,-44.7819,wait,2,2,-61.2902,False
7324,6,10,1,12,wait,2,2,-49.0386,wait,2,2,-68.4806,False
7325,6,10,1,13,wait,2,2,-54.6908,wait,2,2,-77.5727,False
7326,6,10,1,14,wait,2,2,-88.9737,hunt,2,2,-89.4722,True
7327,6,10,1,15,wait,0,0,0.0,wait,0,0,0.0,False
7328,6,10,2,0,hunt,2,2,-13.8612,hunt,2,2,-20.5836,False
7329,6,10,2,1,hunt,2,2,-14.0078,hunt,2,2,-21.1288,False
7330,6,10,2,2,hunt,2,2,-14.4444,hunt,2,2,-20.9134,False
7331,6,10,2,3,hunt,2,2,-14.6876,hunt,2,2,-22.0625,False
7332,6,10,2,4,wait,2,2,-15.6972,hunt,2,2,-23.5651,True
7333,6,10,2,5,wait,2,2,-16.1263,wait,2,2,-24.1485,False
7334,6,10,2,6,hunt,2,2,-17.0768,hunt,2,2,-25.3896,False
7335,6,10,2,7,hunt,2,2,-18.6426,hunt,2,2,-28.1702,False
7336,6,10,2,8,wait,2,2,-20.2754,wait,2,2,-30.9601,False
7337,6,10,2,9,wait,2,2,-22.7003,wait,2,2,-34.9792,False
7338,6,10,2,10,hunt,2,2,-26.2865,hunt,2,2,-40.6029,False
7339,6,10,2,11,hunt,2,2,-30.6363,hunt,2,2,-48.0517,False
7340,6,10,2,12,hunt,2,2,-35.7027,hunt,2,2,-56.9337,False
7341,6,10,2,13,hunt,2,2,-44.6392,hunt,2,2,-71.9078,False
7342,6,10,2,14,wait,2,2,-86.3756,hunt,2,2,-87.1361,True
7343,6,10,2,15,wait,0,0,0.0,wait,0,0,0.0,False
7344,6,10,3,0,wait,2,2,1.447,wait,2,2,1.2457,False
7345,6,10,3,1,wait,2,2,1.7692,wait,2,2,1.5849,False
7346,6,10,3,2,wait,2,2,0.6061,wait,2,2,0.1992,False
7347,6,10,3,3,hunt,2,2,0.2438,wait,2,2,-1.2951,True
7348,6,10,3,4,hunt,2,2,-1.1067,hunt,2,2,-3.3084,False
7349,6,10,3,5,hunt,2,2,-1.8522,hunt,2,2,-4.3811,False
7350,6,10,3,6,hunt,2,2,-3.5378,hunt,2,2,-7.3657,False
7351,6,10,3,7,hunt,2,2,-6.3757,hunt,2,2,-12.1848,False
7352,6,10,3,8,wait,2,2,-9.1287,wait,2,2,-16.822,False
7353,6,10,3,9,hunt,2,2,-12.1038,hunt,2,2,-21.3986,False
7354,6,10,3,10,hunt,2,2,-16.1294,hunt,2,2,-28.6236,False
7355,6,10,3,11,hunt,2,2,-20.8483,hunt,2,2,-36.0087,False
7356,6,10,3,12,hunt,1,2,-26.761,hunt,1,2,-41.2324,False
7357,6,10,3,13,hunt,1,2,-31.0663,hunt,1,2,-48.2368,False
7358,6,10,3,14,wait,1,2,-84.3644,wait,2,2,-87.0622,True
7359,6,10,3,15,wait,0,0,0.0,wait,0,0,0.0,False
7360,6,10,4,0,hunt,2,2,9.4395,hunt,2,2,11.3518,False
7361,6,10,4,1,hunt,2,2,10.8347,hunt,2,2,13.3171,False
7362,6,10,4,2,wait,2,2,9.7424,wait,2,2,11.8093,False
7363,6,10,4,3,wait,2,2,9.0206,wait,2,2,10.542,False
7364,6,10,4,4,wait,1,1,2.4694,wait,2,2,6.7304,True
7365,6,10,4,5,wait,1,1,2.1348,hunt,2,2,7.9323,True
7366,6,10,4,6,wait,2,2,5.3292,hunt,2,2,5.9545,True
7367,6,10,4,7,hunt,2,2,5.0824,hunt,2,2,4.2134,False
7368,6,10,4,8,hunt,2,2,2.779,hunt,1,1,0.8551,True
7369,6,10,4,9,hunt,2,2,-1.04,hunt,1,2,-6.1565,True
7370,6,10,4,10,hunt,1,1,-5.2585,hunt,1,1,-10.3949,False
7371,6,10,4,11,hunt,1,1,-8.4088,hunt,1,1,-14.3066,False
7372,6,10,4,12,hunt,1,2,-10.9896,hunt,1,1,-19.6782,True
7373,6,10,4,13,hunt,1,2,-14.6001,hunt,1,2,-24.8554,False
7374,6,10,4,14,hunt,1,2,-83.0279,hunt,2,2,-84.6105,True
7375,6,10,4,15,wait,0,0,0.0,wait,0,0,0.0,False
7376,6,10,5,0,hunt,1,1,15.6464,hunt,1,1,22.6901,False
7377,6,10,5,1,hunt,1,1,15.2213,hunt,1,1,21.6277,False
7378,6,10,5,2,hunt,2,1,9.1123,hunt,1,1,11.8691,True
7379,6,10,5,3,hunt,2,2,10.7187,hunt,2,2,13.3405,False
7380,6,10,5,4,hunt,1,0,2.0209,hunt,1,1,8.1681,True
7381,6,10,5,5,wait,2,2,8.3649,hunt,1,1,12.3113,True
7382,6,10,5,6,hunt,1,1,13.6973,hunt,1,1,19.0097,False
7383,6,10,5,7,hunt,2,2,6.0695,hunt,1,2,11.0875,True
7384,6,10,5,8,wait,1,1,2.9937,hunt,1,2,10.7704,True
7385,6,10,5,9,hunt,1,2,10.0991,hunt,1,2,14.5233,False
7386,6,10,5,10,hunt,1,2,9.9256,hunt,1,2,12.0469,False
7387,6,10,5,11,hunt,1,2,7.6837,hunt,1,2,9.568,False
7388,6,10,5,12,hunt,1,2,4.0608,hunt,1,1,3.5202,True
7389,6,10,5,13,hunt,1,2,0.5892,hunt,1,2,-3.4599,False
7390,6,10,5,14,hunt,2,2,-82.2702,wait,2,2,-84.6272,True
7391,6,10,5,15,wait,0,0,0.0,wait,0,0,0.0,False
7408,7,0,1,0,wait,2,0,-98.8916,wait,2,0,-98.8984,False
7409,7,0,1,1,wait,2,0,-98.8916,wait,2,0,-98.8984,False
7410,7,0,1,2,wait,2,0,-98.8917,wait,2,0,-98.8984,False
7411,7,0,1,3,wait,2,0,-98.8916,wait,2,0,-98.8984,False
7412,7,0,1,4,wait,2,0,-98.8916,wait,2,0,-98.8984,False
7413,7,0,1,5,wait,2,0,-98.8916,wait,2,0,-98.8984,False
7414,7,0,1,6,wait,2,0,-98.8916,wait,2,0,-98.8984,False
7415,7,0,1,7,wait,2,0,-98.8916,wait,2,0,-98.8984,False
7416,7,0,1,8,wait,2,0,-98.8916,wait,2,0,-98.8984,False
7417,7,0,1,9,wait,2,0,-98.8916,wait,2,0,-98.8984,False
7418,7,0,1,10,wait,2,0,-98.8916,wait,2,0,-98.8984,False
7419,7,0,1,11,wait,2,0,-98.8916,wait,2,0,-98.8984,False
7420,7,0,1,12,wait,2,0,-98.8916,wait,2,0,-98.8984,False
7421,7,0,1,13,wait,2,0,-98.8916,wait,2,0,-98.8984,False
7422,7,0,1,14,wait,2,0,-98.8916,wait,2,0,-98.8984,False
7423,7,0,1,15,wait,0,0,0.0,wait,0,0,0.0,False
7424,7,0,2,0,wait,2,0,-69.1552,wait,2,0,-83.6763,False
7425,7,0,2,1,wait,2,0,-68.9648,wait,1,0,-83.0429,True
7426,7,0,2,2,wait,1,0,-69.0441,wait,1,0,-83.5406,False
7427,7,0,2,3,wait,1,0,-69.2073,wait,1,0,-83.1961,False
7428,7,0,2,4,wait,2,0,-69.0219,wait,2,0,-83.8202,False
7429,7,0,2,5,wait,2,0,-68.8736,wait,2,0,-83.6717,False
7430,7,0,2,6,wait,1,0,-68.8199,wait,1,0,-83.0081,False
7431,7,0,2,7,wait,1,0,-69.2394,wait,1,0,-83.5674,False
7432,7,0,2,8,wait,2,0,-69.0701,wait,2,0,-83.4682,False
7433,7,0,2,9,wait,2,0,-68.8336,wait,2,0,-83.484,False
7434,7,0,2,10,wait,2,0,-69.508,wait,2,0,-84.2896,False
7435,7,0,2,11,wait,2,0,-69.7145,wait,2,0,-84.7158,False
7436,7,0,2,12,wait,2,0,-70.646,wait,2,0,-86.5159,False
7437,7,0,2,13,wait,2,0,-72.2608,wait,2,0,-88.6543,False
7438,7,0,2,14,wait,2,0,-93.8328,wait,2,0,-93.5979,False
7439,7,0,2,15,wait,0,0,0.0,wait,0,0,0.0,False
7440,7,0,3,0,wait,1,0,-47.3007,wait,1,0,-64.6165,False
7441,7,0,3,1,wait,1,0,-47.2618,wait,1,0,-64.7435,False
7442,7,0,3,2,wait,1,0,-46.9022,wait,1,0,-63.9555,False
7443,7,0,3,3,wait,1,0,-47.1366,wait,1,0,-63.8877,False
7444,7,0,3,4,wait,1,0,-47.7303,wait,1,0,-64.6569,False
7445,7,0,3,5,wait,1,0,-47.3298,wait,1,0,-64.3906,False
7446,7,0,3,6,wait,1,0,-47.1738,wait,1,0,-64.2683,False
7447,7,0,3,7,wait,1,0,-47.5697,wait,1,0,-65.1832,False
7448,7,0,3,8,wait,1,0,-48.2093,wait,1,0,-66.5147,False
7449,7,0,3,9,wait,2,0,-48.6868,wait,2,0,-66.4479,False
7450,7,0,3,10,wait,2,0,-49.4774,wait,2,0,-68.4344,False
7451,7,0,3,11,wait,2,0,-50.968,wait,2,0,-70.6726,False
7452,7,0,3,12,wait,2,0,-53.8464,wait,2,0,-75.0195,False
7453,7,0,3,13,wait,2,0,-56.837,wait,2,0,-80.6381,False
7454,7,0,3,14,wait,2,0,-91.1962,wait,1,0,-91.1199,True
7455,7,0,3,15,wait,0,0,0.0,wait,0,0,0.0,False
7456,7,0,4,0,wait,1,0,-28.4201,wait,1,0,-44.1981,False
7457,7,0,4,1,wait,1,0,-28.1708,wait,1,0,-43.9734,False
7458,7,0,4,2,wait,1,0,-28.3751,wait,1,0,-43.6019,False
7459,7,0,4,3,wait,1,0,-28.9092,wait,1,0,-44.5102,False
7460,7,0,4,4,wait,1,0,-28.9322,wait,1,0,-44.1555,False
7461,7,0,4,5,wait,1,0,-29.0169,wait,1,0,-44.4954,False
7462,7,0,4,6,wait,1,0,-29.1487,wait,1,0,-44.6472,False
7463,7,0,4,7,wait,1,0,-29.775,wait,1,0,-45.2732,False
7464,7,0,4,8,wait,1,0,-30.315,wait,1,0,-46.4672,False
7465,7,0,4,9,wait,2,0,-32.1573,wait,1,0,-49.6562,True
7466,7,0,4,10,wait,2,0,-34.3278,wait,2,0,-54.1003,False
7467,7,0,4,11,wait,2,0,-37.2914,wait,2,0,-58.6842,False
7468,7,0,4,12,wait,2,0,-41.6082,wait,2,0,-65.6243,False
7469,7,0,4,13,wait,2,0,-47.815,wait,2,0,-76.0105,False
7470,7,0,4,14,wait,2,0,-89.3747,wait,1,0,-89.4367,True
7471,7,0,4,15,wait,0,0,0.0,wait,0,0,0.0,False
7472,7,0,5,0,wait,1,0,-15.4896,wait,1,0,-25.4484,False
7473,7,0,5,1,wait,1,0,-15.6139,wait,1,0,-25.6663,False
7474,7,0,5,2,wait,1,0,-15.6503,wait,1,0,-25.6402,False
7475,7,0,5,3,wait,1,0,-16.0465,wait,1,0,-26.5584,False
7476,7,0,5,4,wait,1,0,-15.9967,wait,1,0,-26.9215,False
7477,7,0,5,5,wait,1,0,-16.8029,wait,1,0,-27.2734,False
7478,7,0,5,6,wait,1,0,-17.2587,wait,1,0,-27.9526,False
7479,7,0,5,7,wait,1,0,-18.6466,wait,1,0,-30.5568,False
7480,7,0,5,8,wait,1,0,-20.1313,wait,1,0,-33.3601,False
7481,7,0,5,9,wait,1,0,-22.6366,wait,1,0,-37.1163,False
7482,7,0,5,10,wait,2,0,-25.8973,wait,1,0,-43.1749,True
7483,7,0,5,11,wait,2,0,-30.3514,wait,2,0,-50.6651,False
7484,7,0,5,12,wait,2,0,-36.4215,wait,2,0,-60.6917,False
7485,7,0,5,13,wait,2,0,-43.6553,wait,2,0,-72.8866,False
7486,7,0,5,14,wait,2,0,-87.9596,wait,2,0,-87.9288,False
7487,7,0,5,15,wait,0,0,0.0,wait,0,0,0.0,False
7504,7,1,1,0,wait,1,1,-68.3401,wait,1,1,-82.4147,False
7505,7,1,1,1,wait,2,1,-68.2845,wait,2,1,-82.9167,False
7506,7,1,1,2,wait,1,1,-68.5039,wait,1,1,-82.7412,False
7507,7,1,1,3,wait,2,1,-68.1016,wait,2,1,-82.7616,False
7508,7,1,1,4,wait,2,1,-68.589,wait,1,1,-83.1753,True
7509,7,1,1,5,wait,2,1,-68.2985,wait,2,1,-82.6761,False
7510,7,1,1,6,wait,2,1,-68.1378,wait,2,1,-82.2162,False
7511,7,1,1,7,wait,1,1,-68.3885,wait,1,1,-82.5018,False
7512,7,1,1,8,wait,2,1,-68.0347,wait,2,1,-82.2017,False
7513,7,1,1,9,wait,1,1,-68.7234,wait,1,1,-83.0439,False
7514,7,1,1,10,wait,2,1,-68.4453,wait,2,1,-83.12,False
7515,7,1,1,11,wait,2,1,-69.2281,wait,2,1,-84.3735,False
7516,7,1,1,12,wait,1,1,-70.6912,wait,2,1,-86.4068,True
7517,7,1,1,13,wait,2,1,-71.1959,wait,2,1,-88.1549,False
7518,7,1,1,14,wait,2,1,-92.4196,wait,2,1,-92.3853,False
7519,7,1,1,15,wait,0,0,0.0,wait,0,0,0.0,False
7520,7,1,2,0,wait,1,1,-46.6299,wait,1,1,-63.6153,False
7521,7,1,2,1,wait,1,1,-46.4813,wait,1,1,-63.5981,False
7522,7,1,2,2,wait,1,1,-46.837,wait,1,1,-63.701,False
7523,7,1,2,3,wait,1,1,-46.2785,wait,1,1,-62.9581,False
7524,7,1,2,4,wait,1,1,-46.5329,wait,1,1,-63.6489,False
7525,7,1,2,5,wait,1,1,-46.7464,wait,1,1,-64.3763,False
7526,7,1,2,6,wait,1,1,-46.7349,wait,1,1,-62.994,False
7527,7,1,2,7,wait,1,1,-46.9773,wait,1,1,-64.9538,False
7528,7,1,2,8,wait,1,1,-46.7554,wait,1,1,-64.4787,False
7529,7,1,2,9,wait,1,1,-47.4727,wait,1,1,-65.6188,False
7530,7,1,2,10,wait,2,1,-48.2516,wait,2,1,-66.9049,False
7531,7,1,2,11,wait,2,1,-50.3455,wait,2,1,-69.8826,False
7532,7,1,2,12,wait,2,1,-52.6986,wait,2,1,-74.755,False
7533,7,1,2,13,wait,2,1,-56.5215,wait,2,1,-80.2115,False
7534,7,1,2,14,wait,2,1,-89.9995,wait,2,1,-90.5858,False
7535,7,1,2,15,wait,0,0,0.0,wait,0,0,0.0,False
7536,7,1,3,0,wait,1,1,-27.5871,wait,1,1,-43.191,False
7537,7,1,3,1,wait,1,1,-27.4953,wait,1,1,-43.13,False
7538,7,1,3,2,wait,1,1,-27.8666,wait,1,1,-43.5688,False
7539,7,1,3,3,wait,1,1,-28.1329,wait,1,1,-43.4661,False
7540,7,1,3,4,wait,1,1,-27.9947,wait,1,1,-43.7146,False
7541,7,1,3,5,wait,1,1,-28.2188,wait,1,1,-43.8504,False
7542,7,1,3,6,wait,1,1,-28.0185,wait,1,1,-43.618,False
7543,7,1,3,7,wait,1,1,-28.7637,wait,1,1,-44.8854,False
7544,7,1,3,8,wait,1,1,-29.1951,wait,1,1,-45.8046,False
7545,7,1,3,9,wait,1,1,-30.9413,wait,1,1,-48.0874,False
7546,7,1,3,10,wait,2,1,-33.1024,wait,2,1,-52.5681,False
7547,7,1,3,11,wait,2,1,-36.1371,wait,2,1,-57.3629,False
7548,7,1,3,12,wait,2,1,-40.8353,wait,2,1,-64.7893,False
7549,7,1,3,13,wait,2,1,-46.3739,wait,2,1,-74.6444,False
7550,7,1,3,14,wait,2,1,-87.6442,wait,2,1,-87.1395,False
7551,7,1,3,15,wait,0,0,0.0,wait,0,0,0.0,False
7552,7,1,4,0,wait,1,1,-14.2295,wait,1,1,-24.0875,False
7553,7,1,4,1,wait,1,1,-14.3235,wait,1,1,-24.4557,False
7554,7,1,4,2,wait,1,1,-14.9299,wait,1,1,-25.3791,False
7555,7,1,4,3,wait,1,1,-15.1049,wait,1,1,-25.1649,False
7556,7,1,4,4,wait,1,1,-15.1755,wait,1,1,-25.8885,False
7557,7,1,4,5,wait,1,1,-15.575,wait,1,1,-26.4645,False
7558,7,1,4,6,wait,1,1,-16.1714,wait,1,1,-27.651,False
7559,7,1,4,7,wait,1,1,-17.3126,wait,1,1,-28.9236,False
7560,7,1,4,8,wait,1,1,-18.9093,wait,1,1,-32.3019,False
7561,7,1,4,9,wait,2,1,-21.5132,wait,2,1,-36.2345,False
7562,7,1,4,10,wait,2,1,-24.464,wait,2,1,-41.038,False
7563,7,1,4,11,wait,2,1,-29.2125,wait,1,1,-49.7299,True
7564,7,1,4,12,wait,2,1,-35.4405,wait,2,1,-59.7895,False
7565,7,1,4,13,wait,2,1,-42.8618,wait,2,1,-72.2302,False
7566,7,1,4,14,wait,2,1,-87.0256,wait,2,1,-86.7896,False
7567,7,1,4,15,wait,0,0,0.0,wait,0,0,0.0,False
7568,7,1,5,0,wait,1,1,-2.3253,wait,1,1,-7.1813,False
7569,7,1,5,1,wait,1,1,-2.5845,wait,1,1,-7.608,False
7570,7,1,5,2,wait,1,1,-2.8401,wait,1,1,-8.1381,False
7571,7,1,5,3,wait,1,1,-3.387,wait,1,1,-8.9666,False
7572,7,1,5,4,wait,1,1,-3.8336,wait,1,1,-10.2823,False
7573,7,1,5,5,wait,1,1,-5.0969,wait,1,1,-12.1576,False
7574,7,1,5,6,wait,1,1,-6.4183,wait,1,1,-14.1931,False
7575,7,1,5,7,wait,1,1,-8.6181,wait,1,1,-17.7367,False
7576,7,1,5,8,wait,1,1,-10.9399,wait,1,1,-21.8158,False
7577,7,1,5,9,wait,1,1,-14.5118,wait,1,1,-27.7205,False
7578,7,1,5,10,wait,2,1,-18.5489,wait,2,1,-34.9953,False
7579,7,1,5,11,wait,2,1,-24.3363,wait,1,1,-44.509,True
7580,7,1,5,12,wait,2,1,-31.2471,wait,2,1,-56.0448,False
7581,7,1,5,13,wait,2,1,-39.4604,wait,1,1,-70.3076,True
7582,7,1,5,14,wait,2,1,-86.014,wait,2,1,-85.7454,False
7583,7,1,5,15,wait,0,0,0.0,wait,0,0,0.0,False
7600,7,2,1,0,wait,2,2,-46.8044,wait,2,2,-65.2651,False
7601,7,2,1,1,wait,2,2,-46.5234,wait,2,2,-64.5407,False
7602,7,2,1,2,wait,2,2,-46.6703,wait,2,2,-64.9605,False
7603,7,2,1,3,wait,2,2,-47.1129,wait,2,2,-65.5654,False
7604,7,2,1,4,wait,2,2,-47.0082,wait,2,2,-65.3909,False
7605,7,2,1,5,wait,2,2,-47.2488,wait,2,2,-65.2486,False
7606,7,2,1,6,wait,2,2,-46.7452,wait,2,2,-64.772,False
7607,7,2,1,7,wait,2,2,-46.6178,wait,2,2,-64.561,False
7608,7,2,1,8,wait,2,2,-46.9815,wait,2,2,-64.8884,False
7609,7,2,1,9,wait,2,2,-47.3624,wait,2,2,-65.6826,False
7610,7,2,1,10,wait,2,2,-47.9004,wait,2,2,-66.8831,False
7611,7,2,1,11,wait,2,2,-49.2414,wait,2,2,-68.453,False
7612,7,2,1,12,wait,2,2,-52.1397,wait,2,2,-73.768,False
7613,7,2,1,13,wait,2,2,-55.8247,wait,2,2,-80.0381,False
7614,7,2,1,14,wait,2,2,-89.4723,wait,2,2,-89.1866,False
7615,7,2,1,15,wait,0,0,0.0,wait,0,0,0.0,False
7616,7,2,2,0,wait,2,2,-28.7496,wait,2,2,-44.8719,False
7617,7,2,2,1,wait,2,2,-28.1699,wait,2,2,-44.9764,False
7618,7,2,2,2,wait,2,2,-28.6151,wait,2,2,-45.2182,False
7619,7,2,2,3,wait,2,2,-29.0363,wait,2,2,-45.6653,False
7620,7,2,2,4,wait,2,2,-28.624,wait,2,2,-45.1568,False
7621,7,2,2,5,wait,2,2,-28.9481,wait,2,2,-45.1517,False
7622,7,2,2,6,wait,2,2,-28.9062,wait,2,2,-45.6216,False
7623,7,2,2,7,wait,2,2,-29.3306,wait,2,2,-45.9287,False
7624,7,2,2,8,wait,2,2,-29.6049,wait,2,2,-46.8372,False
7625,7,2,2,9,wait,2,2,-30.2698,wait,2,2,-47.7197,False
7626,7,2,2,10,wait,2,2,-32.7738,wait,2,2,-52.287,False
7627,7,2,2,11,wait,2,2,-35.8449,wait,2,2,-57.2546,False
7628,7,2,2,12,wait,2,2,-40.4005,wait,2,2,-64.7045,False
7629,7,2,2,13,wait,2,2,-46.2621,wait,2,2,-74.4066,False
7630,7,2,2,14,wait,2,2,-87.2268,wait,2,2,-87.2331,False
7631,7,2,2,15,wait,0,0,0.0,wait,0,0,0.0,False
7632,7,2,3,0,wait,2,2,-15.4821,wait,2,2,-27.6396,False
7633,7,2,3,1,wait,2,2,-15.4611,wait,2,2,-26.783,False
7634,7,2,3,2,wait,2,2,-15.5387,wait,2,2,-26.9487,False
7635,7,2,3,3,wait,2,2,-15.9702,wait,2,2,-28.2121,False
7636,7,2,3,4,wait,2,2,-16.2305,wait,2,2,-28.4751,False
7637,7,2,3,5,wait,2,2,-16.5249,wait,2,2,-28.8866,False
7638,7,2,3,6,wait,2,2,-16.7187,wait,2,2,-29.3459,False
7639,7,2,3,7,wait,2,2,-17.4185,wait,2,2,-30.5728,False
7640,7,2,3,8,wait,2,2,-18.9597,wait,2,2,-32.7895,False
7641,7,2,3,9,wait,2,2,-20.6353,wait,2,2,-35.6927,False
7642,7,2,3,10,wait,2,2,-24.0609,wait,2,2,-40.8336,False
7643,7,2,3,11,wait,2,2,-28.708,wait,2,2,-49.4064,False
7644,7,2,3,12,wait,2,2,-34.4494,wait,2,2,-58.8742,False
7645,7,2,3,13,wait,2,2,-41.772,wait,2,2,-70.9007,False
7646,7,2,3,14,wait,2,2,-86.3537,wait,2,2,-86.7841,False
7647,7,2,3,15,wait,0,0,0.0,wait,0,0,0.0,False
7648,7,2,4,0,wait,2,2,-4.109,wait,2,2,-10.904,False
7649,7,2,4,1,wait,2,2,-4.1738,wait,2,2,-11.4374,False
7650,7,2,4,2,wait,2,2,-4.0408,wait,2,2,-11.1047,False
7651,7,2,4,3,wait,2,2,-4.6884,wait,2,2,-12.6537,False
7652,7,2,4,4,wait,2,2,-5.0783,wait,2,2,-13.1654,False
7653,7,2,4,5,wait,2,2,-5.7341,wait,2,2,-14.1559,False
7654,7,2,4,6,wait,2,2,-6.7932,wait,2,2,-16.2561,False
7655,7,2,4,7,wait,2,2,-7.8588,wait,2,2,-17.4901,False
7656,7,2,4,8,wait,2,2,-10.376,wait,2,2,-22.0191,False
7657,7,2,4,9,wait,2,2,-13.4988,wait,2,2,-27.2516,False
7658,7,2,4,10,wait,2,2,-17.7724,wait,2,2,-34.818,False
7659,7,2,4,11,wait,2,2,-23.5518,wait,2,2,-44.065,False
7660,7,2,4,12,wait,2,2,-30.3656,wait,2,2,-55.0571,False
7661,7,2,4,13,wait,2,2,-38.7015,wait,2,2,-68.9134,False
7662,7,2,4,14,wait,2,2,-85.0888,wait,2,2,-85.6009,False
7663,7,2,4,15,wait,0,0,0.0,wait,0,0,0.0,False
7664,7,2,5,0,wait,2,1,1.0393,wait,1,1,1.9827,True
7665,7,2,5,1,wait,1,1,2.8278,wait,1,1,0.8996,False
7666,7,2,5,2,wait,1,1,2.5635,wait,1,1,1.0537,False
7667,7,2,5,3,wait,1,1,1.9873,wait,1,1,0.0499,False
7668,7,2,5,4,wait,1,1,1.6565,wait,2,1,-0.3911,True
7669,7,2,5,5,wait,1,1,0.2193,wait,1,0,-2.9003,True
7670,7,2,5,6,hunt,1,0,-1.8288,wait,1,1,-6.9478,True
7671,7,2,5,7,wait,1,1,-4.1836,wait,1,1,-10.7268,False
7672,7,2,5,8,wait,1,1,-7.3823,wait,1,1,-16.0957,False
7673,7,2,5,9,wait,2,1,-11.3424,wait,1,1,-23.3386,True
7674,7,2,5,10,wait,1,1,-16.2055,wait,2,1,-31.6186,True
7675,7,2,5,11,hunt,1,1,-22.3023,wait,2,1,-41.8266,True
7676,7,2,5,12,wait,2,1,-29.561,wait,2,1,-53.571,False
7677,7,2,5,13,wait,2,0,-38.663,wait,2,1,-69.2805,True
7678,7,2,5,14,hunt,1,1,-84.677,wait,2,1,-85.5051,True
7679,7,2,5,15,wait,0,0,0.0,wait,0,0,0.0,False
7696,7,3,1,0,wait,2,2,-42.1498,wait,2,2,-57.0021,False
7697,7,3,1,1,wait,2,2,-42.0237,wait,2,2,-57.4599,False
7698,7,3,1,2,wait,2,2,-41.8962,wait,2,2,-56.8977,False
7699,7,3,1,3,wait,2,2,-41.8067,wait,2,2,-56.7891,False
7700,7,3,1,4,wait,2,2,-42.0266,wait,2,2,-57.0742,False
7701,7,3,1,5,wait,2,2,-42.1169,wait,2,2,-56.8648,False
7702,7,3,1,6,wait,2,2,-42.5207,wait,2,2,-57.2456,False
7703,7,3,1,7,wait,2,2,-42.1095,wait,2,2,-56.4961,False
7704,7,3,1,8,wait,2,2,-42.7137,wait,2,2,-57.8067,False
7705,7,3,1,9,wait,2,2,-43.908,wait,2,2,-59.2703,False
7706,7,3,1,10,wait,2,2,-44.6842,wait,2,2,-60.2814,False
7707,7,3,1,11,wait,2,2,-46.3788,wait,2,2,-64.3186,False
7708,7,3,1,12,wait,2,2,-50.2867,wait,2,2,-70.4787,False
7709,7,3,1,13,wait,2,2,-54.7513,wait,2,2,-78.7335,False
7710,7,3,1,14,wait,2,1,-89.0783,wait,2,2,-89.9096,True
7711,7,3,1,15,wait,0,0,0.0,wait,0,0,0.0,False
7712,7,3,2,0,wait,2,2,-22.825,wait,2,2,-36.1326,False
7713,7,3,2,1,wait,2,2,-22.8439,wait,2,2,-35.6065,False
7714,7,3,2,2,wait,2,2,-22.9445,wait,2,2,-35.3382,False
7715,7,3,2,3,wait,2,2,-22.83,wait,2,2,-35.4842,False
7716,7,3,2,4,wait,2,2,-22.902,wait,2,2,-35.146,False
7717,7,3,2,5,wait,2,2,-23.1685,wait,2,2,-35.7558,False
7718,7,3,2,6,wait,2,2,-23.5166,wait,2,2,-36.6218,False
7719,7,3,2,7,wait,2,2,-23.8895,wait,2,2,-37.0199,False
7720,7,3,2,8,wait,2,2,-24.4942,wait,2,2,-38.4987,False
7721,7,3,2,9,wait,2,2,-26.5542,wait,2,2,-41.3379,False
7722,7,3,2,10,wait,2,2,-28.7396,wait,2,2,-45.2341,False
7723,7,3,2,11,wait,2,2,-33.1771,wait,2,2,-52.199,False
7724,7,3,2,12,wait,2,2,-38.3306,wait,2,2,-61.6414,False
7725,7,3,2,13,wait,2,2,-45.3142,wait,2,2,-73.3544,False
7726,7,3,2,14,hunt,0,2,-86.3602,hunt,2,2,-87.5106,True
7727,7,3,2,15,wait,0,0,0.0,wait,0,0,0.0,False
7728,7,3,3,0,wait,2,2,-9.5617,wait,2,2,-17.0283,False
7729,7,3,3,1,wait,2,2,-9.4465,wait,2,2,-17.1551,False
7730,7,3,3,2,wait,2,2,-9.8515,wait,2,2,-17.4694,False
7731,7,3,3,3,wait,2,2,-10.1152,wait,2,2,-18.4254,False
7732,7,3,3,4,wait,2,2,-10.0223,wait,2,2,-18.0985,False
7733,7,3,3,5,wait,2,2,-10.7959,wait,2,2,-19.4878,False
7734,7,3,3,6,wait,2,2,-11.7085,wait,2,2,-20.3677,False
7735,7,3,3,7,wait,2,2,-12.9069,wait,2,2,-22.5633,False
7736,7,3,3,8,wait,2,2,-14.6338,wait,2,2,-25.8824,False
7737,7,3,3,9,wait,2,2,-17.2776,wait,2,2,-30.3169,False
7738,7,3,3,10,wait,2,2,-21.6627,wait,2,2,-37.7644,False
7739,7,3,3,11,wait,2,2,-26.5511,wait,2,2,-46.242,False
7740,7,3,3,12,wait,2,2,-33.392,wait,2,2,-56.8273,False
7741,7,3,3,13,wait,2,2,-41.5493,wait,2,2,-70.2178,False
7742,7,3,3,14,hunt,1,2,-84.2476,wait,2,2,-86.1222,True
7743,7,3,3,15,wait,0,0,0.0,wait,0,0,0.0,False
7744,7,3,4,0,wait,2,2,1.7623,wait,1,1,-1.4628,True
7745,7,3,4,1,wait,2,2,1.9412,wait,2,2,-1.3398,False
7746,7,3,4,2,wait,2,2,1.7959,wait,1,1,-1.2834,True
7747,7,3,4,3,wait,2,2,1.0961,wait,1,1,-1.0199,True
7748,7,3,4,4,wait,2,2,0.2859,wait,1,1,-2.3997,True
7749,7,3,4,5,wait,2,2,-0.892,wait,2,2,-6.4413,False
7750,7,3,4,6,wait,2,2,-2.1479,wait,2,2,-8.4134,False
7751,7,3,4,7,hunt,2,0,-4.3816,wait,2,2,-12.0721,True
7752,7,3,4,8,wait,2,2,-7.1321,wait,2,2,-16.6871,False
7753,7,3,4,9,wait,2,2,-10.9765,wait,2,2,-22.7331,False
7754,7,3,4,10,wait,2,2,-15.9685,wait,2,2,-31.8449,False
7755,7,3,4,11,wait,2,1,-21.8353,wait,2,2,-41.3117,True
7756,7,3,4,12,wait,2,2,-28.9875,wait,2,2,-52.1513,False
7757,7,3,4,13,wait,2,2,-38.1639,wait,2,2,-68.1863,False
7758,7,3,4,14,wait,1,2,-83.0869,wait,2,2,-84.5029,True
7759,7,3,4,15,wait,0,0,0.0,wait,0,0,0.0,False
7760,7,3,5,0,hunt,1,1,4.5063,wait,1,1,4.6488,True
7761,7,3,5,1,wait,1,1,5.8004,wait,1,1,6.0267,False
7762,7,3,5,2,hunt,2,1,2.7042,wait,1,1,4.424,True
7763,7,3,5,3,wait,1,2,2.7639,wait,1,1,3.6203,True
7764,7,3,5,4,hunt,2,1,1.7356,wait,1,1,3.9822,True
7765,7,3,5,5,wait,2,1,1.6057,wait,1,1,3.6595,True
7766,7,3,5,6,wait,1,1,0.9861,hunt,1,1,1.1494,True
7767,7,3,5,7,hunt,1,1,-1.4912,wait,1,1,-7.1789,True
7768,7,3,5,8,wait,1,1,-4.4338,wait,1,1,-12.5255,False
7769,7,3,5,9,hunt,0,1,-8.3284,wait,1,1,-20.2718,True
7770,7,3,5,10,wait,2,1,-13.3339,wait,1,1,-28.523,True
7771,7,3,5,11,wait,1,2,-19.4264,wait,1,1,-39.4446,True
7772,7,3,5,12,wait,1,2,-27.1066,hunt,1,1,-52.4346,True
7773,7,3,5,13,hunt,1,0,-36.6766,hunt,2,1,-68.3082,True
7774,7,3,5,14,wait,2,1,-82.2762,wait,2,2,-84.6006,True
7775,7,3,5,15,wait,0,0,0.0,wait,0,0,0.0,False
7792,7,4,1,0,wait,2,2,-38.6363,wait,2,2,-50.7573,False
7793,7,4,1,1,wait,2,2,-38.2484,wait,2,2,-50.7037,False
7794,7,4,1,2,wait,2,2,-38.6807,wait,2,2,-51.7789,False
7795,7,4,1,3,wait,2,2,-38.9491,wait,2,2,-51.2692,False
7796,7,4,1,4,wait,2,2,-38.8453,wait,2,2,-51.7947,False
7797,7,4,1,5,wait,2,2,-39.0862,wait,2,2,-51.4084,False
7798,7,4,1,6,wait,2,2,-39.1888,wait,2,2,-52.1996,False
7799,7,4,1,7,wait,2,2,-39.0167,wait,2,2,-52.2879,False
7800,7,4,1,8,wait,2,2,-38.776,wait,2,2,-51.7538,False
7801,7,4,1,9,wait,2,2,-40.271,wait,2,2,-54.0186,False
7802,7,4,1,10,wait,2,2,-41.9534,wait,2,2,-56.3716,False
7803,7,4,1,11,wait,2,2,-44.3984,wait,2,2,-60.6009,False
7804,7,4,1,12,wait,2,2,-48.6888,wait,2,2,-68.3819,False
7805,7,4,1,13,wait,2,2,-54.8823,wait,2,2,-77.5428,False
7806,7,4,1,14,wait,0,0,-89.0148,hunt,2,2,-89.5062,True
7807,7,4,1,15,wait,0,0,0.0,wait,0,0,0.0,False
7808,7,4,2,0,wait,2,2,-18.5919,wait,2,2,-28.2476,False
7809,7,4,2,1,wait,2,2,-18.5607,wait,2,2,-28.4109,False
7810,7,4,2,2,wait,2,2,-19.1125,wait,2,2,-29.8206,False
7811,7,4,2,3,wait,2,2,-19.0142,wait,2,2,-29.4308,False
7812,7,4,2,4,wait,2,2,-19.3149,wait,2,2,-29.3774,False
7813,7,4,2,5,wait,2,2,-19.6938,wait,2,2,-30.3539,False
7814,7,4,2,6,wait,2,2,-19.6526,wait,2,2,-29.8981,False
7815,7,4,2,7,wait,2,2,-20.6281,wait,2,2,-31.7045,False
7816,7,4,2,8,wait,2,2,-21.7298,wait,2,2,-33.6707,False
7817,7,4,2,9,wait,2,2,-23.4759,wait,2,2,-36.721,False
7818,7,4,2,10,wait,2,2,-26.763,wait,2,2,-41.7035,False
7819,7,4,2,11,wait,2,2,-31.4206,wait,2,2,-49.8161,False
7820,7,4,2,12,wait,2,2,-37.2235,wait,2,2,-59.3938,False
7821,7,4,2,13,wait,2,2,-44.9295,wait,2,2,-72.422,False
7822,7,4,2,14,wait,0,0,-86.3216,hunt,2,2,-87.5234,True
7823,7,4,2,15,wait,0,0,0.0,wait,0,0,0.0,False
7824,7,4,3,0,wait,2,2,-5.0392,wait,2,2,-9.8728,False
7825,7,4,3,1,wait,2,2,-5.3629,wait,2,2,-10.0478,False
7826,7,4,3,2,wait,2,2,-5.7811,wait,2,2,-11.061,False
7827,7,4,3,3,wait,2,2,-6.0167,wait,2,2,-11.481,False
7828,7,4,3,4,wait,2,2,-6.5411,wait,2,2,-12.4943,False
7829,7,4,3,5,wait,2,2,-7.34,wait,2,2,-13.7163,False
7830,7,4,3,6,wait,2,2,-8.4954,wait,2,2,-15.2654,False
7831,7,4,3,7,wait,2,2,-9.2637,wait,2,2,-16.7679,False
7832,7,4,3,8,wait,2,2,-12.3081,wait,2,2,-21.2543,False
7833,7,4,3,9,wait,2,2,-15.3338,wait,2,2,-26.4037,False
7834,7,4,3,10,wait,2,2,-19.7986,wait,2,2,-34.171,False
7835,7,4,3,11,wait,2,2,-25.332,wait,2,2,-43.4696,False
7836,7,4,3,12,wait,2,2,-32.5964,wait,2,2,-56.2637,False
7837,7,4,3,13,wait,2,2,-40.8812,wait,2,2,-69.8005,False
7838,7,4,3,14,wait,2,1,-84.3774,hunt,2,2,-86.2576,True
7839,7,4,3,15,wait,0,0,0.0,wait,0,0,0.0,False
7840,7,4,4,0,hunt,2,2,3.6779,wait,2,2,3.6346,True
7841,7,4,4,1,hunt,2,2,3.0587,wait,2,2,4.2012,True
7842,7,4,4,2,hunt,2,2,2.9913,wait,2,2,3.4223,True
7843,7,4,4,3,hunt,2,2,2.7491,wait,2,2,3.2627,True
7844,7,4,4,4,wait,2,2,3.5454,hunt,2,2,1.2384,True
7845,7,4,4,5,wait,2,2,2.5221,wait,1,1,0.2431,True
7846,7,4,4,6,wait,2,2,0.264,wait,1,1,-0.6117,True
7847,7,4,4,7,wait,2,2,-1.8325,wait,2,2,-7.9834,False
7848,7,4,4,8,wait,2,2,-5.4094,wait,2,2,-13.6972,False
7849,7,4,4,9,wait,2,2,-9.2743,wait,2,2,-20.1665,False
7850,7,4,4,10,hunt,2,2,-14.5161,wait,2,2,-29.5563,True
7851,7,4,4,11,wait,2,2,-20.6496,wait,2,2,-39.4356,False
7852,7,4,4,12,wait,2,2,-28.4637,wait,2,2,-52.131,False
7853,7,4,4,13,hunt,2,2,-37.7574,hunt,2,2,-67.8865,False
7854,7,4,4,14,wait,2,1,-83.1382,wait,2,2,-85.483,True
7855,7,4,4,15,wait,0,0,0.0,wait,0,0,0.0,False
7856,7,4,5,0,hunt,2,2,4.2178,wait,1,1,6.0438,True
7857,7,4,5,1,hunt,1,1,7.2964,hunt,1,1,8.4471,False
7858,7,4,5,2,hunt,1,2,5.2207,wait,1,1,5.548,True
7859,7,4,5,3,wait,1,2,5.7689,wait,1,1,5.7724,True
7860,7,4,5,4,hunt,1,2,3.6374,wait,1,1,5.5497,True
7861,7,4,5,5,wait,1,2,4.5026,wait,1,1,4.876,True
7862,7,4,5,6,hunt,1,1,2.7207,wait,1,1,4.2664,True
7863,7,4,5,7,hunt,1,1,0.7561,wait,1,0,-0.7227,True
7864,7,4,5,8,wait,1,1,-2.3529,wait,1,1,-9.207,False
7865,7,4,5,9,wait,1,2,-6.2824,wait,1,1,-16.303,True
7866,7,4,5,10,wait,1,2,-11.0904,wait,1,1,-24.4586,True
7867,7,4,5,11,wait,1,2,-17.2717,wait,1,1,-34.3449,True
7868,7,4,5,12,wait,1,1,-24.9198,wait,1,1,-46.8687,False
7869,7,4,5,13,wait,2,2,-35.9936,wait,0,0,-64.2265,True
7870,7,4,5,14,hunt,1,1,-82.3446,wait,2,2,-85.4156,True
7871,7,4,5,15,wait,0,0,0.0,wait,0,0,0.0,False
7888,7,5,1,0,wait,2,2,-36.3553,wait,2,2,-47.4217,False
7889,7,5,1,1,wait,2,2,-36.9873,wait,2,2,-48.1498,False
7890,7,5,1,2,wait,2,2,-36.4061,wait,2,2,-47.618,False
7891,7,5,1,3,wait,2,2,-36.8097,wait,2,2,-48.1181,False
7892,7,5,1,4,wait,2,2,-37.5343,wait,2,2,-48.9084,False
7893,7,5,1,5,wait,2,2,-37.1887,wait,2,2,-49.0312,False
7894,7,5,1,6,wait,2,2,-36.8504,wait,2,2,-48.0902,False
7895,7,5,1,7,wait,2,2,-37.1026,wait,2,2,-47.9587,False
7896,7,5,1,8,wait,2,2,-37.7546,wait,2,2,-49.5502,False
7897,7,5,1,9,wait,2,2,-38.5699,wait,2,2,-51.8565,False
7898,7,5,1,10,wait,2,2,-40.6501,wait,2,2,-54.7931,False
7899,7,5,1,11,wait,2,2,-44.4878,wait,2,2,-60.176,False
7900,7,5,1,12,wait,2,2,-48.96,wait,2,2,-68.4581,False
7901,7,5,1,13,wait,2,2,-54.5185,wait,2,2,-77.2258,False
7902,7,5,1,14,hunt,0,0,-88.9984,wait,2,2,-89.76,True
7903,7,5,1,15,wait,0,0,0.0,wait,0,0,0.0,False
7904,7,5,2,0,wait,2,2,-15.3937,wait,2,2,-23.1873,False
7905,7,5,2,1,wait,2,2,-15.7127,wait,2,2,-23.8127,False
7906,7,5,2,2,wait,2,2,-15.8784,wait,2,2,-23.6003,False
7907,7,5,2,3,wait,2,2,-16.5778,wait,2,2,-25.1463,False
7908,7,5,2,4,wait,2,2,-16.719,wait,2,2,-25.0685,False
7909,7,5,2,5,wait,2,2,-16.8725,wait,2,2,-25.6156,False
7910,7,5,2,6,wait,2,2,-17.6542,wait,2,2,-26.693,False
7911,7,5,2,7,wait,2,2,-18.1588,wait,2,2,-27.7608,False
7912,7,5,2,8,wait,2,2,-19.7585,wait,2,2,-30.5217,False
7913,7,5,2,9,wait,2,2,-22.0512,wait,2,2,-34.2224,False
7914,7,5,2,10,wait,2,2,-25.8598,wait,2,2,-40.2848,False
7915,7,5,2,11,wait,2,2,-31.1027,wait,2,2,-49.402,False
7916,7,5,2,12,hunt,2,2,-37.1871,hunt,2,2,-58.7926,False
7917,7,5,2,13,hunt,2,2,-45.3369,wait,2,2,-73.1346,True
7918,7,5,2,14,hunt,1,2,-86.1799,wait,2,2,-87.857,True
7919,7,5,2,15,wait,0,0,0.0,wait,0,0,0.0,False
7920,7,5,3,0,wait,2,2,-1.4219,wait,2,2,-3.8221,False
7921,7,5,3,1,wait,2,2,-1.5759,wait,2,2,-3.9396,False
7922,7,5,3,2,wait,2,2,-2.1559,wait,2,2,-5.0966,False
7923,7,5,3,3,wait,2,2,-2.5733,wait,2,2,-5.6842,False
7924,7,5,3,4,wait,2,2,-3.1867,wait,2,2,-6.6484,False
7925,7,5,3,5,wait,2,2,-4.5189,wait,2,2,-9.1262,False
7926,7,5,3,6,wait,2,2,-5.7287,wait,2,2,-10.7331,False
7927,7,5,3,7,wait,2,2,-7.5794,wait,2,2,-14.5445,False
7928,7,5,3,8,wait,2,2,-10.2703,wait,2,2,-18.6643,False
7929,7,5,3,9,wait,2,2,-14.287,wait,2,2,-24.9663,False
7930,7,5,3,10,wait,2,2,-18.705,wait,2,2,-33.0725,False
7931,7,5,3,11,hunt,2,2,-25.0923,wait,2,2,-43.4261,True
7932,7,5,3,12,hunt,2,2,-32.3765,hunt,2,2,-55.5188,False
7933,7,5,3,13,wait,2,2,-40.6088,wait,2,2,-69.2289,False
7934,7,5,3,14,wait,0,1,-84.3968,wait,2,2,-86.4437,True
7935,7,5,3,15,wait,0,0,0.0,wait,0,0,0.0,False
7936,7,5,4,0,hunt,2,2,6.7794,hunt,2,2,6.3128,False
7937,7,5,4,1,wait,2,2,7.569,wait,2,2,7.7897,False
7938,7,5,4,2,wait,2,2,7.2965,wait,2,2,7.4186,False
7939,7,5,4,3,wait,2,2,6.4725,wait,2,2,6.3109,False
7940,7,5,4,4,wait,2,2,6.0563,wait,2,2,5.3454,False
7941,7,5,4,5,hunt,2,2,3.7831,wait,2,2,4.492,True
7942,7,5,4,6,hunt,2,2,2.2513,wait,2,2,3.6767,True
7943,7,5,4,7,hunt,2,2,-0.2552,hunt,1,1,-4.715,True
7944,7,5,4,8,wait,2,2,-3.5061,wait,2,2,-10.9191,False
7945,7,5,4,9,wait,1,0,-8.027,wait,2,2,-18.4614,True
7946,7,5,4,10,wait,2,2,-13.1431,wait,2,2,-26.9509,False
7947,7,5,4,11,hunt,2,2,-19.1883,wait,2,2,-36.9806,True
7948,7,5,4,12,wait,2,2,-27.0331,wait,2,2,-49.8251,False
7949,7,5,4,13,wait,2,2,-37.3791,wait,0,1,-62.8414,True
7950,7,5,4,14,hunt,2,0,-82.9606,wait,2,2,-84.9555,True
7951,7,5,4,15,wait,0,0,0.0,wait,0,0,0.0,False
7952,7,5,5,0,wait,1,2,8.8664,wait,1,2,10.834,False
7953,7,5,5,1,hunt,2,2,6.7328,wait,1,1,7.0623,True
7954,7,5,5,2,wait,2,2,6.9881,hunt,1,1,7.2171,True
7955,7,5,5,3,hunt,1,1,8.4555,hunt,1,1,10.2582,False
7956,7,5,5,4,hunt,1,1,7.9261,hunt,1,1,9.5637,False
7957,7,5,5,5,wait,2,2,4.9034,hunt,1,1,7.0678,True
7958,7,5,5,6,hunt,2,1,3.6333,hunt,1,1,5.8489,True
7959,7,5,5,7,hunt,1,1,1.9781,wait,1,1,4.3425,True
7960,7,5,5,8,hunt,1,1,-0.2621,wait,1,0,-3.3057,True
7961,7,5,5,9,wait,1,1,-3.7811,wait,1,1,-11.0329,False
7962,7,5,5,10,wait,1,1,-8.4996,wait,1,1,-18.7762,False
7963,7,5,5,11,wait,1,1,-14.356,hunt,1,1,-28.9243,True
7964,7,5,5,12,hunt,1,1,-21.8598,hunt,1,0,-38.9674,True
7965,7,5,5,13,wait,0,1,-32.7026,wait,0,0,-52.7689,True
7966,7,5,5,14,hunt,0,1,-82.354,hunt,2,2,-84.9406,True
7967,7,5,5,15,wait,0,0,0.0,wait,0,0,0.0,False
7984,7,6,1,0,wait,2,2,-35.0806,wait,2,2,-45.4388,False
7985,7,6,1,1,wait,2,2,-35.2598,wait,2,2,-45.736,False
7986,7,6,1,2,wait,2,2,-35.4216,wait,2,2,-45.9425,False
7987,7,6,1,3,wait,2,2,-35.1597,wait,2,2,-45.5998,False
7988,7,6,1,4,wait,2,2,-35.5305,wait,2,2,-46.0285,False
7989,7,6,1,5,wait,2,2,-35.5727,wait,2,2,-46.2305,False
7990,7,6,1,6,wait,2,2,-36.2116,wait,2,2,-47.2235,False
7991,7,6,1,7,wait,2,2,-36.0311,wait,2,2,-46.7298,False
7992,7,6,1,8,wait,2,2,-36.7895,wait,2,2,-48.4817,False
7993,7,6,1,9,wait,2,2,-38.1835,wait,2,2,-50.3243,False
7994,7,6,1,10,wait,2,2,-40.2131,wait,2,2,-53.8488,False
7995,7,6,1,11,wait,2,2,-43.9082,wait,2,2,-59.9157,False
7996,7,6,1,12,wait,2,2,-48.7214,wait,2,2,-67.6266,False
7997,7,6,1,13,hunt,2,2,-54.2966,hunt,2,2,-77.29,False
7998,7,6,1,14,hunt,2,2,-88.9923,hunt,2,2,-89.5925,False
7999,7,6,1,15,wait,0,0,0.0,wait,0,0,0.0,False
8000,7,6,2,0,wait,2,2,-13.5912,wait,2,2,-20.1375,False
8001,7,6,2,1,wait,2,2,-13.8197,wait,2,2,-20.5421,False
8002,7,6,2,2,wait,2,2,-13.925,wait,2,2,-20.8661,False
8003,7,6,2,3,wait,2,2,-13.8955,wait,2,2,-20.6706,False
8004,7,6,2,4,wait,2,2,-14.2645,wait,2,2,-20.6194,False
8005,7,6,2,5,wait,2,2,-15.1477,wait,2,2,-22.6524,False
8006,7,6,2,6,wait,2,2,-16.1212,wait,2,2,-24.0934,False
8007,7,6,2,7,wait,2,2,-17.5467,wait,2,2,-26.5654,False
8008,7,6,2,8,wait,2,2,-18.6248,wait,2,2,-28.6783,False
8009,7,6,2,9,wait,2,2,-21.8222,wait,2,2,-34.2319,False
8010,7,6,2,10,wait,2,2,-25.285,wait,2,2,-39.5647,False
8011,7,6,2,11,wait,2,2,-30.2136,wait,2,2,-47.8842,False
8012,7,6,2,12,wait,2,2,-37.2916,wait,2,2,-59.7042,False
8013,7,6,2,13,hunt,2,2,-44.8076,hunt,2,2,-72.8238,False
8014,7,6,2,14,wait,1,1,-86.256,hunt,2,2,-87.9148,True
8015,7,6,2,15,wait,0,0,0.0,wait,0,0,0.0,False
8016,7,6,3,0,wait,2,2,0.7113,wait,2,2,-0.3038,False
8017,7,6,3,1,wait,2,2,0.3101,wait,2,2,-0.8392,False
8018,7,6,3,2,wait,2,2,0.4709,wait,2,2,-0.6634,False
8019,7,6,3,3,wait,2,2,0.2215,wait,2,2,-1.7673,False
8020,7,6,3,4,wait,2,2,-0.8106,wait,2,2,-2.6716,False
8021,7,6,3,5,wait,2,2,-1.7781,wait,2,2,-4.4736,False
8022,7,6,3,6,hunt,2,2,-4.1368,wait,2,2,-8.8366,True
8023,7,6,3,7,wait,2,2,-6.4413,wait,2,2,-12.2917,False
8024,7,6,3,8,wait,2,2,-9.2368,wait,2,2,-16.7973,False
8025,7,6,3,9,hunt,2,2,-13.3949,hunt,2,2,-23.6513,False
8026,7,6,3,10,wait,2,1,-18.3255,hunt,2,2,-31.9256,True
8027,7,6,3,11,wait,2,2,-24.0433,wait,2,2,-40.7031,False
8028,7,6,3,12,hunt,2,2,-31.0688,hunt,1,1,-53.172,True
8029,7,6,3,13,hunt,2,2,-40.8128,hunt,2,1,-67.2238,True
8030,7,6,3,14,hunt,2,2,-84.4527,hunt,2,2,-86.9685,False
8031,7,6,3,15,wait,0,0,0.0,wait,0,0,0.0,False
8032,7,6,4,0,wait,2,2,9.1418,wait,2,2,10.6362,False
8033,7,6,4,1,hunt,2,2,8.7616,hunt,2,2,9.9431,False
8034,7,6,4,2,hunt,1,1,2.5822,wait,2,2,6.421,True
8035,7,6,4,3,wait,2,2,8.9354,wait,2,2,10.3645,False
8036,7,6,4,4,wait,2,2,7.7089,wait,2,2,8.2968,False
8037,7,6,4,5,wait,2,2,6.404,wait,2,2,6.1337,False
8038,7,6,4,6,wait,2,2,4.892,hunt,2,2,4.6025,True
8039,7,6,4,7,hunt,2,2,1.5649,wait,2,2,3.1439,True
8040,7,6,4,8,hunt,2,2,-2.0624,hunt,2,2,-8.3092,False
8041,7,6,4,9,wait,2,2,-6.116,wait,2,2,-15.3776,False
8042,7,6,4,10,wait,1,2,-11.322,hunt,1,1,-23.2968,True
8043,7,6,4,11,hunt,2,2,-17.0522,hunt,1,1,-31.5196,True
8044,7,6,4,12,hunt,1,1,-23.8277,hunt,1,1,-40.6354,False
8045,7,6,4,13,wait,0,1,-33.5758,wait,0,1,-52.2957,False
8046,7,6,4,14,hunt,2,2,-83.0555,hunt,2,2,-84.6811,False
8047,7,6,4,15,wait,0,0,0.0,wait,0,0,0.0,False
8048,7,6,5,0,wait,2,2,8.9624,wait,2,2,10.1668,False
8049,7,6,5,1,wait,1,2,10.0948,wait,1,2,12.7427,False
8050,7,6,5,2,hunt,1,1,11.4368,hunt,1,1,15.7138,False
8051,7,6,5,3,hunt,1,2,9.2045,hunt,1,2,11.2642,False
8052,7,6,5,4,wait,2,1,8.6052,wait,2,1,10.453,False
8053,7,6,5,5,wait,2,1,7.5402,hunt,1,1,9.1556,True
8054,7,6,5,6,wait,1,2,5.8586,hunt,2,1,7.5836,True
8055,7,6,5,7,hunt,2,1,4.4576,wait,1,1,5.4441,True
8056,7,6,5,8,hunt,2,1,1.517,hunt,1,1,4.1474,True
8057,7,6,5,9,hunt,1,1,-0.9799,hunt,1,1,-5.2693,False
8058,7,6,5,10,hunt,1,1,-3.5158,hunt,1,1,-9.7401,False
8059,7,6,5,11,hunt,1,1,-7.0396,hunt,1,1,-15.429,False
8060,7,6,5,12,hunt,1,1,-13.8885,wait,0,1,-25.156,True
8061,7,6,5,13,wait,0,1,-21.7945,wait,0,1,-35.1143,False
8062,7,6,5,14,wait,1,2,-82.3284,wait,2,2,-85.2312,True
8063,7,6,5,15,wait,0,0,0.0,wait,0,0,0.0,False
8080,7,7,1,0,wait,2,2,-34.0126,wait,2,2,-43.548,False
8081,7,7,1,1,wait,2,2,-33.9062,wait,2,2,-43.2524,False
8082,7,7,1,2,wait,2,2,-34.0072,wait,2,2,-43.7019,False
8083,7,7,1,3,wait,2,2,-34.5093,wait,2,2,-43.9827,False
8084,7,7,1,4,wait,2,2,-34.776,wait,2,2,-44.8588,False
8085,7,7,1,5,wait,2,2,-34.3134,wait,2,2,-44.4845,False
8086,7,7,1,6,wait,2,2,-34.8171,wait,2,2,-44.7916,False
8087,7,7,1,7,wait,2,2,-35.0853,wait,2,2,-46.2075,False
8088,7,7,1,8,wait,2,2,-36.7113,wait,2,2,-47.7719,False
8089,7,7,1,9,wait,2,2,-37.922,wait,2,2,-49.7292,False
8090,7,7,1,10,wait,2,2,-40.1838,wait,2,2,-53.9379,False
8091,7,7,1,11,wait,2,2,-43.6907,wait,2,2,-60.1302,False
8092,7,7,1,12,hunt,2,2,-48.235,hunt,2,2,-67.4708,False
8093,7,7,1,13,hunt,2,2,-54.2196,wait,2,2,-77.6618,True
8094,7,7,1,14,hunt,0,2,-88.853,wait,2,2,-89.3831,True
8095,7,7,1,15,wait,0,0,0.0,wait,0,0,0.0,False
8096,7,7,2,0,wait,2,2,-11.6024,wait,2,2,-16.9141,False
8097,7,7,2,1,wait,2,2,-11.7349,wait,2,2,-16.9074,False
8098,7,7,2,2,wait,2,2,-12.2459,wait,2,2,-17.8648,False
8099,7,7,2,3,wait,2,2,-12.7835,wait,2,2,-19.1209,False
8100,7,7,2,4,wait,2,2,-13.4416,wait,2,2,-19.6297,False
8101,7,7,2,5,wait,2,2,-14.4481,wait,2,2,-21.1602,False
8102,7,7,2,6,wait,2,2,-14.9917,wait,2,2,-22.4012,False
8103,7,7,2,7,wait,2,2,-16.1229,wait,2,2,-24.7983,False
8104,7,7,2,8,wait,2,2,-18.3489,wait,2,2,-27.9961,False
8105,7,7,2,9,wait,2,2,-20.8888,wait,2,2,-32.3372,False
8106,7,7,2,10,hunt,2,2,-24.5524,hunt,2,2,-38.2619,False
8107,7,7,2,11,hunt,2,2,-29.194,hunt,2,2,-45.6453,False
8108,7,7,2,12,hunt,2,2,-34.8176,hunt,2,2,-55.5127,False
8109,7,7,2,13,hunt,2,2,-42.0078,hunt,2,2,-67.2803,False
8110,7,7,2,14,hunt,2,1,-86.3564,wait,2,2,-87.3221,True
8111,7,7,2,15,wait,0,0,0.0,wait,0,0,0.0,False
8112,7,7,3,0,wait,2,2,2.4713,wait,2,2,2.6895,False
8113,7,7,3,1,wait,2,2,2.7374,wait,2,2,3.2341,False
8114,7,7,3,2,wait,2,2,1.9069,wait,2,2,2.1521,False
8115,7,7,3,3,wait,2,2,1.0969,hunt,2,2,1.7711,True
8116,7,7,3,4,wait,2,2,0.828,hunt,2,2,1.2581,True
8117,7,7,3,5,wait,2,2,-0.1842,wait,2,2,-1.4481,False
8118,7,7,3,6,wait,1,2,-3.0094,wait,2,2,-6.9347,True
8119,7,7,3,7,wait,2,2,-5.3039,wait,2,2,-10.3511,False
8120,7,7,3,8,hunt,2,2,-7.8561,hunt,2,2,-14.3557,False
8121,7,7,3,9,hunt,2,2,-11.2601,hunt,2,2,-19.8964,False
8122,7,7,3,10,hunt,2,2,-14.908,hunt,2,2,-26.488,False
8123,7,7,3,11,expedition,0,0,-18.4954,expedition,0,0,-27.6793,False
8124,7,7,3,12,expedition,0,0,-18.7954,expedition,0,0,-27.4202,False
8125,7,7,3,13,expedition,0,0,-18.7879,expedition,0,0,-28.8428,False
8126,7,7,3,14,expedition,0,0,-29.5212,expedition,0,0,-29.1738,False
8127,7,7,3,15,wait,0,0,0.0,wait,0,0,0.0,False
8128,7,7,4,0,wait,1,1,4.618,hunt,2,2,7.5206,True
8129,7,7,4,1,hunt,2,2,10.542,hunt,2,2,12.8389,False
8130,7,7,4,2,expedition,0,0,11.1624,hunt,2,2,7.8304,True
8131,7,7,4,3,expedition,0,0,11.5088,hunt,2,2,6.5938,True
8132,7,7,4,4,hunt,2,2,8.9316,hunt,2,2,10.3997,False
8133,7,7,4,5,wait,2,2,8.4704,wait,2,2,9.1185,False
8134,7,7,4,6,hunt,2,2,7.4351,hunt,2,2,7.6951,False
8135,7,7,4,7,expedition,0,0,11.6341,hunt,2,2,5.1108,True
8136,7,7,4,8,expedition,0,0,11.0207,hunt,2,2,3.6618,True
8137,7,7,4,9,expedition,0,0,11.5691,expedition,0,0,3.748,False
8138,7,7,4,10,expedition,0,0,11.8257,expedition,0,0,3.5536,False
8139,7,7,4,11,expedition,0,0,10.9143,expedition,0,0,1.9642,False
8140,7,7,4,12,expedition,0,0,11.1393,expedition,0,0,2.4274,False
8141,7,7,4,13,expedition,0,0,11.3261,expedition,0,0,2.1495,False
8142,7,7,4,14,expedition,0,0,0.6011,expedition,0,0,0.8209,False
8143,7,7,4,15,wait,0,0,0.0,wait,0,0,0.0,False
8144,7,7,5,0,wait,2,2,9.6098,expedition,0,0,13.7142,True
8145,7,7,5,1,wait,2,2,10.0701,expedition,0,0,12.5862,True
8146,7,7,5,2,hunt,1,1,13.5721,hunt,1,1,18.9865,False
8147,7,7,5,3,expedition,0,0,30.2565,expedition,0,0,24.5156,False
8148,7,7,5,4,hunt,2,2,9.4272,expedition,0,0,12.4217,True
8149,7,7,5,5,wait,2,1,8.6126,expedition,0,0,13.6144,True
8150,7,7,5,6,expedition,0,0,30.4463,expedition,0,0,25.4576,False
8151,7,7,5,7,expedition,0,0,30.6348,expedition,0,0,25.3503,False
8152,7,7,5,8,expedition,0,0,30.3927,expedition,0,0,24.9553,False
8153,7,7,5,9,expedition,0,0,30.631,expedition,0,0,24.8982,False
8154,7,7,5,10,expedition,0,0,30.4175,expedition,0,0,24.3118,False
8155,7,7,5,11,expedition,0,0,30.3537,expedition,0,0,24.9984,False
8156,7,7,5,12,expedition,0,0,30.0351,expedition,0,0,24.2929,False
8157,7,7,5,13,expedition,0,0,29.4751,expedition,0,0,22.8103,False
8158,7,7,5,14,expedition,0,0,21.8715,expedition,0,0,22.2378,False
8159,7,7,5,15,wait,0,0,0.0,wait,0,0,0.0,False
8176,7,8,1,0,wait,2,2,-33.7701,wait,2,2,-42.8739,False
8177,7,8,1,1,wait,2,2,-33.6922,wait,2,2,-42.8168,False
8178,7,8,1,2,wait,2,2,-33.5006,wait,2,2,-42.6107,False
8179,7,8,1,3,wait,2,2,-34.1076,wait,2,2,-43.7509,False
8180,7,8,1,4,wait,2,2,-34.5636,wait,2,2,-44.6139,False
8181,7,8,1,5,wait,2,2,-33.8434,wait,2,2,-43.3297,False
8182,7,8,1,6,wait,2,2,-34.3398,wait,2,2,-44.062,False
8183,7,8,1,7,wait,2,2,-35.767,wait,2,2,-46.2125,False
8184,7,8,1,8,wait,2,2,-36.2703,wait,2,2,-47.1266,False
8185,7,8,1,9,wait,2,2,-37.837,wait,2,2,-49.8263,False
8186,7,8,1,10,wait,2,2,-40.4431,wait,2,2,-54.4607,False
8187,7,8,1,11,wait,2,2,-44.3049,wait,2,2,-60.2981,False
8188,7,8,1,12,wait,2,2,-48.8746,hunt,2,2,-68.073,True
8189,7,8,1,13,hunt,2,2,-54.0836,hunt,2,2,-77.519,False
8190,7,8,1,14,wait,2,2,-88.9907,hunt,2,2,-89.6363,True
8191,7,8,1,15,wait,0,0,0.0,wait,0,0,0.0,False
8192,7,8,2,0,wait,2,2,-10.0098,wait,2,2,-14.3335,False
8193,7,8,2,1,wait,2,2,-10.5837,wait,2,2,-15.2783,False
8194,7,8,2,2,wait,2,2,-10.7399,wait,2,2,-15.483,False
8195,7,8,2,3,wait,2,2,-11.6071,wait,2,2,-17.0646,False
8196,7,8,2,4,wait,2,2,-11.7939,wait,2,2,-17.6399,False
8197,7,8,2,5,wait,2,2,-13.3729,wait,2,2,-19.6057,False
8198,7,8,2,6,wait,2,2,-14.0091,wait,2,2,-20.5573,False
8199,7,8,2,7,hunt,2,2,-16.1978,hunt,2,2,-24.5466,False
8200,7,8,2,8,wait,2,2,-17.6989,wait,2,2,-26.7294,False
8201,7,8,2,9,wait,2,2,-21.0436,hunt,2,2,-32.6868,True
8202,7,8,2,10,hunt,2,2,-23.5529,hunt,2,2,-36.961,False
8203,7,8,2,11,hunt,2,2,-27.8521,hunt,2,2,-43.9206,False
8204,7,8,2,12,hunt,2,2,-32.4112,hunt,2,2,-51.1541,False
8205,7,8,2,13,hunt,2,2,-38.9548,hunt,2,2,-61.62,False
8206,7,8,2,14,wait,2,1,-86.1755,wait,2,2,-87.371,True
8207,7,8,2,15,wait,0,0,0.0,wait,0,0,0.0,False
8208,7,8,3,0,hunt,2,2,2.8709,hunt,2,2,3.5561,False
8209,7,8,3,1,wait,2,2,3.8626,wait,2,2,5.3987,False
8210,7,8,3,2,wait,2,2,3.3488,wait,2,2,4.4683,False
8211,7,8,3,3,hunt,2,2,1.5052,wait,2,2,3.5622,True
8212,7,8,3,4,hunt,2,2,1.2482,wait,2,2,3.6816,True
8213,7,8,3,5,wait,2,2,1.0912,hunt,2,2,1.7656,True
8214,7,8,3,6,wait,1,2,-1.6134,hunt,2,2,-4.5846,True
8215,7,8,3,7,hunt,2,2,-3.8962,hunt,2,2,-7.9046,False
8216,7,8,3,8,wait,2,2,-6.2754,hunt,2,2,-12.2026,True
8217,7,8,3,9,hunt,2,2,-8.71,hunt,2,2,-15.6549,False
8218,7,8,3,10,hunt,2,2,-12.4911,hunt,2,2,-22.7273,False
8219,7,8,3,11,hunt,2,2,-16.6136,hunt,2,2,-28.7456,False
8220,7,8,3,12,expedition,0,0,-18.2344,expedition,0,0,-27.8279,False
8221,7,8,3,13,expedition,0,0,-18.9451,expedition,0,0,-28.1739,False
8222,7,8,3,14,expedition,0,0,-29.928,expedition,0,0,-30.515,False
8223,7,8,3,15,wait,0,0,0.0,wait,0,0,0.0,False
8224,7,8,4,0,wait,1,2,5.4529,wait,1,2,8.2145,False
8225,7,8,4,1,hunt,2,2,11.5816,hunt,2,2,14.8493,False
8226,7,8,4,2,expedition,0,0,11.8918,hunt,2,2,9.0528,True
8227,7,8,4,3,wait,1,2,4.8347,hunt,2,2,7.9884,True
8228,7,8,4,4,expedition,0,0,11.3652,hunt,2,2,7.5035,True
8229,7,8,4,5,hunt,2,2,11.5224,hunt,2,2,14.3443,False
8230,7,8,4,6,wait,2,2,8.2004,wait,2,2,8.5511,False
8231,7,8,4,7,wait,2,2,4.2376,hunt,2,2,7.8286,True
8232,7,8,4,8,expedition,0,0,11.5206,hunt,2,2,5.9915,True
8233,7,8,4,9,expedition,0,0,12.3641,expedition,0,0,4.3794,False
8234,7,8,4,10,expedition,0,0,12.8218,expedition,0,0,4.8857,False
8235,7,8,4,11,expedition,0,0,11.6749,expedition,0,0,3.4453,False
8236,7,8,4,12,expedition,0,0,12.0621,expedition,0,0,3.6209,False
8237,7,8,4,13,expedition,0,0,11.7933,expedition,0,0,2.3995,False
8238,7,8,4,14,expedition,0,0,1.162,expedition,0,0,1.7671,False
8239,7,8,4,15,wait,0,0,0.0,wait,0,0,0.0,False
8240,7,8,5,0,wait,1,2,13.3657,wait,1,2,18.1549,False
8241,7,8,5,1,expedition,0,0,30.8591,expedition,0,0,25.8912,False
8242,7,8,5,2,expedition,0,0,30.6554,expedition,0,0,25.4309,False
8243,7,8,5,3,expedition,0,0,30.5742,expedition,0,0,24.7764,False
8244,7,8,5,4,hunt,2,1,10.9402,hunt,2,1,14.1882,False
8245,7,8,5,5,wait,2,2,8.9875,expedition,0,0,15.0574,True
8246,7,8,5,6,expedition,0,0,30.7737,expedition,0,0,25.1045,False
8247,7,8,5,7,expedition,0,0,30.2694,expedition,0,0,25.4403,False
8248,7,8,5,8,hunt,2,2,6.1203,expedition,0,0,11.9315,True
8249,7,8,5,9,expedition,0,0,30.5512,expedition,0,0,25.2009,False
8250,7,8,5,10,expedition,0,0,30.9269,expedition,0,0,25.6743,False
8251,7,8,5,11,expedition,0,0,30.9566,expedition,0,0,25.7055,False
8252,7,8,5,12,expedition,0,0,31.2876,expedition,0,0,26.2853,False
8253,7,8,5,13,expedition,0,0,30.0355,expedition,0,0,23.5621,False
8254,7,8,5,14,expedition,0,0,21.4077,expedition,0,0,21.5496,False
8255,7,8,5,15,wait,0,0,0.0,wait,0,0,0.0,False
8272,7,9,1,0,wait,2,2,-33.038,wait,2,2,-41.3336,False
8273,7,9,1,1,wait,2,2,-32.9807,wait,2,2,-41.5926,False
8274,7,9,1,2,wait,2,2,-32.6243,wait,2,2,-41.5174,False
8275,7,9,1,3,wait,2,2,-33.5484,wait,2,2,-42.6731,False
8276,7,9,1,4,wait,2,2,-33.2846,wait,2,2,-42.8248,False
8277,7,9,1,5,wait,2,2,-33.9507,wait,2,2,-43.5073,False
8278,7,9,1,6,wait,2,2,-34.6935,wait,2,2,-44.976,False
8279,7,9,1,7,wait,2,2,-35.1834,wait,2,2,-44.8895,False
8280,7,9,1,8,wait,2,2,-36.4697,wait,2,2,-46.9329,False
8281,7,9,1,9,wait,2,2,-37.2986,wait,2,2,-49.1907,False
8282,7,9,1,10,hunt,2,2,-40.2941,hunt,2,2,-53.993,False
8283,7,9,1,11,hunt,2,2,-43.6916,hunt,2,2,-59.0149,False
8284,7,9,1,12,hunt,2,2,-48.4995,hunt,2,2,-66.9947,False
8285,7,9,1,13,wait,2,2,-54.1027,wait,2,2,-76.8273,False
8286,7,9,1,14,hunt,2,2,-88.7458,hunt,2,2,-88.7207,False
8287,7,9,1,15,wait,0,0,0.0,wait,0,0,0.0,False
8288,7,9,2,0,wait,2,2,-9.8294,wait,2,2,-13.8752,False
8289,7,9,2,1,wait,2,2,-9.4876,wait,2,2,-13.0231,False
8290,7,9,2,2,wait,2,2,-10.4074,wait,2,2,-14.8875,False
8291,7,9,2,3,hunt,2,2,-10.2818,hunt,2,2,-15.1916,False
8292,7,9,2,4,hunt,2,2,-11.4266,wait,2,2,-16.6239,True
8293,7,9,2,5,wait,2,2,-12.6117,wait,2,2,-18.5645,False
8294,7,9,2,6,wait,2,2,-13.7167,wait,2,2,-20.2298,False
8295,7,9,2,7,hunt,2,2,-15.6316,hunt,2,2,-23.6027,False
8296,7,9,2,8,wait,2,2,-17.6907,wait,2,2,-26.5683,False
8297,7,9,2,9,wait,2,2,-20.8139,wait,2,2,-32.4249,False
8298,7,9,2,10,hunt,2,2,-23.4049,hunt,2,2,-36.6029,False
8299,7,9,2,11,hunt,2,2,-27.758,hunt,2,2,-43.2949,False
8300,7,9,2,12,hunt,2,2,-32.5415,hunt,2,2,-51.6253,False
8301,7,9,2,13,hunt,2,2,-38.7319,hunt,2,2,-61.8253,False
8302,7,9,2,14,hunt,1,2,-86.232,hunt,2,2,-86.7127,True
8303,7,9,2,15,wait,0,0,0.0,wait,0,0,0.0,False
8304,7,9,3,0,hunt,2,2,3.672,hunt,2,2,4.8285,False
8305,7,9,3,1,hunt,2,2,2.3953,wait,2,2,3.4456,True
8306,7,9,3,2,hunt,2,2,2.6081,wait,2,2,3.2854,True
8307,7,9,3,3,wait,2,2,3.5564,wait,2,2,4.5801,False
8308,7,9,3,4,wait,2,2,3.6105,wait,2,2,4.4322,False
8309,7,9,3,5,wait,2,2,0.9889,wait,2,2,3.59,False
8310,7,9,3,6,hunt,2,2,-0.284,hunt,2,2,-1.8356,False
8311,7,9,3,7,hunt,2,2,-3.1099,hunt,2,2,-6.6687,False
8312,7,9,3,8,hunt,2,2,-5.4399,hunt,2,2,-10.0185,False
8313,7,9,3,9,hunt,2,2,-8.2899,hunt,2,2,-15.1714,False
8314,7,9,3,10,hunt,2,2,-11.8077,hunt,2,2,-21.3117,False
8315,7,9,3,11,hunt,2,2,-15.7126,expedition,0,0,-27.2975,True
8316,7,9,3,12,expedition,0,0,-19.2654,expedition,0,0,-30.2864,False
8317,7,9,3,13,expedition,0,0,-18.5387,expedition,0,0,-27.3698,False
8318,7,9,3,14,expedition,0,0,-29.1992,expedition,0,0,-29.2043,False
8319,7,9,3,15,wait,0,0,0.0,wait,0,0,0.0,False
8320,7,9,4,0,expedition,0,0,12.8095,hunt,2,2,8.0417,True
8321,7,9,4,1,hunt,2,2,13.0827,hunt,2,2,17.0367,False
8322,7,9,4,2,expedition,0,0,12.3079,hunt,2,2,10.3916,True
8323,7,9,4,3,expedition,0,0,11.9823,hunt,2,2,8.206,True
8324,7,9,4,4,hunt,2,2,10.9485,hunt,2,2,13.6917,False
8325,7,9,4,5,hunt,1,1,4.0463,hunt,2,2,8.9034,True
8326,7,9,4,6,expedition,0,0,11.9343,hunt,2,2,8.5071,True
8327,7,9,4,7,hunt,2,2,9.1916,hunt,2,2,10.8817,False
8328,7,9,4,8,expedition,0,0,12.338,hunt,2,2,6.8139,True
8329,7,9,4,9,hunt,2,2,3.9663,expedition,0,0,2.4089,True
8330,7,9,4,10,expedition,0,0,11.4075,expedition,0,0,2.8396,False
8331,7,9,4,11,expedition,0,0,12.494,expedition,0,0,4.3445,False
8332,7,9,4,12,expedition,0,0,12.1441,expedition,0,0,3.5917,False
8333,7,9,4,13,expedition,0,0,11.8548,expedition,0,0,4.4112,False
8334,7,9,4,14,expedition,0,0,0.14,expedition,0,0,-0.0097,False
8335,7,9,4,15,wait,0,0,0.0,wait,0,0,0.0,False
8336,7,9,5,0,wait,2,2,10.3661,expedition,0,0,13.1048,True
8337,7,9,5,1,wait,2,1,10.9248,wait,2,1,14.1793,False
8338,7,9,5,2,hunt,2,1,15.8466,hunt,2,1,22.2446,False
8339,7,9,5,3,wait,1,2,11.5849,wait,1,2,15.0928,False
8340,7,9,5,4,expedition,0,0,30.6597,expedition,0,0,24.8002,False
8341,7,9,5,5,expedition,0,0,30.5586,expedition,0,0,25.0598,False
8342,7,9,5,6,hunt,1,2,10.4902,hunt,1,2,13.3351,False
8343,7,9,5,7,hunt,1,1,12.7494,hunt,1,1,17.8403,False
8344,7,9,5,8,expedition,0,0,30.4837,expedition,0,0,25.1398,False
8345,7,9,5,9,hunt,2,2,5.5668,expedition,0,0,12.8707,True
8346,7,9,5,10,expedition,0,0,31.0643,expedition,0,0,26.2069,False
8347,7,9,5,11,hunt,2,1,8.0024,expedition,0,0,15.2115,True
8348,7,9,5,12,expedition,0,0,30.6871,expedition,0,0,26.0456,False
8349,7,9,5,13,expedition,0,0,30.1796,expedition,0,0,24.8664,False
8350,7,9,5,14,expedition,0,0,22.1715,expedition,0,0,22.2125,False
8351,7,9,5,15,wait,0,0,0.0,wait,0,0,0.0,False
8368,7,10,1,0,wait,2,2,-33.0535,wait,2,2,-41.0188,False
8369,7,10,1,1,wait,2,2,-32.8984,wait,2,2,-41.2599,False
8370,7,10,1,2,wait,2,2,-33.0103,wait,2,2,-41.3896,False
8371,7,10,1,3,wait,2,2,-33.0613,wait,2,2,-42.0891,False
8372,7,10,1,4,wait,2,2,-34.149,wait,2,2,-43.1668,False
8373,7,10,1,5,wait,2,2,-33.8909,wait,2,2,-43.0728,False
8374,7,10,1,6,wait,2,2,-33.861,wait,2,2,-43.226,False
8375,7,10,1,7,wait,2,2,-34.4983,wait,2,2,-44.8767,False
8376,7,10,1,8,wait,2,2,-35.8615,wait,2,2,-46.4953,False
8377,7,10,1,9,wait,2,2,-37.2497,wait,2,2,-48.7698,False
8378,7,10,1,10,wait,2,2,-40.1611,wait,2,2,-53.9388,False
8379,7,10,1,11,hunt,2,2,-43.3927,hunt,2,2,-59.0952,False
8380,7,10,1,12,hunt,2,2,-47.9859,hunt,2,2,-66.9272,False
8381,7,10,1,13,hunt,2,2,-54.5864,hunt,2,2,-77.791,False
8382,7,10,1,14,wait,2,2,-88.9517,hunt,2,2,-89.4331,True
8383,7,10,1,15,wait,0,0,0.0,wait,0,0,0.0,False
8384,7,10,2,0,hunt,2,2,-9.0934,hunt,2,2,-12.6432,False
8385,7,10,2,1,hunt,2,2,-9.7491,wait,2,2,-13.9199,True
8386,7,10,2,2,hunt,2,2,-9.6498,hunt,2,2,-13.5702,False
8387,7,10,2,3,wait,2,2,-10.3397,wait,2,2,-15.1631,False
8388,7,10,2,4,hunt,2,2,-10.8039,hunt,2,2,-15.9879,False
8389,7,10,2,5,wait,2,2,-12.3461,wait,2,2,-18.1424,False
8390,7,10,2,6,wait,2,2,-13.3834,wait,2,2,-19.659,False
8391,7,10,2,7,hunt,2,2,-14.9959,hunt,2,2,-22.7055,False
8392,7,10,2,8,hunt,2,2,-17.3032,hunt,2,2,-26.19,False
8393,7,10,2,9,wait,2,2,-20.0733,hunt,2,2,-31.42,True
8394,7,10,2,10,hunt,2,2,-21.8153,hunt,2,2,-34.2874,False
8395,7,10,2,11,hunt,2,2,-25.2309,hunt,2,2,-39.4338,False
8396,7,10,2,12,hunt,2,2,-28.0898,hunt,2,2,-44.6337,False
8397,7,10,2,13,hunt,2,2,-32.1773,hunt,2,2,-50.5397,False
8398,7,10,2,14,wait,2,2,-86.176,wait,2,2,-87.2537,False
8399,7,10,2,15,wait,0,0,0.0,wait,0,0,0.0,False
8400,7,10,3,0,hunt,2,2,4.3402,hunt,2,2,6.1596,False
8401,7,10,3,1,hunt,2,2,2.934,wait,2,2,4.3996,True
8402,7,10,3,2,wait,2,2,4.1406,wait,2,2,5.6918,False
8403,7,10,3,3,wait,2,2,3.4266,wait,2,2,3.9803,False
8404,7,10,3,4,hunt,2,2,2.7777,hunt,2,2,3.1419,False
8405,7,10,3,5,wait,2,2,2.984,wait,2,2,3.58,False
8406,7,10,3,6,hunt,2,2,-0.0656,hunt,2,2,-1.6307,False
8407,7,10,3,7,hunt,2,2,-1.1607,hunt,2,2,-3.9756,False
8408,7,10,3,8,hunt,2,2,-2.735,hunt,2,2,-5.5806,False
8409,7,10,3,9,hunt,2,2,-4.6809,hunt,2,2,-8.9685,False
8410,7,10,3,10,hunt,2,2,-7.3078,hunt,2,2,-13.5568,False
8411,7,10,3,11,hunt,2,2,-9.8356,hunt,2,2,-17.4177,False
8412,7,10,3,12,hunt,2,2,-13.0598,hunt,2,2,-23.5403,False
8413,7,10,3,13,hunt,2,2,-17.8003,expedition,0,0,-28.6016,True
8414,7,10,3,14,expedition,0,0,-29.8854,expedition,0,0,-30.2696,False
8415,7,10,3,15,wait,0,0,0.0,wait,0,0,0.0,False
8416,7,10,4,0,expedition,0,0,11.9037,hunt,2,2,8.0119,True
8417,7,10,4,1,expedition,0,0,11.858,hunt,2,2,9.8405,True
8418,7,10,4,2,expedition,0,0,12.4533,hunt,2,2,11.2322,True
8419,7,10,4,3,hunt,2,2,11.6131,hunt,2,2,14.6763,False
8420,7,10,4,4,expedition,0,0,11.7302,hunt,2,2,7.3085,True
8421,7,10,4,5,expedition,0,0,12.1766,hunt,2,2,12.2537,True
8422,7,10,4,6,wait,2,2,8.74,hunt,2,2,11.2183,True
8423,7,10,4,7,expedition,0,0,12.2098,hunt,2,2,10.5591,True
8424,7,10,4,8,hunt,2,2,11.6442,hunt,2,2,14.793,False
8425,7,10,4,9,expedition,0,0,12.167,hunt,2,2,6.6412,True
8426,7,10,4,10,expedition,0,0,11.8188,hunt,2,2,5.5708,True
8427,7,10,4,11,expedition,0,0,11.8531,hunt,2,2,5.2981,True
8428,7,10,4,12,expedition,0,0,11.8465,expedition,0,0,4.1423,False
8429,7,10,4,13,expedition,0,0,11.3946,expedition,0,0,2.5187,False
8430,7,10,4,14,expedition,0,0,-0.0331,expedition,0,0,-0.3185,False
8431,7,10,4,15,wait,0,0,0.0,wait,0,0,0.0,False
8432,7,10,5,0,expedition,0,0,30.9111,expedition,0,0,25.2232,False
8433,7,10,5,1,expedition,0,0,30.9082,expedition,0,0,25.6171,False
8434,7,10,5,2,expedition,0,0,30.9003,expedition,0,0,25.3698,False
8435,7,10,5,3,expedition,0,0,30.943,expedition,0,0,26.0298,False
8436,7,10,5,4,expedition,0,0,30.999,expedition,0,0,26.0948,False
8437,7,10,5,5,wait,1,1,10.9681,wait,1,1,14.9941,False
8438,7,10,5,6,expedition,0,0,30.8116,expedition,0,0,25.5358,False
8439,7,10,5,7,expedition,0,0,30.982,expedition,0,0,24.7446,False
8440,7,10,5,8,expedition,0,0,31.1161,expedition,0,0,26.4566,False
8441,7,10,5,9,expedition,0,0,31.2352,expedition,0,0,26.0668,False
8442,7,10,5,10,hunt,2,1,10.3072,expedition,0,0,13.2942,True
8443,7,10,5,11,expedition,0,0,30.1852,expedition,0,0,23.9333,False
8444,7,10,5,12,hunt,1,2,8.3052,expedition,0,0,14.0464,True
8445,7,10,5,13,expedition,0,0,29.923,expedition,0,0,23.4232,False
8446,7,10,5,14,expedition,0,0,22.0541,expedition,0,0,22.0309,False
8447,7,10,5,15,wait,0,0,0.0,wait,0,0,0.0,False
8464,8,0,1,0,wait,2,0,-98.8916,wait,2,0,-98.8984,False
8465,8,0,1,1,wait,2,0,-98.8916,wait,2,0,-98.8984,False
8466,8,0,1,2,wait,2,0,-98.8916,wait,2,0,-98.8984,False
8467,8,0,1,3,wait,2,0,-98.8916,wait,2,0,-98.8984,False
8468,8,0,1,4,wait,2,0,-98.8916,wait,2,0,-98.8984,False
8469,8,0,1,5,wait,2,0,-98.8916,wait,2,0,-98.8984,False
8470,8,0,1,6,wait,2,0,-98.8916,wait,2,0,-98.8984,False
8471,8,0,1,7,wait,2,0,-98.8916,wait,2,0,-98.8984,False
8472,8,0,1,8,wait,2,0,-98.8916,wait,2,0,-98.8984,False
8473,8,0,1,9,wait,2,0,-98.8917,wait,2,0,-98.8984,False
8474,8,0,1,10,wait,2,0,-98.8916,wait,2,0,-98.8984,False
8475,8,0,1,11,wait,2,0,-98.8915,wait,2,0,-98.8984,False
8476,8,0,1,12,wait,2,0,-98.8916,wait,2,0,-98.8984,False
8477,8,0,1,13,wait,2,0,-98.8916,wait,2,0,-98.8984,False
8478,8,0,1,14,wait,2,0,-98.8916,wait,2,0,-98.8984,False
8479,8,0,1,15,wait,0,0,0.0,wait,0,0,0.0,False
8480,8,0,2,0,wait,2,0,-68.9576,wait,2,0,-82.5377,False
8481,8,0,2,1,wait,2,0,-68.7946,wait,2,0,-83.3404,False
8482,8,0,2,2,wait,2,0,-68.8139,wait,1,0,-83.1937,True
8483,8,0,2,3,wait,2,0,-68.7303,wait,1,0,-82.9433,True
8484,8,0,2,4,wait,2,0,-68.8319,wait,2,0,-83.2592,False
8485,8,0,2,5,wait,2,0,-68.5699,wait,1,0,-83.1072,True
8486,8,0,2,6,wait,1,0,-68.5155,wait,1,0,-82.7345,False
8487,8,0,2,7,wait,2,0,-68.5472,wait,2,0,-83.0875,False
8488,8,0,2,8,wait,2,0,-68.1508,wait,2,0,-82.5253,False
8489,8,0,2,9,wait,2,0,-68.5987,wait,2,0,-82.6783,False
8490,8,0,2,10,wait,2,0,-68.7325,wait,2,0,-83.5795,False
8491,8,0,2,11,wait,2,0,-69.7812,wait,2,0,-84.7559,False
8492,8,0,2,12,wait,2,0,-70.7559,wait,2,0,-86.8042,False
8493,8,0,2,13,wait,2,0,-72.5314,wait,2,0,-89.1238,False
8494,8,0,2,14,wait,1,0,-94.0269,wait,1,0,-94.2831,False
8495,8,0,2,15,wait,0,0,0.0,wait,0,0,0.0,False
8496,8,0,3,0,wait,1,0,-45.8255,wait,1,0,-62.061,False
8497,8,0,3,1,wait,1,0,-46.3449,wait,1,0,-62.491,False
8498,8,0,3,2,wait,1,0,-46.9208,wait,1,0,-63.1402,False
8499,8,0,3,3,wait,1,0,-46.2824,wait,1,0,-62.9141,False
8500,8,0,3,4,wait,1,0,-46.3922,wait,1,0,-63.0029,False
8501,8,0,3,5,wait,1,0,-46.4846,wait,1,0,-62.9897,False
8502,8,0,3,6,wait,1,0,-46.7412,wait,1,0,-63.1953,False
8503,8,0,3,7,wait,1,0,-46.7013,wait,1,0,-63.4274,False
8504,8,0,3,8,wait,2,0,-47.2129,wait,2,0,-64.1107,False
8505,8,0,3,9,wait,1,0,-47.8373,wait,1,0,-65.6422,False
8506,8,0,3,10,wait,2,0,-48.4237,wait,2,0,-67.1716,False
8507,8,0,3,11,wait,2,0,-50.4357,wait,2,0,-70.3015,False
8508,8,0,3,12,wait,2,0,-53.6423,wait,2,0,-75.5458,False
8509,8,0,3,13,wait,2,0,-57.1005,wait,2,0,-81.4735,False
8510,8,0,3,14,wait,2,0,-90.845,wait,2,0,-90.8318,False
8511,8,0,3,15,wait,0,0,0.0,wait,0,0,0.0,False
8512,8,0,4,0,wait,1,0,-26.4896,wait,1,0,-39.7582,False
8513,8,0,4,1,wait,1,0,-26.7652,wait,1,0,-40.3232,False
8514,8,0,4,2,wait,1,0,-26.8509,wait,1,0,-40.4298,False
8515,8,0,4,3,wait,1,0,-26.606,wait,1,0,-40.823,False
8516,8,0,4,4,wait,1,0,-26.984,wait,1,0,-41.3885,False
8517,8,0,4,5,wait,1,0,-26.8683,wait,1,0,-41.0725,False
8518,8,0,4,6,wait,1,0,-27.646,wait,1,0,-42.5918,False
8519,8,0,4,7,wait,1,0,-28.5486,wait,1,0,-43.6687,False
8520,8,0,4,8,wait,1,0,-29.8611,wait,1,0,-45.8026,False
8521,8,0,4,9,wait,2,0,-31.6176,wait,2,0,-48.9618,False
8522,8,0,4,10,wait,2,0,-33.6572,wait,2,0,-53.0323,False
8523,8,0,4,11,wait,2,0,-37.2584,wait,2,0,-58.0498,False
8524,8,0,4,12,wait,2,0,-41.2812,wait,2,0,-65.9057,False
8525,8,0,4,13,wait,2,0,-47.7633,wait,2,0,-75.9177,False
8526,8,0,4,14,wait,2,0,-89.1964,wait,2,0,-88.8673,False
8527,8,0,4,15,wait,0,0,0.0,wait,0,0,0.0,False
8528,8,0,5,0,wait,1,0,-12.8163,wait,1,0,-20.8397,False
8529,8,0,5,1,wait,1,0,-13.0244,wait,1,0,-21.2166,False
8530,8,0,5,2,wait,1,0,-13.3712,wait,1,0,-22.1726,False
8531,8,0,5,3,wait,1,0,-13.6529,wait,1,0,-22.434,False
8532,8,0,5,4,wait,1,0,-14.3104,wait,1,0,-23.3182,False
8533,8,0,5,5,wait,1,0,-14.9592,wait,1,0,-24.844,False
8534,8,0,5,6,wait,1,0,-15.7513,wait,1,0,-26.0227,False
8535,8,0,5,7,wait,1,0,-17.0401,wait,1,0,-27.9502,False
8536,8,0,5,8,wait,1,0,-19.112,wait,1,0,-32.0817,False
8537,8,0,5,9,wait,2,0,-21.9639,wait,2,0,-36.4272,False
8538,8,0,5,10,wait,2,0,-25.7273,wait,1,0,-43.2032,True
8539,8,0,5,11,wait,2,0,-30.082,wait,2,0,-50.4109,False
8540,8,0,5,12,wait,2,0,-36.3677,wait,2,0,-60.3803,False
8541,8,0,5,13,wait,2,0,-43.6773,wait,2,0,-72.6106,False
8542,8,0,5,14,wait,2,0,-88.5683,wait,2,0,-87.9693,False
8543,8,0,5,15,wait,0,0,0.0,wait,0,0,0.0,False
8560,8,1,1,0,wait,1,1,-67.8565,wait,1,1,-81.9404,False
8561,8,1,1,1,wait,2,1,-67.7201,wait,2,1,-82.193,False
8562,8,1,1,2,wait,2,1,-68.1432,wait,1,1,-82.7155,True
8563,8,1,1,3,wait,2,1,-67.8886,wait,2,1,-82.3861,False
8564,8,1,1,4,wait,1,1,-68.1236,wait,1,1,-81.9036,False
8565,8,1,1,5,wait,1,1,-68.1512,wait,1,1,-81.9678,False
8566,8,1,1,6,wait,1,1,-68.0939,wait,1,1,-82.135,False
8567,8,1,1,7,wait,1,1,-68.0805,wait,1,1,-81.8898,False
8568,8,1,1,8,wait,2,1,-68.022,wait,2,1,-82.2997,False
8569,8,1,1,9,wait,1,1,-68.5621,wait,1,1,-82.8752,False
8570,8,1,1,10,wait,2,1,-68.7472,wait,2,1,-83.393,False
8571,8,1,1,11,wait,2,1,-69.2509,wait,2,1,-84.3834,False
8572,8,1,1,12,wait,2,1,-70.07,wait,2,1,-85.5767,False
8573,8,1,1,13,wait,2,1,-71.4067,wait,2,1,-88.1426,False
8574,8,1,1,14,wait,2,1,-92.8631,wait,2,1,-92.4708,False
8575,8,1,1,15,wait,0,0,0.0,wait,0,0,0.0,False
8576,8,1,2,0,wait,1,1,-44.8904,wait,1,1,-61.3476,False
8577,8,1,2,1,wait,1,1,-44.9876,wait,1,1,-61.5613,False
8578,8,1,2,2,wait,1,1,-45.3221,wait,1,1,-61.077,False
8579,8,1,2,3,wait,1,1,-45.6369,wait,1,1,-61.8778,False
8580,8,1,2,4,wait,1,1,-45.0753,wait,1,1,-61.7756,False
8581,8,1,2,5,wait,1,1,-45.902,wait,1,1,-62.6495,False
8582,8,1,2,6,wait,1,1,-45.4505,wait,1,1,-61.5313,False
8583,8,1,2,7,wait,1,1,-45.6949,wait,1,1,-62.4767,False
8584,8,1,2,8,wait,1,1,-46.1197,wait,1,1,-63.3504,False
8585,8,1,2,9,wait,2,1,-46.5003,wait,2,1,-64.9385,False
8586,8,1,2,10,wait,2,1,-47.9768,wait,2,1,-66.6376,False
8587,8,1,2,11,wait,2,1,-50.1151,wait,2,1,-69.8725,False
8588,8,1,2,12,wait,2,1,-52.7037,wait,2,1,-74.5958,False
8589,8,1,2,13,wait,2,1,-56.3219,wait,2,1,-80.0562,False
8590,8,1,2,14,wait,2,1,-90.3822,wait,2,1,-90.4132,False
8591,8,1,2,15,wait,0,0,0.0,wait,0,0,0.0,False
8592,8,1,3,0,wait,1,1,-25.5549,wait,1,1,-38.8136,False
8593,8,1,3,1,wait,1,1,-25.5851,wait,1,1,-39.4693,False
8594,8,1,3,2,wait,1,1,-25.8269,wait,1,1,-39.6919,False
8595,8,1,3,3,wait,1,1,-25.9191,wait,1,1,-39.4973,False
8596,8,1,3,4,wait,1,1,-25.9668,wait,1,1,-40.5426,False
8597,8,1,3,5,wait,1,1,-26.305,wait,1,1,-40.5772,False
8598,8,1,3,6,wait,1,1,-27.0475,wait,1,1,-41.5138,False
8599,8,1,3,7,wait,1,1,-27.7129,wait,1,1,-42.6253,False
8600,8,1,3,8,wait,1,1,-28.9975,wait,1,1,-44.7798,False
8601,8,1,3,9,wait,2,1,-30.4186,wait,2,1,-47.4935,False
8602,8,1,3,10,wait,2,1,-32.9265,wait,2,1,-51.7856,False
8603,8,1,3,11,wait,2,1,-36.397,wait,2,1,-57.5808,False
8604,8,1,3,12,wait,2,1,-40.4741,wait,2,1,-65.1773,False
8605,8,1,3,13,wait,2,1,-46.2845,wait,2,1,-74.1254,False
8606,8,1,3,14,wait,1,1,-88.4214,wait,1,1,-88.0732,False
8607,8,1,3,15,wait,0,0,0.0,wait,0,0,0.0,False
8608,8,1,4,0,wait,1,1,-11.8014,wait,1,1,-20.1285,False
8609,8,1,4,1,wait,1,1,-12.2453,wait,1,1,-20.3013,False
8610,8,1,4,2,wait,1,1,-12.3267,wait,1,1,-20.8208,False
8611,8,1,4,3,wait,1,1,-12.5547,wait,1,1,-21.2823,False
8612,8,1,4,4,wait,1,1,-13.1584,wait,1,1,-22.579,False
8613,8,1,4,5,wait,1,1,-13.8263,wait,1,1,-23.2854,False
8614,8,1,4,6,wait,1,1,-14.9691,wait,1,1,-25.2774,False
8615,8,1,4,7,wait,1,1,-16.2659,wait,1,1,-26.9794,False
8616,8,1,4,8,wait,1,1,-18.3101,wait,1,1,-31.2717,False
8617,8,1,4,9,wait,2,1,-20.7509,wait,2,1,-35.4649,False
8618,8,1,4,10,wait,2,1,-24.4751,wait,2,1,-41.7737,False
8619,8,1,4,11,wait,2,1,-29.4753,wait,2,1,-49.6268,False
8620,8,1,4,12,wait,2,1,-35.2403,wait,2,1,-59.6396,False
8621,8,1,4,13,wait,2,1,-42.5959,wait,2,1,-71.8966,False
8622,8,1,4,14,wait,2,1,-87.3248,wait,2,1,-87.8126,False
8623,8,1,4,15,wait,0,0,0.0,wait,0,0,0.0,False
8624,8,1,5,0,wait,1,1,-0.6243,wait,1,1,-4.3983,False
8625,8,1,5,1,wait,1,1,-0.9005,wait,1,1,-4.9988,False
8626,8,1,5,2,wait,1,1,-1.2162,wait,1,1,-5.3571,False
8627,8,1,5,3,wait,1,1,-1.0716,wait,1,1,-5.4495,False
8628,8,1,5,4,wait,1,1,-2.0409,wait,1,1,-6.7393,False
8629,8,1,5,5,wait,1,1,-3.0067,wait,1,1,-8.6976,False
8630,8,1,5,6,wait,1,1,-5.0922,wait,1,1,-12.0412,False
8631,8,1,5,7,wait,1,1,-7.2925,wait,1,1,-15.6226,False
8632,8,1,5,8,wait,1,1,-9.9409,wait,1,1,-20.2615,False
8633,8,1,5,9,wait,2,1,-13.4547,wait,2,1,-26.7174,False
8634,8,1,5,10,wait,2,1,-18.247,wait,2,1,-34.5053,False
8635,8,1,5,11,wait,2,1,-23.9336,wait,2,1,-43.7781,False
8636,8,1,5,12,wait,2,1,-31.1966,wait,2,1,-55.6002,False
8637,8,1,5,13,wait,2,1,-39.3473,wait,2,1,-69.4397,False
8638,8,1,5,14,wait,2,1,-86.0448,wait,2,1,-85.8852,False
8639,8,1,5,15,wait,0,0,0.0,wait,0,0,0.0,False
8656,8,2,1,0,wait,2,2,-45.2263,wait,2,2,-62.2064,False
8657,8,2,1,1,wait,2,2,-44.9163,wait,2,2,-61.5976,False
8658,8,2,1,2,wait,2,2,-45.4146,wait,2,2,-62.043,False
8659,8,2,1,3,wait,2,2,-45.728,wait,2,2,-63.2587,False
8660,8,2,1,4,wait,2,2,-45.7829,wait,2,2,-62.4686,False
8661,8,2,1,5,wait,2,2,-45.6701,wait,2,2,-62.9474,False
8662,8,2,1,6,wait,2,2,-45.6085,wait,2,2,-62.3496,False
8663,8,2,1,7,wait,2,2,-45.5774,wait,2,2,-63.0117,False
8664,8,2,1,8,wait,2,2,-46.2565,wait,2,2,-63.992,False
8665,8,2,1,9,wait,2,2,-46.7696,wait,2,2,-64.6016,False
8666,8,2,1,10,wait,2,2,-47.3768,wait,2,2,-65.9148,False
8667,8,2,1,11,wait,2,2,-49.3284,wait,2,2,-69.4355,False
8668,8,2,1,12,wait,2,2,-52.157,wait,2,2,-74.0021,False
8669,8,2,1,13,wait,2,2,-55.7845,wait,2,2,-80.1311,False
8670,8,2,1,14,wait,2,2,-89.7581,wait,2,2,-89.7932,False
8671,8,2,1,15,wait,0,0,0.0,wait,0,0,0.0,False
8672,8,2,2,0,wait,2,2,-26.4592,wait,2,2,-42.1087,False
8673,8,2,2,1,wait,2,2,-26.2515,wait,2,2,-41.678,False
8674,8,2,2,2,wait,2,2,-26.5216,wait,2,2,-41.3368,False
8675,8,2,2,3,wait,2,2,-26.7393,wait,2,2,-42.0101,False
8676,8,2,2,4,wait,2,2,-26.5015,wait,2,2,-42.2243,False
8677,8,2,2,5,wait,2,2,-27.1302,wait,2,2,-42.0368,False
8678,8,2,2,6,wait,2,2,-27.4499,wait,2,2,-43.6707,False
8679,8,2,2,7,wait,2,2,-27.3987,wait,2,2,-43.3472,False
8680,8,2,2,8,wait,2,2,-28.2207,wait,2,2,-44.6205,False
8681,8,2,2,9,wait,2,2,-30.1764,wait,2,2,-47.7595,False
8682,8,2,2,10,wait,2,2,-32.4859,wait,2,2,-51.9311,False
8683,8,2,2,11,wait,2,2,-35.164,wait,2,2,-55.9408,False
8684,8,2,2,12,wait,2,2,-39.7752,wait,2,2,-63.5389,False
8685,8,2,2,13,wait,2,2,-46.001,wait,2,2,-74.3438,False
8686,8,2,2,14,wait,2,2,-87.5627,wait,2,2,-87.3668,False
8687,8,2,2,15,wait,0,0,0.0,wait,0,0,0.0,False
8688,8,2,3,0,wait,2,2,-12.8886,wait,2,2,-22.7867,False
8689,8,2,3,1,wait,2,2,-13.1939,wait,2,2,-23.2134,False
8690,8,2,3,2,wait,2,2,-13.2767,wait,2,2,-23.5873,False
8691,8,2,3,3,wait,2,2,-13.5714,wait,2,2,-23.5567,False
8692,8,2,3,4,wait,2,2,-14.0833,wait,2,2,-24.8548,False
8693,8,2,3,5,wait,2,2,-13.9598,wait,2,2,-24.9644,False
8694,8,2,3,6,wait,2,2,-14.5421,wait,2,2,-25.4996,False
8695,8,2,3,7,wait,2,2,-15.9257,wait,2,2,-27.5442,False
8696,8,2,3,8,wait,2,2,-17.6211,wait,2,2,-30.8627,False
8697,8,2,3,9,wait,2,2,-20.1238,wait,2,2,-34.7602,False
8698,8,2,3,10,wait,2,2,-23.8169,wait,2,2,-40.6763,False
8699,8,2,3,11,wait,2,2,-28.0418,wait,2,2,-47.9207,False
8700,8,2,3,12,wait,2,2,-34.3727,wait,2,2,-58.2466,False
8701,8,2,3,13,wait,2,2,-42.0394,wait,2,2,-71.4955,False
8702,8,2,3,14,wait,2,2,-86.2267,wait,2,2,-86.6052,False
8703,8,2,3,15,wait,0,0,0.0,wait,0,0,0.0,False
8704,8,2,4,0,wait,2,2,-0.925,wait,2,2,-5.7291,False
8705,8,2,4,1,wait,2,2,-1.2423,wait,2,2,-6.7098,False
8706,8,2,4,2,wait,2,2,-1.0854,wait,2,2,-6.6368,False
8707,8,2,4,3,wait,2,2,-1.7357,wait,2,2,-7.2896,False
8708,8,2,4,4,wait,2,2,-2.442,wait,2,2,-9.5385,False
8709,8,2,4,5,wait,2,2,-3.5138,wait,2,2,-10.2936,False
8710,8,2,4,6,wait,2,2,-4.8418,wait,2,2,-12.9198,False
8711,8,2,4,7,wait,2,2,-6.5988,wait,2,2,-15.6267,False
8712,8,2,4,8,wait,2,2,-9.3003,wait,2,2,-20.4943,False
8713,8,2,4,9,wait,2,2,-12.485,wait,2,2,-25.5634,False
8714,8,2,4,10,wait,2,2,-17.5446,wait,2,2,-33.6371,False
8715,8,2,4,11,wait,2,2,-23.2416,wait,2,2,-43.283,False
8716,8,2,4,12,wait,2,2,-30.0364,wait,2,2,-54.4943,False
8717,8,2,4,13,wait,2,2,-38.2309,wait,2,2,-67.8081,False
8718,8,2,4,14,hunt,2,1,-85.1031,wait,2,2,-85.4862,True
8719,8,2,4,15,wait,0,0,0.0,wait,0,0,0.0,False
8720,8,2,5,0,wait,1,1,5.1563,wait,1,1,5.1358,False
8721,8,2,5,1,wait,1,1,4.5004,wait,1,1,3.8733,False
8722,8,2,5,2,wait,1,1,4.0046,wait,1,1,3.5058,False
8723,8,2,5,3,wait,2,1,2.7139,wait,1,1,3.2915,True
8724,8,2,5,4,wait,1,1,3.0578,wait,2,1,1.8646,True
8725,8,2,5,5,wait,2,1,1.2102,wait,1,1,2.7093,True
8726,8,2,5,6,wait,1,1,-0.0881,wait,1,0,-2.7247,True
8727,8,2,5,7,wait,1,1,-3.0639,wait,1,1,-9.0759,False
8728,8,2,5,8,wait,1,1,-6.3066,wait,1,1,-14.552,False
8729,8,2,5,9,wait,2,1,-10.5361,wait,1,1,-21.4817,True
8730,8,2,5,10,wait,2,2,-15.6801,wait,1,1,-30.6171,True
8731,8,2,5,11,wait,2,0,-21.9246,wait,1,1,-40.8442,True
8732,8,2,5,12,wait,1,1,-29.6345,wait,2,1,-53.6899,True
8733,8,2,5,13,wait,2,2,-38.6704,wait,2,1,-69.3947,True
8734,8,2,5,14,wait,2,1,-84.6644,wait,2,2,-85.175,True
8735,8,2,5,15,wait,0,0,0.0,wait,0,0,0.0,False
8752,8,3,1,0,wait,2,2,-40.4647,wait,2,2,-54.2116,False
8753,8,3,1,1,wait,2,2,-40.2879,wait,2,2,-53.8299,False
8754,8,3,1,2,wait,2,2,-40.888,wait,2,2,-55.2456,False
8755,8,3,1,3,wait,2,2,-40.5883,wait,2,2,-54.8118,False
8756,8,3,1,4,wait,2,2,-40.8151,wait,2,2,-54.5017,False
8757,8,3,1,5,wait,2,2,-40.6183,wait,2,2,-55.2528,False
8758,8,3,1,6,wait,2,2,-40.3302,wait,2,2,-53.5953,False
8759,8,3,1,7,wait,2,2,-40.9711,wait,2,2,-55.2938,False
8760,8,3,1,8,wait,2,2,-40.8802,wait,2,2,-55.0015,False
8761,8,3,1,9,wait,2,2,-42.1158,wait,2,2,-57.5567,False
8762,8,3,1,10,wait,2,2,-44.1388,wait,2,2,-60.3339,False
8763,8,3,1,11,wait,2,2,-46.8878,wait,2,2,-64.6683,False
8764,8,3,1,12,wait,2,2,-50.0052,wait,2,2,-70.5753,False
8765,8,3,1,13,wait,2,2,-54.7677,wait,2,2,-78.2151,False
8766,8,3,1,14,hunt,1,2,-88.9955,wait,2,2,-89.6603,True
8767,8,3,1,15,wait,0,0,0.0,wait,0,0,0.0,False
8768,8,3,2,0,wait,2,2,-19.6885,wait,2,2,-30.6065,False
8769,8,3,2,1,wait,2,2,-20.1691,wait,2,2,-30.9179,False
8770,8,3,2,2,wait,2,2,-19.8266,wait,2,2,-30.4494,False
8771,8,3,2,3,wait,2,2,-20.1006,wait,2,2,-31.3464,False
8772,8,3,2,4,wait,2,2,-20.2363,wait,2,2,-31.3154,False
8773,8,3,2,5,wait,2,2,-20.359,wait,2,2,-31.7914,False
8774,8,3,2,6,wait,2,2,-21.0052,wait,2,2,-32.5708,False
8775,8,3,2,7,wait,2,2,-21.8744,wait,2,2,-33.8421,False
8776,8,3,2,8,wait,2,2,-22.7633,wait,2,2,-34.7243,False
8777,8,3,2,9,wait,2,2,-25.1332,wait,2,2,-39.0324,False
8778,8,3,2,10,wait,2,2,-28.8188,wait,2,2,-45.8991,False
8779,8,3,2,11,wait,2,2,-32.7458,wait,2,2,-51.7289,False
8780,8,3,2,12,wait,2,2,-38.5679,wait,2,2,-62.1725,False
8781,8,3,2,13,wait,2,2,-45.3288,wait,2,2,-72.7545,False
8782,8,3,2,14,hunt,2,1,-86.397,wait,2,2,-87.9448,True
8783,8,3,2,15,wait,0,0,0.0,wait,0,0,0.0,False
8784,8,3,3,0,wait,2,2,-6.3346,wait,2,2,-11.7157,False
8785,8,3,3,1,wait,2,2,-6.3318,wait,2,2,-11.4915,False
8786,8,3,3,2,wait,2,2,-6.4856,wait,2,2,-12.255,False
8787,8,3,3,3,wait,2,2,-6.8569,wait,2,2,-12.439,False
8788,8,3,3,4,wait,2,2,-7.4036,wait,2,2,-13.3366,False
8789,8,3,3,5,wait,2,2,-8.4335,wait,2,2,-14.7674,False
8790,8,3,3,6,wait,2,2,-9.1681,wait,2,2,-16.9931,False
8791,8,3,3,7,wait,2,2,-10.9973,wait,2,2,-19.8417,False
8792,8,3,3,8,wait,2,2,-13.5414,wait,2,2,-24.1019,False
8793,8,3,3,9,wait,2,2,-16.978,wait,2,2,-29.6105,False
8794,8,3,3,10,wait,2,2,-20.9896,wait,2,2,-36.3357,False
8795,8,3,3,11,wait,2,2,-26.5046,wait,2,2,-44.9135,False
8796,8,3,3,12,wait,2,2,-33.653,wait,2,2,-57.1162,False
8797,8,3,3,13,wait,2,2,-41.2208,wait,2,2,-70.7524,False
8798,8,3,3,14,wait,2,2,-84.3984,hunt,2,2,-86.3093,True
8799,8,3,3,15,wait,0,0,0.0,wait,0,0,0.0,False
8800,8,3,4,0,wait,2,2,4.5646,wait,2,2,2.9514,False
8801,8,3,4,1,wait,2,2,4.3698,wait,2,2,2.7554,False
8802,8,3,4,2,wait,2,2,4.4488,wait,2,2,2.2951,False
8803,8,3,4,3,wait,2,2,3.5225,wait,2,2,1.4236,False
8804,8,3,4,4,wait,2,2,2.9684,wait,2,2,-0.0513,False
8805,8,3,4,5,wait,2,2,1.9856,wait,1,1,-0.2973,True
8806,8,3,4,6,wait,2,2,-0.1075,wait,2,1,-4.1661,True
8807,8,3,4,7,wait,2,2,-2.7712,wait,2,2,-9.1755,False
8808,8,3,4,8,wait,2,2,-6.2013,wait,2,2,-15.1737,False
8809,8,3,4,9,wait,2,2,-10.3198,wait,2,2,-21.6542,False
8810,8,3,4,10,wait,2,2,-15.3168,wait,2,2,-30.4186,False
8811,8,3,4,11,wait,2,2,-21.4354,wait,2,2,-40.9062,False
8812,8,3,4,12,wait,2,2,-29.1949,wait,2,2,-53.0309,False
8813,8,3,4,13,wait,2,2,-38.121,wait,2,2,-67.9395,False
8814,8,3,4,14,hunt,2,0,-83.2135,wait,2,2,-85.4467,True
8815,8,3,4,15,wait,0,0,0.0,wait,0,0,0.0,False
8816,8,3,5,0,wait,2,2,4.5253,wait,1,1,5.5878,True
8817,8,3,5,1,wait,2,2,3.5648,wait,1,1,5.6044,True
8818,8,3,5,2,wait,2,2,4.2233,wait,1,1,5.6638,True
8819,8,3,5,3,wait,1,1,7.2655,wait,1,1,8.571,False
8820,8,3,5,4,wait,1,2,4.0636,wait,1,1,5.6605,True
8821,8,3,5,5,wait,2,1,4.2963,wait,1,1,4.7899,True
8822,8,3,5,6,wait,1,1,2.9248,wait,2,1,3.4377,True
8823,8,3,5,7,wait,1,1,-0.1443,hunt,1,0,-2.544,True
8824,8,3,5,8,wait,0,2,-3.3578,wait,1,1,-10.5306,True
8825,8,3,5,9,wait,1,0,-7.2905,wait,1,1,-17.6355,True
8826,8,3,5,10,wait,2,2,-12.495,wait,1,1,-27.2495,True
8827,8,3,5,11,wait,2,1,-18.624,wait,1,1,-37.2604,True
8828,8,3,5,12,wait,2,1,-26.6302,wait,1,1,-50.6981,True
8829,8,3,5,13,wait,2,2,-36.6887,wait,2,1,-68.3979,True
8830,8,3,5,14,hunt,1,2,-82.4311,hunt,2,2,-84.7113,True
8831,8,3,5,15,wait,0,0,0.0,wait,0,0,0.0,False
8848,8,4,1,0,wait,2,2,-35.9279,wait,2,2,-46.8386,False
8849,8,4,1,1,wait,2,2,-35.8617,wait,2,2,-46.5899,False
8850,8,4,1,2,wait,2,2,-36.1339,wait,2,2,-47.4859,False
8851,8,4,1,3,wait,2,2,-36.2544,wait,2,2,-47.0919,False
8852,8,4,1,4,wait,2,2,-36.3823,wait,2,2,-47.2872,False
8853,8,4,1,5,wait,2,2,-36.283,wait,2,2,-47.0934,False
8854,8,4,1,6,wait,2,2,-36.7002,wait,2,2,-48.0402,False
8855,8,4,1,7,wait,2,2,-36.8268,wait,2,2,-48.0017,False
8856,8,4,1,8,wait,2,2,-37.7819,wait,2,2,-49.5586,False
8857,8,4,1,9,wait,2,2,-38.9426,wait,2,2,-51.6037,False
8858,8,4,1,10,wait,2,2,-41.8807,wait,2,2,-55.5715,False
8859,8,4,1,11,wait,2,2,-44.5463,wait,2,2,-60.6388,False
8860,8,4,1,12,wait,2,2,-48.9786,wait,2,2,-68.5484,False
8861,8,4,1,13,wait,2,2,-54.6257,wait,2,2,-77.9737,False
8862,8,4,1,14,wait,2,2,-89.104,hunt,2,2,-89.9615,True
8863,8,4,1,15,wait,0,0,0.0,wait,0,0,0.0,False
8864,8,4,2,0,wait,2,2,-15.3562,wait,2,2,-23.2444,False
8865,8,4,2,1,wait,2,2,-15.4389,wait,2,2,-22.5632,False
8866,8,4,2,2,wait,2,2,-15.5965,wait,2,2,-23.7075,False
8867,8,4,2,3,wait,2,2,-15.5119,wait,2,2,-23.6513,False
8868,8,4,2,4,wait,2,2,-15.9577,wait,2,2,-24.1692,False
8869,8,4,2,5,wait,2,2,-16.2967,wait,2,2,-24.9335,False
8870,8,4,2,6,wait,2,2,-16.8983,wait,2,2,-25.7411,False
8871,8,4,2,7,wait,2,2,-18.0354,wait,2,2,-27.5595,False
8872,8,4,2,8,wait,2,2,-20.0689,wait,2,2,-30.9787,False
8873,8,4,2,9,wait,2,2,-22.1639,wait,2,2,-33.8974,False
8874,8,4,2,10,wait,2,2,-25.9743,wait,2,2,-41.1675,False
8875,8,4,2,11,wait,2,2,-30.7744,wait,2,2,-49.0942,False
8876,8,4,2,12,wait,2,2,-37.4048,wait,2,2,-60.0356,False
8877,8,4,2,13,wait,2,2,-45.189,wait,2,2,-72.0237,False
8878,8,4,2,14,hunt,1,2,-86.3977,hunt,2,2,-87.6097,True
8879,8,4,2,15,wait,0,0,0.0,wait,0,0,0.0,False
8880,8,4,3,0,wait,2,2,-2.1674,wait,2,2,-4.643,False
8881,8,4,3,1,wait,2,2,-2.3967,wait,2,2,-4.8886,False
8882,8,4,3,2,wait,2,2,-2.0745,wait,2,2,-4.7648,False
8883,8,4,3,3,wait,2,2,-2.2338,wait,2,2,-4.6834,False
8884,8,4,3,4,wait,2,2,-3.3499,wait,2,2,-6.7358,False
8885,8,4,3,5,wait,1,2,-4.6754,wait,2,2,-9.7352,True
8886,8,4,3,6,wait,2,2,-5.8756,wait,2,2,-11.2788,False
8887,8,4,3,7,wait,2,2,-8.0846,wait,2,2,-14.7131,False
8888,8,4,3,8,wait,2,2,-10.7113,wait,2,2,-19.3845,False
8889,8,4,3,9,wait,2,2,-14.2638,wait,2,2,-25.1518,False
8890,8,4,3,10,wait,2,2,-19.0603,wait,2,2,-32.5276,False
8891,8,4,3,11,wait,2,2,-25.1671,wait,2,2,-43.5716,False
8892,8,4,3,12,wait,2,2,-32.4695,wait,2,2,-55.0557,False
8893,8,4,3,13,wait,2,2,-41.1548,wait,2,2,-70.397,False
8894,8,4,3,14,hunt,2,2,-84.396,hunt,2,2,-86.4848,False
8895,8,4,3,15,wait,0,0,0.0,wait,0,0,0.0,False
8896,8,4,4,0,hunt,2,2,5.7414,wait,2,2,4.9092,True
8897,8,4,4,1,hunt,2,2,5.4265,wait,2,2,5.3421,True
8898,8,4,4,2,wait,2,2,7.1095,wait,2,2,7.2673,False
8899,8,4,4,3,hunt,2,2,4.4418,wait,2,2,4.8633,True
8900,8,4,4,4,hunt,2,2,3.9415,wait,2,2,5.0833,True
8901,8,4,4,5,hunt,2,2,2.6953,wait,2,2,4.0459,True
8902,8,4,4,6,wait,2,2,2.3022,wait,1,1,0.6396,True
8903,8,4,4,7,hunt,1,2,-0.6063,wait,2,2,-5.7922,True
8904,8,4,4,8,wait,2,2,-4.0203,wait,2,2,-11.5444,False
8905,8,4,4,9,hunt,2,2,-8.3929,wait,2,2,-18.9392,True
8906,8,4,4,10,wait,2,2,-13.6609,wait,2,2,-27.313,False
8907,8,4,4,11,wait,2,2,-20.1251,wait,2,2,-38.23,False
8908,8,4,4,12,wait,2,2,-27.7626,wait,2,2,-50.2637,False
8909,8,4,4,13,wait,1,2,-37.8409,wait,1,0,-63.1061,True
8910,8,4,4,14,hunt,0,2,-83.228,wait,2,2,-84.3983,True
8911,8,4,4,15,wait,0,0,0.0,wait,0,0,0.0,False
8912,8,4,5,0,wait,1,1,9.5211,wait,1,1,12.1816,False
8913,8,4,5,1,wait,1,1,9.5093,wait,1,1,12.3649,False
8914,8,4,5,2,wait,1,1,9.0273,wait,1,1,11.5223,False
8915,8,4,5,3,hunt,1,1,8.3504,hunt,1,1,10.0781,False
8916,8,4,5,4,wait,2,2,6.0165,wait,1,1,6.1595,True
8917,8,4,5,5,wait,1,1,7.4655,wait,1,1,8.9288,False
8918,8,4,5,6,wait,2,1,3.967,wait,1,1,4.991,True
8919,8,4,5,7,hunt,2,1,1.2447,wait,1,1,3.9515,True
8920,8,4,5,8,wait,0,2,-1.114,wait,1,1,-7.0006,True
8921,8,4,5,9,wait,1,2,-4.7184,hunt,1,1,-13.3565,True
8922,8,4,5,10,wait,2,1,-9.6977,wait,1,1,-21.7116,True
8923,8,4,5,11,wait,1,1,-15.6472,wait,1,0,-30.2157,True
8924,8,4,5,12,wait,1,2,-23.1298,wait,1,0,-39.7081,True
8925,8,4,5,13,wait,1,0,-32.7184,wait,1,0,-53.7958,False
8926,8,4,5,14,hunt,1,0,-82.4671,hunt,2,2,-84.8054,True
8927,8,4,5,15,wait,0,0,0.0,wait,0,0,0.0,False
8944,8,5,1,0,wait,2,2,-33.7659,wait,2,2,-43.2976,False
8945,8,5,1,1,wait,2,2,-33.6623,wait,2,2,-43.4336,False
8946,8,5,1,2,wait,2,2,-33.6916,wait,2,2,-42.5279,False
8947,8,5,1,3,wait,2,2,-34.1575,wait,2,2,-43.6869,False
8948,8,5,1,4,wait,2,2,-33.7679,wait,2,2,-43.1008,False
8949,8,5,1,5,wait,2,2,-34.3738,wait,2,2,-44.0483,False
8950,8,5,1,6,wait,2,2,-33.6353,wait,2,2,-43.2165,False
8951,8,5,1,7,wait,2,2,-35.3358,wait,2,2,-45.9657,False
8952,8,5,1,8,wait,2,2,-35.6661,wait,2,2,-46.5915,False
8953,8,5,1,9,wait,2,2,-37.6804,wait,2,2,-49.1394,False
8954,8,5,1,10,wait,2,2,-40.0926,wait,2,2,-53.5077,False
8955,8,5,1,11,wait,2,2,-44.0547,wait,2,2,-59.9358,False
8956,8,5,1,12,wait,2,2,-48.8772,wait,2,2,-68.4044,False
8957,8,5,1,13,wait,2,2,-55.0195,wait,2,2,-77.9029,False
8958,8,5,1,14,hunt,0,0,-89.1363,wait,2,2,-89.6916,True
8959,8,5,1,15,wait,0,0,0.0,wait,0,0,0.0,False
8960,8,5,2,0,wait,2,2,-11.8718,wait,2,2,-17.1173,False
8961,8,5,2,1,wait,2,2,-12.1242,wait,2,2,-17.7303,False
8962,8,5,2,2,wait,2,2,-12.3274,wait,2,2,-18.0984,False
8963,8,5,2,3,wait,2,2,-12.4788,wait,2,2,-18.2592,False
8964,8,5,2,4,wait,2,2,-12.8701,wait,2,2,-19.5309,False
8965,8,5,2,5,wait,2,2,-13.3325,wait,2,2,-20.0765,False
8966,8,5,2,6,wait,2,2,-14.4182,wait,2,2,-21.3286,False
8967,8,5,2,7,wait,2,2,-15.8821,wait,2,2,-23.8069,False
8968,8,5,2,8,wait,2,2,-17.7552,wait,2,2,-27.083,False
8969,8,5,2,9,wait,2,2,-20.9392,wait,2,2,-32.0904,False
8970,8,5,2,10,hunt,2,2,-25.7311,wait,2,2,-40.0753,True
8971,8,5,2,11,hunt,2,2,-31.0029,hunt,2,2,-49.3193,False
8972,8,5,2,12,wait,2,2,-37.3254,wait,2,2,-59.2317,False
8973,8,5,2,13,hunt,2,2,-44.9899,wait,2,2,-72.7796,True
8974,8,5,2,14,wait,1,1,-86.3551,hunt,2,2,-87.6637,True
8975,8,5,2,15,wait,0,0,0.0,wait,0,0,0.0,False
8976,8,5,3,0,wait,2,2,1.7077,wait,2,2,1.379,False
8977,8,5,3,1,wait,2,2,1.2228,wait,2,2,0.77,False
8978,8,5,3,2,wait,2,2,0.9783,wait,2,2,0.492,False
8979,8,5,3,3,wait,2,2,0.6563,hunt,2,2,-0.2976,True
8980,8,5,3,4,wait,2,2,0.0395,wait,2,2,-1.1403,False
8981,8,5,3,5,wait,2,2,-1.549,wait,2,2,-3.8512,False
8982,8,5,3,6,wait,2,2,-3.6436,wait,2,2,-7.3772,False
8983,8,5,3,7,wait,2,2,-5.9864,wait,2,2,-11.377,False
8984,8,5,3,8,wait,2,2,-9.4434,wait,2,2,-17.0111,False
8985,8,5,3,9,wait,2,2,-13.0689,wait,2,2,-22.9628,False
8986,8,5,3,10,wait,2,2,-17.9729,wait,2,2,-31.4267,False
8987,8,5,3,11,wait,2,2,-23.4348,wait,2,2,-40.7508,False
8988,8,5,3,12,wait,2,2,-31.297,wait,1,1,-51.9596,True
8989,8,5,3,13,wait,1,1,-39.3877,wait,1,1,-61.9701,False
8990,8,5,3,14,wait,0,2,-84.3324,wait,2,2,-86.727,True
8991,8,5,3,15,wait,0,0,0.0,wait,0,0,0.0,False
8992,8,5,4,0,hunt,2,2,9.0382,hunt,2,2,10.199,False
8993,8,5,4,1,hunt,2,2,8.4558,hunt,2,2,9.3873,False
8994,8,5,4,2,wait,2,2,9.3504,wait,2,2,10.7008,False
8995,8,5,4,3,wait,2,2,8.5533,wait,2,2,9.6076,False
8996,8,5,4,4,wait,2,2,8.4843,wait,2,2,8.8063,False
8997,8,5,4,5,hunt,2,2,5.9681,wait,2,2,5.6634,True
8998,8,5,4,6,hunt,2,2,3.73,wait,2,2,5.4286,True
8999,8,5,4,7,wait,2,2,1.7065,wait,1,1,0.9593,True
9000,8,5,4,8,wait,2,2,-1.6104,wait,2,2,-7.9014,False
9001,8,5,4,9,wait,2,2,-5.9785,wait,2,2,-14.5168,False
9002,8,5,4,10,wait,2,2,-11.2005,wait,1,1,-21.8164,True
9003,8,5,4,11,wait,2,2,-16.9704,wait,1,1,-29.4727,True
9004,8,5,4,12,wait,1,1,-22.9445,wait,1,1,-38.8265,False
9005,8,5,4,13,wait,1,1,-31.6826,wait,1,0,-52.4227,True
9006,8,5,4,14,hunt,2,2,-83.0804,wait,2,2,-84.8842,True
9007,8,5,4,15,wait,0,0,0.0,wait,0,0,0.0,False
9008,8,5,5,0,wait,2,2,9.8381,wait,2,2,11.7633,False
9009,8,5,5,1,wait,2,1,9.9524,wait,2,1,12.4549,False
9010,8,5,5,2,hunt,1,2,8.9948,hunt,1,2,11.0553,False
9011,8,5,5,3,hunt,1,2,9.1198,hunt,1,2,11.3582,False
9012,8,5,5,4,hunt,2,1,8.9272,hunt,2,1,10.7307,False
9013,8,5,5,5,hunt,1,2,7.2884,wait,1,1,8.5368,True
9014,8,5,5,6,hunt,2,2,4.2051,wait,1,1,8.6763,True
9015,8,5,5,7,wait,2,2,1.5637,wait,1,1,6.6253,True
9016,8,5,5,8,wait,1,1,3.7037,hunt,1,1,3.2468,True
9017,8,5,5,9,wait,1,1,0.7777,wait,1,1,-1.8735,False
9018,8,5,5,10,wait,1,1,-2.5944,wait,1,1,-7.6876,False
9019,8,5,5,11,wait,1,1,-7.325,wait,1,1,-15.9236,False
9020,8,5,5,12,wait,1,1,-13.3472,wait,1,1,-25.598,False
9021,8,5,5,13,wait,1,0,-22.0218,wait,1,0,-36.1682,False
9022,8,5,5,14,hunt,1,1,-82.3511,hunt,2,2,-85.5668,True
9023,8,5,5,15,wait,0,0,0.0,wait,0,0,0.0,False
9040,8,6,1,0,wait,2,2,-32.082,wait,2,2,-39.8553,False
9041,8,6,1,1,wait,2,2,-32.2532,wait,2,2,-40.6449,False
9042,8,6,1,2,wait,2,2,-32.0365,wait,2,2,-40.1017,False
9043,8,6,1,3,wait,2,2,-32.6547,wait,2,2,-41.2546,False
9044,8,6,1,4,wait,2,2,-32.7239,wait,2,2,-41.1967,False
9045,8,6,1,5,wait,2,2,-32.9054,wait,2,2,-41.9646,False
9046,8,6,1,6,wait,2,2,-33.1947,wait,2,2,-41.6975,False
9047,8,6,1,7,wait,2,2,-33.9095,wait,2,2,-43.0812,False
9048,8,6,1,8,wait,2,2,-34.9323,wait,2,2,-45.4098,False
9049,8,6,1,9,wait,2,2,-36.7446,wait,2,2,-47.9775,False
9050,8,6,1,10,wait,2,2,-40.1887,wait,2,2,-53.332,False
9051,8,6,1,11,hunt,2,2,-44.1241,hunt,2,2,-59.9004,False
9052,8,6,1,12,wait,2,2,-48.7612,wait,2,2,-68.3458,False
9053,8,6,1,13,hunt,2,2,-54.7184,hunt,2,2,-78.3846,False
9054,8,6,1,14,wait,2,2,-88.9208,wait,2,2,-89.5543,False
9055,8,6,1,15,wait,0,0,0.0,wait,0,0,0.0,False
9056,8,6,2,0,wait,2,2,-9.5643,wait,2,2,-13.2735,False
9057,8,6,2,1,wait,2,2,-9.5234,wait,2,2,-13.4892,False
9058,8,6,2,2,wait,2,2,-9.8036,wait,2,2,-13.9749,False
9059,8,6,2,3,wait,2,2,-10.1066,wait,2,2,-14.7792,False
9060,8,6,2,4,wait,2,2,-11.0063,wait,2,2,-15.979,False
9061,8,6,2,5,wait,2,2,-11.9903,wait,2,2,-17.6814,False
9062,8,6,2,6,wait,2,2,-13.3746,wait,2,2,-19.7055,False
9063,8,6,2,7,wait,2,2,-14.8436,wait,2,2,-21.9287,False
9064,8,6,2,8,wait,2,2,-16.7102,wait,2,2,-25.3569,False
9065,8,6,2,9,hunt,2,2,-20.6143,wait,2,2,-32.1087,True
9066,8,6,2,10,wait,2,2,-24.6195,wait,2,2,-37.8946,False
9067,8,6,2,11,hunt,2,2,-29.8332,hunt,2,2,-47.5456,False
9068,8,6,2,12,wait,2,2,-35.8586,wait,2,2,-57.3335,False
9069,8,6,2,13,hunt,2,2,-45.3108,hunt,2,2,-72.7025,False
9070,8,6,2,14,hunt,2,1,-86.3451,hunt,2,2,-87.5019,True
9071,8,6,2,15,wait,0,0,0.0,wait,0,0,0.0,False
9072,8,6,3,0,wait,2,2,3.7715,wait,2,2,5.1661,False
9073,8,6,3,1,hunt,2,2,1.7487,wait,2,2,3.5431,True
9074,8,6,3,2,wait,2,2,3.234,wait,2,2,3.9162,False
9075,8,6,3,3,hunt,2,2,1.3651,wait,2,2,2.3443,True
9076,8,6,3,4,wait,2,2,1.7077,wait,2,2,1.9252,False
9077,8,6,3,5,wait,2,2,0.947,wait,2,2,0.114,False
9078,8,6,3,6,wait,2,2,-1.5004,wait,2,2,-4.0547,False
9079,8,6,3,7,wait,2,2,-4.2652,wait,2,2,-8.8066,False
9080,8,6,3,8,wait,2,2,-7.7943,wait,2,2,-14.0977,False
9081,8,6,3,9,wait,2,2,-11.5905,wait,2,2,-20.7672,False
9082,8,6,3,10,wait,1,1,-16.3437,hunt,2,2,-29.012,True
9083,8,6,3,11,hunt,2,2,-21.8072,wait,1,1,-37.0888,True
9084,8,6,3,12,wait,1,1,-28.2818,wait,1,1,-43.382,False
9085,8,6,3,13,wait,1,1,-32.6157,wait,1,1,-51.1653,False
9086,8,6,3,14,hunt,2,2,-84.4781,hunt,2,2,-86.3987,False
9087,8,6,3,15,wait,0,0,0.0,wait,0,0,0.0,False
9088,8,6,4,0,wait,2,2,10.4905,wait,2,2,12.856,False
9089,8,6,4,1,hunt,2,2,9.7866,hunt,2,2,11.8597,False
9090,8,6,4,2,hunt,1,1,4.0588,hunt,2,2,7.7891,True
9091,8,6,4,3,hunt,2,2,9.6803,hunt,2,2,11.4039,False
9092,8,6,4,4,wait,2,2,9.8118,wait,2,2,11.5624,False
9093,8,6,4,5,hunt,2,2,9.0077,hunt,2,2,10.16,False
9094,8,6,4,6,wait,2,2,6.7522,wait,2,2,6.1444,False
9095,8,6,4,7,hunt,2,2,3.3969,wait,2,2,5.5254,True
9096,8,6,4,8,wait,2,2,1.0013,wait,1,1,-0.2212,True
9097,8,6,4,9,wait,2,2,-3.0136,wait,1,1,-9.015,True
9098,8,6,4,10,wait,2,2,-7.5991,wait,1,1,-14.0096,True
9099,8,6,4,11,wait,1,1,-10.978,wait,1,1,-18.6752,False
9100,8,6,4,12,wait,1,1,-14.6174,wait,1,1,-24.3581,False
9101,8,6,4,13,wait,1,1,-20.7594,wait,1,1,-34.6296,False
9102,8,6,4,14,hunt,1,2,-83.1231,hunt,2,2,-85.6404,True
9103,8,6,4,15,wait,0,0,0.0,wait,0,0,0.0,False
9104,8,6,5,0,hunt,1,1,11.4796,hunt,1,1,15.9306,False
9105,8,6,5,1,hunt,0,2,3.2895,wait,1,1,10.0951,True
9106,8,6,5,2,wait,0,2,4.7421,wait,1,1,11.9479,True
9107,8,6,5,3,hunt,2,2,9.9089,hunt,2,2,12.0852,False
9108,8,6,5,4,wait,1,2,10.3863,wait,1,2,13.3148,False
9109,8,6,5,5,wait,1,2,11.4915,wait,1,2,15.1555,False
9110,8,6,5,6,wait,1,1,13.0296,wait,1,1,18.3832,False
9111,8,6,5,7,hunt,2,2,3.8363,wait,1,1,8.4794,True
9112,8,6,5,8,wait,2,1,2.4733,wait,1,1,7.5685,True
9113,8,6,5,9,hunt,1,1,2.2209,wait,1,1,5.1642,True
9114,8,6,5,10,wait,1,1,4.3482,wait,1,1,3.9844,False
9115,8,6,5,11,wait,1,1,1.5514,wait,1,1,-0.6482,False
9116,8,6,5,12,wait,1,1,-2.2089,wait,1,1,-6.9038,False
9117,8,6,5,13,wait,1,1,-11.3431,wait,1,1,-21.5408,False
9118,8,6,5,14,hunt,2,2,-82.24,hunt,2,2,-84.7495,False
9119,8,6,5,15,wait,0,0,0.0,wait,0,0,0.0,False
9136,8,7,1,0,wait,2,2,-30.5383,wait,2,2,-39.0344,False
9137,8,7,1,1,wait,2,2,-31.1589,wait,2,2,-38.2697,False
9138,8,7,1,2,wait,2,2,-30.6405,wait,2,2,-38.0156,False
9139,8,7,1,3,wait,2,2,-31.8092,wait,2,2,-39.2919,False
9140,8,7,1,4,wait,2,2,-31.1469,wait,2,2,-37.8968,False
9141,8,7,1,5,wait,2,2,-31.4833,wait,2,2,-40.0135,False
9142,8,7,1,6,wait,2,2,-32.2696,wait,2,2,-40.2999,False
9143,8,7,1,7,wait,2,2,-32.9082,wait,2,2,-41.5775,False
9144,8,7,1,8,wait,2,2,-34.4168,wait,2,2,-44.5114,False
9145,8,7,1,9,wait,2,2,-36.4152,wait,2,2,-47.2675,False
9146,8,7,1,10,wait,2,2,-39.5049,wait,2,2,-52.438,False
9147,8,7,1,11,wait,2,2,-43.1915,wait,2,2,-58.9688,False
9148,8,7,1,12,hunt,2,2,-48.7597,hunt,2,2,-68.001,False
9149,8,7,1,13,wait,2,2,-54.4856,wait,2,2,-77.6004,False
9150,8,7,1,14,hunt,1,2,-89.0368,wait,2,2,-89.9334,True
9151,8,7,1,15,wait,0,0,0.0,wait,0,0,0.0,False
9152,8,7,2,0,wait,2,2,-7.2057,wait,2,2,-9.5963,False
9153,8,7,2,1,wait,2,2,-7.478,wait,2,2,-10.514,False
9154,8,7,2,2,wait,2,2,-7.8534,wait,2,2,-10.5438,False
9155,8,7,2,3,wait,2,2,-8.5706,wait,2,2,-12.1162,False
9156,8,7,2,4,wait,2,2,-9.0654,wait,2,2,-12.1996,False
9157,8,7,2,5,wait,2,2,-10.5719,wait,2,2,-15.0804,False
9158,8,7,2,6,wait,2,2,-11.6166,wait,2,2,-17.2637,False
9159,8,7,2,7,wait,2,2,-13.42,wait,2,2,-20.0386,False
9160,8,7,2,8,wait,2,2,-15.8999,wait,2,2,-24.0265,False
9161,8,7,2,9,wait,2,2,-19.7249,wait,2,2,-30.2859,False
9162,8,7,2,10,wait,2,2,-23.8654,wait,2,2,-37.121,False
9163,8,7,2,11,hunt,2,2,-27.7866,hunt,2,2,-43.9871,False
9164,8,7,2,12,hunt,2,2,-33.8299,hunt,2,2,-53.6973,False
9165,8,7,2,13,hunt,2,2,-42.2526,hunt,2,2,-67.7354,False
9166,8,7,2,14,hunt,2,0,-86.2983,hunt,2,2,-87.4674,True
9167,8,7,2,15,wait,0,0,0.0,wait,0,0,0.0,False
9168,8,7,3,0,wait,2,2,5.2949,wait,2,2,7.9026,False
9169,8,7,3,1,hunt,2,2,3.5821,hunt,2,2,4.8997,False
9170,8,7,3,2,wait,2,2,5.1371,wait,2,2,7.6401,False
9171,8,7,3,3,hunt,2,2,3.323,hunt,2,2,4.7742,False
9172,8,7,3,4,hunt,2,2,2.3841,wait,2,2,4.4391,True
9173,8,7,3,5,hunt,2,2,1.6282,wait,2,2,3.5475,True
9174,8,7,3,6,wait,2,2,0.1472,wait,2,2,-1.1032,False
9175,8,7,3,7,hunt,2,2,-2.7802,hunt,2,2,-6.3173,False
9176,8,7,3,8,hunt,2,2,-6.1136,hunt,2,2,-11.7965,False
9177,8,7,3,9,hunt,2,2,-9.353,hunt,2,2,-16.3334,False
9178,8,7,3,10,hunt,2,2,-13.3175,hunt,2,2,-22.9065,False
9179,8,7,3,11,expedition,0,0,-16.1911,expedition,0,0,-26.1534,False
9180,8,7,3,12,expedition,0,0,-15.9714,expedition,0,0,-24.602,False
9181,8,7,3,13,expedition,0,0,-16.4231,expedition,0,0,-26.2749,False
9182,8,7,3,14,expedition,0,0,-28.041,expedition,0,0,-27.4757,False
9183,8,7,3,15,wait,0,0,0.0,wait,0,0,0.0,False
9184,8,7,4,0,wait,1,2,6.7166,wait,1,2,10.2369,False
9185,8,7,4,1,wait,2,2,12.1842,wait,2,2,15.6871,False
9186,8,7,4,2,wait,2,2,10.5611,wait,2,2,13.1109,False
9187,8,7,4,3,hunt,2,2,10.7797,hunt,2,2,13.5819,False
9188,8,7,4,4,hunt,2,2,12.0104,hunt,2,2,15.4383,False
9189,8,7,4,5,expedition,0,0,14.3319,hunt,2,2,9.2215,True
9190,8,7,4,6,expedition,0,0,13.7887,wait,2,2,7.6385,True
9191,8,7,4,7,expedition,0,0,14.4896,expedition,0,0,6.9855,False
9192,8,7,4,8,expedition,0,0,14.6222,expedition,0,0,6.7116,False
9193,8,7,4,9,expedition,0,0,14.1056,expedition,0,0,6.5473,False
9194,8,7,4,10,expedition,0,0,14.2223,expedition,0,0,6.7197,False
9195,8,7,4,11,expedition,0,0,14.7013,expedition,0,0,7.0097,False
9196,8,7,4,12,expedition,0,0,14.1114,expedition,0,0,7.3024,False
9197,8,7,4,13,expedition,0,0,13.9081,expedition,0,0,5.6664,False
9198,8,7,4,14,expedition,0,0,2.4304,expedition,0,0,2.3478,False
9199,8,7,4,15,wait,0,0,0.0,wait,0,0,0.0,False
9200,8,7,5,0,expedition,0,0,32.7446,expedition,0,0,28.3028,False
9201,8,7,5,1,expedition,0,0,32.3612,expedition,0,0,27.308,False
9202,8,7,5,2,hunt,2,1,14.4459,hunt,2,1,20.0974,False
9203,8,7,5,3,expedition,0,0,32.5598,expedition,0,0,27.9507,False
9204,8,7,5,4,wait,2,1,11.9167,wait,2,1,15.8651,False
9205,8,7,5,5,expedition,0,0,32.7147,expedition,0,0,27.8,False
9206,8,7,5,6,expedition,0,0,32.7596,expedition,0,0,28.8878,False
9207,8,7,5,7,wait,1,2,10.1164,expedition,0,0,13.9094,True
9208,8,7,5,8,expedition,0,0,32.6645,expedition,0,0,28.196,False
9209,8,7,5,9,expedition,0,0,33.1092,expedition,0,0,28.7123,False
9210,8,7,5,10,hunt,1,1,5.9369,expedition,0,0,14.3463,True
9211,8,7,5,11,expedition,0,0,32.189,expedition,0,0,27.4799,False
9212,8,7,5,12,expedition,0,0,32.2977,expedition,0,0,27.5972,False
9213,8,7,5,13,expedition,0,0,31.8476,expedition,0,0,26.672,False
9214,8,7,5,14,expedition,0,0,23.5235,expedition,0,0,23.9766,False
9215,8,7,5,15,wait,0,0,0.0,wait,0,0,0.0,False
9232,8,8,1,0,wait,2,2,-30.1414,wait,2,2,-36.8856,False
9233,8,8,1,1,wait,2,2,-30.1287,wait,2,2,-36.5314,False
9234,8,8,1,2,wait,2,2,-30.3081,wait,2,2,-37.3773,False
9235,8,8,1,3,wait,2,2,-30.3394,wait,2,2,-37.289,False
9236,8,8,1,4,wait,2,2,-30.6314,wait,2,2,-38.0485,False
9237,8,8,1,5,wait,2,2,-30.6496,wait,2,2,-38.3229,False
9238,8,8,1,6,wait,2,2,-31.7753,wait,2,2,-40.0421,False
9239,8,8,1,7,wait,2,2,-32.5748,wait,2,2,-41.8583,False
9240,8,8,1,8,wait,2,2,-34.2289,wait,2,2,-43.7504,False
9241,8,8,1,9,wait,2,2,-36.7931,wait,2,2,-48.1563,False
9242,8,8,1,10,wait,2,2,-39.2909,wait,2,2,-52.503,False
9243,8,8,1,11,wait,2,2,-43.1245,wait,2,2,-59.0942,False
9244,8,8,1,12,hunt,2,2,-47.9196,hunt,2,2,-66.1043,False
9245,8,8,1,13,hunt,2,2,-54.6821,hunt,2,2,-77.8275,False
9246,8,8,1,14,hunt,2,2,-89.1468,hunt,2,2,-89.3353,False
9247,8,8,1,15,wait,0,0,0.0,wait,0,0,0.0,False
9248,8,8,2,0,wait,2,2,-6.451,wait,2,2,-8.3976,False
9249,8,8,2,1,wait,2,2,-6.5071,wait,2,2,-8.8559,False
9250,8,8,2,2,wait,2,2,-6.7906,wait,2,2,-8.6556,False
9251,8,8,2,3,wait,2,2,-7.6189,wait,2,2,-9.9215,False
9252,8,8,2,4,wait,2,2,-8.3259,wait,2,2,-11.6511,False
9253,8,8,2,5,wait,2,2,-9.7736,wait,2,2,-13.7961,False
9254,8,8,2,6,wait,2,2,-10.9991,wait,2,2,-16.1729,False
9255,8,8,2,7,wait,2,2,-13.3252,wait,2,2,-20.1525,False
9256,8,8,2,8,wait,2,2,-15.797,wait,2,2,-23.6823,False
9257,8,8,2,9,hunt,2,2,-19.2311,hunt,2,2,-29.8669,False
9258,8,8,2,10,hunt,2,2,-22.7738,hunt,2,2,-35.6895,False
9259,8,8,2,11,hunt,2,2,-26.7611,hunt,2,2,-42.0237,False
9260,8,8,2,12,hunt,2,2,-31.051,hunt,2,2,-49.897,False
9261,8,8,2,13,hunt,2,2,-38.894,hunt,2,2,-62.1503,False
9262,8,8,2,14,wait,1,1,-86.2839,hunt,2,2,-87.5653,True
9263,8,8,2,15,wait,0,0,0.0,wait,0,0,0.0,False
9264,8,8,3,0,wait,2,2,6.3979,wait,2,2,9.6731,False
9265,8,8,3,1,wait,2,2,5.9843,wait,2,2,8.7413,False
9266,8,8,3,2,hunt,2,2,5.2057,hunt,2,2,7.2793,False
9267,8,8,3,3,wait,2,2,5.416,wait,2,2,7.9017,False
9268,8,8,3,4,wait,2,2,4.7662,wait,2,2,6.7271,False
9269,8,8,3,5,wait,2,2,4.0934,wait,2,2,5.5317,False
9270,8,8,3,6,wait,2,2,1.2976,hunt,2,2,1.5539,True
9271,8,8,3,7,wait,2,2,-1.5359,hunt,2,2,-4.0564,True
9272,8,8,3,8,hunt,2,2,-4.1244,hunt,2,2,-8.3119,False
9273,8,8,3,9,hunt,2,2,-6.6557,hunt,2,2,-12.6365,False
9274,8,8,3,10,hunt,2,2,-9.6364,hunt,2,2,-18.0337,False
9275,8,8,3,11,hunt,2,2,-14.6003,expedition,0,0,-24.2391,True
9276,8,8,3,12,expedition,0,0,-13.0289,expedition,0,0,-20.9822,False
9277,8,8,3,13,expedition,0,0,-14.2019,expedition,0,0,-22.265,False
9278,8,8,3,14,expedition,0,0,-24.851,expedition,0,0,-24.7818,False
9279,8,8,3,15,wait,0,0,0.0,wait,0,0,0.0,False
9280,8,8,4,0,expedition,0,0,17.0615,expedition,0,0,10.702,False
9281,8,8,4,1,hunt,2,2,13.068,hunt,2,2,17.3071,False
9282,8,8,4,2,wait,2,2,10.6329,wait,2,2,13.3597,False
9283,8,8,4,3,expedition,0,0,16.5278,expedition,0,0,8.7043,False
9284,8,8,4,4,expedition,0,0,16.243,hunt,2,2,9.9102,True
9285,8,8,4,5,expedition,0,0,16.2925,expedition,0,0,9.8686,False
9286,8,8,4,6,wait,2,2,9.7924,wait,2,2,11.805,False
9287,8,8,4,7,wait,2,2,8.0119,wait,2,2,8.3521,False
9288,8,8,4,8,wait,2,2,5.954,hunt,2,2,6.1319,True
9289,8,8,4,9,expedition,0,0,13.9893,expedition,0,0,10.0988,False
9290,8,8,4,10,expedition,0,0,16.5631,expedition,0,0,10.6071,False
9291,8,8,4,11,expedition,0,0,16.078,expedition,0,0,8.0686,False
9292,8,8,4,12,expedition,0,0,16.0163,expedition,0,0,8.6804,False
9293,8,8,4,13,expedition,0,0,15.5805,expedition,0,0,8.0519,False
9294,8,8,4,14,expedition,0,0,5.3534,expedition,0,0,7.0974,False
9295,8,8,4,15,wait,0,0,0.0,wait,0,0,0.0,False
9296,8,8,5,0,wait,1,2,16.1812,wait,1,2,22.8767,False
9297,8,8,5,1,wait,2,2,13.3023,expedition,0,0,18.1148,True
9298,8,8,5,2,wait,2,2,10.542,expedition,0,0,16.3641,True
9299,8,8,5,3,expedition,0,0,34.537,expedition,0,0,30.6851,False
9300,8,8,5,4,expedition,0,0,34.1725,expedition,0,0,29.3987,False
9301,8,8,5,5,wait,1,2,14.8749,wait,1,2,20.4119,False
9302,8,8,5,6,hunt,2,1,13.4432,hunt,2,1,18.0831,False
9303,8,8,5,7,expedition,0,0,34.5605,expedition,0,0,30.9128,False
9304,8,8,5,8,wait,1,2,11.4208,expedition,0,0,16.3634,True
9305,8,8,5,9,expedition,0,0,33.9121,expedition,0,0,29.6296,False
9306,8,8,5,10,expedition,0,0,33.322,expedition,0,0,31.1102,False
9307,8,8,5,11,expedition,0,0,34.4235,expedition,0,0,30.3112,False
9308,8,8,5,12,expedition,0,0,34.0048,expedition,0,0,29.0983,False
9309,8,8,5,13,expedition,0,0,32.8034,expedition,0,0,27.8697,False
9310,8,8,5,14,expedition,0,0,26.6073,expedition,0,0,26.7553,False
9311,8,8,5,15,wait,0,0,0.0,wait,0,0,0.0,False
9328,8,9,1,0,wait,2,2,-29.4879,wait,2,2,-36.3427,False
9329,8,9,1,1,wait,2,2,-29.8204,wait,2,2,-36.7652,False
9330,8,9,1,2,wait,2,2,-29.7142,wait,2,2,-36.2776,False
9331,8,9,1,3,wait,2,2,-29.4759,wait,2,2,-35.7443,False
9332,8,9,1,4,wait,2,2,-30.2367,wait,2,2,-37.1777,False
9333,8,9,1,5,wait,2,2,-30.9004,wait,2,2,-38.3442,False
9334,8,9,1,6,wait,2,2,-31.0329,wait,2,2,-37.9789,False
9335,8,9,1,7,wait,2,2,-32.6476,wait,2,2,-41.0958,False
9336,8,9,1,8,wait,2,2,-33.9587,wait,2,2,-43.3166,False
9337,8,9,1,9,wait,2,2,-36.169,wait,2,2,-47.5444,False
9338,8,9,1,10,hunt,2,2,-39.4778,hunt,2,2,-52.6474,False
9339,8,9,1,11,hunt,2,2,-42.6788,hunt,2,2,-58.6378,False
9340,8,9,1,12,hunt,2,2,-48.3542,hunt,2,2,-66.9637,False
9341,8,9,1,13,hunt,2,2,-54.4906,hunt,2,2,-77.5669,False
9342,8,9,1,14,hunt,2,2,-88.9949,hunt,2,2,-89.5403,False
9343,8,9,1,15,wait,0,0,0.0,wait,0,0,0.0,False
9344,8,9,2,0,wait,2,2,-5.3877,wait,2,2,-6.4818,False
9345,8,9,2,1,wait,2,2,-5.3901,wait,2,2,-6.8956,False
9346,8,9,2,2,wait,2,2,-6.1332,wait,2,2,-7.8858,False
9347,8,9,2,3,wait,2,2,-6.472,wait,2,2,-8.3235,False
9348,8,9,2,4,wait,2,2,-7.777,wait,2,2,-10.2384,False
9349,8,9,2,5,hunt,2,2,-8.9086,wait,2,2,-12.6473,True
9350,8,9,2,6,hunt,2,2,-10.8821,wait,2,2,-15.7289,True
9351,8,9,2,7,wait,2,2,-12.64,wait,2,2,-18.5074,False
9352,8,9,2,8,hunt,2,2,-15.3997,hunt,2,2,-23.0199,False
9353,8,9,2,9,hunt,2,2,-18.6853,hunt,2,2,-28.9359,False
9354,8,9,2,10,hunt,2,2,-22.1629,hunt,2,2,-34.1913,False
9355,8,9,2,11,hunt,2,2,-25.7507,hunt,2,2,-40.0058,False
9356,8,9,2,12,hunt,2,2,-30.1677,hunt,2,2,-48.2872,False
9357,8,9,2,13,hunt,2,2,-38.7665,hunt,2,2,-61.9132,False
9358,8,9,2,14,hunt,2,2,-86.304,hunt,2,2,-87.2365,False
9359,8,9,2,15,wait,0,0,0.0,wait,0,0,0.0,False
9360,8,9,3,0,wait,2,2,6.9537,wait,2,2,10.0078,False
9361,8,9,3,1,hunt,2,2,5.538,hunt,2,2,7.6944,False
9362,8,9,3,2,wait,2,2,6.3895,wait,2,2,9.4598,False
9363,8,9,3,3,hunt,2,2,5.9698,hunt,2,2,8.9682,False
9364,8,9,3,4,hunt,2,2,4.5906,hunt,2,2,6.6024,False
9365,8,9,3,5,wait,2,2,4.3743,wait,2,2,5.9557,False
9366,8,9,3,6,wait,2,2,2.8804,wait,2,2,3.4185,False
9367,8,9,3,7,hunt,2,2,-0.2088,hunt,2,2,-1.8744,False
9368,8,9,3,8,hunt,2,2,-2.9054,hunt,2,2,-6.5463,False
9369,8,9,3,9,hunt,2,2,-5.5182,hunt,2,2,-10.6399,False
9370,8,9,3,10,hunt,2,2,-8.5193,hunt,2,2,-15.1202,False
9371,8,9,3,11,hunt,2,2,-12.1073,hunt,2,2,-21.6024,False
9372,8,9,3,12,expedition,0,0,-13.7031,expedition,0,0,-21.2172,False
9373,8,9,3,13,expedition,0,0,-14.2207,expedition,0,0,-21.9179,False
9374,8,9,3,14,expedition,0,0,-26.2542,expedition,0,0,-26.3198,False
9375,8,9,3,15,wait,0,0,0.0,wait,0,0,0.0,False
9376,8,9,4,0,hunt,2,2,14.0168,hunt,2,2,18.9146,False
9377,8,9,4,1,wait,2,1,7.006,wait,2,2,10.6914,True
9378,8,9,4,2,wait,2,2,11.1463,wait,2,2,13.9531,False
9379,8,9,4,3,expedition,0,0,16.2561,expedition,0,0,9.826,False
9380,8,9,4,4,wait,2,2,11.6207,wait,2,2,14.8598,False
9381,8,9,4,5,expedition,0,0,16.1585,hunt,2,2,10.8808,True
9382,8,9,4,6,expedition,0,0,16.4418,expedition,0,0,9.5746,False
9383,8,9,4,7,expedition,0,0,16.8371,expedition,0,0,10.4845,False
9384,8,9,4,8,expedition,0,0,16.5085,expedition,0,0,9.7919,False
9385,8,9,4,9,expedition,0,0,16.2623,expedition,0,0,9.8371,False
9386,8,9,4,10,expedition,0,0,16.4934,expedition,0,0,8.9404,False
9387,8,9,4,11,expedition,0,0,16.383,expedition,0,0,9.5782,False
9388,8,9,4,12,expedition,0,0,16.4307,expedition,0,0,8.8711,False
9389,8,9,4,13,expedition,0,0,15.588,expedition,0,0,8.6163,False
9390,8,9,4,14,expedition,0,0,4.8172,expedition,0,0,4.864,False
9391,8,9,4,15,wait,0,0,0.0,wait,0,0,0.0,False
9392,8,9,5,0,hunt,1,2,13.8078,hunt,1,2,19.0558,False
9393,8,9,5,1,wait,2,2,14.8106,wait,2,2,19.9025,False
9394,8,9,5,2,wait,2,2,11.3417,expedition,0,0,16.6323,True
9395,8,9,5,3,wait,1,1,15.6469,wait,1,1,22.1562,False
9396,8,9,5,4,wait,1,1,15.8287,wait,1,1,22.7283,False
9397,8,9,5,5,hunt,2,2,15.9743,hunt,2,2,22.2004,False
9398,8,9,5,6,expedition,0,0,34.5197,expedition,0,0,31.6825,False
9399,8,9,5,7,expedition,0,0,34.7161,expedition,0,0,31.0056,False
9400,8,9,5,8,hunt,2,1,15.3209,hunt,2,1,21.7247,False
9401,8,9,5,9,hunt,2,2,6.8885,expedition,0,0,15.4496,True
9402,8,9,5,10,hunt,2,2,7.0808,expedition,0,0,15.7633,True
9403,8,9,5,11,expedition,0,0,34.2797,expedition,0,0,30.274,False
9404,8,9,5,12,expedition,0,0,34.0048,expedition,0,0,29.593,False
9405,8,9,5,13,expedition,0,0,33.4502,expedition,0,0,28.4443,False
9406,8,9,5,14,expedition,0,0,26.0149,expedition,0,0,26.3936,False
9407,8,9,5,15,wait,0,0,0.0,wait,0,0,0.0,False
9424,8,10,1,0,wait,2,2,-29.0524,wait,2,2,-35.4535,False
9425,8,10,1,1,wait,2,2,-29.0473,wait,2,2,-35.4927,False
9426,8,10,1,2,wait,2,2,-29.16,wait,2,2,-35.5184,False
9427,8,10,1,3,wait,2,2,-30.001,wait,2,2,-36.3991,False
9428,8,10,1,4,wait,2,2,-30.0803,wait,2,2,-36.7207,False
9429,8,10,1,5,wait,2,2,-30.8857,wait,2,2,-37.9375,False
9430,8,10,1,6,hunt,2,2,-32.2059,hunt,2,2,-40.8299,False
9431,8,10,1,7,wait,2,2,-32.5271,wait,2,2,-40.4615,False
9432,8,10,1,8,hunt,2,2,-34.2085,hunt,2,2,-44.0714,False
9433,8,10,1,9,wait,2,2,-36.4734,wait,2,2,-47.5976,False
9434,8,10,1,10,hunt,2,2,-39.2309,hunt,2,2,-51.7655,False
9435,8,10,1,11,wait,2,2,-42.9875,wait,2,2,-58.303,False
9436,8,10,1,12,hunt,2,2,-47.8165,hunt,2,2,-66.9843,False
9437,8,10,1,13,wait,2,2,-54.8743,hunt,2,2,-78.1011,True
9438,8,10,1,14,hunt,2,1,-88.9873,hunt,2,2,-89.3268,True
9439,8,10,1,15,wait,0,0,0.0,wait,0,0,0.0,False
9440,8,10,2,0,wait,2,2,-4.5744,wait,2,2,-5.1165,False
9441,8,10,2,1,wait,2,2,-4.7078,wait,2,2,-5.5349,False
9442,8,10,2,2,wait,2,2,-5.6018,wait,2,2,-6.6771,False
9443,8,10,2,3,wait,2,2,-6.302,wait,2,2,-8.0237,False
9444,8,10,2,4,wait,2,2,-7.1742,wait,2,2,-9.2794,False
9445,8,10,2,5,hunt,2,2,-8.7488,hunt,2,2,-12.3607,False
9446,8,10,2,6,wait,2,2,-10.4975,wait,2,2,-15.3755,False
9447,8,10,2,7,hunt,2,2,-12.8728,hunt,2,2,-19.0028,False
9448,8,10,2,8,wait,2,2,-15.087,wait,2,2,-22.4179,False
9449,8,10,2,9,hunt,2,2,-18.1673,hunt,2,2,-27.5839,False
9450,8,10,2,10,hunt,2,2,-20.7147,hunt,2,2,-32.2867,False
9451,8,10,2,11,hunt,2,2,-23.5391,hunt,2,2,-36.6406,False
9452,8,10,2,12,hunt,2,2,-27.5462,hunt,2,2,-43.528,False
9453,8,10,2,13,hunt,2,2,-32.1447,hunt,2,2,-51.5261,False
9454,8,10,2,14,wait,0,0,-86.2402,hunt,2,2,-87.6652,True
9455,8,10,2,15,wait,0,0,0.0,wait,0,0,0.0,False
9456,8,10,3,0,hunt,2,2,7.0838,hunt,2,2,10.5816,False
9457,8,10,3,1,wait,2,2,7.0348,wait,2,2,10.3093,False
9458,8,10,3,2,wait,2,2,6.7625,wait,2,2,9.9542,False
9459,8,10,3,3,hunt,2,2,6.7367,hunt,2,2,9.8189,False
9460,8,10,3,4,wait,2,2,5.1997,wait,2,2,7.4263,False
9461,8,10,3,5,hunt,2,2,4.0023,hunt,2,2,5.5206,False
9462,8,10,3,6,hunt,2,2,2.1036,wait,2,2,4.8208,True
9463,8,10,3,7,hunt,2,2,0.9296,hunt,2,2,0.4359,False
9464,8,10,3,8,hunt,2,2,-0.83,hunt,2,2,-2.737,False
9465,8,10,3,9,hunt,2,2,-2.6663,hunt,2,2,-6.0407,False
9466,8,10,3,10,hunt,2,2,-4.4519,hunt,2,2,-8.402,False
9467,8,10,3,11,hunt,2,2,-7.7641,hunt,2,2,-14.0834,False
9468,8,10,3,12,hunt,2,2,-10.4891,hunt,2,2,-18.9018,False
9469,8,10,3,13,expedition,0,0,-14.3113,expedition,0,0,-22.5106,False
9470,8,10,3,14,expedition,0,0,-25.1322,expedition,0,0,-26.1387,False
9471,8,10,3,15,wait,0,0,0.0,wait,0,0,0.0,False
9472,8,10,4,0,wait,2,2,16.7336,wait,2,2,23.7174,False
9473,8,10,4,1,wait,1,2,5.5498,wait,2,2,12.0024,True
9474,8,10,4,2,expedition,0,0,16.2949,hunt,2,2,13.2111,True
9475,8,10,4,3,hunt,2,2,13.5182,hunt,2,2,17.9929,False
9476,8,10,4,4,expedition,0,0,16.503,hunt,2,2,12.415,True
9477,8,10,4,5,expedition,0,0,17.106,hunt,2,2,12.654,True
9478,8,10,4,6,expedition,0,0,16.5698,expedition,0,0,9.9889,False
9479,8,10,4,7,wait,2,2,9.6366,wait,2,2,11.3651,False
9480,8,10,4,8,wait,2,2,8.9307,wait,2,2,10.1644,False
9481,8,10,4,9,expedition,0,0,16.8836,expedition,0,0,10.359,False
9482,8,10,4,10,expedition,0,0,16.8813,expedition,0,0,9.8311,False
9483,8,10,4,11,expedition,0,0,16.4462,expedition,0,0,9.0696,False
9484,8,10,4,12,expedition,0,0,16.4488,expedition,0,0,9.129,False
9485,8,10,4,13,expedition,0,0,15.6103,expedition,0,0,7.2465,False
9486,8,10,4,14,expedition,0,0,4.3696,expedition,0,0,5.1853,False
9487,8,10,4,15,wait,0,0,0.0,wait,0,0,0.0,False
9488,8,10,5,0,expedition,0,0,34.8469,expedition,0,0,30.6848,False
9489,8,10,5,1,hunt,2,2,15.2182,hunt,2,2,20.6779,False
9490,8,10,5,2,hunt,2,1,18.8674,hunt,2,1,27.2032,False
9491,8,10,5,3,expedition,0,0,34.864,expedition,0,0,30.9278,False
9492,8,10,5,4,expedition,0,0,34.8651,expedition,0,0,31.111,False
9493,8,10,5,5,wait,2,2,13.5877,wait,2,2,18.0677,False
9494,8,10,5,6,wait,1,1,14.5941,wait,1,1,20.7999,False
9495,8,10,5,7,wait,2,1,11.0883,expedition,0,0,17.0432,True
9496,8,10,5,8,wait,2,2,8.7829,expedition,0,0,17.8911,True
9497,8,10,5,9,expedition,0,0,34.7935,expedition,0,0,31.1572,False
9498,8,10,5,10,expedition,0,0,34.5426,expedition,0,0,30.9782,False
9499,8,10,5,11,wait,2,1,7.2284,expedition,0,0,18.141,True
9500,8,10,5,12,hunt,1,2,10.5947,expedition,0,0,15.1233,True
9501,8,10,5,13,expedition,0,0,33.0009,expedition,0,0,28.1641,False
9502,8,10,5,14,expedition,0,0,26.1651,expedition,0,0,26.9022,False
9503,8,10,5,15,wait,0,0,0.0,wait,0,0,0.0,False
9520,9,0,1,0,wait,2,0,-98.8916,wait,2,0,-98.8984,False
9521,9,0,1,1,wait,2,0,-98.8916,wait,2,0,-98.8984,False
9522,9,0,1,2,wait,2,0,-98.8915,wait,2,0,-98.8984,False
9523,9,0,1,3,wait,2,0,-98.8916,wait,2,0,-98.8984,False
9524,9,0,1,4,wait,2,0,-98.8916,wait,2,0,-98.8984,False
9525,9,0,1,5,wait,2,0,-98.8916,wait,2,0,-98.8984,False
9526,9,0,1,6,wait,2,0,-98.8916,wait,2,0,-98.8984,False
9527,9,0,1,7,wait,2,0,-98.8916,wait,2,0,-98.8984,False
9528,9,0,1,8,wait,2,0,-98.8916,wait,2,0,-98.8984,False
9529,9,0,1,9,wait,2,0,-98.8916,wait,2,0,-98.8984,False
9530,9,0,1,10,wait,2,0,-98.8916,wait,2,0,-98.8984,False
9531,9,0,1,11,wait,2,0,-98.8916,wait,2,0,-98.8984,False
9532,9,0,1,12,wait,2,0,-98.8916,wait,2,0,-98.8984,False
9533,9,0,1,13,wait,2,0,-98.8916,wait,2,0,-98.8984,False
9534,9,0,1,14,wait,2,0,-98.8916,wait,2,0,-98.8984,False
9535,9,0,1,15,wait,0,0,0.0,wait,0,0,0.0,False
9536,9,0,2,0,wait,1,0,-68.8324,wait,1,0,-82.9496,False
9537,9,0,2,1,wait,1,0,-68.3634,wait,1,0,-82.3905,False
9538,9,0,2,2,wait,2,0,-68.4061,wait,2,0,-82.2611,False
9539,9,0,2,3,wait,1,0,-68.0623,wait,1,0,-81.7959,False
9540,9,0,2,4,wait,2,0,-68.4907,wait,1,0,-82.9519,True
9541,9,0,2,5,wait,2,0,-68.1877,wait,2,0,-82.1574,False
9542,9,0,2,6,wait,1,0,-68.5468,wait,1,0,-82.5148,False
9543,9,0,2,7,wait,2,0,-68.2669,wait,2,0,-82.1479,False
9544,9,0,2,8,wait,2,0,-68.4761,wait,2,0,-82.6693,False
9545,9,0,2,9,wait,2,0,-68.4779,wait,2,0,-82.8396,False
9546,9,0,2,10,wait,2,0,-68.9538,wait,2,0,-83.1971,False
9547,9,0,2,11,wait,2,0,-70.045,wait,2,0,-85.134,False
9548,9,0,2,12,wait,1,0,-71.254,wait,1,0,-87.1223,False
9549,9,0,2,13,wait,2,0,-72.0252,wait,2,0,-88.827,False
9550,9,0,2,14,wait,2,0,-93.8419,wait,1,0,-93.9346,True
9551,9,0,2,15,wait,0,0,0.0,wait,0,0,0.0,False
9552,9,0,3,0,wait,1,0,-45.1454,wait,1,0,-60.676,False
9553,9,0,3,1,wait,1,0,-45.1554,wait,1,0,-60.5617,False
9554,9,0,3,2,wait,1,0,-45.0664,wait,1,0,-60.5286,False
9555,9,0,3,3,wait,1,0,-45.3991,wait,1,0,-60.523,False
9556,9,0,3,4,wait,1,0,-45.7679,wait,1,0,-62.0347,False
9557,9,0,3,5,wait,1,0,-45.4982,wait,1,0,-61.6278,False
9558,9,0,3,6,wait,1,0,-45.8623,wait,1,0,-62.3708,False
9559,9,0,3,7,wait,2,0,-46.4298,wait,1,0,-62.7681,True
9560,9,0,3,8,wait,1,0,-46.7197,wait,1,0,-63.498,False
9561,9,0,3,9,wait,2,0,-47.6328,wait,1,0,-64.6682,True
9562,9,0,3,10,wait,2,0,-48.8831,wait,2,0,-67.6421,False
9563,9,0,3,11,wait,1,0,-51.2992,wait,1,0,-71.4501,False
9564,9,0,3,12,wait,2,0,-53.1196,wait,2,0,-74.3929,False
9565,9,0,3,13,wait,2,0,-57.0076,wait,2,0,-81.0113,False
9566,9,0,3,14,wait,2,0,-90.9594,wait,2,0,-90.9939,False
9567,9,0,3,15,wait,0,0,0.0,wait,0,0,0.0,False
9568,9,0,4,0,wait,1,0,-24.9118,wait,1,0,-37.4474,False
9569,9,0,4,1,wait,2,0,-25.7211,wait,1,0,-39.1753,True
9570,9,0,4,2,wait,1,0,-25.0169,wait,1,0,-37.5725,False
9571,9,0,4,3,wait,1,0,-25.0248,wait,1,0,-37.1995,False
9572,9,0,4,4,wait,1,0,-25.5783,wait,1,0,-38.4191,False
9573,9,0,4,5,wait,1,0,-26.5092,wait,1,0,-40.0831,False
9574,9,0,4,6,wait,1,0,-26.7367,wait,1,0,-40.8405,False
9575,9,0,4,7,wait,2,0,-28.0038,wait,1,0,-42.7708,True
9576,9,0,4,8,wait,2,0,-28.9856,wait,2,0,-44.464,False
9577,9,0,4,9,wait,1,0,-31.1017,wait,1,0,-47.2688,False
9578,9,0,4,10,wait,2,0,-33.6552,wait,1,0,-52.5756,True
9579,9,0,4,11,wait,1,0,-37.4355,wait,2,0,-58.8222,True
9580,9,0,4,12,wait,2,0,-41.4167,wait,2,0,-65.1405,False
9581,9,0,4,13,wait,1,0,-48.0201,wait,1,0,-76.0543,False
9582,9,0,4,14,wait,2,0,-88.7145,wait,2,0,-87.8761,False
9583,9,0,4,15,wait,0,0,0.0,wait,0,0,0.0,False
9584,9,0,5,0,wait,1,0,-10.7275,wait,1,0,-17.3728,False
9585,9,0,5,1,wait,1,0,-11.5062,wait,1,0,-18.5035,False
9586,9,0,5,2,wait,1,0,-11.5859,wait,1,0,-18.8008,False
9587,9,0,5,3,wait,1,0,-11.7534,wait,1,0,-19.0754,False
9588,9,0,5,4,wait,1,0,-12.4566,wait,1,0,-20.5191,False
9589,9,0,5,5,wait,1,0,-12.8245,wait,1,0,-21.3472,False
9590,9,0,5,6,wait,1,0,-14.4718,wait,1,0,-23.8327,False
9591,9,0,5,7,wait,1,0,-16.5029,wait,1,0,-27.5389,False
9592,9,0,5,8,wait,1,0,-18.6786,wait,1,0,-31.0054,False
9593,9,0,5,9,wait,2,0,-21.7505,wait,2,0,-36.4235,False
9594,9,0,5,10,wait,2,0,-24.9782,wait,2,0,-41.4084,False
9595,9,0,5,11,wait,2,0,-30.0252,wait,2,0,-50.3312,False
9596,9,0,5,12,wait,2,0,-36.216,wait,2,0,-60.7352,False
9597,9,0,5,13,wait,2,0,-43.8676,wait,2,0,-72.8959,False
9598,9,0,5,14,wait,1,0,-88.9169,wait,2,0,-88.4465,True
9599,9,0,5,15,wait,0,0,0.0,wait,0,0,0.0,False
9616,9,1,1,0,wait,1,1,-67.8125,wait,1,1,-81.9308,False
9617,9,1,1,1,wait,2,1,-67.4408,wait,2,1,-81.6026,False
9618,9,1,1,2,wait,1,1,-67.5816,wait,1,1,-81.5241,False
9619,9,1,1,3,wait,2,1,-67.3538,wait,2,1,-81.7795,False
9620,9,1,1,4,wait,2,1,-67.499,wait,2,1,-81.7175,False
9621,9,1,1,5,wait,1,1,-67.7362,wait,1,1,-81.3486,False
9622,9,1,1,6,wait,1,1,-67.7233,wait,1,1,-81.9017,False
9623,9,1,1,7,wait,2,1,-67.2025,wait,2,1,-81.6726,False
9624,9,1,1,8,wait,2,1,-67.6651,wait,2,1,-82.0336,False
9625,9,1,1,9,wait,2,1,-67.9615,wait,2,1,-82.0504,False
9626,9,1,1,10,wait,2,1,-68.506,wait,2,1,-83.7043,False
9627,9,1,1,11,wait,2,1,-68.8823,wait,2,1,-84.2894,False
9628,9,1,1,12,wait,2,1,-70.1646,wait,2,1,-85.9376,False
9629,9,1,1,13,wait,2,1,-71.5989,wait,2,1,-87.9011,False
9630,9,1,1,14,wait,2,1,-92.6785,wait,2,1,-92.6823,False
9631,9,1,1,15,wait,0,0,0.0,wait,0,0,0.0,False
9632,9,1,2,0,wait,1,1,-44.2148,wait,1,1,-60.425,False
9633,9,1,2,1,wait,1,1,-44.4255,wait,1,1,-60.7596,False
9634,9,1,2,2,wait,1,1,-43.9284,wait,1,1,-60.0237,False
9635,9,1,2,3,wait,1,1,-44.2655,wait,1,1,-59.838,False
9636,9,1,2,4,wait,1,1,-44.8639,wait,1,1,-60.6823,False
9637,9,1,2,5,wait,1,1,-44.4383,wait,1,1,-60.9948,False
9638,9,1,2,6,wait,1,1,-45.1366,wait,1,1,-61.0037,False
9639,9,1,2,7,wait,1,1,-44.8295,wait,1,1,-60.9042,False
9640,9,1,2,8,wait,2,1,-45.4659,wait,2,1,-62.1704,False
9641,9,1,2,9,wait,2,1,-46.4421,wait,2,1,-64.2438,False
9642,9,1,2,10,wait,2,1,-48.1132,wait,2,1,-66.7866,False
9643,9,1,2,11,wait,2,1,-49.8867,wait,2,1,-69.4782,False
9644,9,1,2,12,wait,2,1,-52.7224,wait,2,1,-74.4862,False
9645,9,1,2,13,wait,2,1,-56.3822,wait,2,1,-80.4499,False
9646,9,1,2,14,wait,2,1,-90.3651,wait,2,1,-90.3845,False
9647,9,1,2,15,wait,0,0,0.0,wait,0,0,0.0,False
9648,9,1,3,0,wait,1,1,-24.4107,wait,1,1,-37.1335,False
9649,9,1,3,1,wait,1,1,-24.4823,wait,1,1,-37.3176,False
9650,9,1,3,2,wait,1,1,-24.5012,wait,1,1,-37.345,False
9651,9,1,3,3,wait,1,1,-24.3286,wait,1,1,-37.9192,False
9652,9,1,3,4,wait,1,1,-24.5119,wait,1,1,-37.5322,False
9653,9,1,3,5,wait,1,1,-25.4148,wait,1,1,-39.0975,False
9654,9,1,3,6,wait,1,1,-25.7457,wait,1,1,-40.0432,False
9655,9,1,3,7,wait,2,1,-26.8641,wait,1,1,-41.7056,True
9656,9,1,3,8,wait,1,1,-28.368,wait,1,1,-44.0499,False
9657,9,1,3,9,wait,2,1,-30.158,wait,2,1,-47.2727,False
9658,9,1,3,10,wait,2,1,-32.6028,wait,2,1,-51.2489,False
9659,9,1,3,11,wait,2,1,-35.9699,wait,2,1,-56.9576,False
9660,9,1,3,12,wait,2,1,-40.5781,wait,2,1,-64.3793,False
9661,9,1,3,13,wait,2,1,-46.4423,wait,2,1,-74.7076,False
9662,9,1,3,14,wait,2,1,-87.8788,wait,2,1,-87.5723,False
9663,9,1,3,15,wait,0,0,0.0,wait,0,0,0.0,False
9664,9,1,4,0,wait,1,1,-9.603,wait,1,1,-16.5025,False
9665,9,1,4,1,wait,1,1,-9.7903,wait,1,1,-17.0026,False
9666,9,1,4,2,wait,1,1,-10.305,wait,1,1,-17.6056,False
9667,9,1,4,3,wait,1,1,-10.8532,wait,1,1,-18.7697,False
9668,9,1,4,4,wait,1,1,-10.8419,wait,1,1,-18.5063,False
9669,9,1,4,5,wait,1,1,-12.1981,wait,1,1,-20.6195,False
9670,9,1,4,6,wait,1,1,-13.249,wait,1,1,-22.457,False
9671,9,1,4,7,wait,1,1,-15.0519,wait,1,1,-25.8141,False
9672,9,1,4,8,wait,1,1,-17.5483,wait,1,1,-29.4502,False
9673,9,1,4,9,wait,2,1,-20.4807,wait,1,1,-35.0346,True
9674,9,1,4,10,wait,2,1,-24.0629,wait,2,1,-41.2094,False
9675,9,1,4,11,wait,2,1,-28.9321,wait,2,1,-48.8185,False
9676,9,1,4,12,wait,2,1,-34.9128,wait,2,1,-59.1986,False
9677,9,1,4,13,wait,2,1,-42.456,wait,2,1,-72.0395,False
9678,9,1,4,14,wait,2,1,-87.1226,wait,2,1,-87.1523,False
9679,9,1,4,15,wait,0,0,0.0,wait,0,0,0.0,False
9680,9,1,5,0,wait,1,1,0.6466,wait,1,1,-2.2597,False
9681,9,1,5,1,wait,1,1,0.7917,wait,1,1,-2.2068,False
9682,9,1,5,2,wait,1,1,0.8521,wait,1,1,-1.8138,False
9683,9,1,5,3,wait,1,1,-0.0305,wait,1,1,-3.434,False
9684,9,1,5,4,wait,1,1,-0.3161,wait,1,1,-3.9959,False
9685,9,1,5,5,wait,1,1,-1.4211,wait,1,1,-5.6623,False
9686,9,1,5,6,wait,1,1,-3.3499,wait,1,1,-8.9199,False
9687,9,1,5,7,wait,1,1,-6.1889,wait,1,1,-13.5722,False
9688,9,1,5,8,wait,2,1,-9.3143,wait,2,1,-19.5993,False
9689,9,1,5,9,wait,2,1,-13.1995,wait,1,1,-26.0553,True
9690,9,1,5,10,wait,2,1,-17.7902,wait,2,1,-33.6622,False
9691,9,1,5,11,wait,2,1,-23.6802,wait,2,1,-43.1002,False
9692,9,1,5,12,wait,2,1,-30.9772,wait,2,1,-55.6071,False
9693,9,1,5,13,wait,2,1,-39.2873,wait,2,1,-69.3469,False
9694,9,1,5,14,wait,2,1,-86.1047,wait,2,1,-86.3466,False
9695,9,1,5,15,wait,0,0,0.0,wait,0,0,0.0,False
9712,9,2,1,0,wait,2,2,-44.4159,wait,2,2,-60.7297,False
9713,9,2,1,1,wait,2,2,-44.2467,wait,2,2,-60.7025,False
9714,9,2,1,2,wait,2,2,-44.3134,wait,2,2,-59.9441,False
9715,9,2,1,3,wait,2,2,-44.7044,wait,2,2,-61.2478,False
9716,9,2,1,4,wait,2,2,-44.4883,wait,2,2,-60.8726,False
9717,9,2,1,5,wait,2,2,-44.4853,wait,2,2,-60.72,False
9718,9,2,1,6,wait,2,2,-44.8776,wait,2,2,-61.9892,False
9719,9,2,1,7,wait,2,2,-44.783,wait,2,2,-61.9301,False
9720,9,2,1,8,wait,2,2,-45.2112,wait,2,2,-62.2682,False
9721,9,2,1,9,wait,2,2,-46.3347,wait,2,2,-63.6871,False
9722,9,2,1,10,wait,2,2,-47.3079,wait,2,2,-65.4992,False
9723,9,2,1,11,wait,2,2,-49.9762,wait,2,2,-70.1121,False
9724,9,2,1,12,wait,2,2,-52.3868,wait,2,2,-73.1973,False
9725,9,2,1,13,wait,2,2,-55.879,wait,2,2,-80.1314,False
9726,9,2,1,14,wait,2,2,-89.4008,wait,2,2,-89.2982,False
9727,9,2,1,15,wait,0,0,0.0,wait,0,0,0.0,False
9728,9,2,2,0,wait,2,2,-24.5547,wait,2,2,-38.3091,False
9729,9,2,2,1,wait,2,2,-24.4518,wait,2,2,-38.1979,False
9730,9,2,2,2,wait,2,2,-24.9572,wait,2,2,-38.9083,False
9731,9,2,2,3,wait,2,2,-24.8235,wait,2,2,-39.0012,False
9732,9,2,2,4,wait,2,2,-24.8521,wait,2,2,-39.37,False
9733,9,2,2,5,wait,2,2,-25.6985,wait,2,2,-39.6751,False
9734,9,2,2,6,wait,2,2,-25.3718,wait,2,2,-39.7344,False
9735,9,2,2,7,wait,2,2,-26.2764,wait,2,2,-40.9036,False
9736,9,2,2,8,wait,2,2,-27.5199,wait,2,2,-43.5149,False
9737,9,2,2,9,wait,2,2,-29.8694,wait,2,2,-47.218,False
9738,9,2,2,10,wait,2,2,-31.5513,wait,2,2,-50.2456,False
9739,9,2,2,11,wait,2,2,-35.4539,wait,2,2,-56.4204,False
9740,9,2,2,12,wait,2,2,-40.201,wait,2,2,-63.9696,False
9741,9,2,2,13,wait,2,2,-46.3171,wait,2,2,-74.6414,False
9742,9,2,2,14,hunt,1,1,-87.8132,wait,2,2,-88.2961,True
9743,9,2,2,15,wait,0,0,0.0,wait,0,0,0.0,False
9744,9,2,3,0,wait,2,2,-10.8145,wait,2,2,-18.6541,False
9745,9,2,3,1,wait,2,2,-10.4811,wait,2,2,-19.1033,False
9746,9,2,3,2,wait,2,2,-10.6926,wait,2,2,-19.095,False
9747,9,2,3,3,wait,2,2,-11.2512,wait,2,2,-20.1293,False
9748,9,2,3,4,wait,2,2,-11.7093,wait,2,2,-20.8257,False
9749,9,2,3,5,wait,2,2,-12.1835,wait,2,2,-21.6915,False
9750,9,2,3,6,wait,2,2,-13.4133,wait,2,2,-23.8064,False
9751,9,2,3,7,wait,2,2,-14.7321,wait,2,2,-25.5279,False
9752,9,2,3,8,wait,2,2,-16.6997,wait,2,2,-28.7869,False
9753,9,2,3,9,wait,2,2,-19.8493,wait,2,2,-34.7106,False
9754,9,2,3,10,wait,2,2,-23.9532,wait,2,2,-40.7494,False
9755,9,2,3,11,wait,2,2,-28.4686,wait,2,2,-48.6607,False
9756,9,2,3,12,wait,2,2,-34.3602,wait,2,2,-58.2544,False
9757,9,2,3,13,wait,2,2,-42.0311,wait,2,2,-71.6846,False
9758,9,2,3,14,wait,2,2,-86.1869,wait,2,2,-85.9702,False
9759,9,2,3,15,wait,0,0,0.0,wait,0,0,0.0,False
9760,9,2,4,0,wait,2,2,0.9906,wait,1,1,-1.9431,True
9761,9,2,4,1,wait,2,2,0.8088,wait,1,1,-1.7241,True
9762,9,2,4,2,wait,2,2,0.386,wait,1,1,-2.5824,True
9763,9,2,4,3,wait,2,2,0.5377,wait,1,1,-2.4236,True
9764,9,2,4,4,wait,2,2,-0.2808,wait,1,1,-4.8604,True
9765,9,2,4,5,wait,2,2,-1.3732,wait,2,2,-6.7014,False
9766,9,2,4,6,wait,2,2,-3.4559,wait,2,2,-10.5105,False
9767,9,2,4,7,wait,2,2,-5.8041,wait,2,2,-14.2923,False
9768,9,2,4,8,wait,2,2,-8.6532,wait,2,2,-19.0784,False
9769,9,2,4,9,wait,2,2,-12.3797,wait,2,2,-25.4079,False
9770,9,2,4,10,wait,2,2,-16.9064,wait,2,2,-32.8915,False
9771,9,2,4,11,wait,2,2,-23.0163,wait,2,2,-42.7084,False
9772,9,2,4,12,wait,2,2,-29.7926,wait,2,2,-54.3874,False
9773,9,2,4,13,wait,2,2,-38.4388,wait,2,2,-68.6198,False
9774,9,2,4,14,hunt,2,1,-85.2728,wait,2,2,-85.8469,True
9775,9,2,4,15,wait,0,0,0.0,wait,0,0,0.0,False
9776,9,2,5,0,wait,2,1,6.0306,wait,2,1,6.0571,False
9777,9,2,5,1,wait,1,1,6.1873,wait,1,1,6.6972,False
9778,9,2,5,2,wait,1,1,6.1615,wait,1,1,6.6147,False
9779,9,2,5,3,wait,2,1,4.6082,wait,1,1,4.095,True
9780,9,2,5,4,wait,2,1,4.1373,wait,1,1,4.1694,True
9781,9,2,5,5,wait,1,1,3.3511,wait,2,1,3.1766,True
9782,9,2,5,6,wait,1,1,1.4906,wait,2,1,2.1231,True
9783,9,2,5,7,wait,2,1,-1.9778,wait,1,1,-7.6161,True
9784,9,2,5,8,wait,2,1,-5.4401,wait,1,1,-13.4206,True
9785,9,2,5,9,wait,1,1,-9.8518,wait,1,1,-20.4629,False
9786,9,2,5,10,wait,1,1,-14.7489,wait,1,1,-28.5442,False
9787,9,2,5,11,wait,1,1,-21.2615,wait,1,1,-39.5695,False
9788,9,2,5,12,wait,1,1,-29.1585,wait,1,1,-52.3808,False
9789,9,2,5,13,wait,1,0,-38.6919,wait,2,1,-68.7751,True
9790,9,2,5,14,wait,1,2,-84.7337,wait,2,1,-85.564,True
9791,9,2,5,15,wait,0,0,0.0,wait,0,0,0.0,False
9808,9,3,1,0,wait,2,2,-38.6807,wait,2,2,-51.3263,False
9809,9,3,1,1,wait,2,2,-38.5071,wait,2,2,-51.6541,False
9810,9,3,1,2,wait,2,2,-39.1371,wait,2,2,-52.1159,False
9811,9,3,1,3,wait,2,2,-39.1746,wait,2,2,-51.6246,False
9812,9,3,1,4,wait,2,2,-38.9688,wait,2,2,-51.9644,False
9813,9,3,1,5,wait,2,2,-39.0753,wait,2,2,-52.1982,False
9814,9,3,1,6,wait,2,2,-39.247,wait,2,2,-52.9781,False
9815,9,3,1,7,wait,2,2,-39.8317,wait,2,2,-52.7779,False
9816,9,3,1,8,wait,2,2,-40.1446,wait,2,2,-53.5915,False
9817,9,3,1,9,wait,2,2,-41.4908,wait,2,2,-56.1726,False
9818,9,3,1,10,wait,2,2,-44.2067,wait,2,2,-60.5245,False
9819,9,3,1,11,wait,2,2,-46.5587,wait,2,2,-64.0911,False
9820,9,3,1,12,wait,2,2,-50.261,wait,2,2,-71.0004,False
9821,9,3,1,13,wait,2,2,-55.1292,wait,2,2,-78.5013,False
9822,9,3,1,14,wait,2,2,-88.9331,wait,2,2,-89.4029,False
9823,9,3,1,15,wait,0,0,0.0,wait,0,0,0.0,False
9824,9,3,2,0,wait,2,2,-17.4984,wait,2,2,-27.0792,False
9825,9,3,2,1,wait,2,2,-17.0834,wait,2,2,-26.0892,False
9826,9,3,2,2,wait,2,2,-17.5468,wait,2,2,-27.0116,False
9827,9,3,2,3,wait,2,2,-17.722,wait,2,2,-27.062,False
9828,9,3,2,4,wait,2,2,-18.2192,wait,2,2,-27.8418,False
9829,9,3,2,5,wait,2,2,-18.3032,wait,2,2,-27.6095,False
9830,9,3,2,6,wait,2,2,-19.2187,wait,2,2,-29.3454,False
9831,9,3,2,7,wait,2,2,-20.244,wait,2,2,-31.7327,False
9832,9,3,2,8,wait,2,2,-22.296,wait,2,2,-34.5909,False
9833,9,3,2,9,wait,2,2,-24.7611,wait,2,2,-39.6674,False
9834,9,3,2,10,wait,2,2,-28.2993,wait,2,2,-44.6562,False
9835,9,3,2,11,wait,2,2,-32.6899,wait,2,2,-51.4874,False
9836,9,3,2,12,wait,2,2,-38.3826,wait,2,2,-61.4171,False
9837,9,3,2,13,wait,2,2,-45.2326,wait,2,2,-72.4028,False
9838,9,3,2,14,wait,2,0,-86.3131,wait,2,2,-87.6588,True
9839,9,3,2,15,wait,0,0,0.0,wait,0,0,0.0,False
9840,9,3,3,0,wait,2,2,-3.7766,wait,2,2,-7.7599,False
9841,9,3,3,1,wait,2,2,-4.1003,wait,2,2,-8.1035,False
9842,9,3,3,2,wait,2,2,-4.3342,wait,2,2,-8.3944,False
9843,9,3,3,3,wait,2,2,-4.5014,wait,2,2,-8.6204,False
9844,9,3,3,4,wait,2,2,-5.3655,wait,2,2,-10.4196,False
9845,9,3,3,5,wait,2,2,-6.1584,wait,2,2,-11.1032,False
9846,9,3,3,6,wait,2,2,-7.4528,wait,2,2,-14.0246,False
9847,9,3,3,7,wait,2,2,-9.9268,wait,2,2,-17.8712,False
9848,9,3,3,8,wait,2,2,-12.7596,wait,2,2,-22.4997,False
9849,9,3,3,9,wait,2,2,-16.1567,wait,2,2,-28.33,False
9850,9,3,3,10,wait,2,2,-20.6692,wait,2,2,-35.9121,False
9851,9,3,3,11,wait,2,2,-26.39,wait,2,2,-44.9061,False
9852,9,3,3,12,wait,2,2,-33.2692,wait,2,2,-57.4646,False
9853,9,3,3,13,wait,2,2,-41.8376,wait,2,2,-70.8137,False
9854,9,3,3,14,hunt,2,2,-84.3063,hunt,2,2,-86.1887,False
9855,9,3,3,15,wait,0,0,0.0,wait,0,0,0.0,False
9856,9,3,4,0,wait,2,2,6.5257,wait,2,2,6.2416,False
9857,9,3,4,1,wait,2,2,5.7791,wait,2,2,5.0992,False
9858,9,3,4,2,wait,2,2,5.4232,wait,2,2,4.8007,False
9859,9,3,4,3,wait,2,2,5.6114,wait,2,2,4.7426,False
9860,9,3,4,4,wait,2,2,4.7607,wait,2,2,3.5031,False
9861,9,3,4,5,wait,2,2,3.7953,wait,2,2,1.8378,False
9862,9,3,4,6,wait,2,2,1.2335,wait,2,1,-0.7689,True
9863,9,3,4,7,wait,2,2,-1.6115,wait,2,2,-7.6267,False
9864,9,3,4,8,wait,2,2,-5.0303,wait,2,2,-13.0691,False
9865,9,3,4,9,wait,2,2,-9.3061,wait,2,2,-19.9839,False
9866,9,3,4,10,wait,2,2,-14.5634,wait,2,2,-29.0524,False
9867,9,3,4,11,wait,2,2,-20.8718,wait,2,2,-39.4463,False
9868,9,3,4,12,wait,2,2,-28.7337,wait,1,1,-52.123,True
9869,9,3,4,13,wait,2,2,-37.824,wait,2,2,-67.487,False
9870,9,3,4,14,hunt,1,0,-83.0214,wait,2,2,-84.7871,True
9871,9,3,4,15,wait,0,0,0.0,wait,0,0,0.0,False
9872,9,3,5,0,wait,2,2,6.8192,wait,1,1,7.3095,True
9873,9,3,5,1,wait,2,1,7.9961,wait,2,1,9.0752,False
9874,9,3,5,2,hunt,2,1,5.9704,wait,1,1,6.5198,True
9875,9,3,5,3,wait,2,2,5.4928,wait,1,1,6.8264,True
9876,9,3,5,4,wait,1,1,8.1422,wait,1,1,10.1227,False
9877,9,3,5,5,wait,2,2,3.8131,wait,1,1,6.0393,True
9878,9,3,5,6,hunt,1,1,1.7002,wait,1,1,4.9342,True
9879,9,3,5,7,wait,1,1,1.2289,wait,1,2,1.2459,True
9880,9,3,5,8,wait,1,1,-2.0541,wait,1,1,-7.4048,False
9881,9,3,5,9,wait,1,1,-6.2191,wait,1,1,-14.6594,False
9882,9,3,5,10,wait,1,1,-11.2371,wait,1,1,-22.5749,False
9883,9,3,5,11,wait,2,1,-17.3918,wait,1,1,-33.1749,True
9884,9,3,5,12,wait,1,2,-24.8144,wait,1,1,-45.0521,True
9885,9,3,5,13,wait,2,2,-36.6668,wait,2,2,-67.9388,False
9886,9,3,5,14,wait,0,2,-82.2285,wait,2,2,-84.8263,True
9887,9,3,5,15,wait,0,0,0.0,wait,0,0,0.0,False
9904,9,4,1,0,wait,2,2,-33.7531,wait,2,2,-42.6714,False
9905,9,4,1,1,wait,2,2,-33.8043,wait,2,2,-43.3932,False
9906,9,4,1,2,wait,2,2,-34.2381,wait,2,2,-43.4215,False
9907,9,4,1,3,wait,2,2,-34.1516,wait,2,2,-43.5986,False
9908,9,4,1,4,wait,2,2,-34.3948,wait,2,2,-43.9421,False
9909,9,4,1,5,wait,2,2,-34.668,wait,2,2,-44.6948,False
9910,9,4,1,6,wait,2,2,-34.9466,wait,2,2,-44.7838,False
9911,9,4,1,7,wait,2,2,-35.5304,wait,2,2,-45.9047,False
9912,9,4,1,8,wait,2,2,-36.1175,wait,2,2,-47.1856,False
9913,9,4,1,9,wait,2,2,-38.1722,wait,2,2,-50.388,False
9914,9,4,1,10,wait,2,2,-40.8706,wait,2,2,-55.1557,False
9915,9,4,1,11,wait,2,2,-44.5241,wait,2,2,-60.9156,False
9916,9,4,1,12,wait,2,2,-49.1173,wait,2,2,-68.703,False
9917,9,4,1,13,wait,2,2,-54.3135,wait,2,2,-77.6219,False
9918,9,4,1,14,wait,2,2,-88.8589,wait,2,2,-88.931,False
9919,9,4,1,15,wait,0,0,0.0,wait,0,0,0.0,False
9920,9,4,2,0,wait,2,2,-12.0571,wait,2,2,-17.5953,False
9921,9,4,2,1,wait,2,2,-11.7915,wait,2,2,-16.5915,False
9922,9,4,2,2,wait,2,2,-12.2305,wait,2,2,-17.7264,False
9923,9,4,2,3,wait,2,2,-12.8243,wait,2,2,-19.2735,False
9924,9,4,2,4,wait,2,2,-12.9331,wait,2,2,-19.5233,False
9925,9,4,2,5,wait,2,2,-14.096,wait,2,2,-21.2575,False
9926,9,4,2,6,wait,2,2,-14.5856,wait,2,2,-21.5355,False
9927,9,4,2,7,wait,2,2,-16.8417,wait,2,2,-25.8245,False
9928,9,4,2,8,wait,2,2,-18.6005,wait,2,2,-28.2843,False
9929,9,4,2,9,wait,2,2,-21.567,wait,2,2,-33.2829,False
9930,9,4,2,10,wait,2,2,-25.8634,wait,2,2,-40.4438,False
9931,9,4,2,11,wait,2,2,-30.7342,wait,2,2,-48.6127,False
9932,9,4,2,12,wait,2,2,-37.3175,wait,2,2,-60.1607,False
9933,9,4,2,13,wait,2,2,-44.8718,wait,2,2,-72.1476,False
9934,9,4,2,14,hunt,0,2,-86.3005,hunt,2,2,-87.6622,True
9935,9,4,2,15,wait,0,0,0.0,wait,0,0,0.0,False
9936,9,4,3,0,wait,2,2,0.4348,wait,2,2,-0.3385,False
9937,9,4,3,1,wait,2,2,0.811,wait,2,2,-0.2931,False
9938,9,4,3,2,wait,2,2,0.2951,wait,2,2,-0.9727,False
9939,9,4,3,3,wait,2,2,-1.1303,wait,2,2,-2.9857,False
9940,9,4,3,4,wait,2,2,-0.9866,wait,2,2,-2.7352,False
9941,9,4,3,5,wait,2,2,-1.3836,wait,2,2,-3.8212,False
9942,9,4,3,6,wait,2,2,-3.9635,wait,2,2,-8.0728,False
9943,9,4,3,7,wait,2,2,-6.5802,wait,2,2,-12.2273,False
9944,9,4,3,8,wait,2,2,-9.8206,wait,2,2,-17.626,False
9945,9,4,3,9,wait,2,2,-13.6091,wait,2,2,-24.3749,False
9946,9,4,3,10,wait,2,2,-18.2776,wait,2,2,-31.9182,False
9947,9,4,3,11,wait,2,2,-25.169,wait,2,2,-43.4465,False
9948,9,4,3,12,wait,2,2,-31.7141,wait,2,2,-54.0451,False
9949,9,4,3,13,wait,2,2,-40.9765,wait,2,2,-69.6832,False
9950,9,4,3,14,wait,2,2,-84.3668,wait,2,2,-86.7764,False
9951,9,4,3,15,wait,0,0,0.0,wait,0,0,0.0,False
9952,9,4,4,0,hunt,2,2,6.7721,wait,2,2,6.6918,True
9953,9,4,4,1,wait,2,2,8.7729,wait,2,2,10.0,False
9954,9,4,4,2,hunt,2,2,6.7711,wait,2,2,6.5025,True
9955,9,4,4,3,hunt,2,2,5.084,wait,2,2,6.3735,True
9956,9,4,4,4,hunt,2,2,5.2099,wait,2,2,5.9881,True
9957,9,4,4,5,wait,2,2,6.4442,wait,2,2,5.8227,False
9958,9,4,4,6,wait,2,2,4.5646,wait,2,2,2.6998,False
9959,9,4,4,7,wait,2,2,1.0314,wait,1,1,0.8013,True
9960,9,4,4,8,wait,2,2,-2.715,wait,2,2,-9.423,False
9961,9,4,4,9,wait,2,1,-7.0356,wait,2,2,-16.5634,True
9962,9,4,4,10,wait,2,2,-12.2628,wait,2,2,-25.2259,False
9963,9,4,4,11,wait,2,2,-18.8138,wait,1,1,-35.0925,True
9964,9,4,4,12,wait,2,2,-26.6917,wait,1,1,-47.049,True
9965,9,4,4,13,hunt,2,2,-37.4503,wait,1,0,-62.5887,True
9966,9,4,4,14,wait,0,2,-83.0313,hunt,2,2,-85.1008,True
9967,9,4,4,15,wait,0,0,0.0,wait,0,0,0.0,False
9968,9,4,5,0,wait,2,0,4.3236,wait,1,2,7.8943,True
9969,9,4,5,1,hunt,2,1,8.944,hunt,2,1,10.8403,False
9970,9,4,5,2,hunt,2,1,8.6066,hunt,2,1,10.2401,False
9971,9,4,5,3,hunt,1,1,9.0247,hunt,1,1,11.7139,False
9972,9,4,5,4,wait,1,1,9.6178,wait,1,1,12.5947,False
9973,9,4,5,5,wait,2,2,6.5935,wait,1,1,7.794,True
9974,9,4,5,6,hunt,1,2,2.5943,wait,1,1,5.9527,True
9975,9,4,5,7,wait,2,2,1.1987,wait,1,1,5.0468,True
9976,9,4,5,8,wait,1,1,1.1244,wait,2,1,1.9001,True
9977,9,4,5,9,hunt,2,2,-2.4556,wait,1,1,-7.7912,True
9978,9,4,5,10,wait,1,1,-6.605,wait,1,1,-14.34,False
9979,9,4,5,11,wait,1,1,-12.4363,wait,1,1,-24.1722,False
9980,9,4,5,12,wait,1,0,-20.1878,wait,1,0,-33.8039,False
9981,9,4,5,13,wait,2,0,-32.1116,wait,1,0,-53.4094,True
9982,9,4,5,14,wait,1,2,-82.4775,hunt,2,2,-85.714,True
9983,9,4,5,15,wait,0,0,0.0,wait,0,0,0.0,False
10000,9,5,1,0,wait,2,2,-30.8187,wait,2,2,-37.9367,False
10001,9,5,1,1,wait,2,2,-31.3422,wait,2,2,-39.0424,False
10002,9,5,1,2,wait,2,2,-31.5066,wait,2,2,-39.8708,False
10003,9,5,1,3,wait,2,2,-31.9055,wait,2,2,-39.2813,False
10004,9,5,1,4,wait,2,2,-31.4638,wait,2,2,-39.6398,False
10005,9,5,1,5,wait,2,2,-31.9281,wait,2,2,-40.0311,False
10006,9,5,1,6,wait,2,2,-32.6281,wait,2,2,-41.3368,False
10007,9,5,1,7,wait,2,2,-33.4914,wait,2,2,-42.7789,False
10008,9,5,1,8,wait,2,2,-35.2156,wait,2,2,-45.4843,False
10009,9,5,1,9,wait,2,2,-36.5751,wait,2,2,-48.1179,False
10010,9,5,1,10,wait,2,2,-40.0178,wait,2,2,-53.8068,False
10011,9,5,1,11,wait,2,2,-43.8881,wait,2,2,-59.8959,False
10012,9,5,1,12,wait,2,2,-48.6673,wait,2,2,-67.7599,False
10013,9,5,1,13,hunt,2,2,-54.8294,hunt,2,2,-78.1731,False
10014,9,5,1,14,hunt,2,2,-88.9089,hunt,2,2,-89.2376,False
10015,9,5,1,15,wait,0,0,0.0,wait,0,0,0.0,False
10016,9,5,2,0,wait,2,2,-8.1318,wait,2,2,-11.2885,False
10017,9,5,2,1,wait,2,2,-8.5924,wait,2,2,-12.031,False
10018,9,5,2,2,wait,2,2,-8.4766,wait,2,2,-11.6927,False
10019,9,5,2,3,wait,2,2,-9.4093,wait,2,2,-13.411,False
10020,9,5,2,4,wait,2,2,-9.69,wait,2,2,-13.8057,False
10021,9,5,2,5,wait,2,2,-11.2557,wait,2,2,-16.8239,False
10022,9,5,2,6,wait,2,2,-12.3166,wait,2,2,-18.4323,False
10023,9,5,2,7,wait,2,2,-14.3917,wait,2,2,-21.2123,False
10024,9,5,2,8,wait,2,2,-16.8892,wait,2,2,-25.4525,False
10025,9,5,2,9,wait,2,2,-20.7754,wait,2,2,-31.6641,False
10026,9,5,2,10,wait,2,2,-24.414,wait,2,2,-39.0039,False
10027,9,5,2,11,wait,2,2,-30.5428,wait,2,2,-48.2234,False
10028,9,5,2,12,hunt,2,2,-37.313,hunt,2,2,-59.5972,False
10029,9,5,2,13,wait,2,2,-45.0313,wait,2,2,-72.5579,False
10030,9,5,2,14,wait,1,2,-86.4359,hunt,2,2,-87.9115,True
10031,9,5,2,15,wait,0,0,0.0,wait,0,0,0.0,False
10032,9,5,3,0,wait,2,2,3.9707,wait,2,2,5.3062,False
10033,9,5,3,1,wait,2,2,3.5236,wait,2,2,4.8914,False
10034,9,5,3,2,wait,2,2,3.9702,wait,2,2,4.882,False
10035,9,5,3,3,wait,2,2,3.2156,wait,2,2,3.9995,False
10036,9,5,3,4,wait,2,2,1.6649,wait,2,2,1.5153,False
10037,9,5,3,5,wait,2,2,0.4944,hunt,2,2,-0.1757,True
10038,9,5,3,6,wait,2,2,-1.0931,wait,2,2,-3.3367,False
10039,9,5,3,7,wait,2,2,-4.4631,wait,2,2,-8.7079,False
10040,9,5,3,8,wait,2,2,-8.3272,wait,2,2,-14.8663,False
10041,9,5,3,9,wait,2,2,-12.0668,wait,2,2,-21.5376,False
10042,9,5,3,10,wait,2,2,-16.8782,wait,2,2,-29.8952,False
10043,9,5,3,11,wait,2,2,-23.1148,wait,2,2,-38.9938,False
10044,9,5,3,12,wait,2,2,-29.7799,wait,1,1,-47.9947,True
10045,9,5,3,13,wait,2,1,-38.8571,wait,2,1,-61.5847,False
10046,9,5,3,14,wait,0,1,-84.3877,hunt,2,2,-86.7041,True
10047,9,5,3,15,wait,0,0,0.0,wait,0,0,0.0,False
10048,9,5,4,0,hunt,2,2,9.9041,hunt,2,2,11.6994,False
10049,9,5,4,1,wait,2,2,10.879,wait,2,2,13.5637,False
10050,9,5,4,2,hunt,2,2,9.2189,hunt,2,2,10.7199,False
10051,9,5,4,3,hunt,2,2,8.5237,hunt,2,2,9.6256,False
10052,9,5,4,4,wait,2,1,3.6996,wait,2,2,7.4097,True
10053,9,5,4,5,hunt,2,2,6.9583,wait,2,2,6.8592,True
10054,9,5,4,6,wait,2,2,6.4505,wait,2,2,6.1304,False
10055,9,5,4,7,wait,2,2,3.5638,hunt,2,2,3.4779,True
10056,9,5,4,8,wait,2,2,-0.3816,wait,1,1,-5.2958,True
10057,9,5,4,9,wait,2,2,-4.2619,wait,1,1,-11.7642,True
10058,9,5,4,10,wait,2,2,-9.2916,wait,1,1,-18.3075,True
10059,9,5,4,11,wait,1,1,-14.7126,wait,1,1,-24.4557,False
10060,9,5,4,12,wait,1,1,-18.4439,wait,1,1,-31.9146,False
10061,9,5,4,13,wait,2,1,-31.1551,wait,1,0,-50.0512,True
10062,9,5,4,14,wait,1,2,-83.1742,hunt,2,2,-85.5031,True
10063,9,5,4,15,wait,0,0,0.0,wait,0,0,0.0,False
10064,9,5,5,0,hunt,2,2,9.8811,hunt,2,2,11.908,False
10065,9,5,5,1,wait,2,1,12.02,wait,2,1,16.134,False
10066,9,5,5,2,wait,2,2,10.7541,wait,2,2,13.384,False
10067,9,5,5,3,wait,2,2,10.6159,wait,2,2,13.0503,False
10068,9,5,5,4,wait,2,2,9.8337,wait,2,2,11.9494,False
10069,9,5,5,5,hunt,1,2,7.8743,wait,1,1,10.589,True
10070,9,5,5,6,wait,1,2,7.5783,wait,2,1,8.2703,True
10071,9,5,5,7,wait,2,2,3.84,wait,2,1,7.5446,True
10072,9,5,5,8,wait,2,1,4.4691,wait,1,1,5.7479,True
10073,9,5,5,9,wait,1,1,1.8492,wait,2,1,2.5786,True
10074,9,5,5,10,wait,2,1,0.6319,wait,1,1,-2.5669,True
10075,9,5,5,11,wait,1,1,-2.5511,wait,1,1,-7.3771,False
10076,9,5,5,12,wait,1,1,-8.3631,wait,1,1,-16.9417,False
10077,9,5,5,13,wait,2,0,-20.9221,wait,2,0,-35.2282,False
10078,9,5,5,14,wait,2,0,-82.3992,wait,2,2,-85.3007,True
10079,9,5,5,15,wait,0,0,0.0,wait,0,0,0.0,False
10096,9,6,1,0,wait,2,2,-29.5078,wait,2,2,-35.5344,False
10097,9,6,1,1,wait,2,2,-29.8936,wait,2,2,-36.3245,False
10098,9,6,1,2,wait,2,2,-29.7102,wait,2,2,-36.4835,False
10099,9,6,1,3,wait,2,2,-30.1669,wait,2,2,-37.0899,False
10100,9,6,1,4,wait,2,2,-29.9035,wait,2,2,-36.8213,False
10101,9,6,1,5,wait,2,2,-30.4623,wait,2,2,-37.5823,False
10102,9,6,1,6,wait,2,2,-30.9465,wait,2,2,-38.3793,False
10103,9,6,1,7,wait,2,2,-32.1687,wait,2,2,-40.322,False
10104,9,6,1,8,wait,2,2,-33.8458,wait,2,2,-42.885,False
10105,9,6,1,9,wait,2,2,-35.946,wait,2,2,-46.7119,False
10106,9,6,1,10,wait,2,2,-38.6357,wait,2,2,-51.2736,False
10107,9,6,1,11,wait,2,2,-42.7858,wait,2,2,-58.8016,False
10108,9,6,1,12,wait,2,2,-47.9324,wait,2,2,-66.4253,False
10109,9,6,1,13,hunt,2,2,-53.9877,hunt,2,2,-77.4278,False
10110,9,6,1,14,hunt,2,2,-88.9839,hunt,2,2,-89.6954,False
10111,9,6,1,15,wait,0,0,0.0,wait,0,0,0.0,False
10112,9,6,2,0,wait,2,2,-6.0203,wait,2,2,-7.0317,False
10113,9,6,2,1,wait,2,2,-6.1648,wait,2,2,-7.9703,False
10114,9,6,2,2,wait,2,2,-6.5616,wait,2,2,-8.1124,False
10115,9,6,2,3,wait,2,2,-7.0186,wait,2,2,-9.5171,False
10116,9,6,2,4,wait,2,2,-7.538,wait,2,2,-9.892,False
10117,9,6,2,5,wait,2,2,-9.4681,wait,2,2,-13.3231,False
10118,9,6,2,6,wait,2,2,-10.7963,wait,2,2,-15.0089,False
10119,9,6,2,7,wait,2,2,-13.1744,wait,2,2,-19.4618,False
10120,9,6,2,8,wait,2,2,-15.4884,wait,2,2,-23.0496,False
10121,9,6,2,9,wait,2,2,-18.9007,wait,2,2,-29.2424,False
10122,9,6,2,10,wait,2,2,-22.7544,wait,2,2,-34.8035,False
10123,9,6,2,11,wait,2,2,-26.7338,wait,2,2,-42.2722,False
10124,9,6,2,12,wait,2,2,-31.6423,wait,2,2,-50.4498,False
10125,9,6,2,13,wait,2,2,-38.2602,wait,2,2,-60.9517,False
10126,9,6,2,14,hunt,2,2,-86.2473,wait,2,2,-87.5918,True
10127,9,6,2,15,wait,0,0,0.0,wait,0,0,0.0,False
10128,9,6,3,0,hunt,2,2,3.5392,wait,2,2,5.1668,True
10129,9,6,3,1,hunt,2,2,3.0884,hunt,2,2,4.1986,False
10130,9,6,3,2,wait,2,2,4.4177,wait,2,2,6.1357,False
10131,9,6,3,3,wait,2,2,4.7088,wait,2,2,6.1424,False
10132,9,6,3,4,hunt,2,2,2.3203,wait,2,2,5.2298,True
10133,9,6,3,5,wait,2,2,3.0487,wait,2,2,4.2539,False
10134,9,6,3,6,wait,2,2,0.883,wait,2,2,0.0973,False
10135,9,6,3,7,wait,2,2,-2.1068,wait,2,2,-4.7297,False
10136,9,6,3,8,wait,2,2,-4.8094,wait,2,2,-8.6823,False
10137,9,6,3,9,wait,2,2,-7.9156,wait,2,2,-14.0801,False
10138,9,6,3,10,wait,2,2,-11.5918,wait,2,2,-20.4145,False
10139,9,6,3,11,wait,2,2,-16.0035,wait,2,2,-28.2729,False
10140,9,6,3,12,wait,2,2,-21.087,wait,2,2,-37.2174,False
10141,9,6,3,13,wait,2,2,-30.5565,wait,1,1,-50.5165,True
10142,9,6,3,14,wait,2,2,-84.3828,wait,2,2,-86.39,False
10143,9,6,3,15,wait,0,0,0.0,wait,0,0,0.0,False
10144,9,6,4,0,wait,2,2,12.4947,wait,2,2,16.0921,False
10145,9,6,4,1,wait,2,2,12.8509,wait,2,2,16.6307,False
10146,9,6,4,2,wait,1,2,5.5079,wait,2,2,9.5564,True
10147,9,6,4,3,hunt,2,1,4.6032,wait,2,2,8.333,True
10148,9,6,4,4,wait,2,1,5.421,wait,2,1,8.2606,False
10149,9,6,4,5,wait,2,2,12.147,wait,2,2,15.8147,False
10150,9,6,4,6,wait,2,2,10.8136,wait,2,2,13.0678,False
10151,9,6,4,7,wait,2,2,8.3113,wait,2,2,9.0863,False
10152,9,6,4,8,wait,2,2,5.2798,wait,2,2,4.0352,False
10153,9,6,4,9,wait,2,2,2.5088,wait,1,1,-0.1507,True
10154,9,6,4,10,wait,2,2,-0.8475,wait,2,2,-5.6513,False
10155,9,6,4,11,wait,2,2,-5.5563,wait,1,1,-12.0133,True
10156,9,6,4,12,wait,1,1,-11.0927,wait,1,1,-18.6453,False
10157,9,6,4,13,wait,2,1,-19.9456,wait,2,1,-33.697,False
10158,9,6,4,14,hunt,2,2,-83.0834,hunt,2,2,-85.2582,False
10159,9,6,4,15,wait,0,0,0.0,wait,0,0,0.0,False
10160,9,6,5,0,hunt,2,2,10.9215,hunt,2,2,13.7824,False
10161,9,6,5,1,hunt,2,1,12.5236,hunt,2,1,16.9865,False
10162,9,6,5,2,hunt,2,1,12.4459,hunt,2,1,16.798,False
10163,9,6,5,3,hunt,2,1,10.8126,hunt,2,1,13.7812,False
10164,9,6,5,4,hunt,1,2,11.0127,hunt,1,2,14.3298,False
10165,9,6,5,5,wait,1,1,13.5301,wait,1,1,19.1977,False
10166,9,6,5,6,hunt,1,1,11.2835,hunt,1,1,15.157,False
10167,9,6,5,7,wait,1,2,9.1133,wait,1,2,10.8955,False
10168,9,6,5,8,wait,2,1,9.8805,wait,2,1,12.0347,False
10169,9,6,5,9,wait,2,1,7.9159,wait,2,1,8.8654,False
10170,9,6,5,10,wait,1,1,8.7491,wait,1,1,10.9859,False
10171,9,6,5,11,wait,2,1,2.2219,wait,1,1,4.001,True
10172,9,6,5,12,wait,1,1,2.8246,wait,1,1,0.7388,False
10173,9,6,5,13,wait,2,1,-10.5817,wait,2,1,-21.582,False
10174,9,6,5,14,wait,2,1,-82.3039,wait,2,2,-85.1175,True
10175,9,6,5,15,wait,0,0,0.0,wait,0,0,0.0,False
10192,9,7,1,0,wait,2,2,-28.3283,wait,2,2,-33.7096,False
10193,9,7,1,1,wait,2,2,-27.9375,wait,2,2,-33.3089,False
10194,9,7,1,2,wait,2,2,-28.2273,wait,2,2,-34.2912,False
10195,9,7,1,3,wait,2,2,-28.7894,wait,2,2,-35.1239,False
10196,9,7,1,4,wait,2,2,-28.8257,wait,2,2,-34.5629,False
10197,9,7,1,5,wait,2,2,-29.648,wait,2,2,-36.0398,False
10198,9,7,1,6,wait,2,2,-30.121,wait,2,2,-36.902,False
10199,9,7,1,7,wait,2,2,-31.1993,wait,2,2,-38.7808,False
10200,9,7,1,8,wait,2,2,-33.7841,wait,2,2,-43.0668,False
10201,9,7,1,9,wait,2,2,-35.6269,wait,2,2,-45.7071,False
10202,9,7,1,10,wait,2,2,-38.7491,wait,2,2,-51.3348,False
10203,9,7,1,11,wait,2,2,-42.542,wait,2,2,-57.2742,False
10204,9,7,1,12,wait,2,2,-46.873,wait,2,2,-64.9234,False
10205,9,7,1,13,wait,2,2,-54.415,hunt,2,2,-77.9545,True
10206,9,7,1,14,hunt,2,1,-89.0405,wait,2,2,-89.549,True
10207,9,7,1,15,wait,0,0,0.0,wait,0,0,0.0,False
10208,9,7,2,0,wait,2,2,-3.6851,wait,2,2,-2.9622,False
10209,9,7,2,1,wait,2,2,-4.1665,wait,2,2,-4.2225,False
10210,9,7,2,2,wait,2,2,-4.6495,wait,2,2,-4.8389,False
10211,9,7,2,3,wait,2,2,-4.8297,wait,2,2,-5.2557,False
10212,9,7,2,4,wait,2,2,-6.0239,wait,2,2,-7.5883,False
10213,9,7,2,5,wait,2,2,-8.1074,wait,2,2,-10.5853,False
10214,9,7,2,6,wait,2,2,-9.4568,wait,2,2,-12.7774,False
10215,9,7,2,7,wait,2,2,-11.4433,wait,2,2,-16.2866,False
10216,9,7,2,8,wait,2,2,-14.1897,wait,2,2,-21.1207,False
10217,9,7,2,9,wait,2,2,-17.1864,wait,2,2,-26.0939,False
10218,9,7,2,10,wait,2,2,-20.8106,wait,2,2,-32.193,False
10219,9,7,2,11,wait,2,2,-23.9743,wait,2,2,-36.7712,False
10220,9,7,2,12,wait,2,2,-27.3473,wait,2,2,-42.6992,False
10221,9,7,2,13,wait,2,2,-31.3615,wait,2,2,-49.5089,False
10222,9,7,2,14,wait,2,2,-86.2935,hunt,2,2,-87.4172,True
10223,9,7,2,15,wait,0,0,0.0,wait,0,0,0.0,False
10224,9,7,3,0,hunt,2,2,5.3302,hunt,2,2,7.5973,False
10225,9,7,3,1,hunt,2,2,4.9215,hunt,2,2,6.9626,False
10226,9,7,3,2,wait,2,2,5.5043,wait,2,2,7.9538,False
10227,9,7,3,3,hunt,2,2,5.0998,hunt,2,2,7.1923,False
10228,9,7,3,4,hunt,2,2,3.73,wait,2,2,5.4485,True
10229,9,7,3,5,hunt,2,2,3.0049,wait,2,2,5.2554,True
10230,9,7,3,6,wait,2,2,2.7772,wait,2,2,2.5248,False
10231,9,7,3,7,wait,2,2,0.3492,wait,2,2,-0.7455,False
10232,9,7,3,8,wait,2,2,-1.8727,wait,2,2,-4.2482,False
10233,9,7,3,9,wait,2,2,-3.9179,wait,2,2,-7.7248,False
10234,9,7,3,10,wait,2,2,-6.7654,wait,2,2,-12.2744,False
10235,9,7,3,11,wait,2,2,-9.8861,wait,2,2,-17.1155,False
10236,9,7,3,12,wait,2,2,-13.3485,wait,2,2,-23.3373,False
10237,9,7,3,13,expedition,0,0,-14.1013,expedition,0,0,-23.5026,False
10238,9,7,3,14,expedition,0,0,-25.3249,expedition,0,0,-25.5744,False
10239,9,7,3,15,wait,0,0,0.0,wait,0,0,0.0,False
10240,9,7,4,0,expedition,0,0,16.7024,expedition,0,0,10.5122,False
10241,9,7,4,1,wait,2,2,14.3492,wait,2,2,19.6764,False
10242,9,7,4,2,wait,2,2,16.1501,wait,2,2,22.5584,False
10243,9,7,4,3,wait,2,2,12.9244,wait,2,2,17.0031,False
10244,9,7,4,4,expedition,0,0,16.1225,hunt,2,2,9.7795,True
10245,9,7,4,5,expedition,0,0,16.0944,wait,2,2,11.3026,True
10246,9,7,4,6,hunt,2,2,9.0959,wait,2,2,10.7383,True
10247,9,7,4,7,expedition,0,0,16.1818,wait,2,2,9.6834,True
10248,9,7,4,8,expedition,0,0,16.7735,expedition,0,0,9.7395,False
10249,9,7,4,9,wait,2,2,8.645,wait,2,2,9.5425,False
10250,9,7,4,10,expedition,0,0,16.67,expedition,0,0,9.0935,False
10251,9,7,4,11,expedition,0,0,16.8266,expedition,0,0,10.2213,False
10252,9,7,4,12,expedition,0,0,16.4331,expedition,0,0,8.3179,False
10253,9,7,4,13,expedition,0,0,15.1087,expedition,0,0,7.2797,False
10254,9,7,4,14,expedition,0,0,4.4783,expedition,0,0,4.3845,False
10255,9,7,4,15,wait,0,0,0.0,wait,0,0,0.0,False
10256,9,7,5,0,hunt,1,1,13.9318,hunt,1,1,19.7663,False
10257,9,7,5,1,hunt,1,2,12.8342,expedition,0,0,17.9824,True
10258,9,7,5,2,hunt,2,2,13.2295,hunt,2,2,17.4808,False
10259,9,7,5,3,expedition,0,0,34.9031,expedition,0,0,31.4587,False
10260,9,7,5,4,expedition,0,0,35.0202,expedition,0,0,31.4583,False
10261,9,7,5,5,expedition,0,0,34.8285,expedition,0,0,30.7512,False
10262,9,7,5,6,hunt,2,1,11.9112,expedition,0,0,16.3382,True
10263,9,7,5,7,expedition,0,0,34.3291,expedition,0,0,30.9506,False
10264,9,7,5,8,hunt,1,1,11.1623,expedition,0,0,17.602,True
10265,9,7,5,9,expedition,0,0,34.6075,expedition,0,0,30.6523,False
10266,9,7,5,10,wait,2,1,7.3928,expedition,0,0,16.7131,True
10267,9,7,5,11,expedition,0,0,34.4721,expedition,0,0,30.9144,False
10268,9,7,5,12,expedition,0,0,33.7295,expedition,0,0,29.3572,False
10269,9,7,5,13,expedition,0,0,32.896,expedition,0,0,27.6162,False
10270,9,7,5,14,expedition,0,0,26.4936,expedition,0,0,26.1329,False
10271,9,7,5,15,wait,0,0,0.0,wait,0,0,0.0,False
10288,9,8,1,0,wait,2,2,-26.0503,wait,2,2,-30.7473,False
10289,9,8,1,1,wait,2,2,-27.0862,wait,2,2,-31.4633,False
10290,9,8,1,2,wait,2,2,-26.9728,wait,2,2,-32.3091,False
10291,9,8,1,3,wait,2,2,-28.2235,wait,2,2,-33.2461,False
10292,9,8,1,4,wait,2,2,-28.241,wait,2,2,-33.6815,False
10293,9,8,1,5,wait,2,2,-28.8352,wait,2,2,-34.2231,False
10294,9,8,1,6,wait,2,2,-29.7456,wait,2,2,-36.5108,False
10295,9,8,1,7,wait,2,2,-30.8382,wait,2,2,-38.9625,False
10296,9,8,1,8,wait,2,2,-32.778,wait,2,2,-41.971,False
10297,9,8,1,9,wait,2,2,-35.1519,wait,2,2,-44.9007,False
10298,9,8,1,10,wait,2,2,-37.9027,wait,2,2,-49.4033,False
10299,9,8,1,11,wait,2,2,-41.7127,wait,2,2,-56.4531,False
10300,9,8,1,12,wait,2,2,-46.6723,wait,2,2,-64.5226,False
10301,9,8,1,13,wait,2,2,-54.7311,hunt,2,2,-78.1593,True
10302,9,8,1,14,wait,2,2,-88.8312,wait,2,2,-89.1926,False
10303,9,8,1,15,wait,0,0,0.0,wait,0,0,0.0,False
10304,9,8,2,0,wait,2,2,-2.614,wait,2,2,-2.0852,False
10305,9,8,2,1,wait,2,2,-2.906,wait,2,2,-1.9222,False
10306,9,8,2,2,wait,2,2,-3.2066,wait,2,2,-3.0047,False
10307,9,8,2,3,wait,2,2,-3.9855,wait,2,2,-4.0546,False
10308,9,8,2,4,wait,2,2,-4.6726,wait,2,2,-4.8525,False
10309,9,8,2,5,wait,2,2,-6.8883,wait,2,2,-8.5711,False
10310,9,8,2,6,wait,2,2,-8.6456,wait,2,2,-11.7674,False
10311,9,8,2,7,wait,2,2,-10.5631,wait,2,2,-15.4183,False
10312,9,8,2,8,wait,2,2,-13.0654,wait,2,2,-19.3591,False
10313,9,8,2,9,wait,2,2,-17.0357,wait,2,2,-25.835,False
10314,9,8,2,10,wait,2,2,-20.8119,wait,2,2,-31.914,False
10315,9,8,2,11,wait,2,2,-23.1866,wait,2,2,-36.0919,False
10316,9,8,2,12,wait,2,2,-26.8811,wait,2,2,-42.093,False
10317,9,8,2,13,wait,2,2,-32.1392,wait,2,2,-50.5845,False
10318,9,8,2,14,hunt,0,0,-86.2857,wait,2,2,-87.5301,True
10319,9,8,2,15,wait,0,0,0.0,wait,0,0,0.0,False
10320,9,8,3,0,hunt,2,2,6.7613,hunt,2,2,9.6807,False
10321,9,8,3,1,hunt,2,2,6.105,hunt,2,2,9.2445,False
10322,9,8,3,2,wait,2,2,6.5149,wait,2,2,9.6711,False
10323,9,8,3,3,hunt,2,2,6.455,hunt,2,2,9.2135,False
10324,9,8,3,4,wait,2,2,7.497,wait,2,2,11.0538,False
10325,9,8,3,5,wait,2,2,5.3834,wait,2,2,7.1734,False
10326,9,8,3,6,hunt,2,2,1.9897,wait,2,2,4.2109,True
10327,9,8,3,7,wait,2,2,1.3897,wait,2,2,0.7884,False
10328,9,8,3,8,wait,2,2,-1.065,wait,2,2,-2.6718,False
10329,9,8,3,9,wait,2,2,-2.7652,wait,2,2,-5.8201,False
10330,9,8,3,10,wait,2,2,-5.339,wait,2,2,-9.9477,False
10331,9,8,3,11,wait,2,2,-6.7918,wait,2,2,-13.0169,False
10332,9,8,3,12,wait,2,2,-10.647,wait,2,2,-18.2953,False
10333,9,8,3,13,expedition,0,0,-11.5826,expedition,0,0,-20.17,False
10334,9,8,3,14,expedition,0,0,-23.1199,expedition,0,0,-23.4552,False
10335,9,8,3,15,wait,0,0,0.0,wait,0,0,0.0,False
10336,9,8,4,0,expedition,0,0,18.7195,wait,2,2,13.2023,True
10337,9,8,4,1,wait,2,2,17.5901,wait,2,2,24.864,False
10338,9,8,4,2,expedition,0,0,18.952,expedition,0,0,13.4191,False
10339,9,8,4,3,expedition,0,0,19.2356,expedition,0,0,12.6789,False
10340,9,8,4,4,wait,2,2,13.3415,wait,2,2,17.4531,False
10341,9,8,4,5,wait,2,2,15.5762,wait,2,2,21.1726,False
10342,9,8,4,6,hunt,2,2,10.7872,hunt,2,2,13.3758,False
10343,9,8,4,7,expedition,0,0,18.7011,expedition,0,0,12.6488,False
10344,9,8,4,8,hunt,2,2,9.7751,hunt,2,2,11.6369,False
10345,9,8,4,9,expedition,0,0,18.6223,expedition,0,0,12.6683,False
10346,9,8,4,10,wait,2,2,9.443,wait,2,2,11.5209,False
10347,9,8,4,11,wait,2,2,7.1244,expedition,0,0,8.3189,True
10348,9,8,4,12,wait,2,2,4.0302,expedition,0,0,8.1153,True
10349,9,8,4,13,expedition,0,0,17.0707,expedition,0,0,8.8228,False
10350,9,8,4,14,expedition,0,0,7.4917,expedition,0,0,7.5066,False
10351,9,8,4,15,wait,0,0,0.0,wait,0,0,0.0,False
10352,9,8,5,0,hunt,2,2,15.6133,hunt,2,2,21.2941,False
10353,9,8,5,1,hunt,1,1,15.371,hunt,1,1,22.1794,False
10354,9,8,5,2,hunt,2,2,14.98,hunt,2,2,20.4721,False
10355,9,8,5,3,wait,1,2,17.4989,wait,1,2,24.7535,False
10356,9,8,5,4,expedition,0,0,36.7305,expedition,0,0,33.5658,False
10357,9,8,5,5,expedition,0,0,36.2064,expedition,0,0,33.1704,False
10358,9,8,5,6,expedition,0,0,36.1943,expedition,0,0,33.0984,False
10359,9,8,5,7,hunt,1,2,11.9252,expedition,0,0,19.6118,True
10360,9,8,5,8,hunt,1,2,13.3071,hunt,1,2,18.1913,False
10361,9,8,5,9,hunt,2,1,11.2446,expedition,0,0,17.3475,True
10362,9,8,5,10,hunt,1,1,12.6294,hunt,1,1,18.0194,False
10363,9,8,5,11,expedition,0,0,36.1059,expedition,0,0,32.311,False
10364,9,8,5,12,expedition,0,0,35.7141,expedition,0,0,31.7686,False
10365,9,8,5,13,expedition,0,0,35.0695,expedition,0,0,30.4611,False
10366,9,8,5,14,expedition,0,0,28.2782,expedition,0,0,28.9269,False
10367,9,8,5,15,wait,0,0,0.0,wait,0,0,0.0,False
10384,9,9,1,0,wait,2,2,-26.637,wait,2,2,-31.0163,False
10385,9,9,1,1,wait,2,2,-25.9695,wait,2,2,-30.4754,False
10386,9,9,1,2,wait,2,2,-26.9811,wait,2,2,-31.1736,False
10387,9,9,1,3,wait,2,2,-27.1387,wait,2,2,-31.6652,False
10388,9,9,1,4,wait,2,2,-27.976,wait,2,2,-33.2673,False
10389,9,9,1,5,wait,2,2,-28.7303,wait,2,2,-34.1748,False
10390,9,9,1,6,wait,2,2,-29.3929,wait,2,2,-36.0376,False
10391,9,9,1,7,wait,2,2,-30.4699,wait,2,2,-37.5574,False
10392,9,9,1,8,wait,2,2,-32.2005,wait,2,2,-40.8097,False
10393,9,9,1,9,wait,2,2,-34.8924,wait,2,2,-45.1207,False
10394,9,9,1,10,wait,2,2,-37.2047,wait,2,2,-48.8536,False
10395,9,9,1,11,wait,2,2,-40.938,wait,2,2,-54.8168,False
10396,9,9,1,12,wait,2,2,-45.1794,wait,2,2,-62.3102,False
10397,9,9,1,13,wait,2,2,-54.72,wait,2,2,-77.8278,False
10398,9,9,1,14,wait,2,2,-88.9852,wait,2,2,-89.4085,False
10399,9,9,1,15,wait,0,0,0.0,wait,0,0,0.0,False
10400,9,9,2,0,wait,2,2,-1.7774,wait,2,2,-0.4573,False
10401,9,9,2,1,wait,2,2,-2.1777,wait,2,2,-1.0834,False
10402,9,9,2,2,wait,2,2,-2.8915,wait,2,2,-2.624,False
10403,9,9,2,3,wait,2,2,-2.5646,wait,2,2,-1.5749,False
10404,9,9,2,4,wait,2,2,-4.0633,wait,2,2,-4.2662,False
10405,9,9,2,5,wait,2,2,-6.3751,wait,2,2,-8.1684,False
10406,9,9,2,6,wait,2,2,-7.9067,wait,2,2,-11.0486,False
10407,9,9,2,7,wait,2,2,-9.894,wait,2,2,-14.4445,False
10408,9,9,2,8,wait,2,2,-12.4021,wait,2,2,-18.2657,False
10409,9,9,2,9,wait,2,2,-15.4654,wait,2,2,-22.8098,False
10410,9,9,2,10,wait,2,2,-17.5419,wait,2,2,-26.3819,False
10411,9,9,2,11,wait,2,2,-17.2612,wait,2,2,-26.7031,False
10412,9,9,2,12,wait,2,2,-17.4367,wait,2,2,-26.6,False
10413,9,9,2,13,wait,2,2,-18.1612,wait,2,2,-27.7641,False
10414,9,9,2,14,wait,2,2,-86.279,wait,2,2,-87.5431,False
10415,9,9,2,15,wait,0,0,0.0,wait,0,0,0.0,False
10416,9,9,3,0,wait,2,2,8.7586,wait,2,2,13.3506,False
10417,9,9,3,1,wait,2,2,6.1714,wait,2,2,9.0228,False
10418,9,9,3,2,wait,2,2,5.7243,wait,2,2,7.7333,False
10419,9,9,3,3,wait,2,2,6.2998,wait,2,2,8.9938,False
10420,9,9,3,4,hunt,2,2,5.5961,hunt,2,2,8.2272,False
10421,9,9,3,5,wait,2,2,6.3604,wait,2,2,8.9454,False
10422,9,9,3,6,wait,2,2,5.2903,wait,2,2,7.3015,False
10423,9,9,3,7,wait,2,2,4.0078,wait,2,2,6.0045,False
10424,9,9,3,8,wait,2,2,3.5637,wait,2,2,4.7897,False
10425,9,9,3,9,wait,2,2,3.7902,wait,2,2,5.1923,False
10426,9,9,3,10,wait,2,2,3.1465,wait,2,2,3.6787,False
10427,9,9,3,11,wait,2,2,3.1888,wait,2,2,4.0951,False
10428,9,9,3,12,wait,2,2,3.4884,wait,2,2,4.0965,False
10429,9,9,3,13,wait,2,2,2.1866,wait,2,2,2.9219,False
10430,9,9,3,14,expedition,0,0,-21.4666,expedition,0,0,-21.8213,False
10431,9,9,3,15,wait,0,0,0.0,wait,0,0,0.0,False
10432,9,9,4,0,hunt,2,2,14.6029,hunt,2,2,19.7347,False
10433,9,9,4,1,wait,2,2,18.5469,wait,2,2,26.5285,False
10434,9,9,4,2,wait,2,2,19.9836,wait,2,2,28.6305,False
10435,9,9,4,3,expedition,0,0,20.732,expedition,0,0,15.9477,False
10436,9,9,4,4,expedition,0,0,20.9001,expedition,0,0,14.6676,False
10437,9,9,4,5,wait,2,2,20.1625,wait,2,2,28.952,False
10438,9,9,4,6,wait,2,2,19.9259,wait,2,2,28.7322,False
10439,9,9,4,7,hunt,2,2,13.0111,hunt,2,2,17.1543,False
10440,9,9,4,8,expedition,0,0,20.7633,expedition,0,0,15.5222,False
10441,9,9,4,9,wait,2,2,20.2678,wait,2,2,29.0835,False
10442,9,9,4,10,wait,1,2,5.504,wait,2,2,12.1151,True
10443,9,9,4,11,expedition,0,0,20.9503,expedition,0,0,15.4552,False
10444,9,9,4,12,wait,2,2,19.4828,wait,2,2,27.7121,False
10445,9,9,4,13,expedition,0,0,18.7716,wait,2,2,13.1839,True
10446,9,9,4,14,expedition,0,0,8.8547,expedition,0,0,8.5748,False
10447,9,9,4,15,wait,0,0,0.0,wait,0,0,0.0,False
10448,9,9,5,0,expedition,0,0,38.2581,expedition,0,0,35.9717,False
10449,9,9,5,1,expedition,0,0,37.8396,expedition,0,0,35.2076,False
10450,9,9,5,2,expedition,0,0,38.2724,expedition,0,0,35.749,False
10451,9,9,5,3,hunt,2,1,16.1057,hunt,2,1,22.6999,False
10452,9,9,5,4,hunt,2,1,16.4113,hunt,2,1,23.4479,False
10453,9,9,5,5,expedition,0,0,38.1124,expedition,0,0,36.3243,False
10454,9,9,5,6,wait,2,1,17.2938,wait,2,1,24.7247,False
10455,9,9,5,7,wait,2,2,16.3303,wait,2,2,23.1414,False
10456,9,9,5,8,hunt,1,2,14.9333,hunt,1,2,20.8968,False
10457,9,9,5,9,hunt,1,1,15.4507,hunt,1,1,22.3559,False
10458,9,9,5,10,hunt,1,1,20.861,hunt,1,1,31.7415,False
10459,9,9,5,11,expedition,0,0,37.7143,expedition,0,0,34.9547,False
10460,9,9,5,12,hunt,1,2,6.3409,expedition,0,0,17.4726,True
10461,9,9,5,13,hunt,1,1,18.4995,hunt,1,1,27.637,False
10462,9,9,5,14,expedition,0,0,30.378,expedition,0,0,30.7824,False
10463,9,9,5,15,wait,0,0,0.0,wait,0,0,0.0,False
10480,9,10,1,0,wait,2,2,-25.5272,wait,2,2,-29.3483,False
10481,9,10,1,1,wait,2,2,-26.2594,wait,2,2,-30.4025,False
10482,9,10,1,2,wait,2,2,-26.3418,wait,2,2,-31.0466,False
10483,9,10,1,3,wait,2,2,-27.083,wait,2,2,-31.1755,False
10484,9,10,1,4,wait,2,2,-27.6666,wait,2,2,-33.1985,False
10485,9,10,1,5,wait,2,2,-28.3243,wait,2,2,-34.1844,False
10486,9,10,1,6,wait,2,2,-29.127,wait,2,2,-36.0403,False
10487,9,10,1,7,wait,2,2,-30.6251,wait,2,2,-37.9437,False
10488,9,10,1,8,hunt,2,2,-32.8194,hunt,2,2,-41.9172,False
10489,9,10,1,9,wait,2,2,-34.6817,wait,2,2,-44.741,False
10490,9,10,1,10,wait,2,2,-37.2594,wait,2,2,-48.8184,False
10491,9,10,1,11,wait,2,2,-40.5983,wait,2,2,-54.1024,False
10492,9,10,1,12,wait,2,2,-44.334,wait,2,2,-60.7457,False
10493,9,10,1,13,wait,2,2,-54.8891,wait,2,2,-78.0822,False
10494,9,10,1,14,hunt,2,2,-89.1366,wait,2,2,-89.7402,True
10495,9,10,1,15,wait,0,0,0.0,wait,0,0,0.0,False
10496,9,10,2,0,wait,2,2,-1.5962,wait,2,2,0.2424,False
10497,9,10,2,1,wait,2,2,-2.0976,wait,2,2,-0.7212,False
10498,9,10,2,2,wait,2,2,-2.3933,wait,2,2,-1.0529,False
10499,9,10,2,3,wait,2,2,-2.2,wait,2,2,-0.2694,False
10500,9,10,2,4,wait,2,2,-3.2538,wait,2,2,-2.7226,False
10501,9,10,2,5,hunt,2,2,-5.7525,wait,2,2,-7.8965,True
10502,9,10,2,6,wait,2,2,-7.6815,wait,2,2,-10.4355,False
10503,9,10,2,7,wait,2,2,-9.3495,wait,2,2,-13.2528,False
10504,9,10,2,8,wait,2,2,-11.6252,wait,2,2,-16.485,False
10505,9,10,2,9,wait,2,2,-14.4136,wait,2,2,-21.541,False
10506,9,10,2,10,wait,2,2,-17.5698,wait,2,2,-27.1034,False
10507,9,10,2,11,wait,2,2,-16.9243,wait,2,2,-26.2593,False
10508,9,10,2,12,wait,2,2,-17.6825,wait,2,2,-26.3607,False
10509,9,10,2,13,wait,2,2,-18.3416,wait,2,2,-27.8396,False
10510,9,10,2,14,wait,2,2,-86.1345,wait,2,2,-87.313,False
10511,9,10,2,15,wait,0,0,0.0,wait,0,0,0.0,False
10512,9,10,3,0,hunt,2,2,8.4738,hunt,2,2,13.0956,False
10513,9,10,3,1,hunt,2,2,7.4892,hunt,2,2,10.9437,False
10514,9,10,3,2,wait,2,2,5.8763,wait,2,2,8.1969,False
10515,9,10,3,3,wait,2,2,5.5686,wait,2,2,8.0969,False
10516,9,10,3,4,wait,2,2,9.275,wait,2,2,14.341,False
10517,9,10,3,5,hunt,2,2,4.9305,hunt,2,2,7.5509,False
10518,9,10,3,6,hunt,2,2,3.5445,wait,2,2,5.1416,True
10519,9,10,3,7,hunt,2,2,1.8464,wait,2,2,3.6773,True
10520,9,10,3,8,wait,2,2,3.7168,wait,2,2,5.7109,False
10521,9,10,3,9,wait,2,2,4.4363,wait,2,2,6.144,False
10522,9,10,3,10,wait,2,2,3.5281,wait,2,2,4.8127,False
10523,9,10,3,11,wait,2,2,3.781,wait,2,2,4.7549,False
10524,9,10,3,12,wait,2,2,3.5145,wait,2,2,4.6793,False
10525,9,10,3,13,wait,2,2,2.3476,wait,2,2,3.1272,False
10526,9,10,3,14,expedition,0,0,-20.7513,expedition,0,0,-20.3538,False
10527,9,10,3,15,wait,0,0,0.0,wait,0,0,0.0,False
10528,9,10,4,0,wait,2,2,20.3234,wait,2,2,29.4482,False
10529,9,10,4,1,wait,2,2,20.2308,wait,2,2,28.924,False
10530,9,10,4,2,expedition,0,0,21.2203,expedition,0,0,16.4588,False
10531,9,10,4,3,hunt,2,2,14.3161,hunt,2,2,19.2766,False
10532,9,10,4,4,hunt,2,2,17.6101,hunt,2,2,24.7909,False
10533,9,10,4,5,wait,1,1,5.834,wait,2,2,14.7918,True
10534,9,10,4,6,hunt,2,2,12.6894,hunt,2,2,16.6258,False
10535,9,10,4,7,expedition,0,0,21.3141,expedition,0,0,16.1178,False
10536,9,10,4,8,wait,2,2,20.0602,wait,2,2,28.7975,False
10537,9,10,4,9,hunt,2,2,10.3571,hunt,2,2,12.9202,False
10538,9,10,4,10,hunt,2,2,13.3354,hunt,2,2,17.7586,False
10539,9,10,4,11,expedition,0,0,20.9332,expedition,0,0,14.6853,False
10540,9,10,4,12,hunt,2,2,8.0043,wait,2,2,14.3446,True
10541,9,10,4,13,expedition,0,0,18.5635,wait,2,2,12.6619,True
10542,9,10,4,14,expedition,0,0,8.6593,expedition,0,0,8.1268,False
10543,9,10,4,15,wait,0,0,0.0,wait,0,0,0.0,False
10544,9,10,5,0,expedition,0,0,38.3402,expedition,0,0,35.208,False
10545,9,10,5,1,hunt,2,2,16.1444,hunt,2,2,22.3075,False
10546,9,10,5,2,expedition,0,0,38.1017,expedition,0,0,35.1215,False
10547,9,10,5,3,hunt,2,1,18.7336,hunt,2,1,27.0055,False
10548,9,10,5,4,expedition,0,0,37.925,expedition,0,0,34.7314,False
10549,9,10,5,5,expedition,0,0,38.5963,expedition,0,0,35.9515,False
10550,9,10,5,6,expedition,0,0,38.6364,expedition,0,0,35.995,False
10551,9,10,5,7,wait,2,1,19.2913,wait,2,1,27.8413,False
10552,9,10,5,8,hunt,1,2,21.5564,hunt,1,2,32.0017,False
10553,9,10,5,9,expedition,0,0,37.9387,expedition,0,0,35.3668,False
10554,9,10,5,10,expedition,0,0,38.0026,expedition,0,0,35.4405,False
10555,9,10,5,11,hunt,2,2,13.5641,expedition,0,0,20.0188,True
10556,9,10,5,12,expedition,0,0,37.3519,expedition,0,0,34.6447,False
10557,9,10,5,13,expedition,0,0,36.3324,expedition,0,0,32.2123,False
10558,9,10,5,14,expedition,0,0,30.4971,expedition,0,0,30.2761,False
10559,9,10,5,15,wait,0,0,0.0,wait,0,0,0.0,False
10576,10,0,1,0,wait,2,0,-98.8917,wait,2,0,-98.8984,False
10577,10,0,1,1,wait,2,0,-98.8916,wait,2,0,-98.8984,False
10578,10,0,1,2,wait,2,0,-98.8916,wait,2,0,-98.8984,False
10579,10,0,1,3,wait,2,0,-98.8916,wait,2,0,-98.8984,False
10580,10,0,1,4,wait,2,0,-98.8916,wait,2,0,-98.8984,False
10581,10,0,1,5,wait,2,0,-98.8916,wait,2,0,-98.8984,False
10582,10,0,1,6,wait,2,0,-98.8915,wait,2,0,-98.8984,False
10583,10,0,1,7,wait,2,0,-98.8916,wait,2,0,-98.8984,False
10584,10,0,1,8,wait,2,0,-98.8916,wait,2,0,-98.8984,False
10585,10,0,1,9,wait,2,0,-98.8916,wait,2,0,-98.8984,False
10586,10,0,1,10,wait,2,0,-98.8915,wait,2,0,-98.8984,False
10587,10,0,1,11,wait,2,0,-98.8916,wait,2,0,-98.8984,False
10588,10,0,1,12,wait,2,0,-98.8916,wait,2,0,-98.8984,False
10589,10,0,1,13,wait,2,0,-98.8916,wait,2,0,-98.8984,False
10590,10,0,1,14,wait,2,0,-98.8916,wait,2,0,-98.8984,False
10591,10,0,1,15,wait,0,0,0.0,wait,0,0,0.0,False
10592,10,0,2,0,wait,2,0,-68.2561,wait,2,0,-81.9981,False
10593,10,0,2,1,wait,1,0,-67.8022,wait,1,0,-81.562,False
10594,10,0,2,2,wait,2,0,-67.6833,wait,1,0,-82.0022,True
10595,10,0,2,3,wait,1,0,-67.8969,wait,1,0,-81.441,False
10596,10,0,2,4,wait,1,0,-67.8819,wait,1,0,-82.181,False
10597,10,0,2,5,wait,2,0,-68.5881,wait,1,0,-82.2501,True
10598,10,0,2,6,wait,1,0,-67.9934,wait,1,0,-81.7501,False
10599,10,0,2,7,wait,1,0,-68.4342,wait,1,0,-81.863,False
10600,10,0,2,8,wait,2,0,-67.9909,wait,2,0,-82.6394,False
10601,10,0,2,9,wait,1,0,-69.1532,wait,1,0,-83.6669,False
10602,10,0,2,10,wait,2,0,-68.8937,wait,2,0,-83.6347,False
10603,10,0,2,11,wait,2,0,-69.7714,wait,2,0,-84.9289,False
10604,10,0,2,12,wait,2,0,-70.5433,wait,1,0,-86.4672,True
10605,10,0,2,13,wait,2,0,-72.5336,wait,2,0,-88.9466,False
10606,10,0,2,14,wait,2,0,-93.6628,wait,2,0,-93.5362,False
10607,10,0,2,15,wait,0,0,0.0,wait,0,0,0.0,False
10608,10,0,3,0,wait,1,0,-44.2386,wait,1,0,-58.8913,False
10609,10,0,3,1,wait,1,0,-44.2532,wait,1,0,-59.7361,False
10610,10,0,3,2,wait,1,0,-44.6188,wait,1,0,-60.3545,False
10611,10,0,3,3,wait,2,0,-44.7107,wait,2,0,-59.7546,False
10612,10,0,3,4,wait,1,0,-44.5795,wait,1,0,-60.3959,False
10613,10,0,3,5,wait,2,0,-44.9992,wait,1,0,-60.8157,True
10614,10,0,3,6,wait,2,0,-45.2716,wait,2,0,-61.3825,False
10615,10,0,3,7,wait,2,0,-45.7852,wait,2,0,-62.2565,False
10616,10,0,3,8,wait,2,0,-46.194,wait,2,0,-62.7249,False
10617,10,0,3,9,wait,2,0,-47.5313,wait,1,0,-64.8004,True
10618,10,0,3,10,wait,2,0,-48.3275,wait,2,0,-66.7971,False
10619,10,0,3,11,wait,2,0,-50.8729,wait,2,0,-70.886,False
10620,10,0,3,12,wait,2,0,-53.4345,wait,2,0,-75.4597,False
10621,10,0,3,13,wait,2,0,-57.2828,wait,1,0,-81.2095,True
10622,10,0,3,14,wait,2,0,-90.9048,wait,1,0,-90.643,True
10623,10,0,3,15,wait,0,0,0.0,wait,0,0,0.0,False
10624,10,0,4,0,wait,1,0,-23.6758,wait,1,0,-35.7723,False
10625,10,0,4,1,wait,1,0,-23.3347,wait,1,0,-34.6281,False
10626,10,0,4,2,wait,1,0,-23.9861,wait,1,0,-36.079,False
10627,10,0,4,3,wait,2,0,-24.4266,wait,2,0,-37.0811,False
10628,10,0,4,4,wait,1,0,-24.3167,wait,1,0,-37.3053,False
10629,10,0,4,5,wait,1,0,-25.1222,wait,1,0,-37.8797,False
10630,10,0,4,6,wait,1,0,-26.2154,wait,1,0,-40.0098,False
10631,10,0,4,7,wait,1,0,-27.1313,wait,1,0,-41.6518,False
10632,10,0,4,8,wait,2,0,-28.2872,wait,2,0,-44.1824,False
10633,10,0,4,9,wait,2,0,-30.3156,wait,2,0,-46.7396,False
10634,10,0,4,10,wait,2,0,-33.1658,wait,2,0,-52.0729,False
10635,10,0,4,11,wait,2,0,-37.0754,wait,2,0,-58.4675,False
10636,10,0,4,12,wait,2,0,-41.6194,wait,1,0,-65.7148,True
10637,10,0,4,13,wait,2,0,-47.1628,wait,2,0,-75.1798,False
10638,10,0,4,14,wait,2,0,-89.0942,wait,2,0,-88.9112,False
10639,10,0,4,15,wait,0,0,0.0,wait,0,0,0.0,False
10640,10,0,5,0,wait,1,0,-9.8503,wait,1,0,-15.9112,False
10641,10,0,5,1,wait,1,0,-9.5719,wait,1,0,-15.2778,False
10642,10,0,5,2,wait,1,0,-9.9647,wait,1,0,-16.4003,False
10643,10,0,5,3,wait,1,0,-10.2244,wait,1,0,-17.0219,False
10644,10,0,5,4,wait,2,0,-11.4316,wait,1,0,-18.7893,True
10645,10,0,5,5,wait,1,0,-12.021,wait,1,0,-19.813,False
10646,10,0,5,6,wait,2,0,-13.8033,wait,2,0,-23.2221,False
10647,10,0,5,7,wait,2,0,-15.4037,wait,2,0,-25.8288,False
10648,10,0,5,8,wait,2,0,-18.3075,wait,2,0,-30.4462,False
10649,10,0,5,9,wait,2,0,-21.4031,wait,1,0,-35.7101,True
10650,10,0,5,10,wait,2,0,-25.2232,wait,2,0,-42.2731,False
10651,10,0,5,11,wait,2,0,-29.9529,wait,2,0,-49.9513,False
10652,10,0,5,12,wait,2,0,-36.1373,wait,2,0,-60.39,False
10653,10,0,5,13,wait,2,0,-43.8096,wait,1,0,-73.2656,True
10654,10,0,5,14,wait,2,0,-88.4004,wait,2,0,-88.4255,False
10655,10,0,5,15,wait,0,0,0.0,wait,0,0,0.0,False
10672,10,1,1,0,wait,2,1,-67.1628,wait,2,1,-80.8358,False
10673,10,1,1,1,wait,2,1,-67.2466,wait,2,1,-81.0589,False
10674,10,1,1,2,wait,1,1,-67.4607,wait,1,1,-80.9306,False
10675,10,1,1,3,wait,1,1,-67.1768,wait,1,1,-80.8449,False
10676,10,1,1,4,wait,2,1,-67.2043,wait,2,1,-81.1216,False
10677,10,1,1,5,wait,1,1,-66.9786,wait,1,1,-81.0426,False
10678,10,1,1,6,wait,2,1,-67.588,wait,2,1,-81.2393,False
10679,10,1,1,7,wait,1,1,-67.7748,wait,1,1,-81.3377,False
10680,10,1,1,8,wait,2,1,-67.4429,wait,2,1,-81.1296,False
10681,10,1,1,9,wait,2,1,-67.7549,wait,2,1,-81.499,False
10682,10,1,1,10,wait,2,1,-68.0032,wait,2,1,-81.953,False
10683,10,1,1,11,wait,1,1,-69.5142,wait,2,1,-84.4653,True
10684,10,1,1,12,wait,2,1,-69.6639,wait,2,1,-85.4395,False
10685,10,1,1,13,wait,2,1,-71.1852,wait,2,1,-87.6895,False
10686,10,1,1,14,wait,2,1,-92.8245,wait,2,1,-92.8389,False
10687,10,1,1,15,wait,0,0,0.0,wait,0,0,0.0,False
10688,10,1,2,0,wait,2,1,-43.6949,wait,2,1,-59.5753,False
10689,10,1,2,1,wait,1,1,-43.982,wait,1,1,-59.2867,False
10690,10,1,2,2,wait,1,1,-44.0461,wait,1,1,-59.6028,False
10691,10,1,2,3,wait,1,1,-43.4768,wait,1,1,-59.1124,False
10692,10,1,2,4,wait,1,1,-43.8314,wait,1,1,-59.4623,False
10693,10,1,2,5,wait,2,1,-44.3928,wait,1,1,-60.2796,True
10694,10,1,2,6,wait,2,1,-44.8626,wait,1,1,-60.8684,True
10695,10,1,2,7,wait,1,1,-44.8875,wait,1,1,-60.8162,False
10696,10,1,2,8,wait,2,1,-45.7083,wait,2,1,-62.453,False
10697,10,1,2,9,wait,2,1,-46.816,wait,2,1,-64.4021,False
10698,10,1,2,10,wait,2,1,-47.7612,wait,2,1,-65.7738,False
10699,10,1,2,11,wait,2,1,-50.0595,wait,1,1,-69.3429,True
10700,10,1,2,12,wait,2,1,-52.8124,wait,2,1,-74.4105,False
10701,10,1,2,13,wait,1,1,-56.6587,wait,1,1,-81.4154,False
10702,10,1,2,14,wait,2,1,-90.1136,wait,2,1,-90.2155,False
10703,10,1,2,15,wait,0,0,0.0,wait,0,0,0.0,False
10704,10,1,3,0,wait,1,1,-22.8805,wait,1,1,-34.8079,False
10705,10,1,3,1,wait,1,1,-22.6502,wait,1,1,-35.1818,False
10706,10,1,3,2,wait,1,1,-22.8704,wait,1,1,-35.2744,False
10707,10,1,3,3,wait,1,1,-23.4223,wait,1,1,-35.7127,False
10708,10,1,3,4,wait,1,1,-23.3784,wait,1,1,-35.9151,False
10709,10,1,3,5,wait,1,1,-24.1475,wait,1,1,-36.9729,False
10710,10,1,3,6,wait,2,1,-25.2901,wait,2,1,-39.5254,False
10711,10,1,3,7,wait,1,1,-26.2719,wait,1,1,-40.4772,False
10712,10,1,3,8,wait,2,1,-27.797,wait,2,1,-43.8651,False
10713,10,1,3,9,wait,2,1,-29.5019,wait,2,1,-46.032,False
10714,10,1,3,10,wait,2,1,-32.5311,wait,2,1,-51.0727,False
10715,10,1,3,11,wait,2,1,-36.2039,wait,2,1,-57.4584,False
10716,10,1,3,12,wait,2,1,-40.6491,wait,2,1,-65.2239,False
10717,10,1,3,13,wait,2,1,-46.415,wait,2,1,-74.8174,False
10718,10,1,3,14,wait,2,1,-87.7993,wait,2,1,-87.7061,False
10719,10,1,3,15,wait,0,0,0.0,wait,0,0,0.0,False
10720,10,1,4,0,wait,1,1,-8.8453,wait,1,1,-15.6829,False
10721,10,1,4,1,wait,1,1,-8.4677,wait,1,1,-14.0694,False
10722,10,1,4,2,wait,1,1,-8.8775,wait,1,1,-15.3048,False
10723,10,1,4,3,wait,1,1,-9.2162,wait,1,1,-15.3283,False
10724,10,1,4,4,wait,1,1,-10.1745,wait,1,1,-17.5148,False
10725,10,1,4,5,wait,1,1,-11.0423,wait,1,1,-19.151,False
10726,10,1,4,6,wait,2,1,-12.7515,wait,2,1,-22.142,False
10727,10,1,4,7,wait,2,1,-14.7069,wait,1,1,-25.2719,True
10728,10,1,4,8,wait,1,1,-16.9226,wait,1,1,-28.5776,False
10729,10,1,4,9,wait,2,1,-20.0873,wait,1,1,-34.2741,True
10730,10,1,4,10,wait,2,1,-23.8553,wait,2,1,-40.8211,False
10731,10,1,4,11,wait,2,1,-29.117,wait,2,1,-49.5573,False
10732,10,1,4,12,wait,2,1,-35.539,wait,2,1,-59.8738,False
10733,10,1,4,13,wait,2,1,-42.3548,wait,2,1,-71.2463,False
10734,10,1,4,14,wait,2,1,-87.2252,wait,2,1,-87.0156,False
10735,10,1,4,15,wait,0,0,0.0,wait,0,0,0.0,False
10736,10,1,5,0,wait,1,1,2.4433,wait,1,1,0.6006,False
10737,10,1,5,1,wait,2,1,1.446,wait,1,1,0.6764,True
10738,10,1,5,2,wait,2,1,1.8856,wait,2,1,-1.2569,False
10739,10,1,5,3,wait,1,1,1.8668,wait,1,1,-0.252,False
10740,10,1,5,4,wait,1,1,0.9656,wait,1,1,-1.7456,False
10741,10,1,5,5,wait,1,1,-0.1373,wait,1,1,-3.8711,False
10742,10,1,5,6,wait,2,1,-2.5643,wait,1,1,-8.4535,True
10743,10,1,5,7,wait,2,1,-5.4172,wait,1,1,-12.8711,True
10744,10,1,5,8,wait,2,1,-8.8301,wait,1,1,-18.4249,True
10745,10,1,5,9,wait,1,1,-12.6553,wait,1,1,-24.5745,False
10746,10,1,5,10,wait,1,1,-17.1781,wait,1,1,-31.9946,False
10747,10,1,5,11,wait,2,1,-23.3517,wait,1,1,-42.8731,True
10748,10,1,5,12,wait,2,1,-31.1481,wait,2,1,-56.0856,False
10749,10,1,5,13,wait,2,1,-39.2681,wait,2,1,-69.5039,False
10750,10,1,5,14,wait,2,1,-85.6546,wait,2,1,-85.6448,False
10751,10,1,5,15,wait,0,0,0.0,wait,0,0,0.0,False
10768,10,2,1,0,wait,2,2,-43.1088,wait,2,2,-59.3506,False
10769,10,2,1,1,wait,2,2,-43.6523,wait,2,2,-59.48,False
10770,10,2,1,2,wait,2,2,-43.8897,wait,2,2,-59.8508,False
10771,10,2,1,3,wait,2,2,-43.9174,wait,2,2,-60.2555,False
10772,10,2,1,4,wait,2,2,-43.5781,wait,2,2,-59.5735,False
10773,10,2,1,5,wait,2,2,-43.7467,wait,2,2,-59.6847,False
10774,10,2,1,6,wait,2,2,-44.2134,wait,2,2,-61.2076,False
10775,10,2,1,7,wait,2,2,-44.5846,wait,2,2,-60.4961,False
10776,10,2,1,8,wait,2,2,-45.3407,wait,2,2,-62.3618,False
10777,10,2,1,9,wait,2,2,-46.3173,wait,2,2,-64.0006,False
10778,10,2,1,10,wait,2,2,-47.0624,wait,2,2,-65.67,False
10779,10,2,1,11,wait,2,2,-49.7901,wait,2,2,-70.0252,False
10780,10,2,1,12,wait,2,2,-51.9381,wait,2,2,-73.1826,False
10781,10,2,1,13,wait,2,2,-56.0247,wait,2,2,-80.4542,False
10782,10,2,1,14,wait,2,2,-89.235,wait,2,2,-89.0409,False
10783,10,2,1,15,wait,0,0,0.0,wait,0,0,0.0,False
10784,10,2,2,0,wait,2,2,-23.4434,wait,2,2,-36.6735,False
10785,10,2,2,1,wait,2,2,-23.064,wait,2,2,-36.3354,False
10786,10,2,2,2,wait,2,2,-23.0548,wait,2,2,-35.5405,False
10787,10,2,2,3,wait,2,2,-23.8023,wait,2,2,-37.2699,False
10788,10,2,2,4,wait,2,2,-23.9249,wait,2,2,-37.5112,False
10789,10,2,2,5,wait,2,2,-23.9191,wait,2,2,-37.8581,False
10790,10,2,2,6,wait,2,2,-24.9855,wait,2,2,-39.3973,False
10791,10,2,2,7,wait,2,2,-25.3677,wait,2,2,-39.5592,False
10792,10,2,2,8,wait,2,2,-27.4062,wait,2,2,-43.5923,False
10793,10,2,2,9,wait,2,2,-29.2896,wait,2,2,-46.244,False
10794,10,2,2,10,wait,2,2,-32.0844,wait,2,2,-50.5702,False
10795,10,2,2,11,wait,2,2,-35.4838,wait,2,2,-56.5962,False
10796,10,2,2,12,wait,2,2,-40.0599,wait,2,2,-64.3033,False
10797,10,2,2,13,wait,2,2,-46.0496,wait,2,2,-74.1616,False
10798,10,2,2,14,wait,2,2,-87.3362,wait,2,2,-87.1869,False
10799,10,2,2,15,wait,0,0,0.0,wait,0,0,0.0,False
10800,10,2,3,0,wait,2,2,-8.6495,wait,2,2,-15.717,False
10801,10,2,3,1,wait,2,2,-8.8677,wait,2,2,-16.0742,False
10802,10,2,3,2,wait,2,2,-9.174,wait,2,2,-16.8494,False
10803,10,2,3,3,wait,2,2,-9.3417,wait,2,2,-16.9756,False
10804,10,2,3,4,wait,2,2,-9.3588,wait,2,2,-16.6825,False
10805,10,2,3,5,wait,2,2,-10.4687,wait,2,2,-18.5933,False
10806,10,2,3,6,wait,2,2,-12.3213,wait,2,2,-21.6391,False
10807,10,2,3,7,wait,2,2,-14.0483,wait,2,2,-24.7241,False
10808,10,2,3,8,wait,2,2,-16.1284,wait,2,2,-28.6684,False
10809,10,2,3,9,wait,2,2,-19.6324,wait,2,2,-33.9562,False
10810,10,2,3,10,wait,2,2,-23.5773,wait,2,2,-40.5344,False
10811,10,2,3,11,wait,2,2,-28.1241,wait,2,2,-48.7265,False
10812,10,2,3,12,wait,2,2,-34.6123,wait,2,2,-58.931,False
10813,10,2,3,13,wait,2,2,-42.1338,wait,2,2,-71.9031,False
10814,10,2,3,14,wait,2,2,-86.1747,wait,2,2,-86.344,False
10815,10,2,3,15,wait,0,0,0.0,wait,0,0,0.0,False
10816,10,2,4,0,wait,2,2,2.6001,wait,2,2,0.0231,False
10817,10,2,4,1,wait,2,2,2.3292,wait,1,1,-0.4876,True
10818,10,2,4,2,wait,2,2,2.3736,wait,2,2,-0.6067,False
10819,10,2,4,3,wait,2,2,1.6722,wait,1,1,-1.5022,True
10820,10,2,4,4,wait,2,2,1.5092,wait,1,1,-1.6975,True
10821,10,2,4,5,wait,2,2,0.2743,wait,2,1,-2.9949,True
10822,10,2,4,6,wait,2,2,-2.0184,wait,2,2,-8.2824,False
10823,10,2,4,7,wait,2,2,-4.6017,wait,2,2,-12.0411,False
10824,10,2,4,8,wait,2,2,-7.8624,wait,2,2,-17.6837,False
10825,10,2,4,9,wait,2,2,-11.95,wait,2,2,-24.3393,False
10826,10,2,4,10,wait,2,2,-16.2686,wait,2,2,-32.5348,False
10827,10,2,4,11,wait,2,2,-22.6421,wait,2,2,-42.1779,False
10828,10,2,4,12,wait,2,2,-30.2778,wait,2,2,-55.372,False
10829,10,2,4,13,wait,2,2,-38.5779,wait,2,2,-68.9776,False
10830,10,2,4,14,wait,1,1,-85.2704,wait,2,2,-85.898,True
10831,10,2,4,15,wait,0,0,0.0,wait,0,0,0.0,False
10832,10,2,5,0,wait,1,2,3.3898,wait,1,1,6.3149,True
10833,10,2,5,1,wait,2,1,6.7866,wait,2,1,7.3128,False
10834,10,2,5,2,wait,1,2,2.3748,wait,1,1,5.9388,True
10835,10,2,5,3,wait,2,1,5.6516,wait,1,1,6.5532,True
10836,10,2,5,4,wait,2,1,5.5697,wait,1,1,5.5068,True
10837,10,2,5,5,wait,2,1,3.8858,wait,1,1,4.0981,True
10838,10,2,5,6,wait,2,1,2.1536,wait,1,1,3.0232,True
10839,10,2,5,7,wait,1,1,-0.3831,wait,1,1,-4.5934,False
10840,10,2,5,8,wait,1,2,-4.361,wait,1,1,-11.2095,True
10841,10,2,5,9,wait,1,1,-8.5815,wait,1,1,-17.8959,False
10842,10,2,5,10,wait,1,1,-13.7064,wait,1,1,-26.4478,False
10843,10,2,5,11,wait,1,1,-19.6537,wait,1,1,-36.6139,False
10844,10,2,5,12,wait,2,1,-28.3839,wait,2,1,-51.299,False
10845,10,2,5,13,wait,2,1,-38.5341,wait,2,1,-68.3658,False
10846,10,2,5,14,wait,2,2,-84.69,wait,2,2,-84.9856,False
10847,10,2,5,15,wait,0,0,0.0,wait,0,0,0.0,False
10864,10,3,1,0,wait,2,2,-37.1581,wait,2,2,-49.3224,False
10865,10,3,1,1,wait,2,2,-37.956,wait,2,2,-50.1281,False
10866,10,3,1,2,wait,2,2,-37.3866,wait,2,2,-49.0853,False
10867,10,3,1,3,wait,2,2,-37.3654,wait,2,2,-48.8741,False
10868,10,3,1,4,wait,2,2,-38.3449,wait,2,2,-50.0157,False
10869,10,3,1,5,wait,2,2,-37.7341,wait,2,2,-49.7049,False
10870,10,3,1,6,wait,2,2,-38.2568,wait,2,2,-50.6697,False
10871,10,3,1,7,wait,2,2,-39.2754,wait,2,2,-52.7064,False
10872,10,3,1,8,wait,2,2,-40.0066,wait,2,2,-53.5329,False
10873,10,3,1,9,wait,2,2,-41.4583,wait,2,2,-55.8524,False
10874,10,3,1,10,wait,2,2,-43.5839,wait,2,2,-59.8032,False
10875,10,3,1,11,wait,2,2,-46.8038,wait,2,2,-65.0796,False
10876,10,3,1,12,wait,2,2,-50.5873,wait,2,2,-71.0097,False
10877,10,3,1,13,wait,2,2,-55.3466,wait,2,2,-78.8477,False
10878,10,3,1,14,hunt,2,2,-88.8639,hunt,2,2,-89.2192,False
10879,10,3,1,15,wait,0,0,0.0,wait,0,0,0.0,False
10880,10,3,2,0,wait,2,2,-15.3494,wait,2,2,-22.6541,False
10881,10,3,2,1,wait,2,2,-15.5675,wait,2,2,-23.565,False
10882,10,3,2,2,wait,2,2,-15.2897,wait,2,2,-22.8409,False
10883,10,3,2,3,wait,2,2,-15.8934,wait,2,2,-23.7874,False
10884,10,3,2,4,wait,2,2,-16.3984,wait,2,2,-24.8099,False
10885,10,3,2,5,wait,2,2,-16.8852,wait,2,2,-25.5366,False
10886,10,3,2,6,wait,2,2,-18.2307,wait,2,2,-27.3949,False
10887,10,3,2,7,wait,2,2,-19.471,wait,2,2,-30.4396,False
10888,10,3,2,8,wait,2,2,-21.7909,wait,2,2,-33.8886,False
10889,10,3,2,9,wait,2,2,-24.3608,wait,2,2,-37.9645,False
10890,10,3,2,10,wait,2,2,-28.0678,wait,2,2,-44.4255,False
10891,10,3,2,11,wait,2,2,-32.5776,wait,2,2,-51.8855,False
10892,10,3,2,12,wait,2,2,-38.414,wait,2,2,-61.0868,False
10893,10,3,2,13,wait,2,2,-45.6279,wait,2,2,-73.4744,False
10894,10,3,2,14,hunt,2,2,-86.3117,wait,2,2,-87.8846,True
10895,10,3,2,15,wait,0,0,0.0,wait,0,0,0.0,False
10896,10,3,3,0,wait,2,2,-2.0962,wait,2,2,-4.8839,False
10897,10,3,3,1,wait,2,2,-2.1307,wait,2,2,-4.7873,False
10898,10,3,3,2,wait,2,2,-2.802,wait,2,2,-6.1666,False
10899,10,3,3,3,wait,2,2,-2.7851,wait,2,2,-6.3466,False
10900,10,3,3,4,wait,2,2,-3.2189,wait,2,2,-6.8865,False
10901,10,3,3,5,wait,2,2,-4.4799,wait,2,2,-9.3083,False
10902,10,3,3,6,wait,2,2,-6.8077,wait,2,2,-12.8583,False
10903,10,3,3,7,wait,2,2,-8.873,wait,2,2,-16.1992,False
10904,10,3,3,8,wait,2,2,-12.086,wait,2,2,-21.5669,False
10905,10,3,3,9,wait,2,2,-15.6709,wait,2,2,-27.5022,False
10906,10,3,3,10,wait,2,2,-20.4414,wait,2,2,-35.1947,False
10907,10,3,3,11,wait,2,2,-26.2299,wait,2,2,-45.3044,False
10908,10,3,3,12,wait,2,2,-32.6154,wait,2,2,-55.7091,False
10909,10,3,3,13,wait,2,2,-41.3551,wait,2,2,-70.4179,False
10910,10,3,3,14,hunt,1,1,-84.2663,hunt,2,2,-86.2675,True
10911,10,3,3,15,wait,0,0,0.0,wait,0,0,0.0,False
10912,10,3,4,0,wait,2,2,7.9882,wait,2,2,8.7291,False
10913,10,3,4,1,hunt,2,2,1.6622,wait,2,2,5.1756,True
10914,10,3,4,2,hunt,2,2,1.7009,wait,2,2,5.9926,True
10915,10,3,4,3,wait,2,2,6.5175,wait,2,2,6.2901,False
10916,10,3,4,4,wait,2,2,6.4861,wait,2,2,6.1987,False
10917,10,3,4,5,wait,2,2,5.0246,wait,2,2,3.7859,False
10918,10,3,4,6,wait,2,2,2.9372,wait,1,1,1.4299,True
10919,10,3,4,7,wait,2,1,-0.6451,wait,2,2,-5.9584,True
10920,10,3,4,8,wait,2,2,-4.1197,wait,2,2,-11.4921,False
10921,10,3,4,9,wait,2,2,-8.5577,wait,2,2,-18.7281,False
10922,10,3,4,10,wait,2,2,-13.3042,wait,2,2,-26.7984,False
10923,10,3,4,11,wait,2,2,-19.8555,wait,2,2,-37.611,False
10924,10,3,4,12,wait,2,2,-27.532,wait,2,2,-50.5751,False
10925,10,3,4,13,wait,2,2,-37.867,wait,2,2,-67.4711,False
10926,10,3,4,14,wait,2,1,-83.0775,wait,2,2,-84.3105,True
10927,10,3,4,15,wait,0,0,0.0,wait,0,0,0.0,False
10928,10,3,5,0,wait,1,2,8.4287,wait,1,2,9.5775,False
10929,10,3,5,1,wait,2,2,7.7558,wait,2,2,8.4906,False
10930,10,3,5,2,hunt,1,2,2.2904,wait,1,1,7.2559,True
10931,10,3,5,3,wait,1,1,9.5611,wait,1,1,12.7252,False
10932,10,3,5,4,wait,2,2,6.5572,wait,1,1,6.6187,True
10933,10,3,5,5,wait,1,1,7.5189,wait,1,1,9.0931,False
10934,10,3,5,6,wait,2,2,2.8405,wait,2,1,5.8051,True
10935,10,3,5,7,wait,2,1,1.9052,wait,1,1,3.054,True
10936,10,3,5,8,wait,1,1,-0.8326,wait,1,1,-5.2901,False
10937,10,3,5,9,wait,1,1,-4.4318,wait,1,1,-10.9472,False
10938,10,3,5,10,wait,1,1,-9.2166,wait,1,1,-18.7957,False
10939,10,3,5,11,wait,1,1,-15.0103,wait,1,1,-28.6886,False
10940,10,3,5,12,wait,2,1,-23.9595,wait,2,1,-44.0893,False
10941,10,3,5,13,wait,2,2,-36.5417,wait,2,2,-67.2986,False
10942,10,3,5,14,wait,2,0,-82.3042,wait,2,2,-85.0793,True
10943,10,3,5,15,wait,0,0,0.0,wait,0,0,0.0,False
10960,10,4,1,0,wait,2,2,-31.977,wait,2,2,-39.407,False
10961,10,4,1,1,wait,2,2,-32.0033,wait,2,2,-40.0058,False
10962,10,4,1,2,wait,2,2,-32.6079,wait,2,2,-41.1825,False
10963,10,4,1,3,wait,2,2,-33.1673,wait,2,2,-41.4774,False
10964,10,4,1,4,wait,2,2,-32.8232,wait,2,2,-41.615,False
10965,10,4,1,5,wait,2,2,-33.0772,wait,2,2,-41.8748,False
10966,10,4,1,6,wait,2,2,-33.5547,wait,2,2,-43.036,False
10967,10,4,1,7,wait,2,2,-34.7035,wait,2,2,-44.4743,False
10968,10,4,1,8,wait,2,2,-35.7581,wait,2,2,-46.4093,False
10969,10,4,1,9,wait,2,2,-37.9056,wait,2,2,-50.3498,False
10970,10,4,1,10,wait,2,2,-40.9774,wait,2,2,-54.8711,False
10971,10,4,1,11,wait,2,2,-44.5209,wait,2,2,-61.0926,False
10972,10,4,1,12,wait,2,2,-48.872,wait,2,2,-68.2538,False
10973,10,4,1,13,wait,2,2,-54.83,wait,2,2,-78.3805,False
10974,10,4,1,14,wait,2,1,-89.0805,hunt,2,2,-89.8949,True
10975,10,4,1,15,wait,0,0,0.0,wait,0,0,0.0,False
10976,10,4,2,0,wait,2,2,-10.2904,wait,2,2,-13.9838,False
10977,10,4,2,1,wait,2,2,-10.1225,wait,2,2,-14.196,False
10978,10,4,2,2,wait,2,2,-10.2351,wait,2,2,-13.6401,False
10979,10,4,2,3,wait,2,2,-10.8235,wait,2,2,-15.4501,False
10980,10,4,2,4,wait,2,2,-11.2225,wait,2,2,-16.2448,False
10981,10,4,2,5,wait,2,2,-12.4709,wait,2,2,-17.9097,False
10982,10,4,2,6,wait,2,2,-13.9095,wait,2,2,-20.7093,False
10983,10,4,2,7,wait,2,2,-15.3759,wait,2,2,-23.3377,False
10984,10,4,2,8,wait,2,2,-17.9855,wait,2,2,-27.6876,False
10985,10,4,2,9,wait,2,2,-21.2408,wait,2,2,-33.2231,False
10986,10,4,2,10,wait,2,2,-25.3023,wait,2,2,-39.2628,False
10987,10,4,2,11,wait,2,2,-30.4807,wait,2,2,-48.3087,False
10988,10,4,2,12,wait,2,2,-36.713,wait,2,2,-58.6008,False
10989,10,4,2,13,wait,2,2,-45.0262,wait,2,2,-72.1039,False
10990,10,4,2,14,hunt,2,1,-86.313,wait,2,2,-87.8479,True
10991,10,4,2,15,wait,0,0,0.0,wait,0,0,0.0,False
10992,10,4,3,0,wait,2,2,2.1789,wait,2,2,2.2548,False
10993,10,4,3,1,wait,2,2,2.6102,wait,2,2,2.827,False
10994,10,4,3,2,wait,2,2,1.7228,wait,2,2,1.9203,False
10995,10,4,3,3,wait,2,2,2.0104,wait,2,2,2.0618,False
10996,10,4,3,4,wait,2,2,0.4582,wait,2,2,-0.7164,False
10997,10,4,3,5,wait,2,2,-0.1361,wait,2,2,-2.0073,False
10998,10,4,3,6,hunt,1,2,-2.4638,wait,2,2,-5.9735,True
10999,10,4,3,7,wait,2,2,-5.6758,wait,2,2,-10.547,False
11000,10,4,3,8,wait,2,2,-8.7975,wait,2,2,-15.7534,False
11001,10,4,3,9,wait,2,2,-12.5572,wait,2,2,-21.7821,False
11002,10,4,3,10,wait,2,2,-17.7526,wait,2,2,-30.8217,False
11003,10,4,3,11,wait,2,2,-23.3304,wait,2,2,-40.1203,False
11004,10,4,3,12,wait,2,2,-30.2694,wait,2,2,-52.0729,False
11005,10,4,3,13,wait,2,2,-41.0157,wait,2,2,-69.1605,False
11006,10,4,3,14,hunt,0,2,-84.3444,hunt,2,2,-86.1284,True
11007,10,4,3,15,wait,0,0,0.0,wait,0,0,0.0,False
11008,10,4,4,0,wait,2,2,10.9024,wait,2,2,13.6088,False
11009,10,4,4,1,wait,2,2,10.6149,wait,2,2,13.1086,False
11010,10,4,4,2,wait,2,2,10.6779,wait,2,2,13.2278,False
11011,10,4,4,3,wait,2,2,9.5611,wait,2,2,11.2426,False
11012,10,4,4,4,wait,2,2,9.7406,wait,2,2,11.6262,False
11013,10,4,4,5,hunt,2,2,4.3543,wait,2,2,6.7945,True
11014,10,4,4,6,wait,2,2,5.9032,wait,2,2,5.0018,False
11015,10,4,4,7,wait,2,2,2.6819,wait,1,1,1.2532,True
11016,10,4,4,8,wait,2,2,-0.9143,wait,2,2,-6.4037,False
11017,10,4,4,9,wait,2,2,-5.0259,wait,2,2,-13.1029,False
11018,10,4,4,10,wait,2,2,-9.642,wait,2,2,-20.5959,False
11019,10,4,4,11,wait,2,2,-15.8511,wait,2,2,-31.1955,False
11020,10,4,4,12,wait,2,2,-23.1885,wait,2,2,-43.5568,False
11021,10,4,4,13,hunt,2,2,-37.5443,wait,2,0,-62.6984,True
11022,10,4,4,14,hunt,1,0,-83.0029,hunt,2,2,-84.8853,True
11023,10,4,4,15,wait,0,0,0.0,wait,0,0,0.0,False
11024,10,4,5,0,hunt,2,2,7.5474,wait,1,1,9.1436,True
11025,10,4,5,1,wait,1,2,10.9403,wait,1,2,14.2415,False
11026,10,4,5,2,wait,1,2,10.3491,wait,1,2,13.0899,False
11027,10,4,5,3,wait,1,2,10.4326,wait,1,2,13.2666,False
11028,10,4,5,4,hunt,2,1,8.5575,hunt,2,1,10.2323,False
11029,10,4,5,5,wait,2,1,10.6223,wait,2,1,13.5798,False
11030,10,4,5,6,wait,2,2,5.9066,wait,2,1,7.0569,True
11031,10,4,5,7,wait,2,2,2.616,wait,1,1,5.6763,True
11032,10,4,5,8,wait,1,1,2.9157,wait,2,1,4.0056,True
11033,10,4,5,9,wait,1,1,0.4802,wait,1,0,-1.4746,True
11034,10,4,5,10,wait,1,1,-3.8186,wait,1,1,-9.7766,False
11035,10,4,5,11,wait,1,1,-8.6326,wait,1,1,-17.6948,False
11036,10,4,5,12,wait,2,0,-19.2579,wait,2,0,-32.3442,False
11037,10,4,5,13,wait,1,0,-32.1609,wait,1,0,-53.3282,False
11038,10,4,5,14,hunt,1,2,-82.2771,hunt,2,2,-84.8166,True
11039,10,4,5,15,wait,0,0,0.0,wait,0,0,0.0,False
11056,10,5,1,0,wait,2,2,-28.9429,wait,2,2,-35.0443,False
11057,10,5,1,1,wait,2,2,-28.8419,wait,2,2,-34.3616,False
11058,10,5,1,2,wait,2,2,-29.2276,wait,2,2,-35.1492,False
11059,10,5,1,3,wait,2,2,-29.6519,wait,2,2,-36.5941,False
11060,10,5,1,4,wait,2,2,-29.4127,wait,2,2,-35.5657,False
11061,10,5,1,5,wait,2,2,-30.7798,wait,2,2,-38.1906,False
11062,10,5,1,6,wait,2,2,-31.1894,wait,2,2,-38.7618,False
11063,10,5,1,7,wait,2,2,-31.9822,wait,2,2,-39.9106,False
11064,10,5,1,8,wait,2,2,-33.9988,wait,2,2,-43.5467,False
11065,10,5,1,9,wait,2,2,-36.8037,wait,2,2,-48.4142,False
11066,10,5,1,10,wait,2,2,-40.332,wait,2,2,-54.0988,False
11067,10,5,1,11,wait,2,2,-43.6579,wait,2,2,-59.4347,False
11068,10,5,1,12,wait,2,2,-48.7323,wait,2,2,-67.8222,False
11069,10,5,1,13,wait,2,2,-54.5572,wait,2,2,-77.1794,False
11070,10,5,1,14,hunt,2,2,-88.8335,hunt,2,2,-89.6024,False
11071,10,5,1,15,wait,0,0,0.0,wait,0,0,0.0,False
11072,10,5,2,0,wait,2,2,-6.2095,wait,2,2,-7.9826,False
11073,10,5,2,1,wait,2,2,-6.2171,wait,2,2,-8.0772,False
11074,10,5,2,2,wait,2,2,-6.4615,wait,2,2,-8.2859,False
11075,10,5,2,3,wait,2,2,-7.1479,wait,2,2,-9.3073,False
11076,10,5,2,4,wait,2,2,-8.0807,wait,2,2,-11.1937,False
11077,10,5,2,5,wait,2,2,-9.2237,wait,2,2,-12.9154,False
11078,10,5,2,6,wait,2,2,-10.8434,wait,2,2,-15.9328,False
11079,10,5,2,7,wait,2,2,-13.4905,wait,2,2,-20.1161,False
11080,10,5,2,8,wait,2,2,-16.0436,wait,2,2,-24.3359,False
11081,10,5,2,9,wait,2,2,-19.8843,wait,2,2,-30.1584,False
11082,10,5,2,10,wait,2,2,-24.0757,wait,2,2,-37.9112,False
11083,10,5,2,11,wait,2,2,-29.1412,wait,2,2,-45.4963,False
11084,10,5,2,12,wait,2,2,-34.0481,wait,2,2,-53.8796,False
11085,10,5,2,13,wait,2,2,-44.969,wait,2,2,-72.2732,False
11086,10,5,2,14,hunt,1,2,-86.395,hunt,2,2,-87.4972,True
11087,10,5,2,15,wait,0,0,0.0,wait,0,0,0.0,False
11088,10,5,3,0,wait,2,2,5.3216,wait,2,2,7.3844,False
11089,10,5,3,1,hunt,2,2,1.8486,wait,2,2,4.1978,True
11090,10,5,3,2,wait,2,2,4.9897,wait,2,2,6.9047,False
11091,10,5,3,3,wait,2,2,5.1419,wait,2,2,7.0076,False
11092,10,5,3,4,wait,2,2,3.9861,wait,2,2,5.6043,False
11093,10,5,3,5,wait,2,2,2.3229,wait,2,2,2.576,False
11094,10,5,3,6,wait,2,2,0.5698,wait,2,2,-0.6763,False
11095,10,5,3,7,wait,2,2,-2.7437,wait,2,2,-6.3391,False
11096,10,5,3,8,wait,2,2,-6.6135,wait,2,2,-12.1253,False
11097,10,5,3,9,wait,2,2,-9.7425,wait,2,2,-17.9966,False
11098,10,5,3,10,wait,2,2,-14.2927,wait,2,2,-25.1002,False
11099,10,5,3,11,wait,2,2,-19.6124,wait,2,2,-33.7382,False
11100,10,5,3,12,wait,2,2,-26.2509,wait,2,2,-44.8883,False
11101,10,5,3,13,wait,1,1,-39.1185,wait,1,1,-61.8466,False
11102,10,5,3,14,hunt,2,2,-84.3676,hunt,2,2,-87.0224,False
11103,10,5,3,15,wait,0,0,0.0,wait,0,0,0.0,False
11104,10,5,4,0,wait,1,1,7.6526,wait,1,1,12.3075,False
11105,10,5,4,1,wait,2,2,11.3677,wait,2,2,14.3218,False
11106,10,5,4,2,hunt,2,1,3.9433,wait,2,2,8.3679,True
11107,10,5,4,3,wait,2,2,11.4771,wait,2,2,14.5484,False
11108,10,5,4,4,wait,2,2,11.2158,wait,2,2,14.4823,False
11109,10,5,4,5,wait,2,2,11.3627,wait,2,2,14.6267,False
11110,10,5,4,6,hunt,2,2,5.4757,wait,2,2,6.8764,True
11111,10,5,4,7,wait,2,2,5.5111,wait,2,2,4.5694,False
11112,10,5,4,8,wait,2,2,2.7985,hunt,2,2,1.8856,True
11113,10,5,4,9,wait,2,2,-0.7316,wait,2,2,-5.7224,False
11114,10,5,4,10,wait,2,2,-5.0155,wait,2,2,-13.1936,False
11115,10,5,4,11,wait,2,2,-10.7835,wait,1,1,-20.8034,True
11116,10,5,4,12,wait,2,1,-18.3927,wait,1,1,-31.2527,True
11117,10,5,4,13,wait,2,1,-30.2842,wait,2,0,-49.2436,True
11118,10,5,4,14,wait,2,2,-83.2026,hunt,2,2,-85.1808,True
11119,10,5,4,15,wait,0,0,0.0,wait,0,0,0.0,False
11120,10,5,5,0,hunt,1,1,11.35,hunt,1,1,15.2003,False
11121,10,5,5,1,hunt,2,1,10.55,hunt,2,1,13.3886,False
11122,10,5,5,2,wait,2,0,5.1492,wait,1,1,11.2551,True
11123,10,5,5,3,wait,2,2,11.3954,wait,2,2,14.6226,False
11124,10,5,5,4,wait,2,1,14.15,wait,2,1,19.2268,False
11125,10,5,5,5,wait,1,1,10.7798,wait,1,1,14.3363,False
11126,10,5,5,6,hunt,1,1,7.7117,wait,1,1,9.4641,True
11127,10,5,5,7,hunt,1,2,3.0762,wait,1,1,7.5638,True
11128,10,5,5,8,wait,1,2,3.946,wait,1,1,6.8495,True
11129,10,5,5,9,wait,2,1,2.7313,wait,1,1,4.4399,True
11130,10,5,5,10,wait,2,1,1.7835,wait,1,1,3.7616,True
11131,10,5,5,11,wait,1,1,0.5918,wait,1,0,-3.3435,True
11132,10,5,5,12,wait,2,1,-7.9236,wait,2,1,-16.7568,False
11133,10,5,5,13,wait,2,0,-20.8091,wait,2,0,-34.7623,False
11134,10,5,5,14,hunt,1,0,-82.4146,hunt,2,2,-85.1792,True
11135,10,5,5,15,wait,0,0,0.0,wait,0,0,0.0,False
11152,10,6,1,0,wait,2,2,-27.0241,wait,2,2,-30.992,False
11153,10,6,1,1,wait,2,2,-27.0519,wait,2,2,-32.315,False
11154,10,6,1,2,wait,2,2,-27.289,wait,2,2,-32.7465,False
11155,10,6,1,3,wait,2,2,-27.7059,wait,2,2,-32.7628,False
11156,10,6,1,4,wait,2,2,-27.7438,wait,2,2,-32.4367,False
11157,10,6,1,5,wait,2,2,-28.5656,wait,2,2,-34.5904,False
11158,10,6,1,6,wait,2,2,-29.3955,wait,2,2,-36.0236,False
11159,10,6,1,7,wait,2,2,-30.8944,wait,2,2,-38.5161,False
11160,10,6,1,8,wait,2,2,-32.6498,wait,2,2,-41.4881,False
11161,10,6,1,9,wait,2,2,-35.4657,wait,2,2,-46.3108,False
11162,10,6,1,10,wait,2,2,-39.2836,wait,2,2,-52.4945,False
11163,10,6,1,11,wait,2,2,-42.9191,wait,2,2,-58.2143,False
11164,10,6,1,12,wait,2,2,-48.2167,wait,2,2,-67.3423,False
11165,10,6,1,13,hunt,2,2,-54.3163,hunt,2,2,-78.0634,False
11166,10,6,1,14,hunt,1,2,-88.8935,hunt,2,2,-89.3202,True
11167,10,6,1,15,wait,0,0,0.0,wait,0,0,0.0,False
11168,10,6,2,0,wait,2,2,-4.4042,wait,2,2,-4.5448,False
11169,10,6,2,1,wait,2,2,-3.5518,wait,2,2,-3.5455,False
11170,10,6,2,2,wait,2,2,-4.6954,wait,2,2,-5.5206,False
11171,10,6,2,3,wait,2,2,-4.9325,wait,2,2,-5.3353,False
11172,10,6,2,4,wait,2,2,-5.5807,wait,2,2,-6.4467,False
11173,10,6,2,5,wait,2,2,-7.409,wait,2,2,-9.5277,False
11174,10,6,2,6,wait,2,2,-8.9368,wait,2,2,-12.3247,False
11175,10,6,2,7,hunt,2,2,-11.6991,wait,2,2,-17.4194,True
11176,10,6,2,8,wait,2,2,-14.4189,wait,2,2,-21.4104,False
11177,10,6,2,9,wait,2,2,-17.8163,wait,2,2,-27.1015,False
11178,10,6,2,10,wait,2,2,-21.8571,wait,2,2,-33.4884,False
11179,10,6,2,11,wait,2,2,-25.1401,wait,2,2,-39.098,False
11180,10,6,2,12,wait,2,2,-29.4857,wait,2,2,-47.0576,False
11181,10,6,2,13,wait,2,2,-37.9526,wait,2,2,-60.9629,False
11182,10,6,2,14,wait,0,1,-86.3485,hunt,2,2,-87.3339,True
11183,10,6,2,15,wait,0,0,0.0,wait,0,0,0.0,False
11184,10,6,3,0,wait,2,2,6.6756,wait,2,2,9.7466,False
11185,10,6,3,1,wait,2,2,6.5127,wait,2,2,9.5898,False
11186,10,6,3,2,hunt,2,2,4.6268,hunt,2,2,6.421,False
11187,10,6,3,3,wait,2,2,6.6555,wait,2,2,9.5155,False
11188,10,6,3,4,hunt,2,2,3.0984,wait,2,2,4.4608,True
11189,10,6,3,5,hunt,2,2,1.6854,wait,2,2,4.5182,True
11190,10,6,3,6,wait,2,2,2.3816,wait,2,2,2.5758,False
11191,10,6,3,7,wait,2,2,-0.044,wait,2,2,-1.488,False
11192,10,6,3,8,wait,2,2,-3.039,wait,2,2,-6.6843,False
11193,10,6,3,9,wait,2,2,-5.7927,wait,2,2,-10.6606,False
11194,10,6,3,10,wait,2,2,-9.2418,wait,2,2,-16.6054,False
11195,10,6,3,11,wait,2,2,-13.108,wait,2,2,-23.0868,False
11196,10,6,3,12,wait,2,2,-17.5656,wait,2,2,-30.6416,False
11197,10,6,3,13,wait,2,2,-30.1221,wait,1,1,-48.5041,True
11198,10,6,3,14,hunt,1,2,-84.2849,wait,2,2,-85.796,True
11199,10,6,3,15,wait,0,0,0.0,wait,0,0,0.0,False
11200,10,6,4,0,wait,2,2,15.1209,wait,2,2,20.7268,False
11201,10,6,4,1,wait,1,2,6.8824,wait,2,2,10.7226,True
11202,10,6,4,2,wait,1,1,6.9676,wait,2,2,11.629,True
11203,10,6,4,3,wait,2,2,12.3838,wait,2,2,16.0868,False
11204,10,6,4,4,wait,1,2,6.4977,wait,2,2,11.8051,True
11205,10,6,4,5,wait,2,2,14.0983,wait,2,2,19.2012,False
11206,10,6,4,6,hunt,2,2,7.6119,wait,2,2,8.0954,True
11207,10,6,4,7,hunt,2,2,4.9497,wait,2,2,7.6782,True
11208,10,6,4,8,wait,2,2,2.219,wait,2,2,6.8676,False
11209,10,6,4,9,wait,2,2,3.6088,wait,1,1,1.4436,True
11210,10,6,4,10,wait,2,2,2.3325,wait,2,2,-0.7427,False
11211,10,6,4,11,wait,2,2,-0.8925,wait,2,2,-6.1928,False
11212,10,6,4,12,wait,2,2,-7.0,wait,2,2,-16.0005,False
11213,10,6,4,13,wait,1,1,-19.4816,wait,1,1,-33.0974,False
11214,10,6,4,14,hunt,1,2,-82.9913,wait,2,2,-84.6337,True
11215,10,6,4,15,wait,0,0,0.0,wait,0,0,0.0,False
11216,10,6,5,0,hunt,2,2,11.372,hunt,2,2,14.3563,False
11217,10,6,5,1,hunt,2,1,12.7973,hunt,2,1,17.3142,False
11218,10,6,5,2,hunt,2,2,11.634,hunt,2,2,14.9275,False
11219,10,6,5,3,hunt,2,2,11.3509,hunt,2,2,14.3755,False
11220,10,6,5,4,wait,2,1,14.6422,wait,2,1,20.3471,False
11221,10,6,5,5,wait,2,1,14.3238,wait,2,1,19.8767,False
11222,10,6,5,6,hunt,1,2,8.4017,wait,1,1,10.9941,True
11223,10,6,5,7,hunt,1,2,6.0803,wait,2,1,8.8963,True
11224,10,6,5,8,hunt,1,2,2.9817,wait,2,1,10.6241,True
11225,10,6,5,9,wait,1,2,5.8049,wait,2,1,6.4667,True
11226,10,6,5,10,wait,1,1,11.3721,wait,1,1,15.2738,False
11227,10,6,5,11,wait,1,1,8.9147,wait,1,1,11.2197,False
11228,10,6,5,12,wait,1,1,3.6409,wait,1,1,2.5764,False
11229,10,6,5,13,wait,1,1,-10.0578,wait,1,1,-20.4909,False
11230,10,6,5,14,hunt,1,2,-82.51,wait,2,2,-85.1335,True
11231,10,6,5,15,wait,0,0,0.0,wait,0,0,0.0,False
11248,10,7,1,0,wait,2,2,-25.7203,wait,2,2,-29.5435,False
11249,10,7,1,1,wait,2,2,-25.7473,wait,2,2,-29.1862,False
11250,10,7,1,2,wait,2,2,-25.7053,wait,2,2,-29.1703,False
11251,10,7,1,3,wait,2,2,-26.3293,wait,2,2,-30.4136,False
11252,10,7,1,4,wait,2,2,-26.8324,wait,2,2,-32.1381,False
11253,10,7,1,5,wait,2,2,-27.242,wait,2,2,-32.3943,False
11254,10,7,1,6,wait,2,2,-28.8211,wait,2,2,-34.2194,False
11255,10,7,1,7,wait,2,2,-29.873,wait,2,2,-36.8072,False
11256,10,7,1,8,wait,2,2,-32.6731,wait,2,2,-41.1477,False
11257,10,7,1,9,wait,2,2,-35.2316,wait,2,2,-45.8494,False
11258,10,7,1,10,wait,2,2,-37.6587,wait,2,2,-49.7704,False
11259,10,7,1,11,wait,2,2,-41.8407,wait,2,2,-56.5409,False
11260,10,7,1,12,wait,2,2,-46.909,wait,2,2,-65.2254,False
11261,10,7,1,13,wait,2,2,-54.8188,hunt,2,2,-78.5996,True
11262,10,7,1,14,hunt,2,2,-88.9324,hunt,2,2,-89.0025,False
11263,10,7,1,15,wait,0,0,0.0,wait,0,0,0.0,False
11264,10,7,2,0,wait,2,2,-2.2352,wait,2,2,-1.1283,False
11265,10,7,2,1,wait,2,2,-1.6977,wait,2,2,-0.0676,False
11266,10,7,2,2,wait,2,2,-1.9298,wait,2,2,-0.6439,False
11267,10,7,2,3,wait,2,2,-2.5148,wait,2,2,-1.5233,False
11268,10,7,2,4,wait,2,2,-4.1714,wait,2,2,-4.3122,False
11269,10,7,2,5,wait,2,2,-5.3111,wait,2,2,-6.4246,False
11270,10,7,2,6,wait,2,2,-7.8792,wait,2,2,-10.7212,False
11271,10,7,2,7,wait,2,2,-10.1324,wait,2,2,-14.5257,False
11272,10,7,2,8,wait,2,2,-13.1153,wait,2,2,-19.2033,False
11273,10,7,2,9,wait,2,2,-16.4283,wait,2,2,-25.0076,False
11274,10,7,2,10,wait,2,2,-19.4127,wait,2,2,-29.7027,False
11275,10,7,2,11,wait,2,2,-21.3918,wait,2,2,-32.8455,False
11276,10,7,2,12,wait,2,2,-24.4421,wait,2,2,-37.7164,False
11277,10,7,2,13,wait,2,2,-30.8333,wait,2,2,-49.3302,False
11278,10,7,2,14,wait,2,2,-86.2365,wait,2,2,-86.8056,False
11279,10,7,2,15,wait,0,0,0.0,wait,0,0,0.0,False
11280,10,7,3,0,hunt,2,2,6.2629,hunt,2,2,9.2664,False
11281,10,7,3,1,wait,2,2,8.2264,wait,2,2,12.5563,False
11282,10,7,3,2,wait,2,2,7.5224,wait,2,2,11.1011,False
11283,10,7,3,3,hunt,2,2,5.9557,hunt,2,2,8.3329,False
11284,10,7,3,4,wait,2,2,5.5331,wait,2,2,7.718,False
11285,10,7,3,5,hunt,2,2,3.9898,hunt,2,2,5.0045,False
11286,10,7,3,6,wait,2,2,4.6763,wait,2,2,6.2386,False
11287,10,7,3,7,wait,2,2,1.7393,hunt,2,2,1.8467,True
11288,10,7,3,8,wait,2,2,0.0383,wait,2,2,-1.0299,False
11289,10,7,3,9,wait,2,2,-1.4711,wait,2,2,-3.8312,False
11290,10,7,3,10,wait,2,2,-3.4419,wait,2,2,-7.3729,False
11291,10,7,3,11,wait,2,2,-5.9582,wait,2,2,-10.9126,False
11292,10,7,3,12,wait,2,2,-9.9163,wait,2,2,-17.3635,False
11293,10,7,3,13,expedition,0,0,-13.7525,expedition,0,0,-21.9488,False
11294,10,7,3,14,expedition,0,0,-25.2306,expedition,0,0,-24.8218,False
11295,10,7,3,15,wait,0,0,0.0,wait,0,0,0.0,False
11296,10,7,4,0,wait,2,2,15.9749,wait,2,2,22.0254,False
11297,10,7,4,1,wait,2,2,14.6664,wait,2,2,19.6566,False
11298,10,7,4,2,hunt,2,2,14.1809,hunt,2,2,19.0539,False
11299,10,7,4,3,expedition,0,0,17.4058,wait,2,2,12.1149,True
11300,10,7,4,4,hunt,2,2,13.4027,hunt,2,2,17.7142,False
11301,10,7,4,5,hunt,2,2,13.4924,hunt,2,2,17.9805,False
11302,10,7,4,6,wait,2,2,14.474,wait,2,2,19.6309,False
11303,10,7,4,7,hunt,2,2,9.2224,hunt,2,2,10.9131,False
11304,10,7,4,8,expedition,0,0,18.3619,expedition,0,0,12.7603,False
11305,10,7,4,9,expedition,0,0,18.3364,expedition,0,0,12.7361,False
11306,10,7,4,10,expedition,0,0,18.5441,expedition,0,0,13.1694,False
11307,10,7,4,11,expedition,0,0,17.1291,expedition,0,0,9.6428,False
11308,10,7,4,12,expedition,0,0,17.1005,expedition,0,0,10.474,False
11309,10,7,4,13,expedition,0,0,16.1677,expedition,0,0,9.1031,False
11310,10,7,4,14,expedition,0,0,5.125,expedition,0,0,5.4992,False
11311,10,7,4,15,wait,0,0,0.0,wait,0,0,0.0,False
11312,10,7,5,0,hunt,2,2,14.3167,hunt,2,2,19.2753,False
11313,10,7,5,1,expedition,0,0,35.6703,expedition,0,0,32.2108,False
11314,10,7,5,2,expedition,0,0,35.6567,expedition,0,0,32.2456,False
11315,10,7,5,3,hunt,1,1,16.0138,hunt,1,1,23.0589,False
11316,10,7,5,4,wait,2,2,15.5531,wait,2,2,21.5037,False
11317,10,7,5,5,expedition,0,0,35.3129,expedition,0,0,31.5477,False
11318,10,7,5,6,hunt,1,2,11.8555,expedition,0,0,16.4386,True
11319,10,7,5,7,expedition,0,0,35.4587,expedition,0,0,31.8142,False
11320,10,7,5,8,hunt,2,1,12.2097,expedition,0,0,18.0882,True
11321,10,7,5,9,expedition,0,0,35.6979,expedition,0,0,32.7087,False
11322,10,7,5,10,wait,2,2,10.5945,expedition,0,0,17.3328,True
11323,10,7,5,11,expedition,0,0,34.7445,expedition,0,0,31.0246,False
11324,10,7,5,12,expedition,0,0,34.8596,expedition,0,0,30.7945,False
11325,10,7,5,13,expedition,0,0,33.4325,expedition,0,0,28.4196,False
11326,10,7,5,14,expedition,0,0,27.179,expedition,0,0,26.8858,False
11327,10,7,5,15,wait,0,0,0.0,wait,0,0,0.0,False
11344,10,8,1,0,wait,2,2,-24.1092,wait,2,2,-26.1775,False
11345,10,8,1,1,wait,2,2,-24.3271,wait,2,2,-27.2042,False
11346,10,8,1,2,wait,2,2,-25.0613,wait,2,2,-28.5479,False
11347,10,8,1,3,wait,2,2,-25.2114,wait,2,2,-29.1526,False
11348,10,8,1,4,wait,2,2,-26.0261,wait,2,2,-30.7931,False
11349,10,8,1,5,wait,2,2,-26.801,wait,2,2,-32.2557,False
11350,10,8,1,6,wait,2,2,-28.2265,wait,2,2,-33.7851,False
11351,10,8,1,7,wait,2,2,-29.3636,wait,2,2,-35.5784,False
11352,10,8,1,8,wait,2,2,-32.0041,wait,2,2,-40.391,False
11353,10,8,1,9,wait,2,2,-34.3099,wait,2,2,-44.373,False
11354,10,8,1,10,wait,2,2,-37.6186,wait,2,2,-49.7282,False
11355,10,8,1,11,wait,2,2,-41.0285,wait,2,2,-55.3708,False
11356,10,8,1,12,wait,2,2,-46.5709,wait,2,2,-64.3896,False
11357,10,8,1,13,hunt,2,2,-54.7367,hunt,2,2,-78.109,False
11358,10,8,1,14,wait,2,2,-88.9176,wait,2,2,-89.2316,False
11359,10,8,1,15,wait,0,0,0.0,wait,0,0,0.0,False
11360,10,8,2,0,wait,2,2,-1.178,wait,2,2,1.2155,False
11361,10,8,2,1,wait,2,2,-0.4468,wait,2,2,1.7149,False
11362,10,8,2,2,wait,2,2,-1.3415,wait,2,2,0.6146,False
11363,10,8,2,3,wait,2,2,-1.4487,wait,2,2,0.006,False
11364,10,8,2,4,wait,2,2,-2.175,wait,2,2,-1.0683,False
11365,10,8,2,5,wait,2,2,-4.6427,wait,2,2,-4.9,False
11366,10,8,2,6,wait,2,2,-6.6908,wait,2,2,-9.0799,False
11367,10,8,2,7,wait,2,2,-9.3276,wait,2,2,-12.9874,False
11368,10,8,2,8,wait,2,2,-11.6788,wait,2,2,-17.0324,False
11369,10,8,2,9,wait,2,2,-14.5224,wait,2,2,-21.7122,False
11370,10,8,2,10,wait,2,2,-18.2094,wait,2,2,-27.5657,False
11371,10,8,2,11,wait,2,2,-19.566,wait,2,2,-30.0385,False
11372,10,8,2,12,wait,2,2,-21.5497,wait,2,2,-33.1384,False
11373,10,8,2,13,wait,2,2,-30.4184,wait,2,2,-48.0447,False
11374,10,8,2,14,wait,0,2,-86.2005,wait,2,2,-87.4036,True
11375,10,8,2,15,wait,0,0,0.0,wait,0,0,0.0,False
11376,10,8,3,0,hunt,2,2,8.137,hunt,2,2,12.1496,False
11377,10,8,3,1,wait,2,2,7.4028,wait,2,2,10.998,False
11378,10,8,3,2,hunt,2,2,6.422,hunt,2,2,9.3811,False
11379,10,8,3,3,hunt,2,2,6.9858,hunt,2,2,10.4654,False
11380,10,8,3,4,hunt,2,2,5.6055,hunt,2,2,8.469,False
11381,10,8,3,5,hunt,2,2,4.8895,wait,2,2,6.9141,True
11382,10,8,3,6,hunt,2,2,3.4631,wait,2,2,5.9712,True
11383,10,8,3,7,wait,2,2,3.3576,wait,2,2,4.5827,False
11384,10,8,3,8,wait,2,2,1.6014,wait,2,2,1.7196,False
11385,10,8,3,9,wait,2,2,0.9381,wait,2,2,0.3294,False
11386,10,8,3,10,wait,2,2,-0.2781,wait,2,2,-2.1666,False
11387,10,8,3,11,wait,2,2,-2.2323,wait,2,2,-4.5564,False
11388,10,8,3,12,wait,2,2,-4.5403,wait,2,2,-8.7872,False
11389,10,8,3,13,expedition,0,0,-10.4235,expedition,0,0,-18.2488,False
11390,10,8,3,14,expedition,0,0,-20.7805,expedition,0,0,-20.1512,False
11391,10,8,3,15,wait,0,0,0.0,wait,0,0,0.0,False
11392,10,8,4,0,expedition,0,0,20.742,expedition,0,0,15.2941,False
11393,10,8,4,1,wait,2,2,14.109,wait,2,2,18.9082,False
11394,10,8,4,2,hunt,2,2,16.73,hunt,2,2,23.5525,False
11395,10,8,4,3,wait,2,2,18.1555,wait,2,2,25.6442,False
11396,10,8,4,4,hunt,2,2,14.7643,hunt,2,2,20.1779,False
11397,10,8,4,5,expedition,0,0,21.3089,expedition,0,0,16.5506,False
11398,10,8,4,6,hunt,1,2,4.2485,wait,2,2,13.7919,True
11399,10,8,4,7,expedition,0,0,21.3235,expedition,0,0,16.303,False
11400,10,8,4,8,wait,1,2,4.6856,wait,2,2,12.1947,True
11401,10,8,4,9,hunt,2,2,8.5664,expedition,0,0,9.8958,True
11402,10,8,4,10,hunt,2,2,8.5108,wait,2,2,11.773,True
11403,10,8,4,11,expedition,0,0,20.6669,expedition,0,0,15.5028,False
11404,10,8,4,12,expedition,0,0,20.5254,expedition,0,0,14.6292,False
11405,10,8,4,13,expedition,0,0,19.0867,expedition,0,0,11.8467,False
11406,10,8,4,14,expedition,0,0,8.6922,expedition,0,0,8.5133,False
11407,10,8,4,15,wait,0,0,0.0,wait,0,0,0.0,False
11408,10,8,5,0,expedition,0,0,38.5627,expedition,0,0,36.4158,False
11409,10,8,5,1,expedition,0,0,38.3692,expedition,0,0,35.9179,False
11410,10,8,5,2,expedition,0,0,38.0048,expedition,0,0,35.9745,False
11411,10,8,5,3,expedition,0,0,38.3031,expedition,0,0,35.2952,False
11412,10,8,5,4,wait,2,1,19.2512,wait,2,1,28.0235,False
11413,10,8,5,5,hunt,2,2,16.1406,hunt,2,2,22.4049,False
11414,10,8,5,6,wait,1,2,14.2986,wait,1,2,19.8131,False
11415,10,8,5,7,hunt,2,1,11.5409,expedition,0,0,19.938,True
11416,10,8,5,8,wait,1,1,19.0621,wait,1,1,28.4387,False
11417,10,8,5,9,hunt,2,1,13.358,expedition,0,0,18.8881,True
11418,10,8,5,10,wait,1,2,15.8205,wait,1,2,21.8933,False
11419,10,8,5,11,hunt,2,1,10.2811,expedition,0,0,18.3965,True
11420,10,8,5,12,wait,1,1,19.8924,wait,1,1,29.3712,False
11421,10,8,5,13,expedition,0,0,36.4872,expedition,0,0,32.9636,False
11422,10,8,5,14,expedition,0,0,30.8618,expedition,0,0,31.3823,False
11423,10,8,5,15,wait,0,0,0.0,wait,0,0,0.0,False
11440,10,9,1,0,wait,2,2,-23.2042,wait,2,2,-26.0361,False
11441,10,9,1,1,wait,2,2,-23.5613,wait,2,2,-25.8244,False
11442,10,9,1,2,wait,2,2,-24.3588,wait,2,2,-27.2098,False
11443,10,9,1,3,wait,2,2,-24.7644,wait,2,2,-28.5951,False
11444,10,9,1,4,wait,2,2,-25.1104,wait,2,2,-28.9854,False
11445,10,9,1,5,wait,2,2,-26.7523,wait,2,2,-31.197,False
11446,10,9,1,6,wait,2,2,-27.4053,wait,2,2,-32.6492,False
11447,10,9,1,7,wait,2,2,-29.64,wait,2,2,-35.9856,False
11448,10,9,1,8,wait,2,2,-31.5541,wait,2,2,-39.5176,False
11449,10,9,1,9,wait,2,2,-34.1537,wait,2,2,-44.1323,False
11450,10,9,1,10,wait,2,2,-37.2537,wait,2,2,-48.9938,False
11451,10,9,1,11,wait,2,2,-40.6782,wait,2,2,-54.5442,False
11452,10,9,1,12,wait,2,2,-45.8154,wait,2,2,-63.1663,False
11453,10,9,1,13,wait,2,2,-54.5659,wait,2,2,-78.0323,False
11454,10,9,1,14,hunt,1,2,-89.0179,wait,2,2,-89.5794,True
11455,10,9,1,15,wait,0,0,0.0,wait,0,0,0.0,False
11456,10,9,2,0,wait,2,2,-1.0112,wait,2,2,1.0486,False
11457,10,9,2,1,wait,2,2,-0.6567,wait,2,2,1.3905,False
11458,10,9,2,2,wait,2,2,-0.4749,wait,2,2,1.4838,False
11459,10,9,2,3,wait,2,2,-1.5398,wait,2,2,-0.1993,False
11460,10,9,2,4,wait,2,2,-1.8162,wait,2,2,-0.6727,False
11461,10,9,2,5,wait,2,2,-3.275,wait,2,2,-2.5954,False
11462,10,9,2,6,wait,1,2,-6.3575,wait,2,2,-8.4819,True
11463,10,9,2,7,wait,2,2,-8.1918,wait,2,2,-11.438,False
11464,10,9,2,8,wait,2,2,-10.9199,wait,2,2,-14.9789,False
11465,10,9,2,9,wait,2,2,-13.7428,wait,2,2,-20.0039,False
11466,10,9,2,10,wait,2,2,-15.6577,wait,2,2,-23.7668,False
11467,10,9,2,11,wait,2,2,-14.9757,wait,2,2,-21.9374,False
11468,10,9,2,12,wait,2,2,-15.2519,wait,2,2,-23.055,False
11469,10,9,2,13,wait,2,2,-16.2147,wait,2,2,-24.3544,False
11470,10,9,2,14,hunt,0,1,-86.4882,wait,2,2,-88.386,True
11471,10,9,2,15,wait,0,0,0.0,wait,0,0,0.0,False
11472,10,9,3,0,wait,2,2,10.3107,wait,2,2,16.0702,False
11473,10,9,3,1,hunt,2,2,6.3484,hunt,2,2,9.2488,False
11474,10,9,3,2,wait,2,2,7.6878,wait,2,2,10.9602,False
11475,10,9,3,3,wait,2,2,8.2682,wait,2,2,12.5374,False
11476,10,9,3,4,wait,2,2,6.8221,wait,2,2,9.5505,False
11477,10,9,3,5,hunt,2,2,5.2993,hunt,2,2,7.2434,False
11478,10,9,3,6,hunt,2,2,4.53,hunt,2,2,6.8078,False
11479,10,9,3,7,hunt,2,2,2.305,wait,2,2,4.3284,True
11480,10,9,3,8,wait,2,2,5.5211,wait,2,2,8.2101,False
11481,10,9,3,9,wait,2,2,5.757,wait,2,2,8.3585,False
11482,10,9,3,10,wait,2,2,6.1568,wait,2,2,8.7699,False
11483,10,9,3,11,wait,2,2,5.6757,wait,2,2,8.3845,False
11484,10,9,3,12,wait,2,2,5.516,wait,2,2,8.0867,False
11485,10,9,3,13,wait,2,2,3.5734,wait,2,2,5.4514,False
11486,10,9,3,14,expedition,0,0,-19.7835,expedition,0,0,-20.341,False
11487,10,9,3,15,wait,0,0,0.0,wait,0,0,0.0,False
11488,10,9,4,0,expedition,0,0,23.4617,expedition,0,0,18.9053,False
11489,10,9,4,1,expedition,0,0,23.4653,expedition,0,0,19.2331,False
11490,10,9,4,2,wait,2,2,22.2595,wait,2,2,32.3507,False
11491,10,9,4,3,expedition,0,0,23.2526,expedition,0,0,18.4393,False
11492,10,9,4,4,wait,2,2,19.6081,wait,2,2,28.5022,False
11493,10,9,4,5,expedition,0,0,23.3824,expedition,0,0,19.0834,False
11494,10,9,4,6,wait,2,2,18.3755,wait,2,2,26.2178,False
11495,10,9,4,7,expedition,0,0,23.3466,expedition,0,0,19.0002,False
11496,10,9,4,8,hunt,2,2,14.2507,hunt,2,2,19.1512,False
11497,10,9,4,9,expedition,0,0,23.4654,expedition,0,0,18.5509,False
11498,10,9,4,10,hunt,2,2,12.0138,wait,2,2,17.027,True
11499,10,9,4,11,wait,2,2,21.8787,wait,2,2,31.682,False
11500,10,9,4,12,hunt,2,2,6.2188,wait,2,2,15.2217,True
11501,10,9,4,13,expedition,0,0,20.7278,expedition,0,0,14.5942,False
11502,10,9,4,14,expedition,0,0,10.8477,expedition,0,0,10.4433,False
11503,10,9,4,15,wait,0,0,0.0,wait,0,0,0.0,False
11504,10,9,5,0,expedition,0,0,39.875,expedition,0,0,38.1721,False
11505,10,9,5,1,wait,2,2,16.3614,wait,2,2,22.6676,False
11506,10,9,5,2,expedition,0,0,39.6145,expedition,0,0,37.5781,False
11507,10,9,5,3,hunt,2,1,16.43,hunt,2,1,23.1304,False
11508,10,9,5,4,expedition,0,0,40.0205,expedition,0,0,38.0164,False
11509,10,9,5,5,hunt,2,2,17.9411,hunt,2,2,25.4713,False
11510,10,9,5,6,wait,1,2,19.0195,wait,1,2,27.8749,False
11511,10,9,5,7,hunt,1,2,14.4094,hunt,1,2,20.0427,False
11512,10,9,5,8,expedition,0,0,39.6019,expedition,0,0,37.3633,False
11513,10,9,5,9,wait,2,1,17.7642,wait,2,1,26.3071,False
11514,10,9,5,10,wait,1,1,22.9646,wait,1,1,34.7136,False
11515,10,9,5,11,hunt,1,1,21.2188,hunt,1,1,31.6089,False
11516,10,9,5,12,wait,1,2,21.5628,wait,1,2,31.6883,False
11517,10,9,5,13,wait,2,2,20.0232,wait,2,2,28.7837,False
11518,10,9,5,14,expedition,0,0,32.6825,expedition,0,0,32.7034,False
11519,10,9,5,15,wait,0,0,0.0,wait,0,0,0.0,False
11536,10,10,1,0,wait,2,2,-23.2635,wait,2,2,-25.8775,False
11537,10,10,1,1,wait,2,2,-22.8976,wait,2,2,-25.4404,False
11538,10,10,1,2,wait,2,2,-23.9408,wait,2,2,-26.7171,False
11539,10,10,1,3,wait,2,2,-24.1086,wait,2,2,-27.2385,False
11540,10,10,1,4,wait,2,2,-25.3004,wait,2,2,-28.8641,False
11541,10,10,1,5,wait,2,2,-25.9942,wait,2,2,-30.2647,False
11542,10,10,1,6,wait,2,2,-27.5536,wait,2,2,-33.192,False
11543,10,10,1,7,wait,2,2,-29.361,wait,2,2,-34.9684,False
11544,10,10,1,8,wait,2,2,-30.7977,wait,2,2,-39.4707,False
11545,10,10,1,9,wait,2,2,-33.7292,wait,2,2,-43.0639,False
11546,10,10,1,10,wait,2,2,-36.7358,wait,2,2,-48.1101,False
11547,10,10,1,11,wait,2,2,-39.4172,wait,2,2,-52.4585,False
11548,10,10,1,12,wait,2,2,-44.5369,wait,2,2,-61.7789,False
11549,10,10,1,13,wait,2,2,-54.4611,wait,2,2,-77.6532,False
11550,10,10,1,14,hunt,2,0,-89.1093,hunt,2,2,-89.7825,True
11551,10,10,1,15,wait,0,0,0.0,wait,0,0,0.0,False
11552,10,10,2,0,wait,2,2,0.5883,wait,2,2,3.357,False
11553,10,10,2,1,wait,2,2,-0.2393,wait,2,2,1.8423,False
11554,10,10,2,2,wait,2,2,-0.1534,wait,2,2,2.0613,False
11555,10,10,2,3,wait,2,2,-0.7669,wait,2,2,0.9989,False
11556,10,10,2,4,wait,2,2,-1.4726,wait,2,2,0.1973,False
11557,10,10,2,5,wait,2,2,-3.0201,wait,2,2,-2.9639,False
11558,10,10,2,6,wait,2,2,-5.9908,wait,2,2,-6.9992,False
11559,10,10,2,7,wait,2,2,-7.8463,wait,2,2,-10.9395,False
11560,10,10,2,8,wait,2,2,-9.9903,wait,2,2,-13.8688,False
11561,10,10,2,9,wait,2,2,-12.2035,wait,2,2,-17.4756,False
11562,10,10,2,10,wait,2,2,-15.4989,wait,2,2,-23.2063,False
11563,10,10,2,11,wait,2,2,-13.8724,wait,2,2,-20.1607,False
11564,10,10,2,12,wait,2,2,-14.7451,wait,2,2,-21.8643,False
11565,10,10,2,13,wait,2,2,-15.7007,wait,2,2,-23.6861,False
11566,10,10,2,14,hunt,2,2,-86.3747,wait,2,2,-87.6963,True
11567,10,10,2,15,wait,0,0,0.0,wait,0,0,0.0,False
11568,10,10,3,0,wait,2,2,10.7737,wait,2,2,16.5675,False
11569,10,10,3,1,wait,2,2,8.3468,wait,2,2,12.365,False
11570,10,10,3,2,wait,2,2,6.9718,wait,2,2,9.9434,False
11571,10,10,3,3,wait,2,2,6.8778,wait,2,2,9.9823,False
11572,10,10,3,4,hunt,2,2,6.3263,hunt,2,2,9.2859,False
11573,10,10,3,5,hunt,2,2,6.1904,hunt,2,2,8.5035,False
11574,10,10,3,6,wait,2,2,6.7091,wait,2,2,9.6381,False
11575,10,10,3,7,wait,2,2,5.0349,wait,2,2,7.1605,False
11576,10,10,3,8,wait,2,2,6.2265,wait,2,2,10.1456,False
11577,10,10,3,9,hunt,2,2,4.3024,hunt,2,2,6.1277,False
11578,10,10,3,10,wait,2,2,6.5787,wait,2,2,8.6175,False
11579,10,10,3,11,hunt,2,2,4.1185,hunt,2,2,5.6757,False
11580,10,10,3,12,wait,2,2,5.9492,wait,2,2,8.7486,False
11581,10,10,3,13,wait,2,2,4.0492,wait,2,2,6.3501,False
11582,10,10,3,14,expedition,0,0,-16.3237,expedition,0,0,-16.8705,False
11583,10,10,3,15,wait,0,0,0.0,wait,0,0,0.0,False
11584,10,10,4,0,expedition,0,0,25.0405,expedition,0,0,20.9907,False
11585,10,10,4,1,expedition,0,0,24.9941,expedition,0,0,21.0249,False
11586,10,10,4,2,expedition,0,0,24.5537,expedition,0,0,19.8889,False
11587,10,10,4,3,wait,2,2,22.9193,wait,2,2,33.0876,False
11588,10,10,4,4,wait,2,2,17.7601,wait,2,2,25.0641,False
11589,10,10,4,5,expedition,0,0,25.053,expedition,0,0,20.9979,False
11590,10,10,4,6,hunt,2,2,16.3431,hunt,2,2,22.6901,False
11591,10,10,4,7,expedition,0,0,24.9397,expedition,0,0,20.5391,False
11592,10,10,4,8,wait,2,2,22.5558,wait,2,2,32.7357,False
11593,10,10,4,9,wait,2,2,22.1917,wait,2,2,33.6052,False
11594,10,10,4,10,expedition,0,0,24.3518,expedition,0,0,19.5098,False
11595,10,10,4,11,wait,2,2,22.4291,wait,2,2,32.6777,False
11596,10,10,4,12,expedition,0,0,23.6358,expedition,0,0,19.5403,False
11597,10,10,4,13,expedition,0,0,22.2241,expedition,0,0,16.2712,False
11598,10,10,4,14,expedition,0,0,13.2384,expedition,0,0,13.8059,False
11599,10,10,4,15,wait,0,0,0.0,wait,0,0,0.0,False
11600,10,10,5,0,hunt,1,1,16.0965,hunt,1,1,23.4,False
11601,10,10,5,1,expedition,0,0,41.0664,expedition,0,0,39.6649,False
11602,10,10,5,2,wait,1,2,19.3371,wait,1,2,28.1881,False
11603,10,10,5,3,expedition,0,0,41.4011,expedition,0,0,39.7083,False
11604,10,10,5,4,hunt,2,2,19.4536,hunt,2,2,28.1644,False
11605,10,10,5,5,expedition,0,0,41.0446,expedition,0,0,39.5603,False
11606,10,10,5,6,wait,1,2,16.22,wait,1,2,23.3055,False
11607,10,10,5,7,expedition,0,0,41.3226,expedition,0,0,39.9383,False
11608,10,10,5,8,expedition,0,0,41.2703,expedition,0,0,39.3508,False
11609,10,10,5,9,wait,2,2,22.131,wait,2,2,33.4894,False
11610,10,10,5,10,wait,1,2,23.127,wait,1,2,34.3785,False
11611,10,10,5,11,expedition,0,0,40.4775,expedition,0,0,38.5488,False
11612,10,10,5,12,expedition,0,0,40.1421,expedition,0,0,37.2984,False
11613,10,10,5,13,hunt,2,2,18.9257,hunt,2,2,26.9976,False
11614,10,10,5,14,expedition,0,0,34.4467,expedition,0,0,34.2229,False
11615,10,10,5,15,wait,0,0,0.0,wait,0,0,0.0,False
