State_ID,F,W,H,D,Mu_Mode,Mu_Eat,Mu_Drink,Q_Value,Phi_Mode,Phi_Eat,Phi_Drink,W_Value,Conflict
16,0,0,1,0,wait,0,0,-99.991,wait,0,0,-99.9971,False
17,0,0,1,1,wait,0,0,-99.991,wait,0,0,-99.9971,False
18,0,0,1,2,wait,0,0,-99.991,wait,0,0,-99.9971,False
19,0,0,1,3,wait,0,0,-99.991,wait,0,0,-99.9971,False
20,0,0,1,4,wait,0,0,-99.991,wait,0,0,-99.9971,False
21,0,0,1,5,wait,0,0,-99.991,wait,0,0,-99.9971,False
22,0,0,1,6,wait,0,0,-99.991,wait,0,0,-99.9971,False
23,0,0,1,7,wait,0,0,-99.991,wait,0,0,-99.9971,False
24,0,0,1,8,wait,0,0,-99.991,wait,0,0,-99.9971,False
25,0,0,1,9,wait,0,0,-99.991,wait,0,0,-99.9971,False
26,0,0,1,10,wait,0,0,-99.991,wait,0,0,-99.9971,False
27,0,0,1,11,wait,0,0,-99.991,wait,0,0,-99.9971,False
28,0,0,1,12,wait,0,0,-99.991,wait,0,0,-99.9971,False
29,0,0,1,13,wait,0,0,-99.991,wait,0,0,-99.9971,False
30,0,0,1,14,wait,0,0,-99.991,wait,0,0,-99.9971,False
31,0,0,1,15,wait,0,0,0.0,wait,0,0,0.0,False
32,0,0,2,0,wait,0,0,-99.991,wait,0,0,-99.9971,False
33,0,0,2,1,wait,0,0,-99.991,wait,0,0,-99.9971,False
34,0,0,2,2,wait,0,0,-99.991,wait,0,0,-99.9971,False
35,0,0,2,3,wait,0,0,-99.991,wait,0,0,-99.9971,False
36,0,0,2,4,wait,0,0,-99.991,wait,0,0,-99.9971,False
37,0,0,2,5,wait,0,0,-99.991,wait,0,0,-99.9971,False
38,0,0,2,6,wait,0,0,-99.991,wait,0,0,-99.9971,False
39,0,0,2,7,wait,0,0,-99.991,wait,0,0,-99.9971,False
40,0,0,2,8,wait,0,0,-99.991,wait,0,0,-99.9971,False
41,0,0,2,9,wait,0,0,-99.991,wait,0,0,-99.9971,False
42,0,0,2,10,wait,0,0,-99.991,wait,0,0,-99.9971,False
43,0,0,2,11,wait,0,0,-99.991,wait,0,0,-99.9971,False
44,0,0,2,12,wait,0,0,-99.991,wait,0,0,-99.9971,False
45,0,0,2,13,wait,0,0,-99.991,wait,0,0,-99.9971,False
46,0,0,2,14,wait,0,0,-99.991,wait,0,0,-99.9971,False
47,0,0,2,15,wait,0,0,0.0,wait,0,0,0.0,False
48,0,0,3,0,wait,0,0,-75.29,wait,0,0,-92.1897,False
49,0,0,3,1,wait,0,0,-74.591,wait,0,0,-92.246,False
50,0,0,3,2,wait,0,0,-75.3856,wait,0,0,-92.7302,False
51,0,0,3,3,wait,0,0,-74.6755,wait,0,0,-92.3381,False
52,0,0,3,4,wait,0,0,-74.7994,wait,0,0,-92.2932,False
53,0,0,3,5,wait,0,0,-74.4962,wait,0,0,-92.9368,False
54,0,0,3,6,wait,0,0,-74.3621,wait,0,0,-91.7446,False
55,0,0,3,7,wait,0,0,-74.9518,wait,0,0,-91.8255,False
56,0,0,3,8,wait,0,0,-75.1581,wait,0,0,-92.8327,False
57,0,0,3,9,wait,0,0,-73.6028,wait,0,0,-91.2812,False
58,0,0,3,10,wait,0,0,-74.5042,wait,0,0,-91.9502,False
59,0,0,3,11,wait,0,0,-75.0057,wait,0,0,-92.1463,False
60,0,0,3,12,wait,0,0,-74.5802,wait,0,0,-92.5651,False
61,0,0,3,13,wait,0,0,-74.2262,wait,0,0,-91.9944,False
62,0,0,3,14,wait,0,0,-95.0584,wait,0,0,-95.016,False
63,0,0,3,15,wait,0,0,0.0,wait,0,0,0.0,False
64,0,0,4,0,wait,0,0,-60.1665,wait,0,0,-85.0123,False
65,0,0,4,1,wait,0,0,-60.0659,wait,0,0,-86.1884,False
66,0,0,4,2,wait,0,0,-59.6281,wait,0,0,-84.8517,False
67,0,0,4,3,wait,0,0,-60.6414,wait,0,0,-85.7298,False
68,0,0,4,4,wait,0,0,-59.9973,wait,0,0,-84.9392,False
69,0,0,4,5,wait,0,0,-60.8545,wait,0,0,-86.406,False
70,0,0,4,6,wait,0,0,-60.3611,wait,0,0,-85.5797,False
71,0,0,4,7,wait,0,0,-60.0685,wait,0,0,-86.4766,False
72,0,0,4,8,wait,0,0,-60.0685,wait,0,0,-85.7945,False
73,0,0,4,9,wait,0,0,-60.5381,wait,0,0,-86.3307,False
74,0,0,4,10,wait,0,0,-60.0075,wait,0,0,-85.69,False
75,0,0,4,11,wait,0,0,-60.2614,wait,0,0,-85.5697,False
76,0,0,4,12,wait,0,0,-60.4006,wait,0,0,-85.9651,False
77,0,0,4,13,wait,0,0,-60.6302,wait,0,0,-86.5779,False
78,0,0,4,14,wait,0,0,-92.2845,wait,0,0,-92.3402,False
79,0,0,4,15,wait,0,0,0.0,wait,0,0,0.0,False
80,0,0,5,0,wait,0,0,-48.3414,wait,0,0,-76.4674,False
81,0,0,5,1,wait,0,0,-48.1054,wait,0,0,-76.33,False
82,0,0,5,2,wait,0,0,-48.6733,wait,0,0,-77.2263,False
83,0,0,5,3,wait,0,0,-48.1119,wait,0,0,-76.7014,False
84,0,0,5,4,wait,0,0,-48.8965,wait,0,0,-76.542,False
85,0,0,5,5,wait,0,0,-48.3973,wait,0,0,-75.394,False
86,0,0,5,6,wait,0,0,-48.2326,wait,0,0,-76.1127,False
87,0,0,5,7,wait,0,0,-47.849,wait,0,0,-75.372,False
88,0,0,5,8,wait,0,0,-48.1554,wait,0,0,-75.0757,False
89,0,0,5,9,wait,0,0,-48.4201,wait,0,0,-75.9114,False
90,0,0,5,10,wait,0,0,-48.9563,wait,0,0,-77.8658,False
91,0,0,5,11,wait,0,0,-48.5773,wait,0,0,-75.7386,False
92,0,0,5,12,wait,0,0,-48.1391,wait,0,0,-76.5039,False
93,0,0,5,13,wait,0,0,-51.3352,wait,0,0,-80.6094,False
94,0,0,5,14,wait,0,0,-90.7214,wait,0,0,-90.4078,False
95,0,0,5,15,wait,0,0,0.0,wait,0,0,0.0,False
112,0,1,1,0,wait,0,1,-99.2979,wait,0,1,-99.304,False
113,0,1,1,1,wait,0,1,-99.2979,wait,0,1,-99.304,False
114,0,1,1,2,wait,0,1,-99.2979,wait,0,1,-99.304,False
115,0,1,1,3,wait,0,1,-99.2979,wait,0,1,-99.304,False
116,0,1,1,4,wait,0,1,-99.2979,wait,0,1,-99.304,False
117,0,1,1,5,wait,0,1,-99.2979,wait,0,1,-99.304,False
118,0,1,1,6,wait,0,1,-99.2979,wait,0,1,-99.304,False
119,0,1,1,7,wait,0,1,-99.2979,wait,0,1,-99.304,False
120,0,1,1,8,wait,0,1,-99.2979,wait,0,1,-99.304,False
121,0,1,1,9,wait,0,1,-99.2979,wait,0,1,-99.304,False
122,0,1,1,10,wait,0,1,-99.2979,wait,0,1,-99.304,False
123,0,1,1,11,wait,0,1,-99.2979,wait,0,1,-99.304,False
124,0,1,1,12,wait,0,1,-99.2979,wait,0,1,-99.304,False
125,0,1,1,13,wait,0,1,-99.2979,wait,0,1,-99.304,False
126,0,1,1,14,wait,0,1,-99.2979,wait,0,1,-99.304,False
127,0,1,1,15,wait,0,0,0.0,wait,0,0,0.0,False
128,0,1,2,0,wait,0,1,-73.7279,wait,0,1,-91.7162,False
129,0,1,2,1,wait,0,1,-73.7715,wait,0,1,-91.6003,False
130,0,1,2,2,wait,0,1,-73.5018,wait,0,1,-90.9256,False
131,0,1,2,3,wait,0,1,-73.8858,wait,0,1,-90.7978,False
132,0,1,2,4,wait,0,1,-74.2806,wait,0,1,-91.4139,False
133,0,1,2,5,wait,0,1,-73.4922,wait,0,1,-91.7051,False
134,0,1,2,6,wait,0,1,-73.8872,wait,0,1,-91.6879,False
135,0,1,2,7,wait,0,1,-73.6294,wait,0,1,-91.3618,False
136,0,1,2,8,wait,0,1,-74.0261,wait,0,1,-91.8955,False
137,0,1,2,9,wait,0,1,-73.5589,wait,0,1,-90.9013,False
138,0,1,2,10,wait,0,1,-74.4907,wait,0,1,-92.4659,False
139,0,1,2,11,wait,0,1,-73.8776,wait,0,1,-91.7615,False
140,0,1,2,12,wait,0,1,-73.5066,wait,0,1,-90.3334,False
141,0,1,2,13,wait,0,1,-74.1593,wait,0,1,-91.9073,False
142,0,1,2,14,wait,0,1,-93.6376,wait,0,1,-94.1032,False
143,0,1,2,15,wait,0,0,0.0,wait,0,0,0.0,False
144,0,1,3,0,wait,0,1,-58.7468,wait,0,1,-83.698,False
145,0,1,3,1,wait,0,1,-59.1515,wait,0,1,-84.8685,False
146,0,1,3,2,wait,0,1,-59.5348,wait,0,1,-84.8311,False
147,0,1,3,3,wait,0,1,-59.8207,wait,0,1,-84.6331,False
148,0,1,3,4,wait,0,1,-59.3409,wait,0,1,-84.7405,False
149,0,1,3,5,wait,0,1,-60.5211,wait,0,1,-85.0291,False
150,0,1,3,6,wait,0,1,-59.3865,wait,0,1,-84.9824,False
151,0,1,3,7,wait,0,1,-59.561,wait,0,1,-85.6351,False
152,0,1,3,8,wait,0,1,-60.1441,wait,0,1,-85.3077,False
153,0,1,3,9,wait,0,1,-59.191,wait,0,1,-84.4009,False
154,0,1,3,10,wait,0,1,-59.6705,wait,0,1,-85.8544,False
155,0,1,3,11,wait,0,1,-59.6052,wait,0,1,-84.4207,False
156,0,1,3,12,wait,0,1,-59.5887,wait,0,1,-85.2155,False
157,0,1,3,13,wait,0,1,-60.3782,wait,0,1,-85.8344,False
158,0,1,3,14,wait,0,1,-91.4778,wait,0,1,-90.8051,False
159,0,1,3,15,wait,0,0,0.0,wait,0,0,0.0,False
160,0,1,4,0,wait,0,1,-47.4848,wait,0,1,-73.9887,False
161,0,1,4,1,wait,0,1,-47.6713,wait,0,1,-75.6478,False
162,0,1,4,2,wait,0,1,-47.7044,wait,0,1,-75.8475,False
163,0,1,4,3,wait,0,1,-47.2103,wait,0,1,-75.1136,False
164,0,1,4,4,wait,0,1,-47.4305,wait,0,1,-74.2919,False
165,0,1,4,5,wait,0,1,-47.2916,wait,0,1,-75.0832,False
166,0,1,4,6,wait,0,1,-47.5738,wait,0,1,-75.3068,False
167,0,1,4,7,wait,0,1,-47.534,wait,0,1,-75.5621,False
168,0,1,4,8,wait,0,1,-47.4675,wait,0,1,-74.9024,False
169,0,1,4,9,wait,0,1,-47.3157,wait,0,1,-74.6273,False
170,0,1,4,10,wait,0,1,-47.3545,wait,0,1,-75.8965,False
171,0,1,4,11,wait,0,1,-47.7089,wait,0,1,-74.9333,False
172,0,1,4,12,wait,0,1,-47.4055,wait,0,1,-74.8441,False
173,0,1,4,13,wait,0,1,-50.5821,wait,0,1,-79.8851,False
174,0,1,4,14,wait,0,1,-89.7402,wait,0,1,-89.5443,False
175,0,1,4,15,wait,0,0,0.0,wait,0,0,0.0,False
176,0,1,5,0,wait,0,1,-40.0399,wait,0,1,-66.7843,False
177,0,1,5,1,wait,0,1,-39.8356,wait,0,1,-66.1305,False
178,0,1,5,2,wait,0,1,-40.0514,wait,0,1,-65.7817,False
179,0,1,5,3,wait,0,1,-39.967,wait,0,1,-66.6072,False
180,0,1,5,4,wait,0,1,-39.8965,wait,0,1,-66.116,False
181,0,1,5,5,wait,0,1,-39.741,wait,0,1,-66.3364,False
182,0,1,5,6,wait,0,1,-39.926,wait,0,1,-66.5295,False
183,0,1,5,7,wait,0,1,-39.7183,wait,0,1,-66.6761,False
184,0,1,5,8,wait,0,1,-40.7534,wait,0,1,-67.5093,False
185,0,1,5,9,wait,0,1,-40.5911,wait,0,1,-65.9407,False
186,0,1,5,10,wait,0,1,-40.0762,wait,0,1,-67.0777,False
187,0,1,5,11,wait,0,1,-40.3481,wait,0,1,-66.3256,False
188,0,1,5,12,wait,0,1,-41.9807,wait,0,1,-69.3385,False
189,0,1,5,13,wait,0,1,-45.8524,wait,0,1,-75.9694,False
190,0,1,5,14,wait,0,1,-88.6685,wait,0,1,-88.853,False
191,0,1,5,15,wait,0,0,0.0,wait,0,0,0.0,False
208,0,2,1,0,wait,0,2,-98.8924,wait,0,2,-98.8985,False
209,0,2,1,1,wait,0,2,-98.8924,wait,0,2,-98.8985,False
210,0,2,1,2,wait,0,2,-98.8924,wait,0,2,-98.8985,False
211,0,2,1,3,wait,0,2,-98.8924,wait,0,2,-98.8985,False
212,0,2,1,4,wait,0,2,-98.8924,wait,0,2,-98.8985,False
213,0,2,1,5,wait,0,2,-98.8924,wait,0,2,-98.8985,False
214,0,2,1,6,wait,0,2,-98.8924,wait,0,2,-98.8985,False
215,0,2,1,7,wait,0,2,-98.8924,wait,0,2,-98.8985,False
216,0,2,1,8,wait,0,2,-98.8924,wait,0,2,-98.8985,False
217,0,2,1,9,wait,0,2,-98.8924,wait,0,2,-98.8985,False
218,0,2,1,10,wait,0,2,-98.8924,wait,0,2,-98.8985,False
219,0,2,1,11,wait,0,2,-98.8924,wait,0,2,-98.8985,False
220,0,2,1,12,wait,0,2,-98.8924,wait,0,2,-98.8985,False
221,0,2,1,13,wait,0,2,-98.8924,wait,0,2,-98.8985,False
222,0,2,1,14,wait,0,2,-98.8924,wait,0,2,-98.8985,False
223,0,2,1,15,wait,0,0,0.0,wait,0,0,0.0,False
224,0,2,2,0,wait,0,1,-73.1554,wait,0,1,-90.96,False
225,0,2,2,1,wait,0,1,-73.4724,wait,0,1,-91.1432,False
226,0,2,2,2,wait,0,2,-73.4267,wait,0,2,-91.6285,False
227,0,2,2,3,wait,0,2,-73.397,wait,0,2,-91.1409,False
228,0,2,2,4,wait,0,1,-73.8581,wait,0,2,-90.8746,True
229,0,2,2,5,wait,0,2,-73.5202,wait,0,2,-90.9137,False
230,0,2,2,6,wait,0,2,-73.8724,wait,0,2,-91.7267,False
231,0,2,2,7,wait,0,2,-73.5435,wait,0,2,-91.2069,False
232,0,2,2,8,wait,0,1,-74.0686,wait,0,1,-91.8234,False
233,0,2,2,9,wait,0,2,-73.2568,wait,0,2,-89.9463,False
234,0,2,2,10,wait,0,1,-73.1046,wait,0,1,-90.5816,False
235,0,2,2,11,wait,0,1,-73.784,wait,0,1,-91.316,False
236,0,2,2,12,wait,0,2,-73.3991,wait,0,2,-91.1093,False
237,0,2,2,13,wait,0,2,-73.4959,wait,0,2,-90.9989,False
238,0,2,2,14,wait,0,2,-93.4564,wait,0,2,-92.9155,False
239,0,2,2,15,wait,0,0,0.0,wait,0,0,0.0,False
240,0,2,3,0,wait,0,1,-57.8141,wait,0,1,-82.2061,False
241,0,2,3,1,wait,0,1,-57.9097,wait,0,1,-81.5402,False
242,0,2,3,2,wait,0,1,-57.7583,wait,0,1,-81.8755,False
243,0,2,3,3,wait,0,1,-58.3976,wait,0,1,-83.6291,False
244,0,2,3,4,wait,0,1,-57.5465,wait,0,1,-81.982,False
245,0,2,3,5,wait,0,1,-58.0836,wait,0,1,-82.6343,False
246,0,2,3,6,wait,0,1,-57.9399,wait,0,1,-81.8542,False
247,0,2,3,7,wait,0,1,-58.2067,wait,0,1,-82.0727,False
248,0,2,3,8,wait,0,1,-57.4093,wait,0,1,-81.9439,False
249,0,2,3,9,wait,0,1,-58.6386,wait,0,1,-81.9934,False
250,0,2,3,10,wait,0,1,-58.1062,wait,0,1,-82.4955,False
251,0,2,3,11,wait,0,1,-58.2007,wait,0,1,-82.2791,False
252,0,2,3,12,wait,0,1,-57.6338,wait,0,1,-81.5641,False
253,0,2,3,13,wait,0,1,-59.1278,wait,0,1,-83.4757,False
254,0,2,3,14,wait,0,1,-91.5494,wait,0,1,-91.4897,False
255,0,2,3,15,wait,0,0,0.0,wait,0,0,0.0,False
256,0,2,4,0,wait,0,1,-45.4585,wait,0,1,-71.6006,False
257,0,2,4,1,wait,0,1,-45.6292,wait,0,1,-71.9036,False
258,0,2,4,2,wait,0,1,-45.6578,wait,0,1,-72.3534,False
259,0,2,4,3,wait,0,1,-45.4672,wait,0,1,-71.854,False
260,0,2,4,4,wait,0,1,-46.1612,wait,0,1,-72.9967,False
261,0,2,4,5,wait,0,1,-45.323,wait,0,1,-72.7106,False
262,0,2,4,6,wait,0,1,-45.523,wait,0,1,-72.3991,False
263,0,2,4,7,wait,0,1,-45.4594,wait,0,1,-72.1577,False
264,0,2,4,8,wait,0,1,-45.3596,wait,0,1,-72.5011,False
265,0,2,4,9,wait,0,1,-45.6323,wait,0,1,-72.5861,False
266,0,2,4,10,wait,0,1,-45.8589,wait,0,1,-71.8119,False
267,0,2,4,11,wait,0,1,-45.5441,wait,0,1,-71.4883,False
268,0,2,4,12,wait,0,1,-46.2161,wait,0,1,-73.5634,False
269,0,2,4,13,wait,0,2,-49.771,wait,0,1,-78.9681,True
270,0,2,4,14,wait,0,2,-89.0561,wait,0,2,-88.5362,False
271,0,2,4,15,wait,0,0,0.0,wait,0,0,0.0,False
272,0,2,5,0,wait,0,1,-37.4362,wait,0,1,-61.7826,False
273,0,2,5,1,wait,0,1,-37.2012,wait,0,1,-62.2622,False
274,0,2,5,2,wait,0,1,-36.7337,wait,0,1,-61.5252,False
275,0,2,5,3,wait,0,1,-37.8876,wait,0,1,-63.5735,False
276,0,2,5,4,wait,0,1,-37.0569,wait,0,1,-60.9878,False
277,0,2,5,5,wait,0,1,-37.2271,wait,0,1,-62.2483,False
278,0,2,5,6,wait,0,1,-37.197,wait,0,1,-62.103,False
279,0,2,5,7,wait,0,1,-37.5451,wait,0,1,-62.8158,False
280,0,2,5,8,wait,0,1,-36.8491,wait,0,1,-61.6994,False
281,0,2,5,9,wait,0,1,-37.469,wait,0,1,-62.0372,False
282,0,2,5,10,wait,0,1,-36.9684,wait,0,1,-61.2143,False
283,0,2,5,11,wait,0,1,-37.5206,wait,0,1,-61.7064,False
284,0,2,5,12,wait,0,1,-40.476,wait,0,1,-67.0728,False
285,0,2,5,13,wait,0,2,-45.497,wait,0,2,-75.7979,False
286,0,2,5,14,wait,0,2,-88.1574,wait,0,2,-88.3051,False
287,0,2,5,15,wait,0,0,0.0,wait,0,0,0.0,False
304,0,3,1,0,wait,0,2,-98.8924,wait,0,2,-98.8985,False
305,0,3,1,1,wait,0,2,-98.8924,wait,0,2,-98.8985,False
306,0,3,1,2,wait,0,2,-98.8924,wait,0,2,-98.8985,False
307,0,3,1,3,wait,0,2,-98.8924,wait,0,2,-98.8985,False
308,0,3,1,4,wait,0,2,-98.8924,wait,0,2,-98.8985,False
309,0,3,1,5,wait,0,2,-98.8924,wait,0,2,-98.8985,False
310,0,3,1,6,wait,0,2,-98.8924,wait,0,2,-98.8985,False
311,0,3,1,7,wait,0,2,-98.8924,wait,0,2,-98.8985,False
312,0,3,1,8,wait,0,2,-98.8924,wait,0,2,-98.8985,False
313,0,3,1,9,wait,0,2,-98.8924,wait,0,2,-98.8985,False
314,0,3,1,10,wait,0,2,-98.8924,wait,0,2,-98.8985,False
315,0,3,1,11,wait,0,2,-98.8924,wait,0,2,-98.8985,False
316,0,3,1,12,wait,0,2,-98.8924,wait,0,2,-98.8985,False
317,0,3,1,13,wait,0,2,-98.8924,wait,0,2,-98.8985,False
318,0,3,1,14,wait,0,2,-98.8924,wait,0,2,-98.8985,False
319,0,3,1,15,wait,0,0,0.0,wait,0,0,0.0,False
320,0,3,2,0,wait,0,2,-72.779,wait,0,2,-88.9935,False
321,0,3,2,1,wait,0,2,-73.0614,wait,0,2,-90.2538,False
322,0,3,2,2,wait,0,2,-73.199,wait,0,2,-90.3062,False
323,0,3,2,3,wait,0,2,-73.6735,wait,0,1,-90.9944,True
324,0,3,2,4,wait,0,2,-73.7785,wait,0,1,-91.6855,True
325,0,3,2,5,wait,0,2,-73.7108,wait,0,2,-90.4197,False
326,0,3,2,6,wait,0,2,-72.7738,wait,0,2,-90.5499,False
327,0,3,2,7,wait,0,2,-73.348,wait,0,2,-90.8929,False
328,0,3,2,8,wait,0,2,-73.396,wait,0,2,-91.2398,False
329,0,3,2,9,wait,0,2,-73.6646,wait,0,2,-90.2843,False
330,0,3,2,10,wait,0,2,-73.8886,wait,0,1,-91.493,True
331,0,3,2,11,wait,0,2,-73.3727,wait,0,2,-90.757,False
332,0,3,2,12,wait,0,2,-73.4333,wait,0,2,-90.1761,False
333,0,3,2,13,wait,0,2,-73.2004,wait,0,2,-90.6614,False
334,0,3,2,14,wait,0,2,-93.8697,wait,0,2,-93.8735,False
335,0,3,2,15,wait,0,0,0.0,wait,0,0,0.0,False
336,0,3,3,0,wait,0,2,-57.1899,wait,0,2,-80.7126,False
337,0,3,3,1,wait,0,2,-57.4567,wait,0,2,-82.0824,False
338,0,3,3,2,wait,0,2,-57.1086,wait,0,2,-81.2781,False
339,0,3,3,3,wait,0,2,-57.8419,wait,0,2,-81.4309,False
340,0,3,3,4,wait,0,1,-57.1577,wait,0,1,-80.7597,False
341,0,3,3,5,wait,0,2,-57.4348,wait,0,1,-81.431,True
342,0,3,3,6,wait,0,2,-57.5498,wait,0,2,-81.1614,False
343,0,3,3,7,wait,0,1,-57.3446,wait,0,1,-81.3684,False
344,0,3,3,8,wait,0,2,-57.4549,wait,0,2,-81.5661,False
345,0,3,3,9,wait,0,2,-57.7471,wait,0,2,-81.4292,False
346,0,3,3,10,wait,0,1,-57.7508,wait,0,1,-81.9404,False
347,0,3,3,11,wait,0,2,-57.0415,wait,0,2,-80.8812,False
348,0,3,3,12,wait,0,2,-56.8334,wait,0,2,-80.9617,False
349,0,3,3,13,wait,0,2,-58.3776,wait,0,1,-83.2256,True
350,0,3,3,14,wait,0,2,-91.099,wait,0,1,-91.3573,True
351,0,3,3,15,wait,0,0,0.0,wait,0,0,0.0,False
352,0,3,4,0,wait,0,2,-45.2137,wait,0,1,-71.8613,True
353,0,3,4,1,wait,0,2,-45.5732,wait,0,1,-71.7328,True
354,0,3,4,2,wait,0,2,-44.7508,wait,0,1,-71.6991,True
355,0,3,4,3,wait,0,1,-44.9167,wait,0,1,-71.9767,False
356,0,3,4,4,wait,0,1,-44.8432,wait,0,1,-71.0323,False
357,0,3,4,5,wait,0,2,-44.6247,wait,0,2,-70.9495,False
358,0,3,4,6,wait,0,2,-44.5984,wait,0,2,-71.3491,False
359,0,3,4,7,wait,0,1,-44.802,wait,0,1,-71.0108,False
360,0,3,4,8,wait,0,2,-44.657,wait,0,2,-70.9602,False
361,0,3,4,9,wait,0,2,-44.8949,wait,0,2,-72.0469,False
362,0,3,4,10,wait,0,1,-44.7371,wait,0,1,-71.7126,False
363,0,3,4,11,wait,0,1,-44.7658,wait,0,1,-71.022,False
364,0,3,4,12,wait,0,2,-45.8913,wait,0,2,-72.5343,False
365,0,3,4,13,wait,0,2,-48.8037,wait,0,2,-77.6516,False
366,0,3,4,14,wait,0,2,-88.7138,wait,0,2,-88.873,False
367,0,3,4,15,wait,0,0,0.0,wait,0,0,0.0,False
368,0,3,5,0,wait,0,1,-36.4099,wait,0,1,-60.7239,False
369,0,3,5,1,wait,0,1,-35.956,wait,0,1,-59.8242,False
370,0,3,5,2,wait,0,1,-36.1647,wait,0,1,-58.9744,False
371,0,3,5,3,wait,0,1,-36.4103,wait,0,2,-60.3624,True
372,0,3,5,4,wait,0,1,-36.4921,wait,0,1,-60.4893,False
373,0,3,5,5,wait,0,1,-36.1782,wait,0,1,-59.9828,False
374,0,3,5,6,wait,0,1,-36.3238,wait,0,2,-60.4232,True
375,0,3,5,7,wait,0,1,-36.465,wait,0,1,-60.548,False
376,0,3,5,8,wait,0,1,-36.6053,wait,0,1,-60.6644,False
377,0,3,5,9,wait,0,1,-36.057,wait,0,1,-59.8116,False
378,0,3,5,10,wait,0,1,-36.7818,wait,0,1,-59.9007,False
379,0,3,5,11,wait,0,1,-37.0249,wait,0,1,-61.6844,False
380,0,3,5,12,wait,0,2,-39.4354,wait,0,1,-65.1946,True
381,0,3,5,13,wait,0,2,-44.6931,wait,0,1,-74.4607,True
382,0,3,5,14,wait,0,2,-88.6558,wait,0,2,-88.6593,False
383,0,3,5,15,wait,0,0,0.0,wait,0,0,0.0,False
400,0,4,1,0,wait,0,2,-98.8924,wait,0,2,-98.8985,False
401,0,4,1,1,wait,0,2,-98.8924,wait,0,2,-98.8985,False
402,0,4,1,2,wait,0,2,-98.8924,wait,0,2,-98.8985,False
403,0,4,1,3,wait,0,2,-98.8924,wait,0,2,-98.8985,False
404,0,4,1,4,wait,0,2,-98.8924,wait,0,2,-98.8985,False
405,0,4,1,5,wait,0,2,-98.8924,wait,0,2,-98.8985,False
406,0,4,1,6,wait,0,2,-98.8924,wait,0,2,-98.8985,False
407,0,4,1,7,wait,0,2,-98.8924,wait,0,2,-98.8985,False
408,0,4,1,8,wait,0,2,-98.8924,wait,0,2,-98.8985,False
409,0,4,1,9,wait,0,2,-98.8924,wait,0,2,-98.8985,False
410,0,4,1,10,wait,0,2,-98.8924,wait,0,2,-98.8985,False
411,0,4,1,11,wait,0,2,-98.8924,wait,0,2,-98.8985,False
412,0,4,1,12,wait,0,2,-98.8924,wait,0,2,-98.8985,False
413,0,4,1,13,wait,0,2,-98.8924,wait,0,2,-98.8985,False
414,0,4,1,14,wait,0,2,-98.8924,wait,0,2,-98.8985,False
415,0,4,1,15,wait,0,0,0.0,wait,0,0,0.0,False
416,0,4,2,0,wait,0,2,-73.1569,wait,0,2,-90.4206,False
417,0,4,2,1,wait,0,2,-72.8156,wait,0,2,-90.8079,False
418,0,4,2,2,wait,0,2,-73.4115,wait,0,2,-90.9567,False
419,0,4,2,3,wait,0,1,-73.8861,wait,0,1,-91.2059,False
420,0,4,2,4,wait,0,2,-73.5826,wait,0,2,-90.9083,False
421,0,4,2,5,wait,0,2,-72.9885,wait,0,2,-90.2835,False
422,0,4,2,6,wait,0,1,-74.0114,wait,0,1,-90.8722,False
423,0,4,2,7,wait,0,2,-73.6325,wait,0,2,-91.5529,False
424,0,4,2,8,wait,0,2,-73.5404,wait,0,1,-91.2905,True
425,0,4,2,9,wait,0,2,-72.8351,wait,0,2,-89.9027,False
426,0,4,2,10,wait,0,1,-73.1467,wait,0,1,-91.2126,False
427,0,4,2,11,wait,0,1,-73.665,wait,0,2,-90.1499,True
428,0,4,2,12,wait,0,1,-73.4076,wait,0,2,-91.4277,True
429,0,4,2,13,wait,0,2,-73.5468,wait,0,2,-90.4042,False
430,0,4,2,14,wait,0,2,-93.739,wait,0,2,-94.0165,False
431,0,4,2,15,wait,0,0,0.0,wait,0,0,0.0,False
432,0,4,3,0,wait,0,2,-57.3155,wait,0,1,-81.3449,True
433,0,4,3,1,wait,0,2,-57.5702,wait,0,2,-81.768,False
434,0,4,3,2,wait,0,1,-58.1224,wait,0,1,-81.7199,False
435,0,4,3,3,wait,0,2,-57.3204,wait,0,1,-81.4263,True
436,0,4,3,4,wait,0,2,-57.7996,wait,0,2,-81.8777,False
437,0,4,3,5,wait,0,2,-57.2768,wait,0,1,-81.5627,True
438,0,4,3,6,wait,0,1,-57.2324,wait,0,1,-80.5482,False
439,0,4,3,7,wait,0,2,-57.2746,wait,0,2,-81.5674,False
440,0,4,3,8,wait,0,2,-57.2198,wait,0,2,-81.5304,False
441,0,4,3,9,wait,0,2,-57.5004,wait,0,2,-82.2911,False
442,0,4,3,10,wait,0,2,-57.0675,wait,0,2,-80.9992,False
443,0,4,3,11,wait,0,2,-57.5136,wait,0,2,-81.7062,False
444,0,4,3,12,wait,0,2,-57.2902,wait,0,1,-81.4954,True
445,0,4,3,13,wait,0,2,-58.0425,wait,0,2,-82.3177,False
446,0,4,3,14,wait,0,2,-90.7904,wait,0,2,-91.0419,False
447,0,4,3,15,wait,0,0,0.0,wait,0,0,0.0,False
448,0,4,4,0,wait,0,2,-44.3206,wait,0,2,-70.8663,False
449,0,4,4,1,wait,0,2,-44.5694,wait,0,2,-70.6003,False
450,0,4,4,2,wait,0,2,-44.0218,wait,0,2,-69.6255,False
451,0,4,4,3,wait,0,2,-44.1523,wait,0,2,-69.7029,False
452,0,4,4,4,wait,0,2,-44.4746,wait,0,2,-70.7489,False
453,0,4,4,5,wait,0,2,-44.1834,wait,0,2,-69.9502,False
454,0,4,4,6,wait,0,2,-44.2616,wait,0,2,-69.9222,False
455,0,4,4,7,wait,0,1,-44.7476,wait,0,1,-70.5467,False
456,0,4,4,8,wait,0,2,-44.806,wait,0,2,-70.5495,False
457,0,4,4,9,wait,0,2,-43.6418,wait,0,2,-69.2809,False
458,0,4,4,10,wait,0,2,-44.0905,wait,0,2,-70.3382,False
459,0,4,4,11,wait,0,1,-44.3934,wait,0,1,-68.8652,False
460,0,4,4,12,wait,0,2,-45.4284,wait,0,2,-71.26,False
461,0,4,4,13,wait,0,2,-49.106,wait,0,2,-78.5479,False
462,0,4,4,14,wait,0,2,-88.9338,wait,0,2,-89.1766,False
463,0,4,4,15,wait,0,0,0.0,wait,0,0,0.0,False
464,0,4,5,0,wait,0,2,-35.6153,wait,0,2,-58.871,False
465,0,4,5,1,wait,0,2,-35.7953,wait,0,1,-58.9554,True
466,0,4,5,2,wait,0,2,-35.4709,wait,0,2,-58.5807,False
467,0,4,5,3,wait,0,2,-35.6953,wait,0,2,-59.9262,False
468,0,4,5,4,wait,0,2,-35.4426,wait,0,2,-59.3571,False
469,0,4,5,5,wait,0,2,-35.608,wait,0,2,-59.0982,False
470,0,4,5,6,wait,0,2,-35.6825,wait,0,2,-59.8418,False
471,0,4,5,7,wait,0,1,-35.8814,wait,0,1,-59.8296,False
472,0,4,5,8,wait,0,2,-35.408,wait,0,2,-60.1369,False
473,0,4,5,9,wait,0,1,-36.174,wait,0,1,-60.5926,False
474,0,4,5,10,wait,0,2,-36.1258,wait,0,2,-60.0764,False
475,0,4,5,11,wait,0,2,-36.242,wait,0,2,-60.9851,False
476,0,4,5,12,wait,0,2,-39.4951,wait,0,1,-66.1299,True
477,0,4,5,13,wait,0,2,-44.3395,wait,0,2,-74.631,False
478,0,4,5,14,wait,0,2,-88.6995,wait,0,1,-88.1731,True
479,0,4,5,15,wait,0,0,0.0,wait,0,0,0.0,False
496,0,5,1,0,wait,0,2,-98.8924,wait,0,2,-98.8985,False
497,0,5,1,1,wait,0,2,-98.8924,wait,0,2,-98.8985,False
498,0,5,1,2,wait,0,2,-98.8924,wait,0,2,-98.8985,False
499,0,5,1,3,wait,0,2,-98.8924,wait,0,2,-98.8985,False
500,0,5,1,4,wait,0,2,-98.8924,wait,0,2,-98.8985,False
501,0,5,1,5,wait,0,2,-98.8924,wait,0,2,-98.8985,False
502,0,5,1,6,wait,0,2,-98.8924,wait,0,2,-98.8985,False
503,0,5,1,7,wait,0,2,-98.8924,wait,0,2,-98.8985,False
504,0,5,1,8,wait,0,2,-98.8924,wait,0,2,-98.8985,False
505,0,5,1,9,wait,0,2,-98.8924,wait,0,2,-98.8985,False
506,0,5,1,10,wait,0,2,-98.8924,wait,0,2,-98.8985,False
507,0,5,1,11,wait,0,2,-98.8924,wait,0,2,-98.8985,False
508,0,5,1,12,wait,0,2,-98.8924,wait,0,2,-98.8985,False
509,0,5,1,13,wait,0,2,-98.8924,wait,0,2,-98.8985,False
510,0,5,1,14,wait,0,2,-98.8924,wait,0,2,-98.8985,False
511,0,5,1,15,wait,0,0,0.0,wait,0,0,0.0,False
512,0,5,2,0,wait,0,2,-73.9922,wait,0,2,-90.9316,False
513,0,5,2,1,wait,0,2,-73.6506,wait,0,1,-91.1592,True
514,0,5,2,2,wait,0,2,-72.9844,wait,0,2,-90.7143,False
515,0,5,2,3,wait,0,2,-73.6458,wait,0,2,-90.2025,False
516,0,5,2,4,wait,0,2,-73.3256,wait,0,2,-91.0898,False
517,0,5,2,5,wait,0,2,-73.4853,wait,0,2,-90.595,False
518,0,5,2,6,wait,0,1,-73.2881,wait,0,1,-90.6547,False
519,0,5,2,7,wait,0,2,-72.8035,wait,0,2,-91.0499,False
520,0,5,2,8,wait,0,2,-73.5142,wait,0,1,-90.8349,True
521,0,5,2,9,wait,0,2,-73.1416,wait,0,2,-90.4186,False
522,0,5,2,10,wait,0,2,-73.2115,wait,0,2,-90.3172,False
523,0,5,2,11,wait,0,2,-73.2741,wait,0,2,-90.0307,False
524,0,5,2,12,wait,0,2,-73.5562,wait,0,2,-91.475,False
525,0,5,2,13,wait,0,2,-73.9988,wait,0,1,-91.1321,True
526,0,5,2,14,wait,0,2,-93.5228,wait,0,1,-93.6736,True
527,0,5,2,15,wait,0,0,0.0,wait,0,0,0.0,False
528,0,5,3,0,wait,0,2,-56.7758,wait,0,1,-80.7076,True
529,0,5,3,1,wait,0,2,-57.3531,wait,0,2,-80.7966,False
530,0,5,3,2,wait,0,2,-57.318,wait,0,2,-81.5066,False
531,0,5,3,3,wait,0,2,-57.2484,wait,0,2,-81.4078,False
532,0,5,3,4,wait,0,2,-57.2082,wait,0,2,-81.7467,False
533,0,5,3,5,wait,0,2,-57.2785,wait,0,2,-81.2122,False
534,0,5,3,6,wait,0,2,-57.4688,wait,0,2,-81.1986,False
535,0,5,3,7,wait,0,1,-57.4529,wait,0,1,-81.3473,False
536,0,5,3,8,wait,0,2,-57.4559,wait,0,2,-81.7599,False
537,0,5,3,9,wait,0,2,-57.1585,wait,0,1,-81.786,True
538,0,5,3,10,wait,0,1,-57.3545,wait,0,1,-81.1477,False
539,0,5,3,11,wait,0,2,-57.5155,wait,0,2,-81.2952,False
540,0,5,3,12,wait,0,2,-57.4011,wait,0,2,-81.9369,False
541,0,5,3,13,wait,0,2,-58.7262,wait,0,1,-82.6067,True
542,0,5,3,14,wait,0,2,-91.4569,wait,0,2,-91.049,False
543,0,5,3,15,wait,0,0,0.0,wait,0,0,0.0,False
544,0,5,4,0,wait,0,2,-44.4951,wait,0,2,-70.2028,False
545,0,5,4,1,wait,0,2,-44.2684,wait,0,2,-70.9605,False
546,0,5,4,2,wait,0,2,-44.4388,wait,0,1,-69.7393,True
547,0,5,4,3,wait,0,2,-44.2005,wait,0,2,-69.7447,False
548,0,5,4,4,wait,0,2,-44.3246,wait,0,2,-69.9111,False
549,0,5,4,5,wait,0,2,-44.3223,wait,0,2,-70.3813,False
550,0,5,4,6,wait,0,2,-44.5964,wait,0,2,-70.813,False
551,0,5,4,7,wait,0,2,-44.3908,wait,0,1,-70.5244,True
552,0,5,4,8,wait,0,2,-44.0512,wait,0,2,-69.3363,False
553,0,5,4,9,wait,0,2,-44.3511,wait,0,2,-69.8276,False
554,0,5,4,10,wait,0,2,-44.5694,wait,0,1,-70.0547,True
555,0,5,4,11,wait,0,2,-44.4468,wait,0,2,-70.7293,False
556,0,5,4,12,wait,0,2,-44.7761,wait,0,2,-70.2684,False
557,0,5,4,13,wait,0,2,-48.7311,wait,0,2,-77.5419,False
558,0,5,4,14,wait,0,2,-88.7767,wait,0,2,-89.2364,False
559,0,5,4,15,wait,0,0,0.0,wait,0,0,0.0,False
560,0,5,5,0,wait,0,2,-35.4573,wait,0,2,-58.5878,False
561,0,5,5,1,wait,0,2,-35.4011,wait,0,2,-59.0629,False
562,0,5,5,2,wait,0,2,-35.1154,wait,0,2,-58.5608,False
563,0,5,5,3,wait,0,2,-35.6525,wait,0,2,-59.9566,False
564,0,5,5,4,wait,0,2,-35.1752,wait,0,2,-59.3998,False
565,0,5,5,5,wait,0,2,-35.6703,wait,0,2,-58.8307,False
566,0,5,5,6,wait,0,2,-34.8363,wait,0,2,-58.7015,False
567,0,5,5,7,wait,0,2,-35.403,wait,0,2,-58.2632,False
568,0,5,5,8,wait,0,2,-35.1378,wait,0,2,-59.0805,False
569,0,5,5,9,wait,0,2,-34.9679,wait,0,2,-57.4661,False
570,0,5,5,10,wait,0,2,-35.0864,wait,0,2,-58.8662,False
571,0,5,5,11,wait,0,2,-35.8335,wait,0,2,-59.8505,False
572,0,5,5,12,wait,0,2,-39.3291,wait,0,1,-65.134,True
573,0,5,5,13,wait,0,2,-44.332,wait,0,2,-74.1892,False
574,0,5,5,14,wait,0,2,-88.4587,wait,0,1,-88.3396,True
575,0,5,5,15,wait,0,0,0.0,wait,0,0,0.0,False
592,0,6,1,0,wait,0,2,-98.8924,wait,0,2,-98.8985,False
593,0,6,1,1,wait,0,2,-98.8924,wait,0,2,-98.8985,False
594,0,6,1,2,wait,0,2,-98.8924,wait,0,2,-98.8985,False
595,0,6,1,3,wait,0,2,-98.8924,wait,0,2,-98.8985,False
596,0,6,1,4,wait,0,2,-98.8924,wait,0,2,-98.8985,False
597,0,6,1,5,wait,0,2,-98.8924,wait,0,2,-98.8985,False
598,0,6,1,6,wait,0,2,-98.8924,wait,0,2,-98.8985,False
599,0,6,1,7,wait,0,2,-98.8924,wait,0,2,-98.8985,False
600,0,6,1,8,wait,0,2,-98.8924,wait,0,2,-98.8985,False
601,0,6,1,9,wait,0,2,-98.8924,wait,0,2,-98.8985,False
602,0,6,1,10,wait,0,2,-98.8924,wait,0,2,-98.8985,False
603,0,6,1,11,wait,0,2,-98.8924,wait,0,2,-98.8985,False
604,0,6,1,12,wait,0,2,-98.8924,wait,0,2,-98.8985,False
605,0,6,1,13,wait,0,2,-98.8924,wait,0,2,-98.8985,False
606,0,6,1,14,wait,0,2,-98.8924,wait,0,2,-98.8985,False
607,0,6,1,15,wait,0,0,0.0,wait,0,0,0.0,False
608,0,6,2,0,wait,0,2,-72.8233,wait,0,2,-90.4385,False
609,0,6,2,1,wait,0,2,-73.4301,wait,0,2,-91.2083,False
610,0,6,2,2,wait,0,2,-73.8634,wait,0,2,-91.6702,False
611,0,6,2,3,wait,0,2,-73.2984,wait,0,2,-91.3847,False
612,0,6,2,4,wait,0,2,-72.9796,wait,0,2,-90.3508,False
613,0,6,2,5,wait,0,2,-73.9532,wait,0,2,-90.7228,False
614,0,6,2,6,wait,0,2,-73.9119,wait,0,2,-90.6227,False
615,0,6,2,7,wait,0,1,-73.136,wait,0,1,-90.3582,False
616,0,6,2,8,wait,0,2,-73.3257,wait,0,2,-90.503,False
617,0,6,2,9,wait,0,2,-72.8885,wait,0,2,-90.4018,False
618,0,6,2,10,wait,0,2,-73.2367,wait,0,2,-90.9245,False
619,0,6,2,11,wait,0,1,-73.6438,wait,0,1,-90.4171,False
620,0,6,2,12,wait,0,2,-73.3306,wait,0,1,-90.8042,True
621,0,6,2,13,wait,0,2,-73.8871,wait,0,2,-90.6535,False
622,0,6,2,14,wait,0,2,-93.2541,wait,0,2,-93.4167,False
623,0,6,2,15,wait,0,0,0.0,wait,0,0,0.0,False
624,0,6,3,0,wait,0,2,-57.1527,wait,0,2,-80.3211,False
625,0,6,3,1,wait,0,2,-57.7077,wait,0,2,-81.305,False
626,0,6,3,2,wait,0,1,-57.8419,wait,0,1,-81.7565,False
627,0,6,3,3,wait,0,2,-57.1284,wait,0,1,-81.1102,True
628,0,6,3,4,wait,0,2,-57.0044,wait,0,2,-81.4695,False
629,0,6,3,5,wait,0,2,-57.4105,wait,0,2,-82.3881,False
630,0,6,3,6,wait,0,2,-56.9079,wait,0,2,-81.1012,False
631,0,6,3,7,wait,0,2,-57.2773,wait,0,2,-81.4037,False
632,0,6,3,8,wait,0,2,-57.3987,wait,0,2,-81.9379,False
633,0,6,3,9,wait,0,2,-57.8262,wait,0,2,-81.9784,False
634,0,6,3,10,wait,0,2,-57.5038,wait,0,1,-80.7244,True
635,0,6,3,11,wait,0,2,-57.2277,wait,0,2,-80.2933,False
636,0,6,3,12,wait,0,1,-57.0593,wait,0,1,-82.0918,False
637,0,6,3,13,wait,0,2,-58.1104,wait,0,2,-83.7541,False
638,0,6,3,14,wait,0,2,-91.553,wait,0,1,-91.8765,True
639,0,6,3,15,wait,0,0,0.0,wait,0,0,0.0,False
640,0,6,4,0,wait,0,2,-43.4696,wait,0,2,-69.1797,False
641,0,6,4,1,wait,0,1,-44.1458,wait,0,1,-69.7262,False
642,0,6,4,2,wait,0,2,-43.5321,wait,0,2,-68.7348,False
643,0,6,4,3,wait,0,2,-43.8683,wait,0,1,-70.1401,True
644,0,6,4,4,wait,0,2,-44.6687,wait,0,2,-70.2246,False
645,0,6,4,5,wait,0,2,-44.1197,wait,0,2,-70.093,False
646,0,6,4,6,wait,0,2,-43.8394,wait,0,1,-70.0374,True
647,0,6,4,7,wait,0,2,-43.6871,wait,0,2,-70.0648,False
648,0,6,4,8,wait,0,2,-44.1049,wait,0,2,-69.8342,False
649,0,6,4,9,wait,0,2,-44.0257,wait,0,2,-70.1847,False
650,0,6,4,10,wait,0,2,-44.6239,wait,0,2,-70.7226,False
651,0,6,4,11,wait,0,2,-44.3657,wait,0,2,-70.3256,False
652,0,6,4,12,wait,0,2,-44.7738,wait,0,2,-70.9082,False
653,0,6,4,13,wait,0,2,-48.6577,wait,0,2,-77.0445,False
654,0,6,4,14,wait,0,2,-88.4721,wait,0,2,-88.6882,False
655,0,6,4,15,wait,0,0,0.0,wait,0,0,0.0,False
656,0,6,5,0,wait,0,2,-35.6646,wait,0,2,-58.9864,False
657,0,6,5,1,wait,0,2,-34.4532,wait,0,2,-57.7906,False
658,0,6,5,2,wait,0,2,-35.3182,wait,0,2,-58.4047,False
659,0,6,5,3,wait,0,2,-35.7683,wait,0,2,-59.265,False
660,0,6,5,4,wait,0,1,-35.5646,wait,0,1,-59.2031,False
661,0,6,5,5,wait,0,2,-35.5027,wait,0,2,-59.2156,False
662,0,6,5,6,wait,0,2,-35.1209,wait,0,2,-58.569,False
663,0,6,5,7,wait,0,2,-35.1174,wait,0,2,-58.4079,False
664,0,6,5,8,wait,0,2,-35.5839,wait,0,2,-59.0448,False
665,0,6,5,9,wait,0,2,-35.3363,wait,0,2,-58.7844,False
666,0,6,5,10,wait,0,2,-34.9184,wait,0,2,-58.834,False
667,0,6,5,11,wait,0,2,-35.571,wait,0,2,-58.8934,False
668,0,6,5,12,wait,0,2,-39.3295,wait,0,2,-66.0934,False
669,0,6,5,13,wait,0,2,-44.9269,wait,0,1,-74.4422,True
670,0,6,5,14,wait,0,2,-87.6718,wait,0,2,-87.4535,False
671,0,6,5,15,wait,0,0,0.0,wait,0,0,0.0,False
688,0,7,1,0,wait,0,2,-98.8924,wait,0,2,-98.8985,False
689,0,7,1,1,wait,0,2,-98.8924,wait,0,2,-98.8985,False
690,0,7,1,2,wait,0,2,-98.8924,wait,0,2,-98.8985,False
691,0,7,1,3,wait,0,2,-98.8924,wait,0,2,-98.8985,False
692,0,7,1,4,wait,0,2,-98.8924,wait,0,2,-98.8985,False
693,0,7,1,5,wait,0,2,-98.8924,wait,0,2,-98.8985,False
694,0,7,1,6,wait,0,2,-98.8924,wait,0,2,-98.8985,False
695,0,7,1,7,wait,0,2,-98.8924,wait,0,2,-98.8985,False
696,0,7,1,8,wait,0,2,-98.8924,wait,0,2,-98.8985,False
697,0,7,1,9,wait,0,2,-98.8924,wait,0,2,-98.8985,False
698,0,7,1,10,wait,0,2,-98.8924,wait,0,2,-98.8985,False
699,0,7,1,11,wait,0,2,-98.8924,wait,0,2,-98.8985,False
700,0,7,1,12,wait,0,2,-98.8924,wait,0,2,-98.8985,False
701,0,7,1,13,wait,0,2,-98.8924,wait,0,2,-98.8985,False
702,0,7,1,14,wait,0,2,-98.8924,wait,0,2,-98.8985,False
703,0,7,1,15,wait,0,0,0.0,wait,0,0,0.0,False
704,0,7,2,0,wait,0,2,-73.3707,wait,0,1,-90.6933,True
705,0,7,2,1,wait,0,1,-73.874,wait,0,2,-91.5886,True
706,0,7,2,2,wait,0,2,-73.5034,wait,0,2,-91.4864,False
707,0,7,2,3,wait,0,2,-73.6053,wait,0,2,-90.5692,False
708,0,7,2,4,wait,0,2,-73.7283,wait,0,2,-90.378,False
709,0,7,2,5,wait,0,1,-73.8163,wait,0,1,-91.4326,False
710,0,7,2,6,wait,0,2,-73.5477,wait,0,1,-91.2554,True
711,0,7,2,7,wait,0,2,-73.4733,wait,0,2,-90.8251,False
712,0,7,2,8,wait,0,2,-73.5014,wait,0,2,-91.3532,False
713,0,7,2,9,wait,0,2,-72.8391,wait,0,2,-89.5814,False
714,0,7,2,10,wait,0,2,-72.9897,wait,0,2,-90.2993,False
715,0,7,2,11,wait,0,2,-73.2836,wait,0,2,-90.5742,False
716,0,7,2,12,wait,0,2,-73.3566,wait,0,2,-90.3287,False
717,0,7,2,13,wait,0,1,-73.6624,wait,0,1,-91.1903,False
718,0,7,2,14,wait,0,2,-93.5681,wait,0,2,-93.9486,False
719,0,7,2,15,wait,0,0,0.0,wait,0,0,0.0,False
720,0,7,3,0,wait,0,2,-57.4576,wait,0,2,-80.7478,False
721,0,7,3,1,wait,0,2,-56.7035,wait,0,2,-80.2726,False
722,0,7,3,2,wait,0,2,-57.0048,wait,0,2,-81.7065,False
723,0,7,3,3,wait,0,2,-56.6977,wait,0,2,-81.0379,False
724,0,7,3,4,wait,0,2,-57.016,wait,0,2,-81.175,False
725,0,7,3,5,wait,0,2,-57.2794,wait,0,2,-81.4678,False
726,0,7,3,6,wait,0,2,-58.2635,wait,0,2,-81.2222,False
727,0,7,3,7,wait,0,1,-57.4235,wait,0,1,-80.89,False
728,0,7,3,8,wait,0,2,-57.1459,wait,0,2,-81.6157,False
729,0,7,3,9,wait,0,1,-57.4314,wait,0,1,-81.1538,False
730,0,7,3,10,wait,0,2,-57.1578,wait,0,2,-80.5034,False
731,0,7,3,11,wait,0,2,-57.3086,wait,0,1,-80.8463,True
732,0,7,3,12,wait,0,2,-56.6722,wait,0,2,-81.8515,False
733,0,7,3,13,wait,0,2,-58.4352,wait,0,2,-82.9649,False
734,0,7,3,14,wait,0,2,-90.8971,wait,0,2,-91.0914,False
735,0,7,3,15,wait,0,0,0.0,wait,0,0,0.0,False
736,0,7,4,0,wait,0,2,-44.1983,wait,0,2,-69.1166,False
737,0,7,4,1,wait,0,1,-44.9234,wait,0,2,-71.0264,True
738,0,7,4,2,wait,0,2,-44.1166,wait,0,1,-69.7289,True
739,0,7,4,3,wait,0,2,-43.9927,wait,0,2,-69.26,False
740,0,7,4,4,wait,0,1,-44.3186,wait,0,1,-70.7033,False
741,0,7,4,5,wait,0,2,-44.2301,wait,0,2,-69.2021,False
742,0,7,4,6,wait,0,2,-44.4643,wait,0,2,-69.9539,False
743,0,7,4,7,wait,0,2,-44.0567,wait,0,2,-69.8121,False
744,0,7,4,8,wait,0,2,-44.7223,wait,0,2,-70.3341,False
745,0,7,4,9,wait,0,2,-44.9708,wait,0,2,-71.3685,False
746,0,7,4,10,wait,0,2,-44.1781,wait,0,2,-69.4874,False
747,0,7,4,11,wait,0,2,-43.8926,wait,0,2,-70.3534,False
748,0,7,4,12,wait,0,2,-45.0493,wait,0,2,-72.0358,False
749,0,7,4,13,wait,0,2,-48.9412,wait,0,2,-78.4318,False
750,0,7,4,14,wait,0,2,-89.1346,wait,0,2,-89.312,False
751,0,7,4,15,wait,0,0,0.0,wait,0,0,0.0,False
752,0,7,5,0,wait,0,2,-35.5934,wait,0,1,-59.337,True
753,0,7,5,1,wait,0,2,-34.9846,wait,0,1,-58.389,True
754,0,7,5,2,wait,0,2,-35.3539,wait,0,2,-59.0584,False
755,0,7,5,3,wait,0,2,-35.1778,wait,0,2,-58.3884,False
756,0,7,5,4,wait,0,2,-34.8724,wait,0,1,-58.5698,True
757,0,7,5,5,wait,0,2,-34.9367,wait,0,2,-58.3198,False
758,0,7,5,6,wait,0,2,-35.2403,wait,0,2,-59.0404,False
759,0,7,5,7,wait,0,2,-35.323,wait,0,2,-59.2855,False
760,0,7,5,8,wait,0,2,-36.0471,wait,0,2,-60.0348,False
761,0,7,5,9,wait,0,2,-35.3647,wait,0,2,-58.9122,False
762,0,7,5,10,wait,0,2,-35.3703,wait,0,2,-58.6494,False
763,0,7,5,11,wait,0,2,-35.312,wait,0,2,-58.9945,False
764,0,7,5,12,wait,0,2,-38.291,wait,0,2,-64.341,False
765,0,7,5,13,wait,0,2,-44.9958,wait,0,1,-74.7732,True
766,0,7,5,14,wait,0,1,-89.0448,wait,0,1,-88.649,False
767,0,7,5,15,wait,0,0,0.0,wait,0,0,0.0,False
784,0,8,1,0,wait,0,2,-98.8924,wait,0,2,-98.8985,False
785,0,8,1,1,wait,0,2,-98.8924,wait,0,2,-98.8985,False
786,0,8,1,2,wait,0,2,-98.8924,wait,0,2,-98.8985,False
787,0,8,1,3,wait,0,2,-98.8924,wait,0,2,-98.8985,False
788,0,8,1,4,wait,0,2,-98.8924,wait,0,2,-98.8985,False
789,0,8,1,5,wait,0,2,-98.8924,wait,0,2,-98.8985,False
790,0,8,1,6,wait,0,2,-98.8924,wait,0,2,-98.8985,False
791,0,8,1,7,wait,0,2,-98.8924,wait,0,2,-98.8985,False
792,0,8,1,8,wait,0,2,-98.8924,wait,0,2,-98.8985,False
793,0,8,1,9,wait,0,2,-98.8924,wait,0,2,-98.8985,False
794,0,8,1,10,wait,0,2,-98.8924,wait,0,2,-98.8985,False
795,0,8,1,11,wait,0,2,-98.8924,wait,0,2,-98.8985,False
796,0,8,1,12,wait,0,2,-98.8924,wait,0,2,-98.8985,False
797,0,8,1,13,wait,0,2,-98.8924,wait,0,2,-98.8985,False
798,0,8,1,14,wait,0,2,-98.8924,wait,0,2,-98.8985,False
799,0,8,1,15,wait,0,0,0.0,wait,0,0,0.0,False
800,0,8,2,0,wait,0,2,-73.2344,wait,0,2,-90.5602,False
801,0,8,2,1,wait,0,2,-73.0357,wait,0,2,-90.8863,False
802,0,8,2,2,wait,0,2,-73.532,wait,0,2,-91.3554,False
803,0,8,2,3,wait,0,2,-73.1253,wait,0,2,-90.5578,False
804,0,8,2,4,wait,0,2,-73.183,wait,0,2,-90.7214,False
805,0,8,2,5,wait,0,1,-73.5095,wait,0,1,-90.9792,False
806,0,8,2,6,wait,0,2,-72.8669,wait,0,1,-90.0109,True
807,0,8,2,7,wait,0,2,-73.7705,wait,0,2,-90.6397,False
808,0,8,2,8,wait,0,1,-73.7592,wait,0,2,-90.9908,True
809,0,8,2,9,wait,0,2,-73.7328,wait,0,2,-91.0537,False
810,0,8,2,10,wait,0,2,-73.3157,wait,0,2,-90.1779,False
811,0,8,2,11,wait,0,2,-73.8657,wait,0,2,-91.3401,False
812,0,8,2,12,wait,0,2,-73.0862,wait,0,2,-90.4088,False
813,0,8,2,13,wait,0,2,-72.8854,wait,0,2,-90.4483,False
814,0,8,2,14,wait,0,2,-93.6379,wait,0,2,-93.6717,False
815,0,8,2,15,wait,0,0,0.0,wait,0,0,0.0,False
816,0,8,3,0,wait,0,2,-57.7231,wait,0,2,-81.573,False
817,0,8,3,1,wait,0,2,-57.3846,wait,0,2,-82.0488,False
818,0,8,3,2,wait,0,2,-56.6879,wait,0,2,-80.5202,False
819,0,8,3,3,wait,0,2,-57.0882,wait,0,2,-80.2163,False
820,0,8,3,4,wait,0,2,-57.3465,wait,0,2,-81.4134,False
821,0,8,3,5,wait,0,2,-56.8389,wait,0,2,-80.323,False
822,0,8,3,6,wait,0,2,-57.5252,wait,0,2,-80.9791,False
823,0,8,3,7,wait,0,2,-56.9009,wait,0,2,-81.4038,False
824,0,8,3,8,wait,0,2,-57.5735,wait,0,2,-81.5877,False
825,0,8,3,9,wait,0,2,-57.0681,wait,0,2,-80.7436,False
826,0,8,3,10,wait,0,1,-57.3557,wait,0,1,-81.2337,False
827,0,8,3,11,wait,0,2,-57.2421,wait,0,2,-80.6937,False
828,0,8,3,12,wait,0,1,-57.7125,wait,0,2,-81.4188,True
829,0,8,3,13,wait,0,2,-58.2265,wait,0,2,-82.665,False
830,0,8,3,14,wait,0,2,-91.067,wait,0,2,-90.3951,False
831,0,8,3,15,wait,0,0,0.0,wait,0,0,0.0,False
832,0,8,4,0,wait,0,2,-44.0933,wait,0,1,-69.8617,True
833,0,8,4,1,wait,0,2,-43.7196,wait,0,2,-70.0435,False
834,0,8,4,2,wait,0,2,-44.3028,wait,0,2,-69.1213,False
835,0,8,4,3,wait,0,2,-43.4424,wait,0,2,-69.3083,False
836,0,8,4,4,wait,0,2,-44.0195,wait,0,2,-69.3426,False
837,0,8,4,5,wait,0,2,-43.9079,wait,0,2,-69.3064,False
838,0,8,4,6,wait,0,2,-43.8403,wait,0,1,-69.5393,True
839,0,8,4,7,wait,0,2,-43.7766,wait,0,2,-68.5368,False
840,0,8,4,8,wait,0,2,-44.6233,wait,0,2,-70.4019,False
841,0,8,4,9,wait,0,2,-44.2103,wait,0,2,-69.8263,False
842,0,8,4,10,wait,0,2,-44.2176,wait,0,2,-70.1158,False
843,0,8,4,11,wait,0,2,-44.2419,wait,0,2,-70.299,False
844,0,8,4,12,wait,0,2,-45.0346,wait,0,2,-71.6306,False
845,0,8,4,13,wait,0,2,-48.2985,wait,0,2,-78.2089,False
846,0,8,4,14,wait,0,2,-89.2252,wait,0,2,-89.1705,False
847,0,8,4,15,wait,0,0,0.0,wait,0,0,0.0,False
848,0,8,5,0,wait,0,2,-35.2236,wait,0,2,-58.7631,False
849,0,8,5,1,wait,0,2,-34.7378,wait,0,2,-57.5966,False
850,0,8,5,2,wait,0,1,-35.3574,wait,0,1,-57.9318,False
851,0,8,5,3,wait,0,2,-35.3641,wait,0,2,-59.5093,False
852,0,8,5,4,wait,0,2,-34.6343,wait,0,2,-59.1529,False
853,0,8,5,5,wait,0,2,-34.8891,wait,0,2,-57.862,False
854,0,8,5,6,wait,0,2,-35.0648,wait,0,2,-59.016,False
855,0,8,5,7,wait,0,2,-35.1792,wait,0,2,-58.9133,False
856,0,8,5,8,wait,0,2,-34.9964,wait,0,2,-58.2003,False
857,0,8,5,9,wait,0,2,-35.3991,wait,0,2,-58.5196,False
858,0,8,5,10,wait,0,2,-34.7887,wait,0,2,-58.302,False
859,0,8,5,11,wait,0,2,-35.9363,wait,0,1,-59.4028,True
860,0,8,5,12,wait,0,2,-38.996,wait,0,2,-64.9568,False
861,0,8,5,13,wait,0,2,-44.7514,wait,0,2,-74.4987,False
862,0,8,5,14,wait,0,2,-87.8454,wait,0,2,-87.9428,False
863,0,8,5,15,wait,0,0,0.0,wait,0,0,0.0,False
880,0,9,1,0,wait,0,2,-98.8924,wait,0,2,-98.8985,False
881,0,9,1,1,wait,0,2,-98.8924,wait,0,2,-98.8985,False
882,0,9,1,2,wait,0,2,-98.8924,wait,0,2,-98.8985,False
883,0,9,1,3,wait,0,2,-98.8924,wait,0,2,-98.8985,False
884,0,9,1,4,wait,0,2,-98.8924,wait,0,2,-98.8985,False
885,0,9,1,5,wait,0,2,-98.8924,wait,0,2,-98.8985,False
886,0,9,1,6,wait,0,2,-98.8924,wait,0,2,-98.8985,False
887,0,9,1,7,wait,0,2,-98.8924,wait,0,2,-98.8985,False
888,0,9,1,8,wait,0,2,-98.8924,wait,0,2,-98.8985,False
889,0,9,1,9,wait,0,2,-98.8924,wait,0,2,-98.8985,False
890,0,9,1,10,wait,0,2,-98.8924,wait,0,2,-98.8985,False
891,0,9,1,11,wait,0,2,-98.8924,wait,0,2,-98.8985,False
892,0,9,1,12,wait,0,2,-98.8924,wait,0,2,-98.8985,False
893,0,9,1,13,wait,0,2,-98.8924,wait,0,2,-98.8985,False
894,0,9,1,14,wait,0,2,-98.8924,wait,0,2,-98.8985,False
895,0,9,1,15,wait,0,0,0.0,wait,0,0,0.0,False
896,0,9,2,0,wait,0,2,-73.1777,wait,0,2,-91.4589,False
897,0,9,2,1,wait,0,2,-73.4468,wait,0,1,-91.3118,True
898,0,9,2,2,wait,0,1,-73.2648,wait,0,2,-90.7018,True
899,0,9,2,3,wait,0,2,-73.5369,wait,0,2,-90.8872,False
900,0,9,2,4,wait,0,2,-72.9675,wait,0,2,-90.5429,False
901,0,9,2,5,wait,0,1,-73.5651,wait,0,2,-91.4835,True
902,0,9,2,6,wait,0,2,-73.0924,wait,0,2,-90.2104,False
903,0,9,2,7,wait,0,1,-73.3739,wait,0,2,-90.483,True
904,0,9,2,8,wait,0,2,-72.9011,wait,0,2,-89.9505,False
905,0,9,2,9,wait,0,2,-73.3758,wait,0,2,-91.8488,False
906,0,9,2,10,wait,0,2,-73.3175,wait,0,2,-90.4927,False
907,0,9,2,11,wait,0,2,-73.3156,wait,0,2,-90.0413,False
908,0,9,2,12,wait,0,2,-73.3374,wait,0,2,-91.0237,False
909,0,9,2,13,wait,0,2,-73.5835,wait,0,2,-90.3867,False
910,0,9,2,14,wait,0,2,-93.6776,wait,0,2,-93.7638,False
911,0,9,2,15,wait,0,0,0.0,wait,0,0,0.0,False
912,0,9,3,0,wait,0,2,-57.3964,wait,0,2,-81.686,False
913,0,9,3,1,wait,0,2,-58.0586,wait,0,2,-82.2287,False
914,0,9,3,2,wait,0,2,-57.6236,wait,0,2,-81.7016,False
915,0,9,3,3,wait,0,1,-57.6587,wait,0,1,-81.1712,False
916,0,9,3,4,wait,0,2,-56.8838,wait,0,2,-79.5065,False
917,0,9,3,5,wait,0,2,-57.4399,wait,0,2,-81.1116,False
918,0,9,3,6,wait,0,2,-57.1183,wait,0,1,-81.3368,True
919,0,9,3,7,wait,0,2,-57.1981,wait,0,1,-81.6606,True
920,0,9,3,8,wait,0,2,-57.9339,wait,0,2,-81.5031,False
921,0,9,3,9,wait,0,2,-57.6514,wait,0,1,-81.2311,True
922,0,9,3,10,wait,0,2,-57.3325,wait,0,1,-81.561,True
923,0,9,3,11,wait,0,2,-57.071,wait,0,2,-80.7824,False
924,0,9,3,12,wait,0,1,-57.6715,wait,0,1,-81.7737,False
925,0,9,3,13,wait,0,2,-58.7817,wait,0,2,-82.7359,False
926,0,9,3,14,wait,0,2,-90.3584,wait,0,2,-90.0744,False
927,0,9,3,15,wait,0,0,0.0,wait,0,0,0.0,False
928,0,9,4,0,wait,0,2,-43.5194,wait,0,2,-69.522,False
929,0,9,4,1,wait,0,2,-44.2882,wait,0,2,-69.5982,False
930,0,9,4,2,wait,0,2,-44.005,wait,0,2,-69.8456,False
931,0,9,4,3,wait,0,2,-43.9546,wait,0,1,-69.8827,True
932,0,9,4,4,wait,0,2,-43.8087,wait,0,2,-69.0732,False
933,0,9,4,5,wait,0,2,-44.3556,wait,0,2,-70.0472,False
934,0,9,4,6,wait,0,1,-44.2277,wait,0,1,-70.4621,False
935,0,9,4,7,wait,0,2,-44.3111,wait,0,2,-69.9709,False
936,0,9,4,8,wait,0,1,-44.498,wait,0,1,-69.678,False
937,0,9,4,9,wait,0,1,-45.2717,wait,0,1,-71.3555,False
938,0,9,4,10,wait,0,2,-44.3551,wait,0,1,-70.2239,True
939,0,9,4,11,wait,0,2,-44.1444,wait,0,2,-68.8681,False
940,0,9,4,12,wait,0,2,-45.6352,wait,0,2,-71.7859,False
941,0,9,4,13,wait,0,2,-48.9574,wait,0,2,-77.9304,False
942,0,9,4,14,wait,0,2,-89.2827,wait,0,2,-88.8291,False
943,0,9,4,15,wait,0,0,0.0,wait,0,0,0.0,False
944,0,9,5,0,wait,0,2,-35.6059,wait,0,2,-58.6343,False
945,0,9,5,1,wait,0,2,-34.8426,wait,0,2,-58.3673,False
946,0,9,5,2,wait,0,2,-34.7998,wait,0,2,-56.9921,False
947,0,9,5,3,wait,0,2,-34.9525,wait,0,2,-57.5893,False
948,0,9,5,4,wait,0,2,-34.9079,wait,0,2,-57.6135,False
949,0,9,5,5,wait,0,2,-34.8205,wait,0,2,-58.0409,False
950,0,9,5,6,wait,0,2,-35.2424,wait,0,2,-58.7083,False
951,0,9,5,7,wait,0,2,-35.4458,wait,0,2,-59.0469,False
952,0,9,5,8,wait,0,2,-34.6947,wait,0,2,-58.0941,False
953,0,9,5,9,wait,0,2,-35.189,wait,0,2,-58.5348,False
954,0,9,5,10,wait,0,1,-35.8715,wait,0,1,-58.4835,False
955,0,9,5,11,wait,0,2,-35.6809,wait,0,2,-59.563,False
956,0,9,5,12,wait,0,2,-38.828,wait,0,2,-65.1118,False
957,0,9,5,13,wait,0,2,-44.5733,wait,0,1,-74.1734,True
958,0,9,5,14,wait,0,2,-87.4194,wait,0,2,-87.6019,False
959,0,9,5,15,wait,0,0,0.0,wait,0,0,0.0,False
976,0,10,1,0,wait,0,2,-98.8924,wait,0,2,-98.8985,False
977,0,10,1,1,wait,0,2,-98.8924,wait,0,2,-98.8985,False
978,0,10,1,2,wait,0,2,-98.8924,wait,0,2,-98.8985,False
979,0,10,1,3,wait,0,2,-98.8924,wait,0,2,-98.8985,False
980,0,10,1,4,wait,0,2,-98.8924,wait,0,2,-98.8985,False
981,0,10,1,5,wait,0,2,-98.8924,wait,0,2,-98.8985,False
982,0,10,1,6,wait,0,2,-98.8924,wait,0,2,-98.8985,False
983,0,10,1,7,wait,0,2,-98.8924,wait,0,2,-98.8985,False
984,0,10,1,8,wait,0,2,-98.8924,wait,0,2,-98.8985,False
985,0,10,1,9,wait,0,2,-98.8924,wait,0,2,-98.8985,False
986,0,10,1,10,wait,0,2,-98.8924,wait,0,2,-98.8985,False
987,0,10,1,11,wait,0,2,-98.8924,wait,0,2,-98.8985,False
988,0,10,1,12,wait,0,2,-98.8924,wait,0,2,-98.8985,False
989,0,10,1,13,wait,0,2,-98.8924,wait,0,2,-98.8985,False
990,0,10,1,14,wait,0,2,-98.8924,wait,0,2,-98.8985,False
991,0,10,1,15,wait,0,0,0.0,wait,0,0,0.0,False
992,0,10,2,0,wait,0,2,-72.8184,wait,0,2,-90.4644,False
993,0,10,2,1,wait,0,2,-73.2854,wait,0,2,-90.536,False
994,0,10,2,2,wait,0,2,-73.0557,wait,0,2,-90.2308,False
995,0,10,2,3,wait,0,2,-73.1385,wait,0,2,-90.7816,False
996,0,10,2,4,wait,0,1,-73.3798,wait,0,1,-91.4766,False
997,0,10,2,5,wait,0,1,-73.8493,wait,0,1,-91.2899,False
998,0,10,2,6,wait,0,2,-72.9773,wait,0,2,-90.6256,False
999,0,10,2,7,wait,0,2,-73.1349,wait,0,2,-90.7944,False
1000,0,10,2,8,wait,0,2,-73.0021,wait,0,2,-90.2401,False
1001,0,10,2,9,wait,0,2,-73.439,wait,0,2,-90.5153,False
1002,0,10,2,10,wait,0,2,-73.2446,wait,0,2,-89.9792,False
1003,0,10,2,11,wait,0,1,-73.7392,wait,0,1,-91.6158,False
1004,0,10,2,12,wait,0,1,-72.9938,wait,0,1,-91.1098,False
1005,0,10,2,13,wait,0,2,-73.0846,wait,0,2,-90.8567,False
1006,0,10,2,14,wait,0,2,-93.7158,wait,0,1,-94.0038,True
1007,0,10,2,15,wait,0,0,0.0,wait,0,0,0.0,False
1008,0,10,3,0,wait,0,1,-57.9264,wait,0,2,-82.0008,True
1009,0,10,3,1,wait,0,2,-56.9766,wait,0,2,-81.4035,False
1010,0,10,3,2,wait,0,2,-57.2742,wait,0,2,-80.8772,False
1011,0,10,3,3,wait,0,2,-57.4609,wait,0,2,-81.7351,False
1012,0,10,3,4,wait,0,2,-57.2739,wait,0,2,-81.2114,False
1013,0,10,3,5,wait,0,2,-56.5178,wait,0,2,-80.438,False
1014,0,10,3,6,wait,0,2,-57.8015,wait,0,1,-81.9024,True
1015,0,10,3,7,wait,0,2,-57.171,wait,0,2,-81.2908,False
1016,0,10,3,8,wait,0,2,-57.5753,wait,0,1,-81.4855,True
1017,0,10,3,9,wait,0,2,-56.7279,wait,0,2,-80.5366,False
1018,0,10,3,10,wait,0,2,-57.275,wait,0,2,-81.8858,False
1019,0,10,3,11,wait,0,2,-56.7294,wait,0,2,-81.4823,False
1020,0,10,3,12,wait,0,2,-56.6675,wait,0,2,-80.6601,False
1021,0,10,3,13,wait,0,2,-58.261,wait,0,2,-83.0729,False
1022,0,10,3,14,wait,0,2,-90.9297,wait,0,2,-90.6082,False
1023,0,10,3,15,wait,0,0,0.0,wait,0,0,0.0,False
1024,0,10,4,0,wait,0,2,-44.1006,wait,0,1,-69.9202,True
1025,0,10,4,1,wait,0,2,-44.2873,wait,0,2,-69.7398,False
1026,0,10,4,2,wait,0,2,-43.8798,wait,0,2,-68.7108,False
1027,0,10,4,3,wait,0,2,-44.313,wait,0,1,-71.347,True
1028,0,10,4,4,wait,0,2,-44.0652,wait,0,2,-69.0821,False
1029,0,10,4,5,wait,0,2,-44.0273,wait,0,2,-69.9315,False
1030,0,10,4,6,wait,0,2,-43.9276,wait,0,2,-70.3107,False
1031,0,10,4,7,wait,0,2,-44.0781,wait,0,2,-69.7225,False
1032,0,10,4,8,wait,0,1,-44.3723,wait,0,1,-70.7642,False
1033,0,10,4,9,wait,0,1,-45.0122,wait,0,1,-70.9919,False
1034,0,10,4,10,wait,0,2,-44.4781,wait,0,2,-69.7142,False
1035,0,10,4,11,wait,0,2,-43.7829,wait,0,2,-68.9818,False
1036,0,10,4,12,wait,0,2,-44.4322,wait,0,2,-70.0769,False
1037,0,10,4,13,wait,0,2,-48.4386,wait,0,2,-76.4874,False
1038,0,10,4,14,wait,0,2,-89.1923,wait,0,2,-89.9582,False
1039,0,10,4,15,wait,0,0,0.0,wait,0,0,0.0,False
1040,0,10,5,0,wait,0,2,-34.4178,wait,0,2,-57.703,False
1041,0,10,5,1,wait,0,2,-35.485,wait,0,1,-58.695,True
1042,0,10,5,2,wait,0,2,-34.7017,wait,0,2,-57.1659,False
1043,0,10,5,3,wait,0,2,-35.1113,wait,0,2,-58.7386,False
1044,0,10,5,4,wait,0,2,-35.4087,wait,0,2,-58.5716,False
1045,0,10,5,5,wait,0,2,-34.7378,wait,0,2,-57.3375,False
1046,0,10,5,6,wait,0,2,-35.151,wait,0,2,-58.4131,False
1047,0,10,5,7,wait,0,2,-35.506,wait,0,2,-59.6824,False
1048,0,10,5,8,wait,0,2,-35.6222,wait,0,2,-58.4321,False
1049,0,10,5,9,wait,0,2,-34.5092,wait,0,2,-57.113,False
1050,0,10,5,10,wait,0,2,-34.8694,wait,0,2,-58.0975,False
1051,0,10,5,11,wait,0,2,-35.7972,wait,0,2,-59.3003,False
1052,0,10,5,12,wait,0,2,-38.7866,wait,0,2,-64.259,False
1053,0,10,5,13,wait,0,2,-45.0817,wait,0,2,-75.1158,False
1054,0,10,5,14,wait,0,2,-88.4684,wait,0,2,-87.9505,False
1055,0,10,5,15,wait,0,0,0.0,wait,0,0,0.0,False
1072,1,0,1,0,wait,1,0,-99.2979,wait,1,0,-99.304,False
1073,1,0,1,1,wait,1,0,-99.2979,wait,1,0,-99.304,False
1074,1,0,1,2,wait,1,0,-99.2979,wait,1,0,-99.304,False
1075,1,0,1,3,wait,1,0,-99.2979,wait,1,0,-99.304,False
1076,1,0,1,4,wait,1,0,-99.2979,wait,1,0,-99.304,False
1077,1,0,1,5,wait,1,0,-99.2979,wait,1,0,-99.304,False
1078,1,0,1,6,wait,1,0,-99.2979,wait,1,0,-99.304,False
1079,1,0,1,7,wait,1,0,-99.2979,wait,1,0,-99.304,False
1080,1,0,1,8,wait,1,0,-99.2979,wait,1,0,-99.304,False
1081,1,0,1,9,wait,1,0,-99.2979,wait,1,0,-99.304,False
1082,1,0,1,10,wait,1,0,-99.2979,wait,1,0,-99.304,False
1083,1,0,1,11,wait,1,0,-99.2979,wait,1,0,-99.304,False
1084,1,0,1,12,wait,1,0,-99.2979,wait,1,0,-99.304,False
1085,1,0,1,13,wait,1,0,-99.2979,wait,1,0,-99.304,False
1086,1,0,1,14,wait,1,0,-99.2979,wait,1,0,-99.304,False
1087,1,0,1,15,wait,0,0,0.0,wait,0,0,0.0,False
1088,1,0,2,0,wait,1,0,-73.9549,wait,1,0,-91.498,False
1089,1,0,2,1,wait,1,0,-74.0321,wait,1,0,-91.9349,False
1090,1,0,2,2,wait,1,0,-74.3026,wait,1,0,-91.796,False
1091,1,0,2,3,wait,1,0,-74.0856,wait,1,0,-92.1146,False
1092,1,0,2,4,wait,1,0,-74.1323,wait,1,0,-91.3955,False
1093,1,0,2,5,wait,1,0,-73.915,wait,1,0,-91.7879,False
1094,1,0,2,6,wait,1,0,-73.648,wait,1,0,-91.9756,False
1095,1,0,2,7,wait,1,0,-74.1606,wait,1,0,-91.1507,False
1096,1,0,2,8,wait,1,0,-73.7767,wait,1,0,-91.5717,False
1097,1,0,2,9,wait,1,0,-74.3953,wait,1,0,-92.2387,False
1098,1,0,2,10,wait,1,0,-74.005,wait,1,0,-92.463,False
1099,1,0,2,11,wait,1,0,-73.8086,wait,1,0,-91.1911,False
1100,1,0,2,12,wait,1,0,-74.5829,wait,1,0,-91.797,False
1101,1,0,2,13,wait,1,0,-74.5204,wait,1,0,-91.6316,False
1102,1,0,2,14,wait,1,0,-94.1393,wait,1,0,-94.0659,False
1103,1,0,2,15,wait,0,0,0.0,wait,0,0,0.0,False
1104,1,0,3,0,wait,1,0,-59.8201,wait,1,0,-85.1167,False
1105,1,0,3,1,wait,1,0,-59.2972,wait,1,0,-84.2918,False
1106,1,0,3,2,wait,1,0,-59.0798,wait,1,0,-84.8663,False
1107,1,0,3,3,wait,1,0,-59.6393,wait,1,0,-85.7749,False
1108,1,0,3,4,wait,1,0,-59.9463,wait,1,0,-84.717,False
1109,1,0,3,5,wait,1,0,-59.9957,wait,1,0,-85.4112,False
1110,1,0,3,6,wait,1,0,-59.556,wait,1,0,-83.5008,False
1111,1,0,3,7,wait,1,0,-59.7244,wait,1,0,-85.5577,False
1112,1,0,3,8,wait,1,0,-59.7048,wait,1,0,-85.2902,False
1113,1,0,3,9,wait,1,0,-59.9173,wait,1,0,-84.9374,False
1114,1,0,3,10,wait,1,0,-59.7715,wait,1,0,-85.2482,False
1115,1,0,3,11,wait,1,0,-59.3844,wait,1,0,-84.2906,False
1116,1,0,3,12,wait,1,0,-58.9604,wait,1,0,-83.6375,False
1117,1,0,3,13,wait,1,0,-60.0288,wait,1,0,-85.4995,False
1118,1,0,3,14,wait,1,0,-91.048,wait,1,0,-90.9518,False
1119,1,0,3,15,wait,0,0,0.0,wait,0,0,0.0,False
1120,1,0,4,0,wait,1,0,-47.5019,wait,1,0,-74.5806,False
1121,1,0,4,1,wait,1,0,-47.3719,wait,1,0,-75.0662,False
1122,1,0,4,2,wait,1,0,-46.8413,wait,1,0,-75.036,False
1123,1,0,4,3,wait,1,0,-47.2504,wait,1,0,-75.1947,False
1124,1,0,4,4,wait,1,0,-47.6301,wait,1,0,-74.6412,False
1125,1,0,4,5,wait,1,0,-46.9007,wait,1,0,-74.3608,False
1126,1,0,4,6,wait,1,0,-47.3235,wait,1,0,-74.8036,False
1127,1,0,4,7,wait,1,0,-47.3475,wait,1,0,-75.4391,False
1128,1,0,4,8,wait,1,0,-46.7782,wait,1,0,-73.9893,False
1129,1,0,4,9,wait,1,0,-47.6602,wait,1,0,-75.7253,False
1130,1,0,4,10,wait,1,0,-47.5001,wait,1,0,-75.9547,False
1131,1,0,4,11,wait,1,0,-47.4986,wait,1,0,-74.9595,False
1132,1,0,4,12,wait,1,0,-47.5737,wait,1,0,-75.6316,False
1133,1,0,4,13,wait,1,0,-50.6982,wait,1,0,-80.8725,False
1134,1,0,4,14,wait,1,0,-88.4819,wait,1,0,-87.3182,False
1135,1,0,4,15,wait,0,0,0.0,wait,0,0,0.0,False
1136,1,0,5,0,wait,1,0,-40.3356,wait,1,0,-66.7926,False
1137,1,0,5,1,wait,1,0,-40.5659,wait,1,0,-66.3073,False
1138,1,0,5,2,wait,1,0,-40.1199,wait,1,0,-67.0176,False
1139,1,0,5,3,wait,1,0,-39.7897,wait,1,0,-66.0028,False
1140,1,0,5,4,wait,1,0,-40.0837,wait,1,0,-66.8699,False
1141,1,0,5,5,wait,1,0,-40.028,wait,1,0,-66.0636,False
1142,1,0,5,6,wait,1,0,-39.9578,wait,1,0,-66.3162,False
1143,1,0,5,7,wait,1,0,-40.1523,wait,1,0,-66.6911,False
1144,1,0,5,8,wait,1,0,-40.1666,wait,1,0,-66.5812,False
1145,1,0,5,9,wait,1,0,-40.2901,wait,1,0,-66.8668,False
1146,1,0,5,10,wait,1,0,-40.1015,wait,1,0,-66.1882,False
1147,1,0,5,11,wait,1,0,-40.5851,wait,1,0,-66.8273,False
1148,1,0,5,12,wait,1,0,-42.058,wait,1,0,-69.5445,False
1149,1,0,5,13,wait,1,0,-45.8925,wait,1,0,-76.5951,False
1150,1,0,5,14,wait,1,0,-88.9194,wait,1,0,-88.6089,False
1151,1,0,5,15,wait,0,0,0.0,wait,0,0,0.0,False
1168,1,1,1,0,wait,1,1,-73.1683,wait,1,1,-91.5483,False
1169,1,1,1,1,wait,1,1,-72.4204,wait,1,1,-90.7007,False
1170,1,1,1,2,wait,1,1,-72.9048,wait,1,1,-90.4171,False
1171,1,1,1,3,wait,1,1,-73.3734,wait,1,1,-90.9534,False
1172,1,1,1,4,wait,1,1,-73.5854,wait,1,1,-90.8476,False
1173,1,1,1,5,wait,1,1,-73.059,wait,1,1,-90.7763,False
1174,1,1,1,6,wait,1,1,-73.1079,wait,1,1,-90.9349,False
1175,1,1,1,7,wait,1,1,-72.5994,wait,1,1,-90.3012,False
1176,1,1,1,8,wait,1,1,-73.3682,wait,1,1,-90.9373,False
1177,1,1,1,9,wait,1,1,-73.6775,wait,1,1,-90.8394,False
1178,1,1,1,10,wait,1,1,-73.4433,wait,1,1,-91.4513,False
1179,1,1,1,11,wait,1,1,-72.8831,wait,1,1,-91.1474,False
1180,1,1,1,12,wait,1,1,-73.0519,wait,1,1,-90.653,False
1181,1,1,1,13,wait,1,1,-72.9765,wait,1,1,-90.189,False
1182,1,1,1,14,wait,1,1,-93.1338,wait,1,1,-93.1162,False
1183,1,1,1,15,wait,0,0,0.0,wait,0,0,0.0,False
1184,1,1,2,0,wait,1,1,-58.846,wait,1,1,-83.7087,False
1185,1,1,2,1,wait,1,1,-58.4857,wait,1,1,-83.4027,False
1186,1,1,2,2,wait,1,1,-58.5976,wait,1,1,-83.1769,False
1187,1,1,2,3,wait,1,1,-58.3871,wait,1,1,-82.0688,False
1188,1,1,2,4,wait,1,1,-58.6642,wait,1,1,-84.3426,False
1189,1,1,2,5,wait,1,1,-59.4865,wait,1,1,-84.7159,False
1190,1,1,2,6,wait,1,1,-58.0701,wait,1,1,-83.5557,False
1191,1,1,2,7,wait,1,1,-59.4043,wait,1,1,-84.6984,False
1192,1,1,2,8,wait,1,1,-58.761,wait,1,1,-83.3954,False
1193,1,1,2,9,wait,1,1,-58.4124,wait,1,1,-83.2766,False
1194,1,1,2,10,wait,1,1,-58.3906,wait,1,1,-83.5687,False
1195,1,1,2,11,wait,1,1,-58.9714,wait,1,1,-83.6822,False
1196,1,1,2,12,wait,1,1,-58.1316,wait,1,1,-84.0188,False
1197,1,1,2,13,wait,1,1,-59.7394,wait,1,1,-85.055,False
1198,1,1,2,14,wait,1,1,-90.8083,wait,1,1,-90.698,False
1199,1,1,2,15,wait,0,0,0.0,wait,0,0,0.0,False
1200,1,1,3,0,wait,1,1,-45.9219,wait,1,1,-73.5935,False
1201,1,1,3,1,wait,1,1,-47.2826,wait,1,1,-75.5126,False
1202,1,1,3,2,wait,1,1,-47.0822,wait,1,1,-74.8113,False
1203,1,1,3,3,wait,1,1,-46.365,wait,1,1,-73.9745,False
1204,1,1,3,4,wait,1,1,-47.2635,wait,1,1,-74.6348,False
1205,1,1,3,5,wait,1,1,-46.6604,wait,1,1,-73.7224,False
1206,1,1,3,6,wait,1,1,-46.7926,wait,1,1,-74.6651,False
1207,1,1,3,7,wait,1,1,-46.5944,wait,1,1,-73.9134,False
1208,1,1,3,8,wait,1,1,-46.6638,wait,1,1,-74.5295,False
1209,1,1,3,9,wait,1,1,-46.3628,wait,1,1,-74.4093,False
1210,1,1,3,10,wait,1,1,-46.5128,wait,1,1,-74.7246,False
1211,1,1,3,11,wait,1,1,-46.5051,wait,1,1,-73.9727,False
1212,1,1,3,12,wait,1,1,-46.6876,wait,1,1,-74.3754,False
1213,1,1,3,13,wait,1,1,-49.2911,wait,1,1,-79.5583,False
1214,1,1,3,14,wait,1,1,-89.1624,wait,1,1,-88.5662,False
1215,1,1,3,15,wait,0,0,0.0,wait,0,0,0.0,False
1216,1,1,4,0,wait,1,1,-39.2728,wait,1,1,-66.3908,False
1217,1,1,4,1,wait,1,1,-39.1477,wait,1,1,-64.951,False
1218,1,1,4,2,wait,1,1,-39.532,wait,1,1,-65.6333,False
1219,1,1,4,3,wait,1,1,-38.9856,wait,1,1,-65.4701,False
1220,1,1,4,4,wait,1,1,-38.2434,wait,1,1,-64.6517,False
1221,1,1,4,5,wait,1,1,-38.9028,wait,1,1,-64.7341,False
1222,1,1,4,6,wait,1,1,-38.5927,wait,1,1,-65.0689,False
1223,1,1,4,7,wait,1,1,-38.8075,wait,1,1,-65.8247,False
1224,1,1,4,8,wait,1,1,-38.9975,wait,1,1,-65.9559,False
1225,1,1,4,9,wait,1,1,-38.9482,wait,1,1,-65.2819,False
1226,1,1,4,10,wait,1,1,-39.3302,wait,1,1,-65.4938,False
1227,1,1,4,11,wait,1,1,-39.1779,wait,1,1,-66.2081,False
1228,1,1,4,12,wait,1,1,-40.4924,wait,1,1,-67.2888,False
1229,1,1,4,13,wait,1,1,-45.3128,wait,1,1,-76.0807,False
1230,1,1,4,14,wait,1,1,-88.1489,wait,1,1,-87.5505,False
1231,1,1,4,15,wait,0,0,0.0,wait,0,0,0.0,False
1232,1,1,5,0,wait,1,1,-30.7488,wait,1,1,-55.1529,False
1233,1,1,5,1,wait,1,1,-31.0221,wait,1,1,-56.003,False
1234,1,1,5,2,wait,1,1,-30.2847,wait,1,1,-53.5543,False
1235,1,1,5,3,wait,1,1,-30.7538,wait,1,1,-54.6601,False
1236,1,1,5,4,wait,1,1,-30.68,wait,1,1,-54.9996,False
1237,1,1,5,5,wait,1,1,-30.7271,wait,1,1,-55.2704,False
1238,1,1,5,6,wait,1,1,-30.607,wait,1,1,-54.4223,False
1239,1,1,5,7,wait,1,1,-30.5342,wait,1,1,-53.2294,False
1240,1,1,5,8,wait,1,1,-31.0248,wait,1,1,-54.5815,False
1241,1,1,5,9,wait,1,1,-31.1678,wait,1,1,-55.3735,False
1242,1,1,5,10,wait,1,1,-31.1735,wait,1,1,-55.5934,False
1243,1,1,5,11,wait,1,1,-32.052,wait,1,1,-56.7134,False
1244,1,1,5,12,wait,1,1,-35.2414,wait,1,1,-62.1394,False
1245,1,1,5,13,wait,1,1,-41.8354,wait,1,1,-73.7577,False
1246,1,1,5,14,wait,1,1,-86.7785,wait,1,1,-86.3014,False
1247,1,1,5,15,wait,0,0,0.0,wait,0,0,0.0,False
1264,1,2,1,0,wait,1,2,-72.8129,wait,1,2,-90.5362,False
1265,1,2,1,1,wait,1,1,-73.2544,wait,1,1,-90.5409,False
1266,1,2,1,2,wait,1,2,-72.7049,wait,1,2,-90.4057,False
1267,1,2,1,3,wait,1,2,-73.0577,wait,1,2,-90.1978,False
1268,1,2,1,4,wait,1,1,-73.1014,wait,1,2,-90.5089,True
1269,1,2,1,5,wait,1,2,-72.7662,wait,1,2,-90.9872,False
1270,1,2,1,6,wait,1,1,-72.648,wait,1,1,-89.7767,False
1271,1,2,1,7,wait,1,2,-72.9042,wait,1,2,-90.2362,False
1272,1,2,1,8,wait,1,2,-72.9139,wait,1,2,-89.9141,False
1273,1,2,1,9,wait,1,2,-73.3533,wait,1,2,-90.9519,False
1274,1,2,1,10,wait,1,1,-73.5009,wait,1,2,-90.5905,True
1275,1,2,1,11,wait,1,2,-73.0534,wait,1,2,-90.764,False
1276,1,2,1,12,wait,1,2,-72.9263,wait,1,2,-90.6277,False
1277,1,2,1,13,wait,1,2,-72.7666,wait,1,2,-90.2333,False
1278,1,2,1,14,wait,1,2,-92.835,wait,1,2,-92.6269,False
1279,1,2,1,15,wait,0,0,0.0,wait,0,0,0.0,False
1280,1,2,2,0,wait,1,1,-56.745,wait,1,1,-81.4081,False
1281,1,2,2,1,wait,1,1,-56.6955,wait,1,1,-80.7658,False
1282,1,2,2,2,wait,1,1,-56.6668,wait,1,1,-80.4076,False
1283,1,2,2,3,wait,1,1,-56.8445,wait,1,1,-82.033,False
1284,1,2,2,4,wait,1,1,-57.2783,wait,1,1,-81.2836,False
1285,1,2,2,5,wait,1,1,-57.0696,wait,1,1,-81.0005,False
1286,1,2,2,6,wait,1,1,-56.7906,wait,1,1,-80.5882,False
1287,1,2,2,7,wait,1,1,-57.3677,wait,1,1,-82.1077,False
1288,1,2,2,8,wait,1,1,-57.7699,wait,1,1,-81.4511,False
1289,1,2,2,9,wait,1,1,-57.003,wait,1,1,-80.366,False
1290,1,2,2,10,wait,1,1,-57.1507,wait,1,1,-80.917,False
1291,1,2,2,11,wait,1,1,-56.3579,wait,1,1,-80.1279,False
1292,1,2,2,12,wait,1,1,-57.088,wait,1,1,-81.7078,False
1293,1,2,2,13,wait,1,1,-58.1817,wait,1,1,-83.6525,False
1294,1,2,2,14,wait,1,2,-89.7972,wait,1,2,-89.2604,False
1295,1,2,2,15,wait,0,0,0.0,wait,0,0,0.0,False
1296,1,2,3,0,wait,1,1,-44.6621,wait,1,1,-70.9373,False
1297,1,2,3,1,wait,1,1,-44.8489,wait,1,1,-71.0213,False
1298,1,2,3,2,wait,1,1,-44.329,wait,1,1,-71.2947,False
1299,1,2,3,3,wait,1,1,-44.8266,wait,1,1,-70.5924,False
1300,1,2,3,4,wait,1,1,-45.1375,wait,1,1,-72.0279,False
1301,1,2,3,5,wait,1,1,-44.7072,wait,1,1,-70.4241,False
1302,1,2,3,6,wait,1,1,-44.4489,wait,1,1,-70.6857,False
1303,1,2,3,7,wait,1,1,-44.8953,wait,1,1,-71.7712,False
1304,1,2,3,8,wait,1,1,-44.6153,wait,1,1,-70.8212,False
1305,1,2,3,9,wait,1,1,-44.4514,wait,1,1,-70.7778,False
1306,1,2,3,10,wait,1,1,-45.2473,wait,1,1,-71.777,False
1307,1,2,3,11,wait,1,1,-44.5791,wait,1,1,-70.1561,False
1308,1,2,3,12,wait,1,1,-45.0309,wait,1,1,-72.3733,False
1309,1,2,3,13,wait,1,1,-48.4296,wait,1,1,-77.302,False
1310,1,2,3,14,wait,1,2,-88.4847,wait,1,2,-88.2112,False
1311,1,2,3,15,wait,0,0,0.0,wait,0,0,0.0,False
1312,1,2,4,0,wait,1,1,-36.2517,wait,1,1,-60.1675,False
1313,1,2,4,1,wait,1,1,-36.4518,wait,1,1,-60.9645,False
1314,1,2,4,2,wait,1,1,-36.3493,wait,1,1,-61.1503,False
1315,1,2,4,3,wait,1,1,-36.3311,wait,1,1,-61.9326,False
1316,1,2,4,4,wait,1,1,-35.7802,wait,1,1,-60.0153,False
1317,1,2,4,5,wait,1,1,-36.2285,wait,1,1,-59.6895,False
1318,1,2,4,6,wait,1,1,-36.0652,wait,1,1,-61.2154,False
1319,1,2,4,7,wait,1,1,-36.2017,wait,1,1,-60.6383,False
1320,1,2,4,8,wait,1,1,-36.3182,wait,1,1,-61.2768,False
1321,1,2,4,9,wait,1,1,-36.2168,wait,1,1,-61.5261,False
1322,1,2,4,10,wait,1,1,-36.4699,wait,1,1,-60.727,False
1323,1,2,4,11,wait,1,1,-36.7786,wait,1,1,-61.6516,False
1324,1,2,4,12,wait,1,1,-38.8086,wait,1,1,-65.619,False
1325,1,2,4,13,wait,1,2,-44.3722,wait,1,2,-74.9321,False
1326,1,2,4,14,wait,1,2,-86.9292,wait,1,2,-87.8867,False
1327,1,2,4,15,wait,0,0,0.0,wait,0,0,0.0,False
1328,1,2,5,0,wait,1,1,-27.5656,hunt,0,1,-48.2977,True
1329,1,2,5,1,wait,1,1,-27.9726,wait,1,1,-49.5571,False
1330,1,2,5,2,wait,1,1,-27.6415,hunt,0,1,-48.2511,True
1331,1,2,5,3,wait,1,1,-27.8647,hunt,0,1,-49.4165,True
1332,1,2,5,4,wait,1,1,-27.5144,wait,1,1,-48.4398,False
1333,1,2,5,5,wait,1,1,-27.453,hunt,0,1,-48.8897,True
1334,1,2,5,6,wait,1,1,-28.0052,hunt,0,1,-49.4735,True
1335,1,2,5,7,wait,1,1,-28.3223,hunt,0,1,-49.5846,True
1336,1,2,5,8,wait,1,1,-27.876,wait,1,1,-49.4499,False
1337,1,2,5,9,wait,1,1,-27.8727,wait,1,1,-49.6438,False
1338,1,2,5,10,wait,1,1,-28.5337,wait,1,1,-50.9364,False
1339,1,2,5,11,wait,1,1,-29.5816,wait,1,1,-53.7208,False
1340,1,2,5,12,wait,1,1,-34.186,wait,1,1,-61.4487,False
1341,1,2,5,13,wait,1,2,-40.8204,wait,1,2,-72.3162,False
1342,1,2,5,14,wait,1,2,-86.3443,wait,1,2,-86.4294,False
1343,1,2,5,15,wait,0,0,0.0,wait,0,0,0.0,False
1360,1,3,1,0,wait,1,2,-72.0354,wait,1,2,-89.9078,False
1361,1,3,1,1,wait,1,2,-72.7979,wait,1,2,-90.1463,False
1362,1,3,1,2,wait,1,2,-72.6906,wait,1,2,-90.5148,False
1363,1,3,1,3,wait,1,2,-72.4674,wait,1,2,-91.0488,False
1364,1,3,1,4,wait,1,2,-72.7112,wait,1,2,-90.7197,False
1365,1,3,1,5,wait,1,2,-72.8534,wait,1,2,-90.6839,False
1366,1,3,1,6,wait,1,2,-72.5882,wait,1,2,-90.8258,False
1367,1,3,1,7,wait,1,1,-73.1404,wait,1,2,-90.3042,True
1368,1,3,1,8,wait,1,2,-73.3636,wait,1,2,-91.2877,False
1369,1,3,1,9,wait,1,2,-72.6443,wait,1,2,-90.4567,False
1370,1,3,1,10,wait,1,2,-72.7129,wait,1,1,-90.2936,True
1371,1,3,1,11,wait,1,2,-72.7253,wait,1,2,-90.2855,False
1372,1,3,1,12,wait,1,2,-72.6309,wait,1,2,-90.6301,False
1373,1,3,1,13,wait,1,2,-72.4958,wait,1,2,-89.848,False
1374,1,3,1,14,wait,1,2,-92.5382,wait,1,2,-92.9435,False
1375,1,3,1,15,wait,0,0,0.0,wait,0,0,0.0,False
1376,1,3,2,0,wait,1,2,-56.6589,wait,1,2,-80.8653,False
1377,1,3,2,1,wait,1,2,-56.0947,wait,1,2,-79.9922,False
1378,1,3,2,2,wait,1,2,-55.8555,wait,1,2,-79.64,False
1379,1,3,2,3,wait,1,2,-56.6346,wait,1,2,-81.941,False
1380,1,3,2,4,wait,1,2,-56.1817,wait,1,2,-80.5024,False
1381,1,3,2,5,wait,1,2,-56.3952,wait,1,2,-80.1359,False
1382,1,3,2,6,wait,1,1,-56.567,wait,1,1,-81.1748,False
1383,1,3,2,7,wait,1,1,-56.8228,wait,1,1,-81.276,False
1384,1,3,2,8,wait,1,2,-56.1759,wait,1,2,-80.8917,False
1385,1,3,2,9,wait,1,2,-57.0157,wait,1,2,-81.401,False
1386,1,3,2,10,wait,1,1,-56.817,wait,1,1,-80.991,False
1387,1,3,2,11,wait,1,1,-56.9573,wait,1,1,-80.9082,False
1388,1,3,2,12,wait,1,2,-56.2445,wait,1,2,-80.338,False
1389,1,3,2,13,wait,1,2,-56.6214,wait,1,2,-80.9875,False
1390,1,3,2,14,wait,1,2,-89.86,wait,1,2,-89.6946,False
1391,1,3,2,15,wait,0,0,0.0,wait,0,0,0.0,False
1392,1,3,3,0,wait,1,1,-43.5208,wait,1,1,-70.0565,False
1393,1,3,3,1,wait,1,1,-43.6929,wait,1,1,-70.077,False
1394,1,3,3,2,wait,1,1,-43.6278,wait,1,1,-69.7723,False
1395,1,3,3,3,wait,1,1,-43.499,wait,1,1,-69.3891,False
1396,1,3,3,4,wait,1,1,-43.5217,wait,1,1,-69.7072,False
1397,1,3,3,5,wait,1,1,-44.0227,wait,1,1,-69.2098,False
1398,1,3,3,6,wait,1,2,-44.3833,wait,1,1,-70.8797,True
1399,1,3,3,7,wait,1,2,-43.7209,wait,1,2,-68.9531,False
1400,1,3,3,8,wait,1,2,-43.9023,wait,1,2,-70.2267,False
1401,1,3,3,9,wait,1,2,-44.3804,wait,1,1,-70.8398,True
1402,1,3,3,10,wait,1,1,-44.1862,wait,1,1,-70.3575,False
1403,1,3,3,11,wait,1,2,-44.4061,wait,1,1,-71.04,True
1404,1,3,3,12,wait,1,2,-44.4533,wait,1,1,-71.4952,True
1405,1,3,3,13,wait,1,1,-48.27,wait,1,1,-77.437,False
1406,1,3,3,14,wait,1,2,-88.1619,wait,1,2,-88.2405,False
1407,1,3,3,15,wait,0,0,0.0,wait,0,0,0.0,False
1408,1,3,4,0,wait,1,1,-35.5063,hunt,0,1,-57.0663,True
1409,1,3,4,1,wait,1,1,-35.1925,hunt,0,1,-56.0934,True
1410,1,3,4,2,wait,1,2,-35.4925,hunt,0,1,-57.3804,True
1411,1,3,4,3,wait,1,2,-35.4766,hunt,0,1,-57.3475,True
1412,1,3,4,4,wait,1,2,-35.5485,hunt,0,1,-56.8466,True
1413,1,3,4,5,wait,1,1,-35.5808,hunt,0,1,-57.0472,True
1414,1,3,4,6,wait,1,1,-35.5326,hunt,0,1,-57.7763,True
1415,1,3,4,7,wait,1,1,-35.484,hunt,0,1,-58.582,True
1416,1,3,4,8,wait,1,1,-34.9962,hunt,0,1,-58.7061,True
1417,1,3,4,9,wait,1,1,-35.2016,hunt,0,1,-58.5268,True
1418,1,3,4,10,wait,1,1,-34.9147,wait,1,1,-58.5209,False
1419,1,3,4,11,wait,1,1,-36.2491,wait,1,1,-60.612,False
1420,1,3,4,12,wait,1,2,-38.1951,wait,1,2,-64.2665,False
1421,1,3,4,13,wait,1,2,-42.9367,wait,1,2,-72.6822,False
1422,1,3,4,14,wait,1,2,-86.5458,wait,1,2,-86.3347,False
1423,1,3,4,15,wait,0,0,0.0,wait,0,0,0.0,False
1424,1,3,5,0,hunt,0,1,-25.0044,hunt,0,1,-41.8163,False
1425,1,3,5,1,hunt,0,1,-25.6906,hunt,0,1,-42.2017,False
1426,1,3,5,2,hunt,0,1,-25.4715,hunt,0,1,-41.9027,False
1427,1,3,5,3,hunt,0,1,-25.4983,hunt,0,1,-41.9358,False
1428,1,3,5,4,hunt,0,1,-25.5803,hunt,0,1,-41.9467,False
1429,1,3,5,5,hunt,0,1,-25.566,hunt,0,1,-43.1628,False
1430,1,3,5,6,hunt,0,1,-25.8485,hunt,0,1,-42.6368,False
1431,1,3,5,7,hunt,0,1,-25.699,hunt,0,1,-42.4017,False
1432,1,3,5,8,hunt,0,1,-26.5191,hunt,0,1,-43.3726,False
1433,1,3,5,9,wait,1,1,-26.3354,hunt,0,1,-46.4468,True
1434,1,3,5,10,wait,1,1,-26.5982,wait,1,1,-47.3178,False
1435,1,3,5,11,wait,1,1,-29.1363,wait,1,1,-51.2643,False
1436,1,3,5,12,wait,1,2,-33.2825,wait,1,2,-59.032,False
1437,1,3,5,13,wait,1,2,-39.5419,wait,1,2,-69.7693,False
1438,1,3,5,14,wait,1,2,-85.6582,wait,1,2,-85.1593,False
1439,1,3,5,15,wait,0,0,0.0,wait,0,0,0.0,False
1456,1,4,1,0,wait,1,2,-72.3543,wait,1,2,-90.0363,False
1457,1,4,1,1,wait,1,2,-72.0048,wait,1,2,-89.6082,False
1458,1,4,1,2,wait,1,2,-72.2797,wait,1,2,-89.1848,False
1459,1,4,1,3,wait,1,1,-73.4807,wait,1,2,-91.1021,True
1460,1,4,1,4,wait,1,2,-72.6437,wait,1,2,-89.7192,False
1461,1,4,1,5,wait,1,2,-72.6679,wait,1,2,-90.0568,False
1462,1,4,1,6,wait,1,2,-72.9393,wait,1,2,-90.198,False
1463,1,4,1,7,wait,1,2,-72.75,wait,1,2,-90.5816,False
1464,1,4,1,8,wait,1,2,-72.0844,wait,1,2,-89.9371,False
1465,1,4,1,9,wait,1,2,-72.5257,wait,1,2,-89.487,False
1466,1,4,1,10,wait,1,2,-72.5396,wait,1,1,-89.7522,True
1467,1,4,1,11,wait,1,1,-73.0869,wait,1,1,-90.4722,False
1468,1,4,1,12,wait,1,2,-72.7015,wait,1,2,-90.0726,False
1469,1,4,1,13,wait,1,2,-72.42,wait,1,2,-89.312,False
1470,1,4,1,14,wait,1,2,-92.87,wait,1,2,-91.7822,False
1471,1,4,1,15,wait,0,0,0.0,wait,0,0,0.0,False
1472,1,4,2,0,wait,1,2,-55.9819,wait,1,2,-80.496,False
1473,1,4,2,1,wait,1,1,-57.0744,wait,1,1,-80.6819,False
1474,1,4,2,2,wait,1,2,-56.2718,wait,1,2,-80.64,False
1475,1,4,2,3,wait,1,2,-56.6066,wait,1,1,-80.895,True
1476,1,4,2,4,wait,1,2,-56.7247,wait,1,2,-80.9432,False
1477,1,4,2,5,wait,1,2,-56.2131,wait,1,2,-80.7993,False
1478,1,4,2,6,wait,1,2,-56.223,wait,1,2,-80.1441,False
1479,1,4,2,7,wait,1,2,-56.9644,wait,1,2,-81.01,False
1480,1,4,2,8,wait,1,2,-57.3649,wait,1,2,-81.2516,False
1481,1,4,2,9,wait,1,2,-56.0997,wait,1,2,-79.8603,False
1482,1,4,2,10,wait,1,2,-56.3355,wait,1,2,-81.1454,False
1483,1,4,2,11,wait,1,2,-56.3392,wait,1,2,-80.2035,False
1484,1,4,2,12,wait,1,2,-57.2729,wait,1,2,-81.4599,False
1485,1,4,2,13,wait,1,2,-57.562,wait,1,2,-82.7352,False
1486,1,4,2,14,wait,1,2,-90.0279,wait,1,2,-90.121,False
1487,1,4,2,15,wait,0,0,0.0,wait,0,0,0.0,False
1488,1,4,3,0,wait,1,1,-43.8781,wait,1,1,-69.9042,False
1489,1,4,3,1,wait,1,2,-43.2905,wait,1,2,-68.288,False
1490,1,4,3,2,wait,1,2,-42.985,wait,1,2,-69.7826,False
1491,1,4,3,3,wait,1,2,-43.471,wait,1,2,-68.9671,False
1492,1,4,3,4,wait,1,2,-43.5342,wait,1,2,-68.936,False
1493,1,4,3,5,wait,1,2,-43.0916,wait,1,2,-69.4745,False
1494,1,4,3,6,wait,1,2,-43.8915,wait,1,2,-69.9528,False
1495,1,4,3,7,wait,1,2,-43.5004,wait,1,2,-68.2997,False
1496,1,4,3,8,wait,1,2,-43.1241,wait,1,2,-69.4941,False
1497,1,4,3,9,wait,1,2,-43.6324,wait,1,2,-69.6447,False
1498,1,4,3,10,wait,1,2,-43.0732,wait,1,2,-69.5717,False
1499,1,4,3,11,wait,1,2,-43.0038,wait,1,1,-69.2219,True
1500,1,4,3,12,wait,1,2,-44.3541,wait,1,2,-70.7208,False
1501,1,4,3,13,wait,1,2,-47.7666,wait,1,2,-76.4194,False
1502,1,4,3,14,wait,1,2,-87.9749,wait,1,2,-87.6471,False
1503,1,4,3,15,wait,0,0,0.0,wait,0,0,0.0,False
1504,1,4,4,0,wait,1,2,-34.628,hunt,0,1,-54.6117,True
1505,1,4,4,1,wait,1,2,-34.4029,hunt,0,1,-54.9801,True
1506,1,4,4,2,wait,1,1,-34.8786,hunt,0,1,-55.006,True
1507,1,4,4,3,wait,1,1,-34.9671,hunt,0,1,-54.8157,True
1508,1,4,4,4,wait,1,2,-34.2064,hunt,0,1,-54.2207,True
1509,1,4,4,5,wait,1,2,-34.9973,hunt,0,1,-54.8521,True
1510,1,4,4,6,wait,1,2,-34.6636,hunt,0,1,-56.3423,True
1511,1,4,4,7,wait,1,2,-34.2513,hunt,0,1,-55.1441,True
1512,1,4,4,8,wait,1,2,-34.4243,hunt,0,1,-56.6264,True
1513,1,4,4,9,wait,1,2,-34.4991,hunt,0,1,-56.178,True
1514,1,4,4,10,wait,1,2,-34.5029,hunt,0,1,-56.3564,True
1515,1,4,4,11,wait,1,2,-34.4655,wait,1,2,-58.8256,False
1516,1,4,4,12,wait,1,1,-38.2683,wait,1,1,-64.2315,False
1517,1,4,4,13,wait,1,2,-43.7155,wait,1,2,-73.2609,False
1518,1,4,4,14,wait,1,1,-87.1895,wait,1,1,-87.2877,False
1519,1,4,4,15,wait,0,0,0.0,wait,0,0,0.0,False
1520,1,4,5,0,hunt,0,1,-23.3737,hunt,0,1,-37.1532,False
1521,1,4,5,1,hunt,0,1,-22.7971,hunt,0,1,-37.4452,False
1522,1,4,5,2,hunt,0,1,-23.1519,hunt,0,1,-37.6258,False
1523,1,4,5,3,hunt,0,1,-23.4157,hunt,0,1,-38.9403,False
1524,1,4,5,4,hunt,0,1,-22.8054,hunt,0,1,-37.5681,False
1525,1,4,5,5,hunt,0,1,-22.9225,hunt,0,1,-38.1973,False
1526,1,4,5,6,hunt,0,1,-23.8378,hunt,0,1,-38.8381,False
1527,1,4,5,7,hunt,0,1,-23.8367,hunt,0,1,-38.7227,False
1528,1,4,5,8,hunt,0,1,-24.69,hunt,0,1,-40.4258,False
1529,1,4,5,9,wait,1,2,-25.9272,hunt,0,1,-44.0942,True
1530,1,4,5,10,wait,1,2,-25.9296,hunt,0,1,-46.4283,True
1531,1,4,5,11,wait,1,2,-28.3288,wait,1,2,-51.0447,False
1532,1,4,5,12,wait,1,2,-32.8212,wait,1,2,-58.2627,False
1533,1,4,5,13,wait,1,2,-40.3407,wait,1,2,-70.2465,False
1534,1,4,5,14,wait,1,2,-85.6046,wait,1,2,-85.5835,False
1535,1,4,5,15,wait,0,0,0.0,wait,0,0,0.0,False
1552,1,5,1,0,wait,1,2,-72.6634,wait,1,2,-90.3183,False
1553,1,5,1,1,wait,1,2,-72.7746,wait,1,2,-90.0852,False
1554,1,5,1,2,wait,1,2,-72.5484,wait,1,2,-89.7676,False
1555,1,5,1,3,wait,1,2,-72.8077,wait,1,2,-90.3681,False
1556,1,5,1,4,wait,1,2,-72.7681,wait,1,2,-90.7715,False
1557,1,5,1,5,wait,1,1,-72.6691,wait,1,1,-89.4564,False
1558,1,5,1,6,wait,1,2,-72.4467,wait,1,2,-90.0187,False
1559,1,5,1,7,wait,1,2,-72.6121,wait,1,1,-90.7815,True
1560,1,5,1,8,wait,1,2,-73.1066,wait,1,2,-90.177,False
1561,1,5,1,9,wait,1,2,-72.6035,wait,1,2,-89.466,False
1562,1,5,1,10,wait,1,2,-72.5234,wait,1,2,-89.1014,False
1563,1,5,1,11,wait,1,2,-72.1959,wait,1,2,-89.8437,False
1564,1,5,1,12,wait,1,2,-73.1841,wait,1,2,-90.9946,False
1565,1,5,1,13,wait,1,1,-73.4705,wait,1,2,-90.8497,True
1566,1,5,1,14,wait,1,2,-93.0202,wait,1,2,-93.3062,False
1567,1,5,1,15,wait,0,0,0.0,wait,0,0,0.0,False
1568,1,5,2,0,wait,1,2,-56.5484,wait,1,1,-80.3491,True
1569,1,5,2,1,wait,1,1,-56.6876,wait,1,1,-81.0832,False
1570,1,5,2,2,wait,1,2,-56.1427,wait,1,2,-80.0555,False
1571,1,5,2,3,wait,1,2,-56.8217,wait,1,1,-80.8529,True
1572,1,5,2,4,wait,1,2,-56.9807,wait,1,2,-80.5567,False
1573,1,5,2,5,wait,1,1,-56.7919,wait,1,1,-79.9457,False
1574,1,5,2,6,wait,1,2,-56.5748,wait,1,2,-80.9855,False
1575,1,5,2,7,wait,1,2,-56.8536,wait,1,2,-80.4904,False
1576,1,5,2,8,wait,1,2,-56.3763,wait,1,2,-80.3637,False
1577,1,5,2,9,wait,1,2,-56.582,wait,1,2,-82.0205,False
1578,1,5,2,10,wait,1,1,-57.0252,wait,1,1,-81.1979,False
1579,1,5,2,11,wait,1,2,-56.4003,wait,1,2,-80.0991,False
1580,1,5,2,12,wait,1,2,-55.9987,wait,1,2,-79.5837,False
1581,1,5,2,13,wait,1,2,-57.5184,wait,1,2,-82.4134,False
1582,1,5,2,14,wait,1,2,-89.5823,wait,1,2,-89.5957,False
1583,1,5,2,15,wait,0,0,0.0,wait,0,0,0.0,False
1584,1,5,3,0,wait,1,2,-43.2946,wait,1,2,-69.2338,False
1585,1,5,3,1,wait,1,2,-43.3948,wait,1,2,-69.0069,False
1586,1,5,3,2,wait,1,2,-42.8648,hunt,0,1,-68.0372,True
1587,1,5,3,3,wait,1,2,-42.7425,wait,1,2,-68.5344,False
1588,1,5,3,4,wait,1,2,-42.8082,hunt,0,1,-69.0115,True
1589,1,5,3,5,wait,1,2,-43.2439,wait,1,2,-68.7499,False
1590,1,5,3,6,wait,1,2,-43.5246,hunt,0,1,-68.5848,True
1591,1,5,3,7,wait,1,1,-43.6947,wait,1,1,-69.1532,False
1592,1,5,3,8,wait,1,2,-43.469,wait,1,2,-68.9138,False
1593,1,5,3,9,wait,1,2,-43.0035,wait,1,2,-68.2315,False
1594,1,5,3,10,wait,1,2,-43.4603,wait,1,2,-69.806,False
1595,1,5,3,11,wait,1,2,-42.8079,wait,1,2,-68.2623,False
1596,1,5,3,12,wait,1,2,-44.3169,wait,1,2,-71.2872,False
1597,1,5,3,13,wait,1,2,-47.8834,wait,1,2,-77.4295,False
1598,1,5,3,14,wait,1,2,-88.5754,wait,1,2,-88.79,False
1599,1,5,3,15,wait,0,0,0.0,wait,0,0,0.0,False
1600,1,5,4,0,hunt,0,1,-33.3303,hunt,0,1,-51.606,False
1601,1,5,4,1,wait,1,2,-33.8781,hunt,0,2,-54.3394,True
1602,1,5,4,2,hunt,0,1,-33.7823,hunt,0,1,-51.9721,False
1603,1,5,4,3,hunt,0,2,-33.9658,hunt,0,2,-53.188,False
1604,1,5,4,4,hunt,0,1,-33.7921,hunt,0,1,-52.1072,False
1605,1,5,4,5,hunt,0,1,-34.0956,hunt,0,1,-52.2821,False
1606,1,5,4,6,hunt,0,1,-34.1422,hunt,0,1,-52.8604,False
1607,1,5,4,7,wait,1,2,-34.6056,hunt,0,1,-53.435,True
1608,1,5,4,8,wait,1,2,-34.1535,hunt,0,2,-55.1334,True
1609,1,5,4,9,wait,1,2,-34.4718,hunt,0,1,-54.806,True
1610,1,5,4,10,wait,1,2,-34.223,hunt,0,1,-56.023,True
1611,1,5,4,11,wait,1,2,-35.1382,hunt,0,1,-59.3502,True
1612,1,5,4,12,wait,1,2,-38.0491,wait,1,2,-63.8724,False
1613,1,5,4,13,wait,1,2,-43.3771,wait,1,2,-73.0753,False
1614,1,5,4,14,wait,1,2,-87.2112,wait,1,2,-87.3253,False
1615,1,5,4,15,wait,0,0,0.0,wait,0,0,0.0,False
1616,1,5,5,0,hunt,0,1,-20.566,hunt,0,1,-33.926,False
1617,1,5,5,1,hunt,0,1,-20.5033,hunt,0,1,-34.3276,False
1618,1,5,5,2,hunt,0,1,-21.148,hunt,0,1,-35.426,False
1619,1,5,5,3,hunt,0,1,-21.0799,hunt,0,1,-35.4384,False
1620,1,5,5,4,hunt,0,1,-21.1147,hunt,0,1,-34.0965,False
1621,1,5,5,5,hunt,0,1,-21.8293,hunt,0,1,-35.8495,False
1622,1,5,5,6,hunt,0,1,-21.5508,hunt,0,1,-36.7933,False
1623,1,5,5,7,hunt,0,1,-22.6009,hunt,0,1,-37.5351,False
1624,1,5,5,8,hunt,0,1,-23.6228,hunt,0,1,-38.7293,False
1625,1,5,5,9,hunt,0,1,-24.9605,hunt,0,1,-40.9253,False
1626,1,5,5,10,wait,1,2,-25.668,hunt,0,2,-45.1224,True
1627,1,5,5,11,wait,1,2,-28.0589,hunt,0,2,-50.5742,True
1628,1,5,5,12,wait,1,2,-32.8457,wait,1,2,-59.0746,False
1629,1,5,5,13,wait,1,2,-40.2952,wait,1,2,-71.6274,False
1630,1,5,5,14,wait,1,2,-86.0219,wait,1,2,-86.4704,False
1631,1,5,5,15,wait,0,0,0.0,wait,0,0,0.0,False
1648,1,6,1,0,wait,1,2,-72.5832,wait,1,2,-90.4414,False
1649,1,6,1,1,wait,1,2,-72.5132,wait,1,2,-89.9491,False
1650,1,6,1,2,wait,1,1,-72.8622,wait,1,1,-90.6314,False
1651,1,6,1,3,wait,1,2,-72.1523,wait,1,2,-89.8941,False
1652,1,6,1,4,wait,1,2,-72.6155,wait,1,1,-90.033,True
1653,1,6,1,5,wait,1,2,-72.811,wait,1,2,-89.9696,False
1654,1,6,1,6,wait,1,2,-72.6586,wait,1,2,-90.0648,False
1655,1,6,1,7,wait,1,2,-72.87,wait,1,2,-90.1602,False
1656,1,6,1,8,wait,1,2,-72.7682,wait,1,1,-90.1706,True
1657,1,6,1,9,wait,1,2,-72.5729,wait,1,2,-90.1167,False
1658,1,6,1,10,wait,1,2,-71.9337,wait,1,2,-90.2574,False
1659,1,6,1,11,wait,1,1,-72.4542,wait,1,1,-90.1117,False
1660,1,6,1,12,wait,1,2,-72.6919,wait,1,2,-89.3443,False
1661,1,6,1,13,wait,1,2,-71.9673,wait,1,2,-88.537,False
1662,1,6,1,14,wait,1,2,-92.6418,wait,1,2,-92.9586,False
1663,1,6,1,15,wait,0,0,0.0,wait,0,0,0.0,False
1664,1,6,2,0,wait,1,2,-56.2228,wait,1,2,-80.9757,False
1665,1,6,2,1,wait,1,2,-56.5002,wait,1,2,-80.4296,False
1666,1,6,2,2,wait,1,1,-56.8925,wait,1,1,-80.5433,False
1667,1,6,2,3,wait,1,2,-56.3186,wait,1,2,-80.6014,False
1668,1,6,2,4,wait,1,2,-56.4558,wait,1,2,-81.0098,False
1669,1,6,2,5,wait,1,2,-56.4552,wait,1,2,-81.127,False
1670,1,6,2,6,wait,1,2,-55.7668,wait,1,2,-79.2681,False
1671,1,6,2,7,wait,1,2,-56.6137,wait,1,2,-80.9831,False
1672,1,6,2,8,wait,1,2,-56.3418,wait,1,2,-80.1815,False
1673,1,6,2,9,wait,1,2,-56.7078,wait,1,2,-80.9483,False
1674,1,6,2,10,wait,1,2,-56.7281,wait,1,2,-80.8011,False
1675,1,6,2,11,wait,1,2,-56.4286,wait,1,2,-80.9846,False
1676,1,6,2,12,wait,1,2,-56.2932,wait,1,2,-80.3538,False
1677,1,6,2,13,wait,1,1,-58.1679,wait,1,1,-82.8372,False
1678,1,6,2,14,wait,1,2,-90.2442,wait,1,2,-90.0665,False
1679,1,6,2,15,wait,0,0,0.0,wait,0,0,0.0,False
1680,1,6,3,0,wait,1,2,-43.4486,hunt,0,1,-69.4861,True
1681,1,6,3,1,wait,1,2,-43.6277,hunt,0,2,-69.5697,True
1682,1,6,3,2,wait,1,2,-42.9263,wait,1,2,-68.6283,False
1683,1,6,3,3,wait,1,2,-43.0682,hunt,0,1,-67.7154,True
1684,1,6,3,4,wait,1,2,-43.5451,wait,1,2,-69.1928,False
1685,1,6,3,5,wait,1,2,-43.6019,wait,1,2,-69.7825,False
1686,1,6,3,6,wait,1,2,-42.7927,hunt,0,1,-68.4941,True
1687,1,6,3,7,wait,1,2,-43.3876,hunt,0,2,-68.8448,True
1688,1,6,3,8,wait,1,2,-43.4658,wait,1,2,-69.453,False
1689,1,6,3,9,wait,1,2,-42.4648,wait,1,2,-67.7783,False
1690,1,6,3,10,wait,1,2,-43.1042,wait,1,2,-69.1631,False
1691,1,6,3,11,wait,1,2,-43.1449,wait,1,1,-69.3798,True
1692,1,6,3,12,wait,1,2,-43.9103,wait,1,2,-69.8135,False
1693,1,6,3,13,wait,1,2,-47.6528,wait,1,2,-77.1178,False
1694,1,6,3,14,wait,1,2,-88.0391,wait,1,2,-88.4096,False
1695,1,6,3,15,wait,0,0,0.0,wait,0,0,0.0,False
1696,1,6,4,0,hunt,0,1,-32.7029,hunt,0,1,-50.1566,False
1697,1,6,4,1,hunt,0,1,-32.6869,hunt,0,1,-50.0537,False
1698,1,6,4,2,hunt,0,1,-32.2829,hunt,0,1,-50.2333,False
1699,1,6,4,3,hunt,0,1,-32.5102,hunt,0,1,-49.9809,False
1700,1,6,4,4,hunt,0,1,-32.8515,hunt,0,1,-50.7231,False
1701,1,6,4,5,hunt,0,1,-32.5706,hunt,0,1,-50.1653,False
1702,1,6,4,6,hunt,0,1,-32.8676,hunt,0,1,-51.2444,False
1703,1,6,4,7,hunt,0,2,-33.3564,hunt,0,2,-51.9672,False
1704,1,6,4,8,hunt,0,1,-33.6863,hunt,0,1,-52.2603,False
1705,1,6,4,9,wait,1,2,-34.2333,hunt,0,1,-54.7458,True
1706,1,6,4,10,wait,1,2,-34.1236,hunt,0,1,-55.8572,True
1707,1,6,4,11,wait,1,2,-34.7265,wait,1,2,-58.7124,False
1708,1,6,4,12,wait,1,1,-38.3682,wait,1,1,-64.3721,False
1709,1,6,4,13,wait,1,2,-43.5884,wait,1,2,-73.9742,False
1710,1,6,4,14,wait,1,2,-86.9683,wait,1,2,-86.7847,False
1711,1,6,4,15,wait,0,0,0.0,wait,0,0,0.0,False
1712,1,6,5,0,hunt,0,1,-19.323,hunt,0,1,-31.6102,False
1713,1,6,5,1,hunt,0,1,-19.4729,hunt,0,1,-32.7493,False
1714,1,6,5,2,hunt,0,1,-19.1444,hunt,0,1,-30.5399,False
1715,1,6,5,3,hunt,0,1,-18.8296,hunt,0,1,-32.2097,False
1716,1,6,5,4,hunt,0,1,-19.9645,hunt,0,1,-32.7275,False
1717,1,6,5,5,hunt,0,1,-20.124,hunt,0,1,-33.8465,False
1718,1,6,5,6,hunt,0,1,-20.9224,hunt,0,1,-34.2894,False
1719,1,6,5,7,hunt,0,1,-21.726,hunt,0,1,-36.0926,False
1720,1,6,5,8,hunt,0,2,-23.1219,hunt,0,1,-39.3451,True
1721,1,6,5,9,hunt,0,2,-24.3035,hunt,0,2,-40.0393,False
1722,1,6,5,10,wait,1,2,-25.6746,hunt,0,1,-44.1755,True
1723,1,6,5,11,wait,1,2,-28.0182,hunt,0,1,-49.8862,True
1724,1,6,5,12,wait,1,2,-32.3972,wait,1,2,-58.684,False
1725,1,6,5,13,wait,1,2,-40.4261,wait,1,2,-71.3297,False
1726,1,6,5,14,wait,1,2,-87.1064,wait,1,2,-87.9479,False
1727,1,6,5,15,wait,0,0,0.0,wait,0,0,0.0,False
1744,1,7,1,0,wait,1,2,-72.9857,wait,1,2,-89.7822,False
1745,1,7,1,1,wait,1,2,-72.7596,wait,1,2,-89.4905,False
1746,1,7,1,2,wait,1,2,-72.66,wait,1,2,-90.094,False
1747,1,7,1,3,wait,1,2,-72.4487,wait,1,2,-89.3933,False
1748,1,7,1,4,wait,1,2,-71.9402,wait,1,2,-89.965,False
1749,1,7,1,5,wait,1,2,-72.5773,wait,1,2,-90.5893,False
1750,1,7,1,6,wait,1,1,-73.283,wait,1,1,-90.9136,False
1751,1,7,1,7,wait,1,2,-72.4598,wait,1,2,-90.4048,False
1752,1,7,1,8,wait,1,2,-72.3656,wait,1,2,-90.6316,False
1753,1,7,1,9,wait,1,2,-71.864,wait,1,2,-89.9417,False
1754,1,7,1,10,wait,1,2,-72.9308,wait,1,2,-90.5465,False
1755,1,7,1,11,wait,1,2,-72.5617,wait,1,2,-89.8615,False
1756,1,7,1,12,wait,1,2,-72.4788,wait,1,2,-89.7769,False
1757,1,7,1,13,wait,1,2,-72.544,wait,1,2,-90.8792,False
1758,1,7,1,14,wait,1,2,-92.6504,wait,1,2,-92.7807,False
1759,1,7,1,15,wait,0,0,0.0,wait,0,0,0.0,False
1760,1,7,2,0,wait,1,1,-56.7043,wait,1,1,-80.495,False
1761,1,7,2,1,wait,1,2,-56.9738,wait,1,2,-81.3921,False
1762,1,7,2,2,wait,1,2,-56.0994,wait,1,2,-79.8382,False
1763,1,7,2,3,wait,1,2,-56.1,wait,1,2,-79.7992,False
1764,1,7,2,4,wait,1,2,-56.6994,wait,1,2,-81.4653,False
1765,1,7,2,5,wait,1,2,-56.6069,wait,1,2,-80.5358,False
1766,1,7,2,6,wait,1,2,-56.2129,wait,1,2,-80.2574,False
1767,1,7,2,7,wait,1,2,-56.4759,wait,1,2,-79.7594,False
1768,1,7,2,8,wait,1,2,-56.803,wait,1,2,-80.7996,False
1769,1,7,2,9,wait,1,2,-56.2586,wait,1,2,-80.4425,False
1770,1,7,2,10,wait,1,2,-56.2452,wait,1,2,-79.8663,False
1771,1,7,2,11,wait,1,2,-56.8457,wait,1,2,-81.2418,False
1772,1,7,2,12,wait,1,1,-56.5986,wait,1,1,-80.0538,False
1773,1,7,2,13,wait,1,2,-57.2549,wait,1,2,-80.9077,False
1774,1,7,2,14,wait,1,2,-90.2455,wait,1,2,-90.405,False
1775,1,7,2,15,wait,0,0,0.0,wait,0,0,0.0,False
1776,1,7,3,0,wait,1,2,-42.7407,hunt,0,1,-68.5196,True
1777,1,7,3,1,wait,1,2,-43.1794,hunt,0,2,-68.1627,True
1778,1,7,3,2,wait,1,2,-43.0531,wait,1,2,-68.5632,False
1779,1,7,3,3,wait,1,2,-43.533,hunt,0,1,-68.2711,True
1780,1,7,3,4,wait,1,2,-43.377,wait,1,2,-69.1887,False
1781,1,7,3,5,wait,1,2,-43.3156,wait,1,2,-69.2246,False
1782,1,7,3,6,wait,1,2,-42.9243,hunt,0,1,-68.1034,True
1783,1,7,3,7,wait,1,2,-43.4033,wait,1,2,-69.4867,False
1784,1,7,3,8,wait,1,2,-43.6709,hunt,0,2,-68.4742,True
1785,1,7,3,9,wait,1,2,-43.532,wait,1,2,-68.7406,False
1786,1,7,3,10,wait,1,2,-43.3513,wait,1,1,-69.4472,True
1787,1,7,3,11,wait,1,2,-43.5646,wait,1,1,-68.7416,True
1788,1,7,3,12,wait,1,2,-44.8144,wait,1,1,-70.6598,True
1789,1,7,3,13,wait,1,2,-48.2552,wait,1,2,-76.9844,False
1790,1,7,3,14,wait,1,2,-88.1871,wait,1,2,-88.5825,False
1791,1,7,3,15,wait,0,0,0.0,wait,0,0,0.0,False
1792,1,7,4,0,hunt,0,1,-31.3903,hunt,0,1,-48.169,False
1793,1,7,4,1,hunt,0,1,-32.0827,hunt,0,1,-49.8546,False
1794,1,7,4,2,hunt,0,1,-31.61,hunt,0,1,-48.5756,False
1795,1,7,4,3,hunt,0,2,-31.7747,hunt,0,2,-49.4078,False
1796,1,7,4,4,hunt,0,2,-32.2737,hunt,0,2,-50.7487,False
1797,1,7,4,5,hunt,0,1,-32.3675,hunt,0,1,-50.1463,False
1798,1,7,4,6,hunt,0,2,-32.2087,hunt,0,2,-50.3876,False
1799,1,7,4,7,hunt,0,2,-32.3565,hunt,0,2,-50.3407,False
1800,1,7,4,8,hunt,0,1,-33.392,hunt,0,1,-52.5349,False
1801,1,7,4,9,wait,1,2,-33.4474,hunt,0,2,-53.9239,True
1802,1,7,4,10,wait,1,2,-33.6743,hunt,0,2,-54.6547,True
1803,1,7,4,11,wait,1,2,-34.8772,hunt,0,2,-58.3938,True
1804,1,7,4,12,wait,1,2,-37.771,wait,1,2,-64.5112,False
1805,1,7,4,13,wait,1,2,-43.6149,wait,1,2,-73.3827,False
1806,1,7,4,14,wait,1,2,-87.1461,wait,1,2,-87.2866,False
1807,1,7,4,15,wait,0,0,0.0,wait,0,0,0.0,False
1808,1,7,5,0,hunt,0,1,-18.1223,hunt,0,1,-29.4564,False
1809,1,7,5,1,hunt,0,1,-18.2148,hunt,0,1,-30.4595,False
1810,1,7,5,2,hunt,0,1,-18.3696,hunt,0,1,-30.2657,False
1811,1,7,5,3,hunt,0,1,-18.5048,hunt,0,1,-30.4688,False
1812,1,7,5,4,hunt,0,1,-18.7566,hunt,0,1,-31.5941,False
1813,1,7,5,5,hunt,0,2,-19.5413,hunt,0,2,-32.4915,False
1814,1,7,5,6,hunt,0,1,-20.0026,hunt,0,1,-33.1583,False
1815,1,7,5,7,hunt,0,2,-21.7119,hunt,0,1,-36.4777,True
1816,1,7,5,8,hunt,0,2,-22.5265,hunt,0,2,-37.2742,False
1817,1,7,5,9,hunt,0,2,-23.8922,hunt,0,2,-39.7005,False
1818,1,7,5,10,wait,1,2,-25.1634,hunt,0,2,-44.8911,True
1819,1,7,5,11,wait,1,2,-27.7453,hunt,0,2,-49.7402,True
1820,1,7,5,12,wait,1,2,-32.6499,wait,1,2,-59.1681,False
1821,1,7,5,13,wait,1,2,-40.5974,wait,1,2,-70.8333,False
1822,1,7,5,14,wait,1,1,-86.5091,wait,1,1,-86.6433,False
1823,1,7,5,15,wait,0,0,0.0,wait,0,0,0.0,False
1840,1,8,1,0,wait,1,2,-72.3247,wait,1,2,-89.8907,False
1841,1,8,1,1,wait,1,2,-72.1803,wait,1,2,-90.3178,False
1842,1,8,1,2,wait,1,2,-72.4956,wait,1,2,-90.2553,False
1843,1,8,1,3,wait,1,1,-72.614,wait,1,2,-89.7164,True
1844,1,8,1,4,wait,1,1,-73.1853,wait,1,2,-90.7638,True
1845,1,8,1,5,wait,1,2,-72.445,wait,1,2,-89.6046,False
1846,1,8,1,6,wait,1,2,-72.1407,wait,1,2,-89.3969,False
1847,1,8,1,7,wait,1,2,-72.3547,wait,1,2,-90.017,False
1848,1,8,1,8,wait,1,1,-73.2529,wait,1,1,-90.4707,False
1849,1,8,1,9,wait,1,2,-72.2674,wait,1,2,-89.6454,False
1850,1,8,1,10,wait,1,2,-72.4968,wait,1,1,-90.1312,True
1851,1,8,1,11,wait,1,2,-72.1943,wait,1,2,-90.4324,False
1852,1,8,1,12,wait,1,2,-72.4899,wait,1,2,-90.2082,False
1853,1,8,1,13,wait,1,2,-72.9738,wait,1,2,-90.3283,False
1854,1,8,1,14,wait,1,2,-92.7214,wait,1,2,-93.2766,False
1855,1,8,1,15,wait,0,0,0.0,wait,0,0,0.0,False
1856,1,8,2,0,wait,1,1,-56.9128,wait,1,2,-81.1354,True
1857,1,8,2,1,wait,1,2,-56.2275,wait,1,2,-79.862,False
1858,1,8,2,2,wait,1,2,-56.1331,wait,1,2,-80.3022,False
1859,1,8,2,3,wait,1,1,-56.8516,wait,1,2,-80.7584,True
1860,1,8,2,4,wait,1,2,-56.4862,wait,1,2,-80.7286,False
1861,1,8,2,5,wait,1,2,-56.2736,wait,1,2,-81.163,False
1862,1,8,2,6,wait,1,2,-56.4476,wait,1,2,-80.6779,False
1863,1,8,2,7,wait,1,2,-56.4495,wait,1,2,-80.6056,False
1864,1,8,2,8,wait,1,2,-56.0283,wait,1,2,-79.9416,False
1865,1,8,2,9,wait,1,2,-56.6847,wait,1,1,-80.7762,True
1866,1,8,2,10,wait,1,2,-56.8552,wait,1,2,-81.3527,False
1867,1,8,2,11,wait,1,2,-56.5019,wait,1,2,-81.0161,False
1868,1,8,2,12,wait,1,2,-56.1135,wait,1,2,-79.4783,False
1869,1,8,2,13,wait,1,2,-57.7493,wait,1,2,-83.0139,False
1870,1,8,2,14,wait,1,2,-90.2449,wait,1,2,-90.4902,False
1871,1,8,2,15,wait,0,0,0.0,wait,0,0,0.0,False
1872,1,8,3,0,wait,1,2,-43.5511,hunt,0,2,-68.3443,True
1873,1,8,3,1,wait,1,2,-43.3562,hunt,0,2,-67.724,True
1874,1,8,3,2,wait,1,2,-43.0203,hunt,0,1,-67.9802,True
1875,1,8,3,3,wait,1,2,-42.8519,hunt,0,1,-67.9133,True
1876,1,8,3,4,wait,1,1,-43.3626,hunt,0,2,-68.9632,True
1877,1,8,3,5,wait,1,2,-43.4902,hunt,0,1,-69.0109,True
1878,1,8,3,6,wait,1,1,-43.4702,hunt,0,2,-68.8859,True
1879,1,8,3,7,wait,1,2,-43.192,hunt,0,2,-68.6346,True
1880,1,8,3,8,wait,1,2,-43.1839,hunt,0,2,-67.9763,True
1881,1,8,3,9,wait,1,2,-43.3275,wait,1,2,-68.8356,False
1882,1,8,3,10,wait,1,2,-43.0846,wait,1,2,-68.8039,False
1883,1,8,3,11,wait,1,2,-42.8565,wait,1,2,-69.4731,False
1884,1,8,3,12,wait,1,2,-44.4831,wait,1,2,-71.3207,False
1885,1,8,3,13,wait,1,2,-48.0655,wait,1,2,-77.2236,False
1886,1,8,3,14,wait,1,1,-88.4528,wait,1,1,-88.7574,False
1887,1,8,3,15,wait,0,0,0.0,wait,0,0,0.0,False
1888,1,8,4,0,hunt,0,1,-31.3142,hunt,0,1,-48.8606,False
1889,1,8,4,1,hunt,0,2,-31.7569,hunt,0,1,-49.1884,True
1890,1,8,4,2,hunt,0,1,-31.2261,hunt,0,1,-47.3048,False
1891,1,8,4,3,hunt,0,2,-31.3303,hunt,0,2,-48.2101,False
1892,1,8,4,4,hunt,0,2,-31.1764,hunt,0,2,-48.7046,False
1893,1,8,4,5,hunt,0,1,-32.0026,hunt,0,1,-49.8566,False
1894,1,8,4,6,hunt,0,1,-32.2081,hunt,0,1,-49.5908,False
1895,1,8,4,7,hunt,0,1,-32.5263,hunt,0,1,-50.58,False
1896,1,8,4,8,hunt,0,2,-32.7623,hunt,0,2,-50.6666,False
1897,1,8,4,9,hunt,0,1,-34.0052,hunt,0,1,-51.841,False
1898,1,8,4,10,wait,1,2,-33.7739,hunt,0,2,-55.5152,True
1899,1,8,4,11,wait,1,2,-34.6717,hunt,0,2,-58.0174,True
1900,1,8,4,12,wait,1,2,-37.8513,wait,1,1,-64.5597,True
1901,1,8,4,13,wait,1,2,-43.6863,wait,1,1,-72.9892,True
1902,1,8,4,14,wait,1,2,-86.9564,wait,1,2,-87.0312,False
1903,1,8,4,15,wait,0,0,0.0,wait,0,0,0.0,False
1904,1,8,5,0,hunt,0,1,-17.307,hunt,0,1,-28.4071,False
1905,1,8,5,1,hunt,0,2,-17.0106,hunt,0,2,-27.6091,False
1906,1,8,5,2,hunt,0,1,-17.8237,hunt,0,1,-28.199,False
1907,1,8,5,3,hunt,0,2,-18.0274,hunt,0,2,-30.9255,False
1908,1,8,5,4,hunt,0,1,-18.466,hunt,0,1,-30.2272,False
1909,1,8,5,5,hunt,0,2,-19.0023,hunt,0,1,-32.0142,True
1910,1,8,5,6,hunt,0,2,-19.1931,hunt,0,2,-32.3023,False
1911,1,8,5,7,hunt,0,2,-21.0272,hunt,0,2,-35.006,False
1912,1,8,5,8,hunt,0,2,-21.6847,hunt,0,1,-37.1463,True
1913,1,8,5,9,hunt,0,2,-23.6569,hunt,0,2,-39.6618,False
1914,1,8,5,10,wait,1,2,-25.4642,hunt,0,2,-43.269,True
1915,1,8,5,11,wait,1,2,-28.4721,hunt,0,2,-50.1464,True
1916,1,8,5,12,wait,1,2,-33.1316,hunt,0,2,-58.9924,True
1917,1,8,5,13,wait,1,2,-40.4043,wait,1,2,-70.5571,False
1918,1,8,5,14,wait,1,2,-85.8452,wait,1,2,-84.6302,False
1919,1,8,5,15,wait,0,0,0.0,wait,0,0,0.0,False
1936,1,9,1,0,wait,1,1,-73.4443,wait,1,1,-90.7305,False
1937,1,9,1,1,wait,1,2,-72.3749,wait,1,2,-90.2434,False
1938,1,9,1,2,wait,1,2,-72.6264,wait,1,2,-90.2762,False
1939,1,9,1,3,wait,1,2,-72.7538,wait,1,2,-90.0156,False
1940,1,9,1,4,wait,1,2,-72.0405,wait,1,2,-89.2523,False
1941,1,9,1,5,wait,1,2,-72.4996,wait,1,2,-89.4795,False
1942,1,9,1,6,wait,1,2,-72.5785,wait,1,1,-90.2893,True
1943,1,9,1,7,wait,1,2,-72.0983,wait,1,2,-89.8416,False
1944,1,9,1,8,wait,1,1,-73.062,wait,1,1,-90.7881,False
1945,1,9,1,9,wait,1,2,-72.7101,wait,1,2,-90.3647,False
1946,1,9,1,10,wait,1,2,-72.0351,wait,1,2,-89.5474,False
1947,1,9,1,11,wait,1,2,-72.5071,wait,1,2,-89.4462,False
1948,1,9,1,12,wait,1,2,-72.3513,wait,1,2,-89.6398,False
1949,1,9,1,13,wait,1,2,-72.7899,wait,1,2,-90.5426,False
1950,1,9,1,14,wait,1,2,-92.8194,wait,1,2,-92.411,False
1951,1,9,1,15,wait,0,0,0.0,wait,0,0,0.0,False
1952,1,9,2,0,wait,1,2,-56.5069,wait,1,2,-80.3815,False
1953,1,9,2,1,wait,1,2,-56.649,wait,1,2,-79.6929,False
1954,1,9,2,2,wait,1,2,-56.6175,wait,1,2,-80.0347,False
1955,1,9,2,3,wait,1,2,-56.457,wait,1,2,-80.1543,False
1956,1,9,2,4,wait,1,2,-56.2938,wait,1,2,-80.3719,False
1957,1,9,2,5,wait,1,2,-56.8353,wait,1,2,-81.5503,False
1958,1,9,2,6,wait,1,2,-56.5082,wait,1,2,-80.1056,False
1959,1,9,2,7,wait,1,2,-56.4619,wait,1,2,-80.7286,False
1960,1,9,2,8,wait,1,2,-56.3487,wait,1,2,-79.6222,False
1961,1,9,2,9,wait,1,2,-56.8018,wait,1,2,-80.4073,False
1962,1,9,2,10,wait,1,2,-56.1213,wait,1,2,-80.3197,False
1963,1,9,2,11,wait,1,2,-56.6594,wait,1,2,-79.9554,False
1964,1,9,2,12,wait,1,2,-55.7617,wait,1,2,-79.5346,False
1965,1,9,2,13,wait,1,1,-58.0196,wait,1,1,-83.2979,False
1966,1,9,2,14,wait,1,1,-90.678,wait,1,1,-90.9568,False
1967,1,9,2,15,wait,0,0,0.0,wait,0,0,0.0,False
1968,1,9,3,0,wait,1,2,-43.2203,wait,1,2,-68.375,False
1969,1,9,3,1,wait,1,2,-42.8825,hunt,0,2,-67.1516,True
1970,1,9,3,2,wait,1,2,-43.5957,hunt,0,1,-68.4199,True
1971,1,9,3,3,wait,1,2,-43.9083,hunt,0,1,-68.433,True
1972,1,9,3,4,wait,1,2,-42.66,hunt,0,1,-67.5089,True
1973,1,9,3,5,wait,1,2,-42.8506,hunt,0,2,-67.198,True
1974,1,9,3,6,wait,1,2,-43.3626,hunt,0,2,-67.1744,True
1975,1,9,3,7,wait,1,2,-43.0329,hunt,0,2,-67.766,True
1976,1,9,3,8,wait,1,2,-43.3116,hunt,0,2,-67.7279,True
1977,1,9,3,9,wait,1,2,-42.6984,wait,1,2,-68.3425,False
1978,1,9,3,10,wait,1,2,-43.6761,wait,1,2,-68.6707,False
1979,1,9,3,11,wait,1,2,-43.6775,wait,1,2,-69.1621,False
1980,1,9,3,12,wait,1,2,-43.6564,wait,1,2,-69.7391,False
1981,1,9,3,13,wait,1,2,-47.5837,wait,1,2,-76.2214,False
1982,1,9,3,14,wait,1,2,-88.166,wait,1,2,-88.2759,False
1983,1,9,3,15,wait,0,0,0.0,wait,0,0,0.0,False
1984,1,9,4,0,hunt,0,2,-30.6644,hunt,0,2,-47.9251,False
1985,1,9,4,1,hunt,0,2,-31.288,hunt,0,2,-48.5984,False
1986,1,9,4,2,hunt,0,2,-31.2594,hunt,0,1,-48.4856,True
1987,1,9,4,3,hunt,0,1,-31.3769,hunt,0,1,-48.3577,False
1988,1,9,4,4,hunt,0,2,-31.826,hunt,0,2,-48.9674,False
1989,1,9,4,5,hunt,0,1,-31.8285,hunt,0,1,-49.6468,False
1990,1,9,4,6,hunt,0,2,-31.3879,hunt,0,2,-50.0038,False
1991,1,9,4,7,hunt,0,2,-32.1737,hunt,0,2,-49.6878,False
1992,1,9,4,8,hunt,0,2,-32.4198,hunt,0,2,-49.9476,False
1993,1,9,4,9,hunt,0,2,-33.0998,hunt,0,2,-50.999,False
1994,1,9,4,10,wait,1,2,-33.8009,hunt,0,2,-54.3432,True
1995,1,9,4,11,wait,1,2,-34.3637,hunt,0,1,-58.4389,True
1996,1,9,4,12,wait,1,2,-38.0384,wait,1,1,-64.4415,True
1997,1,9,4,13,wait,1,2,-43.8394,wait,1,2,-73.8599,False
1998,1,9,4,14,wait,1,2,-86.9602,wait,1,2,-86.5376,False
1999,1,9,4,15,wait,0,0,0.0,wait,0,0,0.0,False
2000,1,9,5,0,hunt,0,2,-16.7631,hunt,0,1,-27.9098,True
2001,1,9,5,1,hunt,0,1,-17.0164,hunt,0,1,-28.0377,False
2002,1,9,5,2,hunt,0,2,-17.4954,hunt,0,2,-28.711,False
2003,1,9,5,3,hunt,0,2,-17.7066,hunt,0,2,-29.702,False
2004,1,9,5,4,hunt,0,1,-18.0075,hunt,0,1,-30.0162,False
2005,1,9,5,5,hunt,0,1,-18.825,hunt,0,1,-31.0119,False
2006,1,9,5,6,hunt,0,2,-19.5483,hunt,0,2,-33.0309,False
2007,1,9,5,7,hunt,0,1,-20.4253,hunt,0,1,-33.91,False
2008,1,9,5,8,hunt,0,2,-21.7024,hunt,0,2,-35.2427,False
2009,1,9,5,9,hunt,0,2,-23.0666,hunt,0,2,-38.4898,False
2010,1,9,5,10,wait,1,2,-24.9651,hunt,0,2,-44.003,True
2011,1,9,5,11,wait,1,2,-27.7641,hunt,0,2,-50.0958,True
2012,1,9,5,12,wait,1,2,-33.4628,hunt,0,1,-59.2603,True
2013,1,9,5,13,wait,1,2,-39.8622,wait,1,2,-70.9616,False
2014,1,9,5,14,wait,1,2,-86.0524,wait,1,2,-85.815,False
2015,1,9,5,15,wait,0,0,0.0,wait,0,0,0.0,False
2032,1,10,1,0,wait,1,2,-71.805,wait,1,2,-89.918,False
2033,1,10,1,1,wait,1,2,-72.7035,wait,1,2,-90.3532,False
2034,1,10,1,2,wait,1,2,-72.3854,wait,1,2,-90.3385,False
2035,1,10,1,3,wait,1,2,-73.2205,wait,1,2,-90.1375,False
2036,1,10,1,4,wait,1,1,-72.6298,wait,1,1,-90.531,False
2037,1,10,1,5,wait,1,1,-73.217,wait,1,1,-90.4884,False
2038,1,10,1,6,wait,1,1,-72.6216,wait,1,1,-90.4382,False
2039,1,10,1,7,wait,1,2,-72.6147,wait,1,2,-89.7888,False
2040,1,10,1,8,wait,1,2,-73.0581,wait,1,1,-90.4389,True
2041,1,10,1,9,wait,1,2,-72.8656,wait,1,2,-90.14,False
2042,1,10,1,10,wait,1,2,-72.6976,wait,1,2,-89.5349,False
2043,1,10,1,11,wait,1,2,-72.6987,wait,1,2,-90.6439,False
2044,1,10,1,12,wait,1,2,-72.7924,wait,1,2,-90.2307,False
2045,1,10,1,13,wait,1,2,-72.1809,wait,1,2,-89.8519,False
2046,1,10,1,14,wait,1,2,-93.2869,wait,1,1,-93.543,True
2047,1,10,1,15,wait,0,0,0.0,wait,0,0,0.0,False
2048,1,10,2,0,wait,1,2,-56.1832,wait,1,1,-79.2144,True
2049,1,10,2,1,wait,1,2,-56.7038,wait,1,2,-81.4717,False
2050,1,10,2,2,wait,1,2,-57.122,wait,1,2,-80.3875,False
2051,1,10,2,3,wait,1,2,-55.8951,wait,1,2,-79.9504,False
2052,1,10,2,4,wait,1,2,-56.0291,wait,1,2,-80.0093,False
2053,1,10,2,5,wait,1,2,-56.0592,wait,1,2,-80.4068,False
2054,1,10,2,6,wait,1,2,-56.4374,wait,1,2,-80.8896,False
2055,1,10,2,7,wait,1,1,-56.7155,wait,1,2,-80.9345,True
2056,1,10,2,8,wait,1,2,-56.3446,wait,1,2,-80.7211,False
2057,1,10,2,9,wait,1,2,-56.9275,wait,1,2,-81.0064,False
2058,1,10,2,10,wait,1,1,-56.8703,wait,1,1,-81.2665,False
2059,1,10,2,11,wait,1,2,-56.4839,wait,1,2,-80.751,False
2060,1,10,2,12,wait,1,2,-56.7011,wait,1,2,-80.6161,False
2061,1,10,2,13,wait,1,1,-58.3187,wait,1,2,-83.5279,True
2062,1,10,2,14,wait,1,2,-90.1649,wait,1,1,-90.8204,True
2063,1,10,2,15,wait,0,0,0.0,wait,0,0,0.0,False
2064,1,10,3,0,wait,1,2,-43.4439,hunt,0,1,-67.9117,True
2065,1,10,3,1,wait,1,2,-43.0973,hunt,0,2,-67.4623,True
2066,1,10,3,2,wait,1,2,-43.541,hunt,0,1,-66.8636,True
2067,1,10,3,3,wait,1,2,-43.6255,hunt,0,2,-67.0204,True
2068,1,10,3,4,wait,1,2,-43.4836,hunt,0,1,-67.5884,True
2069,1,10,3,5,wait,1,2,-43.0578,hunt,0,2,-68.2102,True
2070,1,10,3,6,wait,1,2,-43.7311,hunt,0,2,-68.3528,True
2071,1,10,3,7,wait,1,2,-43.4831,hunt,0,1,-68.3404,True
2072,1,10,3,8,wait,1,2,-43.252,hunt,0,2,-68.5951,True
2073,1,10,3,9,wait,1,2,-43.0904,hunt,0,2,-68.2039,True
2074,1,10,3,10,wait,1,2,-43.3157,hunt,0,1,-69.177,True
2075,1,10,3,11,wait,1,2,-42.7395,wait,1,2,-68.7344,False
2076,1,10,3,12,wait,1,2,-44.7334,wait,1,2,-70.673,False
2077,1,10,3,13,wait,1,2,-48.5194,wait,1,2,-76.4856,False
2078,1,10,3,14,wait,1,2,-88.075,wait,1,2,-87.5316,False
2079,1,10,3,15,wait,0,0,0.0,wait,0,0,0.0,False
2080,1,10,4,0,hunt,0,1,-31.1662,hunt,0,1,-47.6606,False
2081,1,10,4,1,hunt,0,1,-30.5544,hunt,0,1,-46.4527,False
2082,1,10,4,2,hunt,0,2,-30.7284,hunt,0,2,-47.7585,False
2083,1,10,4,3,hunt,0,2,-30.7461,hunt,0,2,-47.3498,False
2084,1,10,4,4,hunt,0,1,-30.8026,hunt,0,1,-48.1017,False
2085,1,10,4,5,hunt,0,2,-31.5322,hunt,0,2,-48.714,False
2086,1,10,4,6,hunt,0,2,-31.8248,hunt,0,2,-49.9832,False
2087,1,10,4,7,hunt,0,2,-31.7979,hunt,0,2,-48.9069,False
2088,1,10,4,8,hunt,0,2,-32.5916,hunt,0,2,-50.4506,False
2089,1,10,4,9,hunt,0,2,-33.5024,hunt,0,2,-52.7476,False
2090,1,10,4,10,wait,1,2,-33.9346,hunt,0,2,-55.3675,True
2091,1,10,4,11,wait,1,2,-35.05,hunt,0,2,-59.0534,True
2092,1,10,4,12,wait,1,2,-37.7518,wait,1,2,-63.8066,False
2093,1,10,4,13,wait,1,2,-43.2955,wait,1,2,-71.8929,False
2094,1,10,4,14,wait,1,2,-87.3298,wait,1,2,-87.036,False
2095,1,10,4,15,wait,0,0,0.0,wait,0,0,0.0,False
2096,1,10,5,0,hunt,0,2,-16.3111,hunt,0,1,-27.456,True
2097,1,10,5,1,hunt,0,2,-16.3865,hunt,0,1,-27.3657,True
2098,1,10,5,2,hunt,0,1,-16.814,hunt,0,1,-26.9423,False
2099,1,10,5,3,hunt,0,2,-17.0903,hunt,0,2,-28.3208,False
2100,1,10,5,4,hunt,0,2,-17.4658,hunt,0,2,-29.186,False
2101,1,10,5,5,hunt,0,1,-18.3024,hunt,0,1,-30.1009,False
2102,1,10,5,6,hunt,0,2,-18.696,hunt,0,2,-32.2338,False
2103,1,10,5,7,hunt,0,2,-20.2449,hunt,0,2,-33.3113,False
2104,1,10,5,8,hunt,0,2,-21.35,hunt,0,2,-35.9671,False
2105,1,10,5,9,hunt,0,2,-22.5588,hunt,0,2,-37.545,False
2106,1,10,5,10,wait,1,2,-25.5983,hunt,0,2,-44.124,True
2107,1,10,5,11,wait,1,2,-27.8328,hunt,0,2,-50.2585,True
2108,1,10,5,12,wait,1,2,-32.8698,hunt,0,2,-58.3906,True
2109,1,10,5,13,wait,1,2,-39.7969,wait,1,2,-69.1589,False
2110,1,10,5,14,wait,1,2,-85.8456,wait,1,2,-85.8555,False
2111,1,10,5,15,wait,0,0,0.0,wait,0,0,0.0,False
2128,2,0,1,0,wait,2,0,-98.8924,wait,2,0,-98.8985,False
2129,2,0,1,1,wait,2,0,-98.8924,wait,2,0,-98.8985,False
2130,2,0,1,2,wait,2,0,-98.8924,wait,2,0,-98.8985,False
2131,2,0,1,3,wait,2,0,-98.8924,wait,2,0,-98.8985,False
2132,2,0,1,4,wait,2,0,-98.8924,wait,2,0,-98.8985,False
2133,2,0,1,5,wait,2,0,-98.8924,wait,2,0,-98.8985,False
2134,2,0,1,6,wait,2,0,-98.8924,wait,2,0,-98.8985,False
2135,2,0,1,7,wait,2,0,-98.8924,wait,2,0,-98.8985,False
2136,2,0,1,8,wait,2,0,-98.8924,wait,2,0,-98.8985,False
2137,2,0,1,9,wait,2,0,-98.8924,wait,2,0,-98.8985,False
2138,2,0,1,10,wait,2,0,-98.8924,wait,2,0,-98.8985,False
2139,2,0,1,11,wait,2,0,-98.8924,wait,2,0,-98.8985,False
2140,2,0,1,12,wait,2,0,-98.8924,wait,2,0,-98.8985,False
2141,2,0,1,13,wait,2,0,-98.8924,wait,2,0,-98.8985,False
2142,2,0,1,14,wait,2,0,-98.8924,wait,2,0,-98.8985,False
2143,2,0,1,15,wait,0,0,0.0,wait,0,0,0.0,False
2144,2,0,2,0,wait,2,0,-73.3446,wait,1,0,-90.969,True
2145,2,0,2,1,wait,1,0,-72.9346,wait,1,0,-89.0887,False
2146,2,0,2,2,wait,1,0,-72.3864,wait,1,0,-88.7241,False
2147,2,0,2,3,wait,1,0,-72.3531,wait,1,0,-89.4929,False
2148,2,0,2,4,wait,1,0,-71.9095,wait,1,0,-89.1968,False
2149,2,0,2,5,wait,1,0,-72.7691,wait,1,0,-89.4501,False
2150,2,0,2,6,wait,1,0,-73.0961,wait,1,0,-89.5512,False
2151,2,0,2,7,wait,1,0,-72.3503,wait,1,0,-89.0966,False
2152,2,0,2,8,wait,1,0,-72.9925,wait,1,0,-89.3444,False
2153,2,0,2,9,wait,1,0,-73.1268,wait,1,0,-89.4551,False
2154,2,0,2,10,wait,1,0,-72.5581,wait,1,0,-89.1326,False
2155,2,0,2,11,wait,2,0,-73.5226,wait,2,0,-90.6327,False
2156,2,0,2,12,wait,1,0,-72.7228,wait,1,0,-89.5106,False
2157,2,0,2,13,wait,2,0,-72.8882,wait,1,0,-90.234,True
2158,2,0,2,14,wait,2,0,-93.8106,wait,1,0,-93.9961,True
2159,2,0,2,15,wait,0,0,0.0,wait,0,0,0.0,False
2160,2,0,3,0,wait,1,0,-55.8877,wait,1,0,-78.8234,False
2161,2,0,3,1,wait,1,0,-55.4573,wait,1,0,-78.1514,False
2162,2,0,3,2,wait,1,0,-55.8492,wait,1,0,-78.9834,False
2163,2,0,3,3,wait,1,0,-56.4767,wait,1,0,-79.2023,False
2164,2,0,3,4,wait,1,0,-56.0483,wait,1,0,-78.6564,False
2165,2,0,3,5,wait,1,0,-55.5925,wait,1,0,-78.6667,False
2166,2,0,3,6,wait,1,0,-55.6724,wait,1,0,-78.5481,False
2167,2,0,3,7,wait,1,0,-56.0027,wait,1,0,-78.598,False
2168,2,0,3,8,wait,1,0,-56.1849,wait,1,0,-79.3061,False
2169,2,0,3,9,wait,1,0,-55.6157,wait,1,0,-78.5216,False
2170,2,0,3,10,wait,1,0,-55.9162,wait,1,0,-78.4592,False
2171,2,0,3,11,wait,1,0,-55.7495,wait,1,0,-78.7673,False
2172,2,0,3,12,wait,1,0,-56.4736,wait,1,0,-79.8988,False
2173,2,0,3,13,wait,1,0,-58.3908,wait,1,0,-82.4099,False
2174,2,0,3,14,wait,1,0,-91.2468,wait,1,0,-90.7287,False
2175,2,0,3,15,wait,0,0,0.0,wait,0,0,0.0,False
2176,2,0,4,0,wait,1,0,-42.8509,wait,1,0,-67.429,False
2177,2,0,4,1,wait,1,0,-43.1735,wait,1,0,-67.8591,False
2178,2,0,4,2,wait,1,0,-43.3174,wait,1,0,-67.672,False
2179,2,0,4,3,wait,1,0,-42.9119,wait,1,0,-67.0349,False
2180,2,0,4,4,wait,1,0,-43.0175,wait,1,0,-67.5531,False
2181,2,0,4,5,wait,1,0,-43.1577,wait,1,0,-67.8032,False
2182,2,0,4,6,wait,1,0,-43.5378,wait,1,0,-68.1597,False
2183,2,0,4,7,wait,1,0,-43.0264,wait,1,0,-66.8558,False
2184,2,0,4,8,wait,1,0,-43.1194,wait,1,0,-68.4636,False
2185,2,0,4,9,wait,1,0,-43.0415,wait,1,0,-67.0799,False
2186,2,0,4,10,wait,1,0,-43.5924,wait,1,0,-68.4848,False
2187,2,0,4,11,wait,1,0,-43.2851,wait,1,0,-67.5488,False
2188,2,0,4,12,wait,1,0,-45.539,wait,1,0,-71.1096,False
2189,2,0,4,13,wait,1,0,-48.857,wait,1,0,-77.5,False
2190,2,0,4,14,wait,2,0,-89.0379,wait,2,0,-89.0572,False
2191,2,0,4,15,wait,0,0,0.0,wait,0,0,0.0,False
2192,2,0,5,0,wait,1,0,-34.3078,wait,1,0,-56.4752,False
2193,2,0,5,1,wait,1,0,-33.9449,wait,1,0,-56.2739,False
2194,2,0,5,2,wait,1,0,-34.0566,wait,1,0,-57.0098,False
2195,2,0,5,3,wait,1,0,-34.1173,wait,1,0,-56.3921,False
2196,2,0,5,4,wait,1,0,-33.9875,wait,1,0,-55.8291,False
2197,2,0,5,5,wait,1,0,-34.3933,wait,1,0,-57.455,False
2198,2,0,5,6,wait,1,0,-34.9954,wait,1,0,-57.9409,False
2199,2,0,5,7,wait,1,0,-34.6114,wait,1,0,-56.9886,False
2200,2,0,5,8,wait,1,0,-35.0219,wait,1,0,-58.1321,False
2201,2,0,5,9,wait,1,0,-34.2264,wait,1,0,-56.3865,False
2202,2,0,5,10,wait,1,0,-34.9156,wait,1,0,-58.0442,False
2203,2,0,5,11,wait,1,0,-35.9127,wait,1,0,-59.8976,False
2204,2,0,5,12,wait,1,0,-39.0716,wait,1,0,-64.7799,False
2205,2,0,5,13,wait,2,0,-45.7172,wait,1,0,-75.7041,True
2206,2,0,5,14,wait,1,0,-88.7408,wait,1,0,-88.4501,False
2207,2,0,5,15,wait,0,0,0.0,wait,0,0,0.0,False
2224,2,1,1,0,wait,1,1,-71.7926,wait,1,1,-88.6753,False
2225,2,1,1,1,wait,1,1,-71.6532,wait,1,1,-88.0837,False
2226,2,1,1,2,wait,1,1,-71.3877,wait,1,1,-88.3927,False
2227,2,1,1,3,wait,1,1,-71.8697,wait,1,1,-88.7967,False
2228,2,1,1,4,wait,1,1,-71.0871,wait,1,1,-87.8882,False
2229,2,1,1,5,wait,1,1,-71.9629,wait,1,1,-88.2516,False
2230,2,1,1,6,wait,1,1,-71.592,wait,1,1,-88.5196,False
2231,2,1,1,7,wait,1,1,-71.7927,wait,1,1,-89.0284,False
2232,2,1,1,8,wait,1,1,-71.5021,wait,1,1,-89.0867,False
2233,2,1,1,9,wait,1,1,-72.303,wait,1,1,-89.0589,False
2234,2,1,1,10,wait,1,1,-71.6478,wait,1,1,-87.5453,False
2235,2,1,1,11,wait,1,1,-71.4079,wait,1,1,-88.1158,False
2236,2,1,1,12,wait,1,1,-71.9199,wait,1,1,-88.6236,False
2237,2,1,1,13,wait,1,1,-72.1208,wait,1,1,-89.1024,False
2238,2,1,1,14,wait,2,1,-92.8595,wait,2,1,-93.0378,False
2239,2,1,1,15,wait,0,0,0.0,wait,0,0,0.0,False
2240,2,1,2,0,wait,1,1,-55.0328,wait,1,1,-78.6244,False
2241,2,1,2,1,wait,1,1,-54.2615,wait,1,1,-76.9059,False
2242,2,1,2,2,wait,1,1,-54.8263,wait,1,1,-77.3804,False
2243,2,1,2,3,wait,1,1,-55.3126,wait,1,1,-77.7168,False
2244,2,1,2,4,wait,1,1,-54.7734,wait,1,1,-77.4971,False
2245,2,1,2,5,wait,1,1,-54.4145,wait,1,1,-77.495,False
2246,2,1,2,6,wait,1,1,-55.1442,wait,1,1,-77.9655,False
2247,2,1,2,7,wait,1,1,-55.0968,wait,1,1,-77.1348,False
2248,2,1,2,8,wait,1,1,-55.3302,wait,1,1,-78.1717,False
2249,2,1,2,9,wait,1,1,-54.7452,wait,1,1,-77.7067,False
2250,2,1,2,10,wait,1,1,-55.1285,wait,1,1,-77.7281,False
2251,2,1,2,11,wait,1,1,-54.5115,wait,1,1,-76.8517,False
2252,2,1,2,12,wait,1,1,-56.1247,wait,1,1,-79.8857,False
2253,2,1,2,13,wait,1,1,-57.6346,wait,1,1,-82.2143,False
2254,2,1,2,14,wait,2,1,-89.9155,wait,2,1,-89.6242,False
2255,2,1,2,15,wait,0,0,0.0,wait,0,0,0.0,False
2256,2,1,3,0,wait,1,1,-41.5223,wait,1,1,-65.2787,False
2257,2,1,3,1,wait,1,1,-42.1581,wait,1,1,-66.9819,False
2258,2,1,3,2,wait,1,1,-41.6266,wait,1,1,-65.4083,False
2259,2,1,3,3,wait,1,1,-42.0549,wait,1,1,-66.5426,False
2260,2,1,3,4,wait,1,1,-42.1989,wait,1,1,-66.7795,False
2261,2,1,3,5,wait,1,1,-42.1981,wait,1,1,-66.0127,False
2262,2,1,3,6,wait,1,1,-41.9324,wait,1,1,-66.7216,False
2263,2,1,3,7,wait,1,1,-42.3033,wait,1,1,-66.9394,False
2264,2,1,3,8,wait,1,1,-42.426,wait,1,1,-66.9537,False
2265,2,1,3,9,wait,1,1,-43.1396,wait,1,1,-67.5809,False
2266,2,1,3,10,wait,1,1,-42.0061,wait,1,1,-66.6655,False
2267,2,1,3,11,wait,1,1,-42.1653,wait,1,1,-66.7134,False
2268,2,1,3,12,wait,1,1,-43.9852,wait,1,1,-70.0851,False
2269,2,1,3,13,wait,1,1,-47.9961,wait,1,1,-75.8382,False
2270,2,1,3,14,wait,2,1,-87.7649,wait,2,1,-86.7776,False
2271,2,1,3,15,wait,0,0,0.0,wait,0,0,0.0,False
2272,2,1,4,0,wait,1,1,-32.8408,wait,1,1,-55.1872,False
2273,2,1,4,1,wait,1,1,-33.0918,wait,1,1,-55.9141,False
2274,2,1,4,2,wait,1,1,-32.9543,wait,1,1,-56.0313,False
2275,2,1,4,3,wait,1,1,-33.2766,wait,1,1,-55.4636,False
2276,2,1,4,4,wait,1,1,-33.2906,wait,1,1,-56.4027,False
2277,2,1,4,5,wait,1,1,-33.1486,wait,1,1,-55.9918,False
2278,2,1,4,6,wait,1,1,-33.491,wait,1,1,-56.8266,False
2279,2,1,4,7,wait,1,1,-33.7385,wait,1,1,-56.4794,False
2280,2,1,4,8,wait,1,1,-33.0245,wait,1,1,-55.3072,False
2281,2,1,4,9,wait,1,1,-33.2896,wait,1,1,-56.1256,False
2282,2,1,4,10,wait,1,1,-33.9258,wait,1,1,-56.4893,False
2283,2,1,4,11,wait,1,1,-35.4538,wait,1,1,-59.1156,False
2284,2,1,4,12,wait,1,1,-37.9475,wait,1,1,-64.7552,False
2285,2,1,4,13,wait,1,1,-43.3912,wait,1,1,-73.421,False
2286,2,1,4,14,wait,2,1,-87.0092,wait,2,1,-87.0973,False
2287,2,1,4,15,wait,0,0,0.0,wait,0,0,0.0,False
2288,2,1,5,0,wait,1,1,-24.024,wait,1,1,-43.9976,False
2289,2,1,5,1,wait,1,1,-23.9465,wait,1,1,-43.5705,False
2290,2,1,5,2,wait,1,1,-24.1384,wait,1,1,-44.2522,False
2291,2,1,5,3,wait,1,1,-23.9261,wait,1,1,-43.2391,False
2292,2,1,5,4,wait,1,1,-23.9173,wait,1,1,-43.1149,False
2293,2,1,5,5,wait,1,1,-24.2534,wait,1,1,-43.7708,False
2294,2,1,5,6,wait,1,1,-24.459,wait,1,1,-44.4472,False
2295,2,1,5,7,wait,1,1,-24.9425,wait,1,1,-44.5211,False
2296,2,1,5,8,wait,1,1,-24.9658,wait,1,1,-45.3602,False
2297,2,1,5,9,wait,1,1,-25.3029,wait,1,1,-45.6558,False
2298,2,1,5,10,wait,1,1,-26.4068,wait,1,1,-47.2464,False
2299,2,1,5,11,wait,1,1,-28.7874,wait,1,1,-50.8131,False
2300,2,1,5,12,wait,1,1,-33.7309,wait,1,1,-59.5011,False
2301,2,1,5,13,wait,1,1,-40.676,wait,1,1,-70.9306,False
2302,2,1,5,14,wait,2,1,-86.2908,wait,2,1,-86.3375,False
2303,2,1,5,15,wait,0,0,0.0,wait,0,0,0.0,False
2320,2,2,1,0,wait,2,2,-57.9642,wait,2,2,-82.7739,False
2321,2,2,1,1,wait,2,2,-58.6648,wait,2,2,-83.395,False
2322,2,2,1,2,wait,2,2,-57.6041,wait,2,2,-82.2316,False
2323,2,2,1,3,wait,2,2,-57.9841,wait,2,2,-83.2375,False
2324,2,2,1,4,wait,2,2,-57.9215,wait,2,2,-83.1576,False
2325,2,2,1,5,wait,2,2,-58.017,wait,2,2,-83.5918,False
2326,2,2,1,6,wait,2,2,-57.3653,wait,2,2,-82.7881,False
2327,2,2,1,7,wait,2,2,-58.3737,wait,2,2,-83.6433,False
2328,2,2,1,8,wait,2,2,-58.0316,wait,2,2,-83.3891,False
2329,2,2,1,9,wait,2,2,-57.711,wait,2,2,-83.1392,False
2330,2,2,1,10,wait,2,2,-57.8714,wait,2,2,-83.3973,False
2331,2,2,1,11,wait,2,2,-57.8554,wait,2,2,-83.3619,False
2332,2,2,1,12,wait,2,2,-57.4388,wait,2,2,-83.1083,False
2333,2,2,1,13,wait,2,2,-58.2922,wait,2,2,-83.4966,False
2334,2,2,1,14,wait,2,2,-89.7637,wait,2,2,-90.0416,False
2335,2,2,1,15,wait,0,0,0.0,wait,0,0,0.0,False
2336,2,2,2,0,wait,2,2,-44.9755,wait,2,2,-72.6979,False
2337,2,2,2,1,wait,2,2,-45.4292,wait,2,2,-73.113,False
2338,2,2,2,2,wait,2,2,-44.9137,wait,2,2,-72.5739,False
2339,2,2,2,3,wait,2,2,-45.7082,wait,2,2,-73.4332,False
2340,2,2,2,4,wait,2,2,-45.9028,wait,2,2,-74.6394,False
2341,2,2,2,5,wait,2,2,-45.3954,wait,2,2,-73.5811,False
2342,2,2,2,6,wait,2,2,-45.6954,wait,2,2,-73.2426,False
2343,2,2,2,7,wait,2,2,-45.6261,wait,2,2,-73.9625,False
2344,2,2,2,8,wait,2,2,-45.8947,wait,2,2,-73.7803,False
2345,2,2,2,9,wait,2,2,-45.1541,wait,2,2,-72.9293,False
2346,2,2,2,10,wait,2,2,-45.0615,wait,2,2,-71.8822,False
2347,2,2,2,11,wait,2,2,-45.2194,wait,2,2,-73.9069,False
2348,2,2,2,12,wait,2,2,-45.4443,wait,2,2,-74.2774,False
2349,2,2,2,13,wait,2,2,-48.2313,wait,2,2,-77.6538,False
2350,2,2,2,14,wait,2,2,-87.2226,wait,2,2,-87.6575,False
2351,2,2,2,15,wait,0,0,0.0,wait,0,0,0.0,False
2352,2,2,3,0,wait,2,2,-37.843,wait,1,1,-61.7816,True
2353,2,2,3,1,wait,2,2,-37.7443,wait,1,1,-62.6502,True
2354,2,2,3,2,wait,2,2,-37.4614,wait,1,1,-62.175,True
2355,2,2,3,3,wait,2,2,-37.6213,wait,1,1,-62.5495,True
2356,2,2,3,4,wait,2,2,-37.2031,wait,1,1,-62.1096,True
2357,2,2,3,5,wait,2,2,-37.6452,wait,1,1,-61.7277,True
2358,2,2,3,6,wait,2,2,-37.5008,wait,1,1,-62.3005,True
2359,2,2,3,7,wait,2,2,-37.6565,wait,1,1,-62.773,True
2360,2,2,3,8,wait,2,2,-37.5959,wait,1,1,-62.5612,True
2361,2,2,3,9,wait,2,2,-37.8967,wait,1,1,-62.3046,True
2362,2,2,3,10,wait,2,2,-37.2794,wait,1,1,-62.909,True
2363,2,2,3,11,wait,2,2,-37.6716,wait,1,1,-62.5023,True
2364,2,2,3,12,wait,2,2,-39.3904,wait,1,1,-66.352,True
2365,2,2,3,13,wait,2,2,-43.9096,wait,1,2,-75.0192,True
2366,2,2,3,14,wait,2,2,-86.7532,wait,2,2,-86.0967,False
2367,2,2,3,15,wait,0,0,0.0,wait,0,0,0.0,False
2368,2,2,4,0,wait,2,2,-29.1514,hunt,1,1,-50.3818,True
2369,2,2,4,1,wait,2,2,-28.9265,wait,1,1,-50.6869,True
2370,2,2,4,2,wait,2,2,-29.0624,wait,1,1,-50.0492,True
2371,2,2,4,3,wait,2,2,-29.7391,wait,1,1,-50.9379,True
2372,2,2,4,4,hunt,1,1,-29.4472,hunt,1,1,-49.5639,False
2373,2,2,4,5,wait,2,2,-28.932,hunt,1,1,-49.8498,True
2374,2,2,4,6,wait,2,2,-28.8334,wait,1,1,-50.4927,True
2375,2,2,4,7,wait,2,2,-29.0726,hunt,1,1,-49.701,True
2376,2,2,4,8,wait,2,2,-28.6974,hunt,1,1,-49.8018,True
2377,2,2,4,9,wait,2,2,-28.9804,wait,1,1,-51.0644,True
2378,2,2,4,10,wait,2,2,-29.0028,wait,1,1,-51.5284,True
2379,2,2,4,11,wait,2,2,-30.0336,wait,2,2,-53.6955,False
2380,2,2,4,12,wait,2,2,-33.8998,wait,2,2,-60.6323,False
2381,2,2,4,13,wait,2,2,-39.7484,wait,2,2,-70.5944,False
2382,2,2,4,14,wait,2,2,-85.5306,wait,2,2,-85.6775,False
2383,2,2,4,15,wait,0,0,0.0,wait,0,0,0.0,False
2384,2,2,5,0,hunt,1,1,-18.0434,hunt,1,1,-33.7117,False
2385,2,2,5,1,hunt,1,1,-18.2863,hunt,1,1,-34.1425,False
2386,2,2,5,2,hunt,1,1,-18.4054,hunt,1,1,-33.9102,False
2387,2,2,5,3,hunt,1,1,-18.8588,hunt,1,1,-34.7812,False
2388,2,2,5,4,hunt,1,1,-18.2456,hunt,1,1,-34.891,False
2389,2,2,5,5,hunt,1,1,-18.9621,hunt,1,1,-35.6634,False
2390,2,2,5,6,hunt,1,1,-18.9737,hunt,1,1,-35.9331,False
2391,2,2,5,7,hunt,1,1,-19.9747,hunt,1,1,-37.0127,False
2392,2,2,5,8,hunt,1,1,-20.3065,hunt,1,1,-37.679,False
2393,2,2,5,9,wait,1,1,-22.0409,wait,1,1,-40.0105,False
2394,2,2,5,10,wait,1,1,-23.3878,wait,1,1,-42.4612,False
2395,2,2,5,11,wait,1,1,-26.7619,wait,1,1,-48.433,False
2396,2,2,5,12,wait,1,1,-32.5555,wait,1,1,-57.6932,False
2397,2,2,5,13,wait,1,2,-40.2104,wait,1,2,-70.381,False
2398,2,2,5,14,wait,2,2,-85.0105,wait,2,2,-84.5314,False
2399,2,2,5,15,wait,0,0,0.0,wait,0,0,0.0,False
2416,2,3,1,0,wait,2,2,-55.9496,wait,2,2,-79.7821,False
2417,2,3,1,1,wait,2,2,-56.1117,wait,2,2,-80.2346,False
2418,2,3,1,2,wait,2,2,-56.2538,wait,2,2,-80.2425,False
2419,2,3,1,3,wait,2,2,-56.2517,wait,2,2,-80.4658,False
2420,2,3,1,4,wait,2,2,-56.5407,wait,2,2,-80.6173,False
2421,2,3,1,5,wait,2,2,-56.4442,wait,2,2,-79.9012,False
2422,2,3,1,6,wait,2,2,-55.7443,wait,2,2,-79.3785,False
2423,2,3,1,7,wait,2,2,-56.2188,wait,2,2,-80.4762,False
2424,2,3,1,8,wait,2,2,-56.724,wait,2,2,-80.6553,False
2425,2,3,1,9,wait,2,2,-56.0342,wait,2,2,-80.4589,False
2426,2,3,1,10,wait,2,2,-55.7242,wait,2,2,-80.8904,False
2427,2,3,1,11,wait,2,2,-55.8563,wait,2,2,-80.1572,False
2428,2,3,1,12,wait,2,2,-56.6857,wait,2,2,-82.0253,False
2429,2,3,1,13,wait,2,2,-57.1595,wait,2,2,-82.1021,False
2430,2,3,1,14,wait,2,2,-89.6578,wait,2,2,-89.7117,False
2431,2,3,1,15,wait,0,0,0.0,wait,0,0,0.0,False
2432,2,3,2,0,wait,2,2,-43.7202,wait,2,2,-70.8683,False
2433,2,3,2,1,wait,2,2,-43.2316,wait,2,2,-69.2055,False
2434,2,3,2,2,wait,2,2,-43.8406,wait,2,2,-70.3426,False
2435,2,3,2,3,wait,2,2,-43.3944,wait,2,2,-70.071,False
2436,2,3,2,4,wait,2,2,-43.9642,wait,2,2,-70.4109,False
2437,2,3,2,5,wait,2,2,-43.8662,wait,2,2,-70.5566,False
2438,2,3,2,6,wait,2,2,-43.9802,wait,2,2,-71.4907,False
2439,2,3,2,7,wait,2,2,-43.2564,wait,2,2,-70.0404,False
2440,2,3,2,8,wait,2,2,-43.649,wait,2,2,-69.9757,False
2441,2,3,2,9,wait,2,2,-42.8509,wait,2,2,-70.0686,False
2442,2,3,2,10,wait,2,2,-43.6493,wait,2,2,-69.9309,False
2443,2,3,2,11,wait,2,2,-43.2411,wait,2,2,-69.5927,False
2444,2,3,2,12,wait,2,2,-44.7753,wait,2,2,-71.1974,False
2445,2,3,2,13,wait,2,2,-47.166,wait,2,2,-75.9786,False
2446,2,3,2,14,wait,2,2,-87.4582,wait,2,2,-86.93,False
2447,2,3,2,15,wait,0,0,0.0,wait,0,0,0.0,False
2448,2,3,3,0,wait,2,2,-35.135,hunt,1,1,-58.6515,True
2449,2,3,3,1,wait,2,2,-34.7314,hunt,1,1,-59.1177,True
2450,2,3,3,2,wait,2,2,-34.7884,hunt,1,1,-58.7948,True
2451,2,3,3,3,wait,2,2,-35.454,hunt,1,1,-58.7341,True
2452,2,3,3,4,wait,2,2,-34.5323,wait,2,2,-57.406,False
2453,2,3,3,5,wait,2,2,-34.892,hunt,1,1,-58.6294,True
2454,2,3,3,6,wait,2,2,-34.7901,wait,2,2,-59.0049,False
2455,2,3,3,7,wait,2,2,-35.3416,hunt,1,1,-58.3548,True
2456,2,3,3,8,wait,2,2,-34.3294,wait,2,2,-58.6232,False
2457,2,3,3,9,wait,2,2,-34.4371,hunt,1,1,-57.9772,True
2458,2,3,3,10,wait,2,2,-35.0363,wait,2,2,-59.18,False
2459,2,3,3,11,wait,2,2,-35.3147,wait,2,2,-59.7631,False
2460,2,3,3,12,wait,2,2,-37.9821,wait,2,2,-64.6624,False
2461,2,3,3,13,wait,2,2,-42.9659,wait,2,2,-73.5045,False
2462,2,3,3,14,wait,2,2,-86.3688,wait,2,2,-86.0946,False
2463,2,3,3,15,wait,0,0,0.0,wait,0,0,0.0,False
2464,2,3,4,0,hunt,1,1,-25.6857,hunt,1,1,-43.1152,False
2465,2,3,4,1,hunt,1,1,-25.8757,hunt,1,1,-43.6084,False
2466,2,3,4,2,hunt,1,1,-24.8586,hunt,1,1,-43.5987,False
2467,2,3,4,3,hunt,1,1,-25.5929,hunt,1,1,-42.5759,False
2468,2,3,4,4,hunt,1,1,-25.3424,hunt,1,1,-42.5904,False
2469,2,3,4,5,hunt,1,1,-25.7949,hunt,1,1,-43.7316,False
2470,2,3,4,6,hunt,1,1,-25.7865,hunt,1,1,-44.3104,False
2471,2,3,4,7,wait,2,2,-26.5009,hunt,1,1,-45.21,True
2472,2,3,4,8,wait,2,2,-26.6201,hunt,1,1,-45.4744,True
2473,2,3,4,9,wait,2,2,-26.2813,hunt,1,1,-46.3576,True
2474,2,3,4,10,wait,2,2,-26.2414,hunt,1,1,-47.6646,True
2475,2,3,4,11,wait,2,2,-28.6761,wait,2,2,-51.7014,False
2476,2,3,4,12,wait,2,2,-32.6237,wait,2,2,-57.598,False
2477,2,3,4,13,wait,2,2,-39.5047,wait,2,2,-69.8239,False
2478,2,3,4,14,wait,2,2,-85.3165,wait,2,2,-85.3546,False
2479,2,3,4,15,wait,0,0,0.0,wait,0,0,0.0,False
2480,2,3,5,0,hunt,1,1,-13.1769,hunt,1,1,-25.621,False
2481,2,3,5,1,hunt,1,1,-13.5155,hunt,1,1,-25.8456,False
2482,2,3,5,2,hunt,1,1,-13.6392,hunt,1,1,-26.325,False
2483,2,3,5,3,hunt,1,1,-13.6818,hunt,1,1,-25.5326,False
2484,2,3,5,4,hunt,1,1,-14.3366,hunt,1,1,-27.1223,False
2485,2,3,5,5,hunt,1,1,-14.3998,hunt,1,1,-27.395,False
2486,2,3,5,6,hunt,1,1,-14.9098,hunt,1,1,-27.9304,False
2487,2,3,5,7,hunt,1,1,-15.618,hunt,1,1,-29.3828,False
2488,2,3,5,8,hunt,1,1,-17.5261,hunt,1,1,-33.1776,False
2489,2,3,5,9,hunt,1,1,-18.6802,hunt,1,1,-34.4991,False
2490,2,3,5,10,hunt,1,1,-21.9039,hunt,1,1,-40.36,False
2491,2,3,5,11,wait,1,2,-25.8457,wait,1,2,-47.3378,False
2492,2,3,5,12,wait,1,2,-31.5875,wait,1,2,-56.7713,False
2493,2,3,5,13,wait,1,2,-39.5226,wait,1,2,-69.5285,False
2494,2,3,5,14,wait,2,1,-85.9448,hunt,1,2,-86.533,True
2495,2,3,5,15,wait,0,0,0.0,wait,0,0,0.0,False
2512,2,4,1,0,wait,2,2,-56.1111,wait,2,2,-80.5101,False
2513,2,4,1,1,wait,2,2,-55.7749,wait,2,2,-79.3129,False
2514,2,4,1,2,wait,2,2,-55.8697,wait,2,2,-80.0868,False
2515,2,4,1,3,wait,2,2,-55.6779,wait,2,2,-80.1972,False
2516,2,4,1,4,wait,2,2,-55.2405,wait,2,2,-79.1183,False
2517,2,4,1,5,wait,2,2,-56.3179,wait,2,2,-80.1429,False
2518,2,4,1,6,wait,2,2,-55.5012,wait,2,2,-79.2491,False
2519,2,4,1,7,wait,2,2,-55.071,wait,2,2,-79.2912,False
2520,2,4,1,8,wait,2,2,-55.6335,wait,2,2,-80.2183,False
2521,2,4,1,9,wait,2,2,-56.0042,wait,2,2,-79.8834,False
2522,2,4,1,10,wait,2,2,-55.7542,wait,2,2,-79.9369,False
2523,2,4,1,11,wait,2,2,-55.2131,wait,2,2,-79.8348,False
2524,2,4,1,12,wait,2,2,-55.3883,wait,2,2,-80.0806,False
2525,2,4,1,13,wait,2,2,-57.2349,wait,2,2,-82.1101,False
2526,2,4,1,14,wait,2,2,-89.4017,wait,2,2,-89.5788,False
2527,2,4,1,15,wait,0,0,0.0,wait,0,0,0.0,False
2528,2,4,2,0,wait,2,2,-42.3265,wait,2,2,-69.0655,False
2529,2,4,2,1,wait,2,2,-43.1579,wait,2,2,-69.3506,False
2530,2,4,2,2,wait,2,2,-42.7683,wait,2,2,-68.8013,False
2531,2,4,2,3,wait,2,2,-43.2836,wait,2,2,-69.4533,False
2532,2,4,2,4,wait,2,2,-42.64,wait,2,2,-67.851,False
2533,2,4,2,5,wait,2,2,-43.1557,wait,2,2,-69.0993,False
2534,2,4,2,6,wait,2,2,-42.4237,wait,2,2,-67.244,False
2535,2,4,2,7,wait,2,2,-42.615,wait,2,2,-68.13,False
2536,2,4,2,8,wait,2,2,-43.7687,wait,2,2,-69.7464,False
2537,2,4,2,9,wait,2,2,-42.9693,wait,2,2,-68.6254,False
2538,2,4,2,10,wait,2,2,-43.1444,wait,2,2,-69.1806,False
2539,2,4,2,11,wait,2,2,-43.3183,wait,2,2,-69.1658,False
2540,2,4,2,12,wait,2,2,-43.5973,wait,2,2,-70.2352,False
2541,2,4,2,13,wait,2,2,-47.0819,wait,2,2,-75.8672,False
2542,2,4,2,14,wait,2,2,-87.2228,wait,2,2,-87.2599,False
2543,2,4,2,15,wait,0,0,0.0,wait,0,0,0.0,False
2544,2,4,3,0,wait,2,2,-34.2621,hunt,1,1,-55.5672,True
2545,2,4,3,1,wait,2,2,-34.0252,hunt,1,1,-55.8592,True
2546,2,4,3,2,wait,2,2,-34.4003,hunt,1,1,-56.3125,True
2547,2,4,3,3,wait,2,2,-34.3103,hunt,1,1,-56.1868,True
2548,2,4,3,4,wait,2,2,-34.9431,hunt,1,1,-55.4059,True
2549,2,4,3,5,wait,2,2,-34.1795,hunt,1,1,-55.6019,True
2550,2,4,3,6,wait,2,2,-33.7721,hunt,1,1,-55.5223,True
2551,2,4,3,7,wait,2,2,-33.8335,hunt,1,1,-55.3484,True
2552,2,4,3,8,wait,2,2,-33.6979,hunt,1,1,-55.8604,True
2553,2,4,3,9,wait,2,2,-34.1933,hunt,1,1,-57.1926,True
2554,2,4,3,10,wait,2,2,-33.9933,hunt,1,1,-57.5764,True
2555,2,4,3,11,wait,2,2,-34.5522,wait,2,2,-58.4621,False
2556,2,4,3,12,wait,2,2,-37.8217,wait,2,2,-64.0907,False
2557,2,4,3,13,wait,2,2,-42.3307,wait,2,2,-72.5624,False
2558,2,4,3,14,wait,2,2,-86.9868,wait,2,2,-86.5592,False
2559,2,4,3,15,wait,0,0,0.0,wait,0,0,0.0,False
2560,2,4,4,0,hunt,1,1,-23.7467,hunt,1,1,-39.2213,False
2561,2,4,4,1,hunt,1,1,-22.9218,hunt,1,1,-38.0843,False
2562,2,4,4,2,hunt,1,1,-22.9785,hunt,1,1,-38.0793,False
2563,2,4,4,3,hunt,1,1,-23.3698,hunt,1,1,-40.1583,False
2564,2,4,4,4,hunt,1,1,-23.2955,hunt,1,1,-39.8375,False
2565,2,4,4,5,hunt,1,1,-23.403,hunt,1,1,-40.3342,False
2566,2,4,4,6,hunt,1,1,-23.9518,hunt,1,1,-40.4005,False
2567,2,4,4,7,wait,2,2,-24.5218,hunt,1,1,-41.9985,True
2568,2,4,4,8,wait,2,2,-25.1565,hunt,1,1,-43.3341,True
2569,2,4,4,9,wait,2,2,-24.3718,hunt,1,1,-44.3615,True
2570,2,4,4,10,wait,2,2,-25.4385,hunt,1,1,-46.6719,True
2571,2,4,4,11,wait,2,2,-27.6968,wait,2,2,-50.6645,False
2572,2,4,4,12,wait,2,2,-31.9867,wait,2,2,-58.0832,False
2573,2,4,4,13,wait,2,2,-39.6222,wait,2,2,-70.9464,False
2574,2,4,4,14,wait,2,2,-85.1889,wait,2,2,-85.6319,False
2575,2,4,4,15,wait,0,0,0.0,wait,0,0,0.0,False
2576,2,4,5,0,hunt,1,1,-10.3988,hunt,1,1,-21.2562,False
2577,2,4,5,1,hunt,1,1,-10.7633,hunt,1,1,-21.266,False
2578,2,4,5,2,hunt,1,1,-10.5609,hunt,1,1,-21.8237,False
2579,2,4,5,3,hunt,1,1,-11.3957,hunt,1,1,-21.7801,False
2580,2,4,5,4,hunt,1,1,-11.2129,hunt,1,1,-22.6666,False
2581,2,4,5,5,hunt,1,1,-11.6545,hunt,1,1,-22.7231,False
2582,2,4,5,6,hunt,1,1,-12.5222,hunt,1,1,-25.2092,False
2583,2,4,5,7,hunt,1,1,-13.7154,hunt,1,1,-26.5406,False
2584,2,4,5,8,hunt,1,1,-15.5532,hunt,1,1,-29.8156,False
2585,2,4,5,9,hunt,1,1,-17.7449,hunt,1,1,-32.8594,False
2586,2,4,5,10,hunt,1,2,-21.1809,hunt,1,2,-39.0487,False
2587,2,4,5,11,wait,1,2,-25.201,wait,1,2,-46.4816,False
2588,2,4,5,12,hunt,1,2,-31.1718,hunt,1,2,-55.6523,False
2589,2,4,5,13,wait,1,2,-38.8982,wait,1,2,-68.5459,False
2590,2,4,5,14,wait,2,2,-85.0156,wait,2,2,-84.731,False
2591,2,4,5,15,wait,0,0,0.0,wait,0,0,0.0,False
2608,2,5,1,0,wait,2,2,-56.007,wait,2,2,-79.9441,False
2609,2,5,1,1,wait,2,2,-56.384,wait,2,2,-81.3418,False
2610,2,5,1,2,wait,2,2,-55.764,wait,2,2,-79.026,False
2611,2,5,1,3,wait,2,2,-56.0493,wait,2,2,-79.7559,False
2612,2,5,1,4,wait,2,2,-55.5392,wait,2,2,-78.8578,False
2613,2,5,1,5,wait,2,2,-56.2884,wait,2,2,-79.5626,False
2614,2,5,1,6,wait,2,2,-56.4622,wait,2,2,-80.4197,False
2615,2,5,1,7,wait,2,2,-55.9502,wait,2,2,-79.663,False
2616,2,5,1,8,wait,2,2,-55.9816,wait,2,2,-79.7371,False
2617,2,5,1,9,wait,2,2,-55.4688,wait,2,2,-79.8727,False
2618,2,5,1,10,wait,2,2,-55.8966,wait,2,2,-79.9056,False
2619,2,5,1,11,wait,2,2,-55.7456,wait,2,2,-79.561,False
2620,2,5,1,12,wait,2,2,-55.8354,wait,2,2,-80.8294,False
2621,2,5,1,13,wait,2,2,-56.8334,wait,2,2,-82.0351,False
2622,2,5,1,14,wait,2,2,-90.1453,wait,2,2,-89.9625,False
2623,2,5,1,15,wait,0,0,0.0,wait,0,0,0.0,False
2624,2,5,2,0,wait,2,2,-42.2872,wait,2,2,-68.331,False
2625,2,5,2,1,wait,2,2,-42.342,wait,2,2,-68.0844,False
2626,2,5,2,2,wait,2,2,-42.6556,wait,2,2,-69.4068,False
2627,2,5,2,3,wait,2,2,-42.5397,wait,2,2,-67.6726,False
2628,2,5,2,4,wait,2,2,-42.5997,wait,2,2,-68.5216,False
2629,2,5,2,5,wait,2,2,-43.0185,wait,2,2,-68.9876,False
2630,2,5,2,6,wait,2,2,-41.9635,wait,2,2,-67.5391,False
2631,2,5,2,7,wait,2,2,-42.5251,wait,2,2,-68.926,False
2632,2,5,2,8,wait,2,2,-42.9589,wait,2,2,-69.3843,False
2633,2,5,2,9,wait,2,2,-42.9144,wait,2,2,-68.5901,False
2634,2,5,2,10,wait,2,2,-42.5426,wait,2,2,-69.0648,False
2635,2,5,2,11,wait,2,2,-42.2783,wait,2,2,-68.4355,False
2636,2,5,2,12,wait,2,2,-43.1777,wait,2,2,-69.5749,False
2637,2,5,2,13,wait,2,2,-47.431,wait,2,2,-76.043,False
2638,2,5,2,14,wait,2,2,-87.2327,wait,2,2,-87.3167,False
2639,2,5,2,15,wait,0,0,0.0,wait,0,0,0.0,False
2640,2,5,3,0,wait,2,2,-33.9013,hunt,1,1,-54.4181,True
2641,2,5,3,1,wait,2,2,-33.6415,hunt,1,1,-53.9311,True
2642,2,5,3,2,wait,2,2,-33.6825,hunt,1,1,-53.818,True
2643,2,5,3,3,wait,2,2,-34.0064,hunt,1,1,-53.7582,True
2644,2,5,3,4,wait,2,2,-33.2083,hunt,1,1,-55.3772,True
2645,2,5,3,5,wait,2,2,-33.2488,hunt,1,1,-54.6125,True
2646,2,5,3,6,wait,2,2,-33.3618,hunt,1,1,-54.459,True
2647,2,5,3,7,wait,2,2,-33.3181,hunt,1,1,-54.8814,True
2648,2,5,3,8,wait,2,2,-33.6538,hunt,1,1,-54.3957,True
2649,2,5,3,9,wait,2,2,-33.4313,hunt,1,1,-55.7228,True
2650,2,5,3,10,wait,2,2,-33.3465,wait,2,2,-57.0562,False
2651,2,5,3,11,wait,2,2,-34.2949,wait,2,2,-58.1984,False
2652,2,5,3,12,wait,2,2,-37.6068,wait,2,2,-63.0053,False
2653,2,5,3,13,wait,2,2,-42.6002,wait,2,2,-72.8412,False
2654,2,5,3,14,wait,2,2,-86.3992,wait,2,2,-85.9366,False
2655,2,5,3,15,wait,0,0,0.0,wait,0,0,0.0,False
2656,2,5,4,0,hunt,1,1,-21.5334,hunt,1,1,-35.7283,False
2657,2,5,4,1,hunt,1,1,-21.3341,hunt,1,1,-36.416,False
2658,2,5,4,2,hunt,1,1,-21.6289,hunt,1,1,-37.1362,False
2659,2,5,4,3,hunt,1,1,-21.8667,hunt,1,1,-36.9457,False
2660,2,5,4,4,hunt,1,1,-22.2179,hunt,1,1,-36.9962,False
2661,2,5,4,5,hunt,1,1,-22.595,hunt,1,1,-37.9655,False
2662,2,5,4,6,hunt,1,1,-22.1915,hunt,1,1,-37.9653,False
2663,2,5,4,7,hunt,1,1,-22.6669,hunt,1,1,-39.1784,False
2664,2,5,4,8,hunt,1,1,-23.7581,hunt,1,1,-40.2897,False
2665,2,5,4,9,wait,2,2,-24.5525,hunt,1,1,-41.8105,True
2666,2,5,4,10,wait,2,2,-24.6159,wait,2,2,-45.2758,False
2667,2,5,4,11,wait,2,2,-27.4729,wait,2,2,-50.2459,False
2668,2,5,4,12,wait,2,2,-32.1432,wait,2,2,-58.7314,False
2669,2,5,4,13,wait,2,2,-38.9916,wait,2,2,-70.214,False
2670,2,5,4,14,wait,2,2,-85.0365,wait,2,2,-85.443,False
2671,2,5,4,15,wait,0,0,0.0,wait,0,0,0.0,False
2672,2,5,5,0,hunt,1,1,-8.0844,hunt,1,1,-15.9362,False
2673,2,5,5,1,hunt,1,1,-8.3549,hunt,1,1,-17.1971,False
2674,2,5,5,2,hunt,1,1,-8.276,hunt,1,1,-17.5138,False
2675,2,5,5,3,hunt,1,1,-8.977,hunt,1,1,-19.0757,False
2676,2,5,5,4,hunt,1,1,-9.5349,hunt,1,1,-19.0014,False
2677,2,5,5,5,hunt,1,1,-10.2154,hunt,1,1,-21.0542,False
2678,2,5,5,6,hunt,1,1,-11.2868,hunt,1,1,-22.7147,False
2679,2,5,5,7,hunt,1,2,-12.8108,hunt,1,1,-25.679,True
2680,2,5,5,8,hunt,1,1,-14.7512,hunt,1,1,-28.3501,False
2681,2,5,5,9,hunt,1,1,-16.8326,hunt,1,1,-31.0138,False
2682,2,5,5,10,hunt,1,2,-19.9753,hunt,1,2,-36.9457,False
2683,2,5,5,11,hunt,1,2,-25.1939,hunt,1,1,-46.2004,True
2684,2,5,5,12,hunt,1,1,-31.2696,hunt,1,1,-56.0278,False
2685,2,5,5,13,wait,1,2,-38.9628,wait,1,2,-69.4056,False
2686,2,5,5,14,wait,2,2,-85.583,wait,2,2,-85.6748,False
2687,2,5,5,15,wait,0,0,0.0,wait,0,0,0.0,False
2704,2,6,1,0,wait,2,2,-55.7092,wait,2,2,-80.0541,False
2705,2,6,1,1,wait,2,2,-56.2217,wait,2,2,-79.3418,False
2706,2,6,1,2,wait,2,2,-56.0259,wait,2,2,-80.3684,False
2707,2,6,1,3,wait,2,2,-55.5639,wait,2,2,-79.1178,False
2708,2,6,1,4,wait,2,2,-55.0558,wait,2,2,-80.001,False
2709,2,6,1,5,wait,2,2,-56.5641,wait,2,2,-80.993,False
2710,2,6,1,6,wait,2,2,-55.7368,wait,2,2,-79.5445,False
2711,2,6,1,7,wait,2,2,-55.9311,wait,2,2,-80.2244,False
2712,2,6,1,8,wait,2,2,-56.7333,wait,2,2,-80.8386,False
2713,2,6,1,9,wait,2,2,-56.1588,wait,2,2,-80.4248,False
2714,2,6,1,10,wait,2,2,-55.9443,wait,2,2,-80.1049,False
2715,2,6,1,11,wait,2,2,-55.9755,wait,2,2,-80.1034,False
2716,2,6,1,12,wait,2,2,-56.1948,wait,2,2,-79.8382,False
2717,2,6,1,13,wait,2,2,-56.9259,wait,2,2,-82.0951,False
2718,2,6,1,14,wait,2,2,-89.7666,wait,2,2,-89.9085,False
2719,2,6,1,15,wait,0,0,0.0,wait,0,0,0.0,False
2720,2,6,2,0,wait,2,2,-42.7209,wait,2,2,-68.8255,False
2721,2,6,2,1,wait,2,2,-42.8518,wait,2,2,-69.153,False
2722,2,6,2,2,wait,2,2,-42.1283,wait,2,2,-67.6737,False
2723,2,6,2,3,wait,2,2,-42.5232,wait,2,2,-68.5318,False
2724,2,6,2,4,wait,2,2,-43.0604,wait,2,2,-68.0521,False
2725,2,6,2,5,wait,2,2,-42.8107,wait,2,2,-67.7109,False
2726,2,6,2,6,wait,2,2,-42.6537,wait,2,2,-67.1643,False
2727,2,6,2,7,wait,2,2,-42.671,wait,2,2,-68.1747,False
2728,2,6,2,8,wait,2,2,-42.8557,wait,2,2,-69.236,False
2729,2,6,2,9,wait,2,2,-42.4206,wait,2,2,-66.7309,False
2730,2,6,2,10,wait,2,2,-43.0864,wait,2,2,-68.3885,False
2731,2,6,2,11,wait,2,2,-42.4185,wait,2,2,-68.3509,False
2732,2,6,2,12,wait,2,2,-43.5804,wait,2,2,-69.8406,False
2733,2,6,2,13,wait,2,2,-47.3361,wait,2,2,-76.3936,False
2734,2,6,2,14,wait,2,2,-87.2842,wait,2,2,-87.5496,False
2735,2,6,2,15,wait,0,0,0.0,wait,0,0,0.0,False
2736,2,6,3,0,hunt,1,2,-33.3288,hunt,1,2,-52.7652,False
2737,2,6,3,1,hunt,1,1,-33.7323,hunt,1,1,-52.734,False
2738,2,6,3,2,hunt,1,1,-33.9621,hunt,1,1,-52.5547,False
2739,2,6,3,3,wait,2,2,-33.5243,hunt,1,1,-53.478,True
2740,2,6,3,4,wait,2,2,-33.1685,hunt,1,1,-53.2926,True
2741,2,6,3,5,hunt,1,1,-33.5034,hunt,1,1,-52.4798,False
2742,2,6,3,6,wait,2,2,-33.4454,hunt,1,2,-53.1952,True
2743,2,6,3,7,wait,2,2,-33.4848,hunt,1,2,-54.2754,True
2744,2,6,3,8,wait,2,2,-33.5278,hunt,1,1,-53.7976,True
2745,2,6,3,9,wait,2,2,-33.4736,hunt,1,1,-54.2682,True
2746,2,6,3,10,wait,2,2,-32.8569,wait,2,2,-56.2418,False
2747,2,6,3,11,wait,2,2,-33.6503,wait,2,2,-57.8763,False
2748,2,6,3,12,wait,2,2,-37.7231,hunt,1,2,-64.5737,True
2749,2,6,3,13,wait,2,2,-42.9904,wait,2,2,-72.9287,False
2750,2,6,3,14,wait,2,2,-86.3745,wait,2,2,-86.3712,False
2751,2,6,3,15,wait,0,0,0.0,wait,0,0,0.0,False
2752,2,6,4,0,hunt,1,1,-19.4618,hunt,1,1,-32.4307,False
2753,2,6,4,1,hunt,1,1,-20.158,hunt,1,1,-33.899,False
2754,2,6,4,2,hunt,1,1,-20.4641,hunt,1,1,-34.1253,False
2755,2,6,4,3,hunt,1,1,-20.4316,hunt,1,1,-34.0685,False
2756,2,6,4,4,hunt,1,1,-20.7205,hunt,1,1,-34.902,False
2757,2,6,4,5,hunt,1,1,-20.7467,hunt,1,1,-35.2973,False
2758,2,6,4,6,hunt,1,1,-21.2694,hunt,1,1,-35.1998,False
2759,2,6,4,7,hunt,1,1,-21.8617,hunt,1,1,-36.6031,False
2760,2,6,4,8,hunt,1,2,-23.1224,hunt,1,2,-39.1556,False
2761,2,6,4,9,wait,2,2,-24.3908,hunt,1,2,-41.7743,True
2762,2,6,4,10,wait,2,2,-24.451,hunt,1,2,-45.0313,True
2763,2,6,4,11,wait,2,2,-27.4755,wait,2,2,-50.3078,False
2764,2,6,4,12,wait,2,2,-31.8782,wait,2,2,-58.1004,False
2765,2,6,4,13,wait,2,2,-39.402,wait,2,2,-70.339,False
2766,2,6,4,14,wait,2,2,-85.3866,wait,2,2,-85.6561,False
2767,2,6,4,15,wait,0,0,0.0,wait,0,0,0.0,False
2768,2,6,5,0,hunt,1,1,-6.672,hunt,1,1,-14.9061,False
2769,2,6,5,1,hunt,1,1,-6.6438,hunt,1,1,-14.9651,False
2770,2,6,5,2,hunt,1,1,-7.094,hunt,1,1,-15.1987,False
2771,2,6,5,3,hunt,1,1,-7.6996,hunt,1,1,-16.6297,False
2772,2,6,5,4,hunt,1,1,-8.5169,hunt,1,1,-17.6274,False
2773,2,6,5,5,hunt,1,1,-9.112,hunt,1,1,-18.2923,False
2774,2,6,5,6,hunt,1,1,-9.9244,hunt,1,1,-21.1224,False
2775,2,6,5,7,hunt,1,2,-11.8597,hunt,1,2,-23.8731,False
2776,2,6,5,8,hunt,1,2,-13.429,hunt,1,2,-26.8076,False
2777,2,6,5,9,hunt,1,2,-15.9978,hunt,1,1,-30.6469,True
2778,2,6,5,10,hunt,1,2,-19.3652,hunt,1,2,-36.2723,False
2779,2,6,5,11,wait,1,2,-24.959,hunt,1,1,-45.8135,True
2780,2,6,5,12,hunt,1,2,-30.9629,hunt,1,2,-55.2163,False
2781,2,6,5,13,hunt,1,2,-39.3189,hunt,1,2,-69.6689,False
2782,2,6,5,14,wait,2,2,-84.8627,wait,2,2,-85.3585,False
2783,2,6,5,15,wait,0,0,0.0,wait,0,0,0.0,False
2800,2,7,1,0,wait,2,2,-56.1,wait,2,2,-80.6774,False
2801,2,7,1,1,wait,2,2,-55.8647,wait,2,2,-80.0174,False
2802,2,7,1,2,wait,2,2,-55.2574,wait,2,2,-79.3051,False
2803,2,7,1,3,wait,2,2,-56.8872,wait,2,2,-80.7939,False
2804,2,7,1,4,wait,2,2,-55.8289,wait,2,2,-79.9585,False
2805,2,7,1,5,wait,2,2,-55.7848,wait,2,2,-80.468,False
2806,2,7,1,6,wait,2,2,-55.3291,wait,2,2,-79.2878,False
2807,2,7,1,7,wait,2,2,-55.823,wait,2,2,-79.6487,False
2808,2,7,1,8,wait,2,2,-56.0001,wait,2,2,-79.7596,False
2809,2,7,1,9,wait,2,2,-56.2177,wait,2,2,-80.0754,False
2810,2,7,1,10,wait,2,2,-55.6873,wait,2,2,-79.7319,False
2811,2,7,1,11,wait,2,2,-55.7537,wait,2,2,-79.4604,False
2812,2,7,1,12,wait,2,2,-55.9405,wait,2,2,-80.5257,False
2813,2,7,1,13,wait,2,2,-56.3365,wait,2,2,-81.1023,False
2814,2,7,1,14,wait,2,2,-89.2234,wait,2,2,-88.137,False
2815,2,7,1,15,wait,0,0,0.0,wait,0,0,0.0,False
2816,2,7,2,0,wait,2,2,-42.2455,wait,2,2,-68.7827,False
2817,2,7,2,1,wait,2,2,-42.3792,wait,2,2,-68.6232,False
2818,2,7,2,2,wait,2,2,-42.6583,wait,2,2,-68.4021,False
2819,2,7,2,3,wait,2,2,-42.2915,hunt,1,1,-68.4815,True
2820,2,7,2,4,wait,2,2,-42.8283,hunt,1,1,-69.0807,True
2821,2,7,2,5,wait,2,2,-42.6064,wait,2,2,-69.001,False
2822,2,7,2,6,wait,2,2,-42.4356,wait,2,2,-67.9218,False
2823,2,7,2,7,wait,2,2,-42.8129,hunt,1,2,-68.8354,True
2824,2,7,2,8,wait,2,2,-43.2459,wait,2,2,-69.05,False
2825,2,7,2,9,wait,2,2,-42.6001,wait,2,2,-68.5379,False
2826,2,7,2,10,wait,2,2,-42.4727,wait,2,2,-68.4761,False
2827,2,7,2,11,wait,2,2,-43.2755,wait,2,2,-69.2038,False
2828,2,7,2,12,wait,2,2,-43.832,wait,2,2,-70.2192,False
2829,2,7,2,13,wait,2,2,-47.9198,wait,2,2,-77.727,False
2830,2,7,2,14,wait,2,2,-87.9858,wait,2,2,-88.4336,False
2831,2,7,2,15,wait,0,0,0.0,wait,0,0,0.0,False
2832,2,7,3,0,hunt,1,1,-32.255,hunt,1,1,-50.526,False
2833,2,7,3,1,hunt,1,1,-32.5631,hunt,1,1,-51.0991,False
2834,2,7,3,2,hunt,1,1,-32.8851,hunt,1,1,-50.8823,False
2835,2,7,3,3,hunt,1,1,-33.1649,hunt,1,1,-51.9429,False
2836,2,7,3,4,hunt,1,1,-32.7198,hunt,1,1,-50.4756,False
2837,2,7,3,5,hunt,1,2,-32.4167,hunt,1,2,-51.6219,False
2838,2,7,3,6,wait,2,2,-33.1451,hunt,1,1,-53.3964,True
2839,2,7,3,7,hunt,1,1,-33.9524,hunt,1,2,-53.1489,True
2840,2,7,3,8,wait,2,2,-33.3784,hunt,1,2,-53.898,True
2841,2,7,3,9,wait,2,2,-33.1482,hunt,1,1,-54.04,True
2842,2,7,3,10,wait,2,2,-33.528,hunt,1,1,-56.1157,True
2843,2,7,3,11,wait,2,2,-34.3044,wait,2,2,-58.4967,False
2844,2,7,3,12,wait,2,2,-37.0351,wait,2,2,-63.4463,False
2845,2,7,3,13,wait,2,2,-42.7484,wait,2,2,-72.9335,False
2846,2,7,3,14,wait,2,2,-86.4155,wait,2,2,-86.0456,False
2847,2,7,3,15,wait,0,0,0.0,wait,0,0,0.0,False
2848,2,7,4,0,hunt,1,1,-18.7573,hunt,1,1,-32.7519,False
2849,2,7,4,1,hunt,1,1,-19.1704,hunt,1,1,-31.9357,False
2850,2,7,4,2,hunt,1,1,-19.1769,hunt,1,1,-31.7729,False
2851,2,7,4,3,hunt,1,2,-19.4097,hunt,1,2,-33.0674,False
2852,2,7,4,4,hunt,1,1,-20.0536,hunt,1,1,-34.3101,False
2853,2,7,4,5,hunt,1,1,-20.3726,hunt,1,1,-34.6565,False
2854,2,7,4,6,hunt,1,2,-20.8881,hunt,1,2,-35.9702,False
2855,2,7,4,7,hunt,1,2,-21.7517,hunt,1,1,-37.0151,True
2856,2,7,4,8,hunt,1,2,-23.1415,hunt,1,1,-39.0839,True
2857,2,7,4,9,hunt,1,2,-24.1022,hunt,1,2,-40.7683,False
2858,2,7,4,10,wait,2,2,-24.502,hunt,1,1,-44.9308,True
2859,2,7,4,11,wait,2,2,-27.3126,hunt,1,1,-50.0693,True
2860,2,7,4,12,wait,2,2,-31.7754,wait,2,2,-57.5189,False
2861,2,7,4,13,wait,2,2,-39.4145,wait,2,2,-70.3819,False
2862,2,7,4,14,wait,2,2,-86.1929,wait,2,2,-85.3597,False
2863,2,7,4,15,wait,0,0,0.0,wait,0,0,0.0,False
2864,2,7,5,0,hunt,1,1,-5.5001,hunt,1,1,-13.0118,False
2865,2,7,5,1,hunt,1,1,-5.8247,hunt,1,1,-13.2163,False
2866,2,7,5,2,hunt,1,1,-5.87,hunt,1,1,-13.941,False
2867,2,7,5,3,hunt,1,2,-6.9282,hunt,1,2,-15.515,False
2868,2,7,5,4,hunt,1,1,-7.5845,hunt,1,1,-15.7822,False
2869,2,7,5,5,hunt,1,2,-8.5272,hunt,1,2,-17.8189,False
2870,2,7,5,6,hunt,1,1,-9.0413,hunt,1,1,-18.6693,False
2871,2,7,5,7,hunt,1,2,-11.1967,hunt,1,2,-22.6436,False
2872,2,7,5,8,hunt,1,1,-13.33,hunt,1,1,-25.5186,False
2873,2,7,5,9,hunt,1,2,-15.688,hunt,1,2,-30.2624,False
2874,2,7,5,10,hunt,1,2,-18.8981,hunt,1,2,-35.4393,False
2875,2,7,5,11,hunt,1,2,-24.3521,hunt,1,1,-45.2131,True
2876,2,7,5,12,hunt,1,2,-30.7784,hunt,1,2,-55.1652,False
2877,2,7,5,13,hunt,1,2,-39.5373,wait,1,2,-70.4488,True
2878,2,7,5,14,wait,2,2,-84.4416,wait,2,2,-84.1707,False
2879,2,7,5,15,wait,0,0,0.0,wait,0,0,0.0,False
2896,2,8,1,0,wait,2,2,-56.0908,wait,2,2,-80.7946,False
2897,2,8,1,1,wait,2,2,-55.9219,wait,2,2,-79.9673,False
2898,2,8,1,2,wait,2,2,-56.1667,wait,2,2,-80.5822,False
2899,2,8,1,3,wait,2,2,-55.9696,wait,2,2,-80.0361,False
2900,2,8,1,4,wait,2,2,-56.1572,wait,2,2,-81.066,False
2901,2,8,1,5,wait,2,2,-55.9208,wait,2,2,-79.438,False
2902,2,8,1,6,wait,2,2,-55.748,wait,2,2,-79.8423,False
2903,2,8,1,7,wait,2,2,-55.5744,wait,2,2,-80.0576,False
2904,2,8,1,8,wait,2,2,-55.724,wait,2,2,-80.0158,False
2905,2,8,1,9,wait,2,2,-56.3061,wait,2,2,-80.1157,False
2906,2,8,1,10,wait,2,2,-56.2447,wait,2,2,-81.3353,False
2907,2,8,1,11,wait,2,2,-56.0399,wait,2,2,-79.7791,False
2908,2,8,1,12,wait,2,2,-55.7607,wait,2,2,-79.9686,False
2909,2,8,1,13,wait,2,2,-57.4055,wait,2,2,-81.796,False
2910,2,8,1,14,wait,2,2,-89.6119,wait,2,2,-89.2306,False
2911,2,8,1,15,wait,0,0,0.0,wait,0,0,0.0,False
2912,2,8,2,0,wait,2,2,-42.9686,hunt,1,1,-68.8619,True
2913,2,8,2,1,wait,2,2,-42.4518,wait,2,2,-68.0479,False
2914,2,8,2,2,wait,2,2,-43.2282,hunt,1,1,-68.4671,True
2915,2,8,2,3,wait,2,2,-42.435,hunt,1,2,-69.1225,True
2916,2,8,2,4,wait,2,2,-43.0744,hunt,1,2,-68.8205,True
2917,2,8,2,5,wait,2,2,-42.1167,wait,2,2,-68.5779,False
2918,2,8,2,6,wait,2,2,-42.6612,wait,2,2,-68.5935,False
2919,2,8,2,7,wait,2,2,-42.2467,wait,2,2,-67.9994,False
2920,2,8,2,8,wait,2,2,-43.1472,wait,2,2,-68.4959,False
2921,2,8,2,9,wait,2,2,-41.9238,wait,2,2,-68.1095,False
2922,2,8,2,10,wait,2,2,-42.334,wait,2,2,-68.2451,False
2923,2,8,2,11,wait,2,2,-42.2599,wait,2,2,-67.9399,False
2924,2,8,2,12,wait,2,2,-43.8799,wait,2,2,-71.4099,False
2925,2,8,2,13,wait,2,2,-47.3894,wait,2,2,-76.3495,False
2926,2,8,2,14,wait,2,2,-87.8886,wait,2,2,-88.0221,False
2927,2,8,2,15,wait,0,0,0.0,wait,0,0,0.0,False
2928,2,8,3,0,hunt,1,2,-31.9258,hunt,1,1,-50.1716,True
2929,2,8,3,1,hunt,1,1,-32.3664,hunt,1,1,-49.7973,False
2930,2,8,3,2,hunt,1,2,-32.441,hunt,1,2,-51.2715,False
2931,2,8,3,3,hunt,1,2,-32.7331,hunt,1,2,-51.8082,False
2932,2,8,3,4,hunt,1,1,-32.1489,hunt,1,1,-50.0783,False
2933,2,8,3,5,hunt,1,1,-32.6126,hunt,1,1,-51.4519,False
2934,2,8,3,6,hunt,1,2,-32.7857,hunt,1,2,-51.2416,False
2935,2,8,3,7,hunt,1,1,-33.0337,hunt,1,1,-51.8977,False
2936,2,8,3,8,wait,2,2,-33.4177,hunt,1,1,-54.0264,True
2937,2,8,3,9,wait,2,2,-33.419,hunt,1,2,-54.3413,True
2938,2,8,3,10,wait,2,2,-33.5181,hunt,1,2,-56.8801,True
2939,2,8,3,11,wait,2,2,-33.7491,wait,2,2,-56.5889,False
2940,2,8,3,12,wait,2,2,-36.8477,wait,2,2,-62.4497,False
2941,2,8,3,13,wait,2,2,-42.8596,wait,2,2,-72.2503,False
2942,2,8,3,14,wait,2,2,-85.8337,wait,2,2,-85.2408,False
2943,2,8,3,15,wait,0,0,0.0,wait,0,0,0.0,False
2944,2,8,4,0,hunt,1,2,-18.5865,hunt,1,2,-32.136,False
2945,2,8,4,1,hunt,1,1,-17.7591,hunt,1,1,-29.5589,False
2946,2,8,4,2,hunt,1,2,-18.6581,hunt,1,2,-31.4086,False
2947,2,8,4,3,hunt,1,2,-19.1101,hunt,1,2,-31.9483,False
2948,2,8,4,4,hunt,1,2,-18.9809,hunt,1,2,-32.4151,False
2949,2,8,4,5,hunt,1,2,-19.5566,hunt,1,2,-32.9452,False
2950,2,8,4,6,hunt,1,1,-20.241,hunt,1,1,-33.6263,False
2951,2,8,4,7,hunt,1,2,-20.8986,hunt,1,2,-35.8492,False
2952,2,8,4,8,hunt,1,2,-22.6295,hunt,1,1,-38.4627,True
2953,2,8,4,9,wait,2,2,-23.8337,hunt,1,1,-40.5803,True
2954,2,8,4,10,wait,2,2,-24.5687,hunt,1,1,-44.6399,True
2955,2,8,4,11,wait,2,2,-27.6,wait,2,2,-50.3164,False
2956,2,8,4,12,wait,2,2,-32.2138,wait,2,2,-57.4021,False
2957,2,8,4,13,wait,2,2,-39.4574,wait,2,2,-70.3076,False
2958,2,8,4,14,wait,2,2,-85.2173,wait,2,2,-84.7879,False
2959,2,8,4,15,wait,0,0,0.0,wait,0,0,0.0,False
2960,2,8,5,0,hunt,1,2,-4.8081,hunt,1,2,-11.9852,False
2961,2,8,5,1,hunt,1,1,-4.6124,hunt,1,1,-11.6194,False
2962,2,8,5,2,hunt,1,1,-5.066,hunt,1,1,-11.635,False
2963,2,8,5,3,hunt,1,2,-5.9127,hunt,1,1,-14.268,True
2964,2,8,5,4,hunt,1,2,-6.796,hunt,1,2,-15.2375,False
2965,2,8,5,5,hunt,1,2,-7.827,hunt,1,2,-15.9185,False
2966,2,8,5,6,hunt,1,2,-8.4974,hunt,1,2,-18.595,False
2967,2,8,5,7,hunt,1,2,-10.7481,hunt,1,2,-21.7983,False
2968,2,8,5,8,hunt,1,2,-12.8113,hunt,1,2,-25.0049,False
2969,2,8,5,9,hunt,1,1,-15.4168,hunt,1,2,-29.6452,True
2970,2,8,5,10,hunt,1,2,-18.3883,hunt,1,2,-34.6484,False
2971,2,8,5,11,hunt,1,2,-24.4449,hunt,1,2,-45.0601,False
2972,2,8,5,12,hunt,1,2,-31.0467,hunt,1,2,-55.9862,False
2973,2,8,5,13,hunt,1,1,-39.101,hunt,1,1,-69.4341,False
2974,2,8,5,14,wait,2,2,-85.4462,wait,2,2,-85.8459,False
2975,2,8,5,15,wait,0,0,0.0,wait,0,0,0.0,False
2992,2,9,1,0,wait,2,2,-55.7328,wait,2,2,-79.692,False
2993,2,9,1,1,wait,2,2,-55.8883,wait,2,2,-80.1281,False
2994,2,9,1,2,wait,2,2,-56.2081,wait,2,2,-79.1456,False
2995,2,9,1,3,wait,2,2,-55.7703,wait,2,2,-79.6613,False
2996,2,9,1,4,wait,2,2,-55.6215,wait,2,2,-80.1245,False
2997,2,9,1,5,wait,2,2,-56.1786,wait,2,2,-80.0231,False
2998,2,9,1,6,wait,2,2,-56.3492,wait,2,2,-80.3205,False
2999,2,9,1,7,wait,2,2,-55.9243,wait,2,2,-80.7987,False
3000,2,9,1,8,wait,2,2,-55.6861,wait,2,2,-79.13,False
3001,2,9,1,9,wait,2,2,-55.8649,wait,2,2,-79.2742,False
3002,2,9,1,10,wait,2,2,-56.1917,wait,2,2,-80.167,False
3003,2,9,1,11,wait,2,2,-56.1978,wait,2,2,-80.3899,False
3004,2,9,1,12,wait,2,2,-55.3216,wait,2,2,-79.5492,False
3005,2,9,1,13,wait,2,2,-57.3446,wait,2,2,-82.0783,False
3006,2,9,1,14,wait,2,2,-88.6911,wait,2,2,-88.459,False
3007,2,9,1,15,wait,0,0,0.0,wait,0,0,0.0,False
3008,2,9,2,0,wait,2,2,-42.5413,hunt,1,2,-68.3838,True
3009,2,9,2,1,wait,2,2,-42.2516,wait,2,2,-68.0054,False
3010,2,9,2,2,wait,2,2,-42.1788,wait,2,2,-67.5654,False
3011,2,9,2,3,wait,2,2,-42.6091,hunt,1,1,-68.7556,True
3012,2,9,2,4,wait,2,2,-42.6492,hunt,1,2,-68.592,True
3013,2,9,2,5,wait,2,2,-43.0411,hunt,1,1,-69.2188,True
3014,2,9,2,6,wait,2,2,-42.5745,wait,2,2,-68.7069,False
3015,2,9,2,7,wait,2,2,-42.3711,hunt,1,1,-68.5293,True
3016,2,9,2,8,wait,2,2,-42.8078,wait,2,2,-68.0733,False
3017,2,9,2,9,wait,2,2,-42.3551,wait,2,2,-67.9646,False
3018,2,9,2,10,wait,2,2,-42.3147,wait,2,2,-68.4519,False
3019,2,9,2,11,wait,2,2,-41.8227,wait,2,2,-67.937,False
3020,2,9,2,12,wait,2,2,-43.4465,wait,2,2,-70.1749,False
3021,2,9,2,13,wait,2,2,-47.4331,wait,2,2,-76.3529,False
3022,2,9,2,14,wait,2,2,-87.2717,wait,2,2,-86.8559,False
3023,2,9,2,15,wait,0,0,0.0,wait,0,0,0.0,False
3024,2,9,3,0,hunt,1,1,-31.7349,hunt,1,1,-49.4361,False
3025,2,9,3,1,hunt,1,2,-32.2888,hunt,1,2,-49.9891,False
3026,2,9,3,2,hunt,1,2,-31.9769,hunt,1,2,-49.9467,False
3027,2,9,3,3,hunt,1,2,-31.5838,hunt,1,2,-49.8241,False
3028,2,9,3,4,hunt,1,2,-31.6647,hunt,1,2,-49.9668,False
3029,2,9,3,5,hunt,1,2,-32.2764,hunt,1,2,-51.2004,False
3030,2,9,3,6,hunt,1,2,-32.2409,hunt,1,2,-51.0477,False
3031,2,9,3,7,hunt,1,2,-32.1007,hunt,1,2,-50.5728,False
3032,2,9,3,8,hunt,1,2,-33.3029,hunt,1,2,-53.2222,False
3033,2,9,3,9,wait,2,2,-33.2142,hunt,1,2,-53.7884,True
3034,2,9,3,10,wait,2,2,-33.2649,hunt,1,2,-55.828,True
3035,2,9,3,11,wait,2,2,-33.7346,wait,2,2,-57.5375,False
3036,2,9,3,12,wait,2,2,-36.8837,wait,2,2,-63.7456,False
3037,2,9,3,13,wait,2,2,-43.4148,wait,1,2,-73.7196,True
3038,2,9,3,14,wait,2,2,-86.6726,wait,2,2,-87.9719,False
3039,2,9,3,15,wait,0,0,0.0,wait,0,0,0.0,False
3040,2,9,4,0,hunt,1,1,-18.1544,hunt,1,1,-30.8157,False
3041,2,9,4,1,hunt,1,2,-18.1813,hunt,1,2,-31.1887,False
3042,2,9,4,2,hunt,1,2,-17.757,hunt,1,2,-30.0661,False
3043,2,9,4,3,hunt,1,2,-18.0088,hunt,1,2,-30.7858,False
3044,2,9,4,4,hunt,1,2,-19.0728,hunt,1,2,-31.7958,False
3045,2,9,4,5,hunt,1,2,-19.3319,hunt,1,1,-33.5814,True
3046,2,9,4,6,hunt,1,2,-19.7523,hunt,1,2,-34.3579,False
3047,2,9,4,7,hunt,1,2,-20.7772,hunt,1,2,-35.5298,False
3048,2,9,4,8,hunt,1,1,-22.6416,hunt,1,1,-37.5729,False
3049,2,9,4,9,hunt,1,2,-23.3557,hunt,1,2,-39.5078,False
3050,2,9,4,10,wait,2,2,-23.8755,wait,2,2,-43.5866,False
3051,2,9,4,11,wait,2,2,-27.272,hunt,1,2,-49.6477,True
3052,2,9,4,12,wait,2,2,-32.0377,wait,2,2,-58.1168,False
3053,2,9,4,13,wait,2,2,-39.5895,wait,1,2,-70.5411,True
3054,2,9,4,14,wait,2,2,-85.0335,wait,2,2,-84.791,False
3055,2,9,4,15,wait,0,0,0.0,wait,0,0,0.0,False
3056,2,9,5,0,hunt,1,2,-3.9336,hunt,1,2,-10.1702,False
3057,2,9,5,1,hunt,1,1,-4.4243,hunt,1,1,-11.0171,False
3058,2,9,5,2,hunt,1,2,-4.5662,hunt,1,2,-10.9046,False
3059,2,9,5,3,hunt,1,2,-5.293,hunt,1,2,-13.0526,False
3060,2,9,5,4,hunt,1,1,-6.6588,hunt,1,1,-14.191,False
3061,2,9,5,5,hunt,1,2,-7.3955,hunt,1,2,-16.2791,False
3062,2,9,5,6,hunt,1,1,-8.8321,hunt,1,1,-18.3936,False
3063,2,9,5,7,hunt,1,2,-9.8041,hunt,1,2,-20.848,False
3064,2,9,5,8,hunt,1,2,-12.4545,hunt,1,2,-24.9336,False
3065,2,9,5,9,hunt,1,2,-14.7384,hunt,1,2,-28.8342,False
3066,2,9,5,10,hunt,1,2,-18.4733,hunt,1,2,-34.8521,False
3067,2,9,5,11,hunt,1,2,-24.6785,hunt,1,2,-45.2473,False
3068,2,9,5,12,hunt,1,2,-30.7939,hunt,1,2,-55.7177,False
3069,2,9,5,13,wait,1,2,-39.2114,wait,1,2,-68.9083,False
3070,2,9,5,14,wait,2,2,-85.1011,wait,2,2,-84.8206,False
3071,2,9,5,15,wait,0,0,0.0,wait,0,0,0.0,False
3088,2,10,1,0,wait,2,2,-55.8208,wait,2,2,-80.0481,False
3089,2,10,1,1,wait,2,2,-55.7485,wait,2,2,-79.486,False
3090,2,10,1,2,wait,2,2,-55.2989,wait,2,2,-78.2421,False
3091,2,10,1,3,wait,2,2,-55.9485,wait,2,2,-79.6518,False
3092,2,10,1,4,wait,2,2,-56.356,wait,2,2,-80.1788,False
3093,2,10,1,5,wait,2,2,-55.423,wait,2,2,-79.149,False
3094,2,10,1,6,wait,2,2,-56.1492,wait,2,2,-80.3747,False
3095,2,10,1,7,wait,2,2,-56.3188,wait,2,2,-80.7665,False
3096,2,10,1,8,wait,2,2,-55.7331,wait,2,2,-79.754,False
3097,2,10,1,9,wait,2,2,-55.7269,wait,2,2,-79.2117,False
3098,2,10,1,10,wait,2,2,-55.5114,wait,2,2,-79.4248,False
3099,2,10,1,11,wait,2,2,-55.7865,wait,2,2,-80.4207,False
3100,2,10,1,12,wait,2,2,-56.4303,wait,2,2,-80.1338,False
3101,2,10,1,13,wait,2,2,-56.7604,wait,2,2,-82.0777,False
3102,2,10,1,14,wait,2,2,-90.0795,wait,2,2,-90.4525,False
3103,2,10,1,15,wait,0,0,0.0,wait,0,0,0.0,False
3104,2,10,2,0,wait,2,2,-42.7855,hunt,1,1,-67.453,True
3105,2,10,2,1,wait,2,2,-42.5106,wait,2,2,-68.074,False
3106,2,10,2,2,wait,2,2,-42.8092,wait,2,2,-68.5726,False
3107,2,10,2,3,wait,2,2,-42.9723,hunt,1,1,-68.3395,True
3108,2,10,2,4,wait,2,2,-42.6236,hunt,1,1,-67.7147,True
3109,2,10,2,5,wait,2,2,-42.3378,wait,2,2,-67.1516,False
3110,2,10,2,6,wait,2,2,-42.0602,wait,2,2,-68.3561,False
3111,2,10,2,7,wait,2,2,-42.5693,hunt,1,2,-68.9571,True
3112,2,10,2,8,wait,2,2,-42.7218,wait,2,2,-67.9028,False
3113,2,10,2,9,wait,2,2,-43.1409,hunt,1,2,-68.8144,True
3114,2,10,2,10,wait,2,2,-42.2788,wait,2,2,-68.0529,False
3115,2,10,2,11,wait,2,2,-43.1079,wait,2,2,-69.7316,False
3116,2,10,2,12,wait,2,2,-43.4902,wait,2,2,-69.3228,False
3117,2,10,2,13,wait,2,2,-47.9429,wait,2,2,-77.231,False
3118,2,10,2,14,wait,2,2,-87.8851,wait,2,2,-87.8354,False
3119,2,10,2,15,wait,0,0,0.0,wait,0,0,0.0,False
3120,2,10,3,0,hunt,1,2,-31.2211,hunt,1,2,-48.9674,False
3121,2,10,3,1,hunt,1,2,-31.485,hunt,1,1,-50.0483,True
3122,2,10,3,2,hunt,1,2,-31.5272,hunt,1,2,-49.408,False
3123,2,10,3,3,hunt,1,2,-31.3868,hunt,1,2,-48.2998,False
3124,2,10,3,4,hunt,1,1,-32.1001,hunt,1,1,-50.4362,False
3125,2,10,3,5,hunt,1,2,-32.2256,hunt,1,2,-50.3863,False
3126,2,10,3,6,hunt,1,1,-32.4373,hunt,1,1,-50.4664,False
3127,2,10,3,7,hunt,1,2,-32.5049,hunt,1,2,-50.6532,False
3128,2,10,3,8,hunt,1,2,-32.9694,hunt,1,2,-52.7112,False
3129,2,10,3,9,wait,2,2,-33.2242,hunt,1,2,-54.0552,True
3130,2,10,3,10,wait,2,2,-33.4492,hunt,1,2,-54.0531,True
3131,2,10,3,11,wait,2,2,-33.7921,wait,2,2,-57.4916,False
3132,2,10,3,12,wait,2,2,-36.9749,wait,2,2,-62.6234,False
3133,2,10,3,13,wait,2,2,-42.8946,wait,2,2,-73.5586,False
3134,2,10,3,14,wait,2,2,-87.1278,wait,2,2,-87.6132,False
3135,2,10,3,15,wait,0,0,0.0,wait,0,0,0.0,False
3136,2,10,4,0,hunt,1,2,-17.8269,hunt,1,1,-30.4964,True
3137,2,10,4,1,hunt,1,2,-17.4743,hunt,1,2,-30.365,False
3138,2,10,4,2,hunt,1,2,-18.1416,hunt,1,2,-30.6661,False
3139,2,10,4,3,hunt,1,2,-18.6294,hunt,1,1,-32.08,True
3140,2,10,4,4,hunt,1,2,-18.5702,hunt,1,2,-32.1631,False
3141,2,10,4,5,hunt,1,2,-18.9233,hunt,1,2,-32.1758,False
3142,2,10,4,6,hunt,1,2,-19.4552,hunt,1,2,-34.0246,False
3143,2,10,4,7,hunt,1,2,-20.5838,hunt,1,2,-34.8371,False
3144,2,10,4,8,hunt,1,2,-21.7824,hunt,1,2,-37.3492,False
3145,2,10,4,9,wait,2,2,-23.7318,hunt,1,2,-41.1767,True
3146,2,10,4,10,wait,2,2,-24.2203,hunt,1,2,-44.1813,True
3147,2,10,4,11,wait,2,2,-27.1462,hunt,1,2,-50.0347,True
3148,2,10,4,12,wait,2,2,-31.7293,wait,2,2,-57.602,False
3149,2,10,4,13,wait,2,2,-39.2737,wait,2,2,-69.9604,False
3150,2,10,4,14,wait,2,2,-84.9897,wait,2,2,-85.5122,False
3151,2,10,4,15,wait,0,0,0.0,wait,0,0,0.0,False
3152,2,10,5,0,hunt,1,2,-3.6666,hunt,1,2,-10.4012,False
3153,2,10,5,1,hunt,1,1,-3.591,hunt,1,1,-9.859,False
3154,2,10,5,2,hunt,1,2,-4.5802,hunt,1,2,-11.799,False
3155,2,10,5,3,hunt,1,2,-4.9157,hunt,1,1,-12.2306,True
3156,2,10,5,4,hunt,1,2,-6.17,hunt,1,2,-13.6201,False
3157,2,10,5,5,hunt,1,2,-6.3971,hunt,1,2,-15.4688,False
3158,2,10,5,6,hunt,1,2,-7.9828,hunt,1,2,-16.9439,False
3159,2,10,5,7,hunt,1,2,-9.9201,hunt,1,2,-20.6432,False
3160,2,10,5,8,hunt,1,1,-12.7673,hunt,1,1,-24.8117,False
3161,2,10,5,9,hunt,1,2,-14.5248,hunt,1,2,-28.052,False
3162,2,10,5,10,hunt,1,2,-18.1804,hunt,1,2,-33.7659,False
3163,2,10,5,11,hunt,1,2,-24.1194,hunt,1,2,-44.5143,False
3164,2,10,5,12,hunt,1,2,-31.3719,hunt,1,2,-56.0429,False
3165,2,10,5,13,wait,1,2,-39.6591,wait,1,2,-69.3519,False
3166,2,10,5,14,wait,2,1,-85.3523,wait,2,1,-85.7538,False
3167,2,10,5,15,wait,0,0,0.0,wait,0,0,0.0,False
3184,3,0,1,0,wait,2,0,-98.8924,wait,2,0,-98.8985,False
3185,3,0,1,1,wait,2,0,-98.8924,wait,2,0,-98.8985,False
3186,3,0,1,2,wait,2,0,-98.8924,wait,2,0,-98.8985,False
3187,3,0,1,3,wait,2,0,-98.8924,wait,2,0,-98.8985,False
3188,3,0,1,4,wait,2,0,-98.8924,wait,2,0,-98.8985,False
3189,3,0,1,5,wait,2,0,-98.8924,wait,2,0,-98.8985,False
3190,3,0,1,6,wait,2,0,-98.8924,wait,2,0,-98.8985,False
3191,3,0,1,7,wait,2,0,-98.8924,wait,2,0,-98.8985,False
3192,3,0,1,8,wait,2,0,-98.8924,wait,2,0,-98.8985,False
3193,3,0,1,9,wait,2,0,-98.8924,wait,2,0,-98.8985,False
3194,3,0,1,10,wait,2,0,-98.8924,wait,2,0,-98.8985,False
3195,3,0,1,11,wait,2,0,-98.8924,wait,2,0,-98.8985,False
3196,3,0,1,12,wait,2,0,-98.8924,wait,2,0,-98.8985,False
3197,3,0,1,13,wait,2,0,-98.8924,wait,2,0,-98.8985,False
3198,3,0,1,14,wait,2,0,-98.8924,wait,2,0,-98.8985,False
3199,3,0,1,15,wait,0,0,0.0,wait,0,0,0.0,False
3200,3,0,2,0,wait,1,0,-72.092,wait,1,0,-88.5072,False
3201,3,0,2,1,wait,1,0,-71.3059,wait,1,0,-87.5109,False
3202,3,0,2,2,wait,1,0,-71.628,wait,1,0,-88.1958,False
3203,3,0,2,3,wait,1,0,-71.4201,wait,1,0,-87.1416,False
3204,3,0,2,4,wait,1,0,-71.6753,wait,1,0,-87.2206,False
3205,3,0,2,5,wait,1,0,-70.9506,wait,1,0,-86.5661,False
3206,3,0,2,6,wait,1,0,-71.3515,wait,1,0,-86.9518,False
3207,3,0,2,7,wait,1,0,-71.4857,wait,1,0,-88.0189,False
3208,3,0,2,8,wait,1,0,-70.7226,wait,1,0,-86.9599,False
3209,3,0,2,9,wait,1,0,-71.6303,wait,1,0,-87.6538,False
3210,3,0,2,10,wait,1,0,-71.7853,wait,1,0,-87.4081,False
3211,3,0,2,11,wait,1,0,-71.4886,wait,1,0,-87.9938,False
3212,3,0,2,12,wait,1,0,-71.5694,wait,1,0,-87.7196,False
3213,3,0,2,13,wait,1,0,-72.3884,wait,1,0,-88.9544,False
3214,3,0,2,14,wait,1,0,-94.1995,wait,1,0,-94.3749,False
3215,3,0,2,15,wait,0,0,0.0,wait,0,0,0.0,False
3216,3,0,3,0,wait,1,0,-53.6931,wait,1,0,-75.2129,False
3217,3,0,3,1,wait,1,0,-53.8976,wait,1,0,-74.9805,False
3218,3,0,3,2,wait,1,0,-53.3782,wait,1,0,-74.6403,False
3219,3,0,3,3,wait,1,0,-53.4328,wait,1,0,-74.3089,False
3220,3,0,3,4,wait,1,0,-53.2357,wait,1,0,-74.4263,False
3221,3,0,3,5,wait,1,0,-54.0282,wait,1,0,-75.0312,False
3222,3,0,3,6,wait,1,0,-54.1081,wait,1,0,-75.7618,False
3223,3,0,3,7,wait,1,0,-53.7933,wait,1,0,-75.0584,False
3224,3,0,3,8,wait,1,0,-53.753,wait,1,0,-75.6929,False
3225,3,0,3,9,wait,1,0,-54.307,wait,1,0,-74.8824,False
3226,3,0,3,10,wait,1,0,-53.4834,wait,1,0,-75.2602,False
3227,3,0,3,11,wait,1,0,-53.6005,wait,1,0,-75.1198,False
3228,3,0,3,12,wait,1,0,-54.2348,wait,1,0,-76.4601,False
3229,3,0,3,13,wait,1,0,-57.7497,wait,1,0,-81.6803,False
3230,3,0,3,14,wait,2,0,-90.6683,wait,2,0,-90.973,False
3231,3,0,3,15,wait,0,0,0.0,wait,0,0,0.0,False
3232,3,0,4,0,wait,1,0,-38.8449,wait,1,0,-61.3243,False
3233,3,0,4,1,wait,1,0,-38.9829,wait,1,0,-61.6175,False
3234,3,0,4,2,wait,1,0,-39.0476,wait,1,0,-61.5382,False
3235,3,0,4,3,wait,1,0,-38.8597,wait,1,0,-61.1468,False
3236,3,0,4,4,wait,1,0,-39.0106,wait,1,0,-61.2015,False
3237,3,0,4,5,wait,1,0,-38.708,wait,1,0,-60.5343,False
3238,3,0,4,6,wait,1,0,-38.9594,wait,1,0,-60.4304,False
3239,3,0,4,7,wait,1,0,-39.529,wait,1,0,-61.5367,False
3240,3,0,4,8,wait,1,0,-38.9335,wait,1,0,-60.6557,False
3241,3,0,4,9,wait,1,0,-39.6156,wait,1,0,-62.7628,False
3242,3,0,4,10,wait,1,0,-39.4417,wait,1,0,-62.0187,False
3243,3,0,4,11,wait,1,0,-40.5798,wait,1,0,-62.5154,False
3244,3,0,4,12,wait,1,0,-43.126,wait,1,0,-68.4783,False
3245,3,0,4,13,wait,2,0,-48.4117,wait,2,0,-76.4574,False
3246,3,0,4,14,wait,2,0,-88.9941,wait,2,0,-89.5392,False
3247,3,0,4,15,wait,0,0,0.0,wait,0,0,0.0,False
3248,3,0,5,0,wait,1,0,-29.3707,wait,1,0,-48.6964,False
3249,3,0,5,1,wait,1,0,-29.1453,wait,1,0,-48.881,False
3250,3,0,5,2,wait,1,0,-29.686,wait,1,0,-48.5215,False
3251,3,0,5,3,wait,1,0,-29.2443,wait,1,0,-48.4001,False
3252,3,0,5,4,wait,1,0,-28.8657,wait,1,0,-47.8056,False
3253,3,0,5,5,wait,1,0,-29.7135,wait,1,0,-49.996,False
3254,3,0,5,6,wait,1,0,-29.5729,wait,1,0,-48.7705,False
3255,3,0,5,7,wait,1,0,-29.7457,wait,1,0,-48.8179,False
3256,3,0,5,8,wait,1,0,-29.7807,wait,1,0,-49.2712,False
3257,3,0,5,9,wait,1,0,-30.5055,wait,1,0,-51.0586,False
3258,3,0,5,10,wait,1,0,-31.2718,wait,1,0,-52.1644,False
3259,3,0,5,11,wait,1,0,-33.7101,wait,1,0,-55.7653,False
3260,3,0,5,12,wait,1,0,-38.4501,wait,1,0,-63.8655,False
3261,3,0,5,13,wait,1,0,-44.2756,wait,1,0,-73.7332,False
3262,3,0,5,14,wait,2,0,-88.6309,wait,2,0,-88.5396,False
3263,3,0,5,15,wait,0,0,0.0,wait,0,0,0.0,False
3280,3,1,1,0,wait,1,1,-71.5457,wait,1,1,-87.0005,False
3281,3,1,1,1,wait,1,1,-70.6201,wait,1,1,-86.5432,False
3282,3,1,1,2,wait,1,1,-70.5993,wait,1,1,-86.2521,False
3283,3,1,1,3,wait,1,1,-70.9601,wait,1,1,-86.7753,False
3284,3,1,1,4,wait,1,1,-70.3534,wait,1,1,-86.7709,False
3285,3,1,1,5,wait,1,1,-71.4737,wait,1,1,-87.1345,False
3286,3,1,1,6,wait,1,1,-70.9907,wait,1,1,-87.2186,False
3287,3,1,1,7,wait,1,1,-70.9892,wait,1,1,-86.793,False
3288,3,1,1,8,wait,1,1,-69.9706,wait,1,1,-84.9585,False
3289,3,1,1,9,wait,1,1,-70.9497,wait,1,1,-86.8059,False
3290,3,1,1,10,wait,1,1,-70.8265,wait,1,1,-85.7923,False
3291,3,1,1,11,wait,1,1,-70.3561,wait,1,1,-85.9747,False
3292,3,1,1,12,wait,1,1,-70.6199,wait,1,1,-86.3637,False
3293,3,1,1,13,wait,1,1,-71.2157,wait,1,1,-88.2426,False
3294,3,1,1,14,wait,2,1,-93.2531,wait,2,1,-93.0838,False
3295,3,1,1,15,wait,0,0,0.0,wait,0,0,0.0,False
3296,3,1,2,0,wait,1,1,-52.97,wait,1,1,-74.3493,False
3297,3,1,2,1,wait,1,1,-52.8984,wait,1,1,-74.228,False
3298,3,1,2,2,wait,1,1,-52.0136,wait,1,1,-73.8894,False
3299,3,1,2,3,wait,1,1,-52.9518,wait,1,1,-74.1238,False
3300,3,1,2,4,wait,1,1,-53.0591,wait,1,1,-74.5126,False
3301,3,1,2,5,wait,1,1,-53.5689,wait,1,1,-75.239,False
3302,3,1,2,6,wait,1,1,-53.0874,wait,1,1,-74.1339,False
3303,3,1,2,7,wait,1,1,-53.1461,wait,1,1,-74.8921,False
3304,3,1,2,8,wait,1,1,-53.0854,wait,1,1,-74.2947,False
3305,3,1,2,9,wait,1,1,-52.4708,wait,1,1,-73.1609,False
3306,3,1,2,10,wait,1,1,-52.9512,wait,1,1,-73.8918,False
3307,3,1,2,11,wait,1,1,-53.321,wait,1,1,-74.6802,False
3308,3,1,2,12,wait,1,1,-53.8015,wait,1,1,-75.7921,False
3309,3,1,2,13,wait,1,1,-56.838,wait,1,1,-81.4695,False
3310,3,1,2,14,wait,1,1,-91.0507,wait,1,1,-90.891,False
3311,3,1,2,15,wait,0,0,0.0,wait,0,0,0.0,False
3312,3,1,3,0,wait,1,1,-37.9254,wait,1,1,-60.7437,False
3313,3,1,3,1,wait,1,1,-38.1245,wait,1,1,-59.9929,False
3314,3,1,3,2,wait,1,1,-38.1197,wait,1,1,-60.4404,False
3315,3,1,3,3,wait,1,1,-38.0036,wait,1,1,-59.4526,False
3316,3,1,3,4,wait,1,1,-37.8193,wait,1,1,-59.6576,False
3317,3,1,3,5,wait,1,1,-38.0093,wait,1,1,-60.2014,False
3318,3,1,3,6,wait,1,1,-38.6289,wait,1,1,-61.7641,False
3319,3,1,3,7,wait,1,1,-38.6816,wait,1,1,-61.1955,False
3320,3,1,3,8,wait,1,1,-37.8401,wait,1,1,-59.4532,False
3321,3,1,3,9,wait,1,1,-38.2618,wait,1,1,-60.2065,False
3322,3,1,3,10,wait,1,1,-38.702,wait,1,1,-62.2858,False
3323,3,1,3,11,wait,1,1,-39.4388,wait,1,1,-62.5932,False
3324,3,1,3,12,wait,1,1,-42.3706,wait,1,1,-67.5418,False
3325,3,1,3,13,wait,2,1,-46.988,wait,2,1,-75.6176,False
3326,3,1,3,14,wait,2,1,-88.4774,wait,2,1,-89.0678,False
3327,3,1,3,15,wait,0,0,0.0,wait,0,0,0.0,False
3328,3,1,4,0,wait,1,1,-28.1658,wait,1,1,-47.5304,False
3329,3,1,4,1,wait,1,1,-28.3884,wait,1,1,-47.1647,False
3330,3,1,4,2,wait,1,1,-28.2337,wait,1,1,-47.3137,False
3331,3,1,4,3,wait,1,1,-28.3626,wait,1,1,-48.1109,False
3332,3,1,4,4,wait,1,1,-28.2577,wait,1,1,-46.711,False
3333,3,1,4,5,wait,1,1,-27.7914,wait,1,1,-47.7172,False
3334,3,1,4,6,wait,1,1,-28.6278,wait,1,1,-47.8341,False
3335,3,1,4,7,wait,1,1,-28.182,wait,1,1,-47.5553,False
3336,3,1,4,8,wait,1,1,-28.9212,wait,1,1,-48.9987,False
3337,3,1,4,9,wait,1,1,-28.942,wait,1,1,-48.9191,False
3338,3,1,4,10,wait,1,1,-29.8756,wait,1,1,-50.3196,False
3339,3,1,4,11,wait,1,1,-32.6169,wait,1,1,-54.8648,False
3340,3,1,4,12,wait,1,1,-36.8025,wait,1,1,-62.0477,False
3341,3,1,4,13,wait,1,1,-43.3815,wait,1,1,-71.6815,False
3342,3,1,4,14,wait,2,1,-87.3046,wait,2,1,-87.3407,False
3343,3,1,4,15,wait,0,0,0.0,wait,0,0,0.0,False
3344,3,1,5,0,wait,1,1,-17.3564,wait,1,1,-32.1156,False
3345,3,1,5,1,wait,1,1,-17.9743,wait,1,1,-33.3515,False
3346,3,1,5,2,wait,1,1,-17.5189,wait,1,1,-32.1808,False
3347,3,1,5,3,wait,1,1,-17.5139,wait,1,1,-32.8024,False
3348,3,1,5,4,wait,1,1,-17.6695,wait,1,1,-33.5423,False
3349,3,1,5,5,wait,1,1,-18.3539,wait,1,1,-34.8683,False
3350,3,1,5,6,wait,1,1,-18.7763,wait,1,1,-34.4504,False
3351,3,1,5,7,wait,1,1,-19.0428,wait,1,1,-35.4349,False
3352,3,1,5,8,wait,1,1,-19.5964,wait,1,1,-36.2179,False
3353,3,1,5,9,wait,1,1,-20.5203,wait,1,1,-38.1561,False
3354,3,1,5,10,wait,1,1,-23.0307,wait,1,1,-41.9659,False
3355,3,1,5,11,wait,1,1,-26.4772,wait,1,1,-47.624,False
3356,3,1,5,12,wait,2,1,-32.5106,wait,2,1,-58.3534,False
3357,3,1,5,13,wait,1,1,-40.2135,wait,1,1,-71.0286,False
3358,3,1,5,14,wait,2,1,-85.8813,wait,2,1,-85.8054,False
3359,3,1,5,15,wait,0,0,0.0,wait,0,0,0.0,False
3376,3,2,1,0,wait,2,2,-54.8652,wait,2,2,-77.909,False
3377,3,2,1,1,wait,2,2,-54.5854,wait,2,2,-77.5312,False
3378,3,2,1,2,wait,2,2,-54.5721,wait,2,2,-76.7742,False
3379,3,2,1,3,wait,2,2,-54.3727,wait,2,2,-77.1536,False
3380,3,2,1,4,wait,2,2,-53.9815,wait,2,2,-76.4311,False
3381,3,2,1,5,wait,2,2,-53.7558,wait,2,2,-76.8442,False
3382,3,2,1,6,wait,2,2,-53.7503,wait,2,2,-77.2356,False
3383,3,2,1,7,wait,2,2,-54.4735,wait,2,2,-76.6539,False
3384,3,2,1,8,wait,2,2,-54.2985,wait,2,2,-77.3982,False
3385,3,2,1,9,wait,2,2,-54.2722,wait,2,2,-77.8683,False
3386,3,2,1,10,wait,2,2,-54.5632,wait,2,2,-77.4708,False
3387,3,2,1,11,wait,2,2,-54.2253,wait,2,2,-76.8344,False
3388,3,2,1,12,wait,2,2,-54.6998,wait,2,2,-77.1526,False
3389,3,2,1,13,wait,2,2,-55.9612,wait,2,2,-80.7244,False
3390,3,2,1,14,wait,2,2,-89.1241,wait,2,2,-89.3676,False
3391,3,2,1,15,wait,0,0,0.0,wait,0,0,0.0,False
3392,3,2,2,0,wait,2,2,-41.0196,wait,2,2,-66.2184,False
3393,3,2,2,1,wait,2,2,-40.5428,wait,2,2,-65.4544,False
3394,3,2,2,2,wait,2,2,-41.1682,wait,2,2,-66.0669,False
3395,3,2,2,3,wait,2,2,-41.0229,wait,2,2,-66.223,False
3396,3,2,2,4,wait,2,2,-40.6561,wait,2,2,-65.2099,False
3397,3,2,2,5,wait,2,2,-41.2305,wait,2,2,-65.3846,False
3398,3,2,2,6,wait,2,2,-40.773,wait,2,2,-64.6691,False
3399,3,2,2,7,wait,2,2,-41.036,wait,2,2,-65.3441,False
3400,3,2,2,8,wait,2,2,-40.9525,wait,2,2,-65.846,False
3401,3,2,2,9,wait,2,2,-40.815,wait,2,2,-65.4836,False
3402,3,2,2,10,wait,2,2,-40.8397,wait,2,2,-65.5233,False
3403,3,2,2,11,wait,2,2,-41.5538,wait,2,2,-66.1009,False
3404,3,2,2,12,wait,2,2,-42.3944,wait,2,2,-68.1632,False
3405,3,2,2,13,wait,2,2,-46.1304,wait,2,2,-74.2901,False
3406,3,2,2,14,wait,2,2,-87.6661,wait,2,2,-87.2132,False
3407,3,2,2,15,wait,0,0,0.0,wait,0,0,0.0,False
3408,3,2,3,0,wait,2,2,-31.8776,wait,2,2,-53.401,False
3409,3,2,3,1,wait,2,2,-31.9415,wait,1,1,-54.23,True
3410,3,2,3,2,wait,2,2,-31.7251,wait,1,1,-53.9431,True
3411,3,2,3,3,wait,2,2,-32.2847,wait,1,1,-54.1579,True
3412,3,2,3,4,wait,2,2,-31.9298,wait,1,1,-53.899,True
3413,3,2,3,5,wait,2,2,-31.9087,wait,2,2,-54.4449,False
3414,3,2,3,6,wait,2,2,-31.6563,wait,2,2,-53.8642,False
3415,3,2,3,7,wait,2,2,-32.0612,wait,2,2,-54.664,False
3416,3,2,3,8,wait,2,2,-31.9787,wait,1,1,-54.6462,True
3417,3,2,3,9,wait,2,2,-32.4061,wait,1,1,-54.1736,True
3418,3,2,3,10,wait,2,2,-32.4384,wait,1,1,-55.0387,True
3419,3,2,3,11,wait,2,2,-33.4378,wait,1,1,-57.5666,True
3420,3,2,3,12,wait,2,2,-36.7458,wait,2,2,-62.985,False
3421,3,2,3,13,wait,2,2,-42.4218,wait,2,2,-71.7445,False
3422,3,2,3,14,wait,2,2,-86.2296,wait,2,2,-86.6416,False
3423,3,2,3,15,wait,0,0,0.0,wait,0,0,0.0,False
3424,3,2,4,0,wait,2,2,-22.534,wait,1,1,-40.344,True
3425,3,2,4,1,wait,2,2,-22.4783,wait,1,1,-41.069,True
3426,3,2,4,2,wait,2,2,-22.5074,wait,1,1,-39.5757,True
3427,3,2,4,3,wait,2,2,-22.678,wait,1,1,-40.7862,True
3428,3,2,4,4,wait,2,2,-22.8696,wait,1,1,-40.4992,True
3429,3,2,4,5,wait,2,2,-22.9006,wait,1,1,-40.5327,True
3430,3,2,4,6,wait,2,2,-22.0662,wait,1,1,-40.1802,True
3431,3,2,4,7,wait,2,2,-22.4545,wait,1,1,-41.651,True
3432,3,2,4,8,wait,2,2,-23.2476,wait,1,1,-41.2343,True
3433,3,2,4,9,wait,2,2,-23.2188,wait,1,1,-42.5279,True
3434,3,2,4,10,wait,2,2,-24.7804,wait,2,2,-45.6926,False
3435,3,2,4,11,wait,2,2,-27.108,wait,2,2,-49.4135,False
3436,3,2,4,12,wait,2,2,-32.0602,wait,2,2,-57.623,False
3437,3,2,4,13,wait,2,2,-38.901,wait,2,2,-69.2913,False
3438,3,2,4,14,wait,2,2,-85.3988,wait,2,2,-85.662,False
3439,3,2,4,15,wait,0,0,0.0,wait,0,0,0.0,False
3440,3,2,5,0,wait,1,1,-12.4896,wait,1,1,-24.1455,False
3441,3,2,5,1,wait,1,1,-12.6408,wait,1,1,-24.7233,False
3442,3,2,5,2,wait,1,1,-12.5371,wait,1,1,-24.7003,False
3443,3,2,5,3,wait,1,1,-12.691,wait,1,1,-25.0497,False
3444,3,2,5,4,wait,1,1,-12.7108,wait,1,1,-24.403,False
3445,3,2,5,5,wait,1,1,-13.3572,wait,1,1,-25.704,False
3446,3,2,5,6,wait,1,1,-13.5302,wait,1,1,-26.1692,False
3447,3,2,5,7,wait,1,1,-14.6799,wait,1,1,-28.3796,False
3448,3,2,5,8,wait,1,1,-15.7122,wait,1,1,-29.3794,False
3449,3,2,5,9,wait,1,1,-17.9513,wait,1,1,-33.1932,False
3450,3,2,5,10,wait,1,1,-20.7258,wait,1,1,-37.6167,False
3451,3,2,5,11,wait,1,1,-25.2866,wait,1,1,-46.1679,False
3452,3,2,5,12,wait,2,1,-31.6348,wait,2,1,-56.8556,False
3453,3,2,5,13,wait,2,1,-39.7332,wait,1,1,-70.4118,True
3454,3,2,5,14,wait,2,2,-85.2174,wait,2,2,-84.7084,False
3455,3,2,5,15,wait,0,0,0.0,wait,0,0,0.0,False
3472,3,3,1,0,wait,2,2,-52.2486,wait,2,2,-73.5362,False
3473,3,3,1,1,wait,2,2,-52.1993,wait,2,2,-73.433,False
3474,3,3,1,2,wait,2,2,-53.0384,wait,2,2,-75.5616,False
3475,3,3,1,3,wait,2,2,-52.2973,wait,2,2,-73.5518,False
3476,3,3,1,4,wait,2,2,-52.8161,wait,2,2,-74.9661,False
3477,3,3,1,5,wait,2,2,-52.7668,wait,2,2,-74.7089,False
3478,3,3,1,6,wait,2,2,-52.8814,wait,2,2,-75.0752,False
3479,3,3,1,7,wait,2,2,-53.2346,wait,2,2,-74.8594,False
3480,3,3,1,8,wait,2,2,-52.1481,wait,2,2,-73.3539,False
3481,3,3,1,9,wait,2,2,-52.0702,wait,2,2,-73.4269,False
3482,3,3,1,10,wait,2,2,-51.7403,wait,2,2,-73.8283,False
3483,3,3,1,11,wait,2,2,-52.7231,wait,2,2,-73.9985,False
3484,3,3,1,12,wait,2,2,-52.7756,wait,2,2,-75.26,False
3485,3,3,1,13,wait,2,2,-55.9678,wait,2,2,-79.4644,False
3486,3,3,1,14,hunt,2,2,-90.1101,hunt,2,2,-90.4022,False
3487,3,3,1,15,wait,0,0,0.0,wait,0,0,0.0,False
3488,3,3,2,0,wait,2,2,-38.5786,wait,2,2,-61.4043,False
3489,3,3,2,1,wait,2,2,-38.2387,wait,2,2,-60.4718,False
3490,3,3,2,2,wait,2,2,-38.417,wait,2,2,-60.6815,False
3491,3,3,2,3,wait,2,2,-38.5855,wait,2,2,-62.3444,False
3492,3,3,2,4,wait,2,2,-37.96,wait,2,2,-59.6392,False
3493,3,3,2,5,wait,2,2,-38.0978,wait,2,2,-60.7284,False
3494,3,3,2,6,wait,2,2,-38.254,wait,2,2,-60.7606,False
3495,3,3,2,7,wait,2,2,-37.9582,wait,2,2,-60.3769,False
3496,3,3,2,8,wait,2,2,-38.3007,wait,2,2,-61.0289,False
3497,3,3,2,9,wait,2,2,-38.0645,wait,2,2,-60.5661,False
3498,3,3,2,10,wait,2,2,-38.9226,wait,2,2,-62.1799,False
3499,3,3,2,11,wait,2,2,-38.3655,wait,2,2,-61.2323,False
3500,3,3,2,12,wait,2,2,-41.343,wait,2,2,-66.4116,False
3501,3,3,2,13,wait,2,2,-46.6612,wait,2,2,-76.1657,False
3502,3,3,2,14,hunt,2,2,-87.4288,hunt,2,2,-87.435,False
3503,3,3,2,15,wait,0,0,0.0,wait,0,0,0.0,False
3504,3,3,3,0,wait,2,2,-28.7845,wait,2,2,-48.9624,False
3505,3,3,3,1,wait,2,2,-28.9333,wait,2,2,-49.4611,False
3506,3,3,3,2,wait,2,2,-28.533,wait,2,2,-48.9179,False
3507,3,3,3,3,wait,2,2,-28.331,wait,2,2,-48.6045,False
3508,3,3,3,4,wait,2,2,-29.0447,wait,2,2,-49.5381,False
3509,3,3,3,5,wait,2,2,-28.7242,wait,2,2,-48.4529,False
3510,3,3,3,6,wait,2,2,-28.6858,wait,2,2,-49.7173,False
3511,3,3,3,7,wait,2,2,-28.9149,wait,2,2,-49.9625,False
3512,3,3,3,8,wait,2,2,-28.211,wait,2,2,-48.4446,False
3513,3,3,3,9,wait,2,2,-29.119,wait,2,2,-49.6307,False
3514,3,3,3,10,wait,2,2,-29.7304,wait,2,2,-50.9882,False
3515,3,3,3,11,wait,2,2,-31.3399,wait,2,2,-53.8628,False
3516,3,3,3,12,wait,2,2,-36.0727,wait,2,2,-61.5187,False
3517,3,3,3,13,wait,2,2,-41.9499,wait,2,2,-70.3957,False
3518,3,3,3,14,wait,2,2,-86.4255,wait,2,2,-85.9477,False
3519,3,3,3,15,wait,0,0,0.0,wait,0,0,0.0,False
3520,3,3,4,0,wait,2,2,-17.9971,hunt,1,1,-33.8935,True
3521,3,3,4,1,wait,2,2,-17.9119,wait,2,2,-33.3269,False
3522,3,3,4,2,hunt,2,2,-18.3498,hunt,1,1,-34.5224,True
3523,3,3,4,3,wait,2,2,-18.0828,hunt,1,1,-34.5108,True
3524,3,3,4,4,wait,2,2,-18.0261,hunt,1,1,-34.2255,True
3525,3,3,4,5,wait,2,2,-18.2035,wait,2,2,-34.6717,False
3526,3,3,4,6,wait,2,2,-18.4007,wait,2,2,-34.5325,False
3527,3,3,4,7,wait,2,2,-18.3586,wait,2,2,-35.183,False
3528,3,3,4,8,wait,2,2,-19.3462,wait,2,2,-37.4039,False
3529,3,3,4,9,wait,2,2,-20.1324,wait,2,2,-38.7085,False
3530,3,3,4,10,wait,2,2,-21.8554,wait,2,2,-40.8549,False
3531,3,3,4,11,wait,2,2,-25.1589,wait,2,2,-45.962,False
3532,3,3,4,12,wait,2,2,-30.7702,wait,2,2,-55.2035,False
3533,3,3,4,13,wait,2,2,-38.6827,wait,2,2,-67.9791,False
3534,3,3,4,14,hunt,2,2,-85.467,hunt,2,2,-85.1212,False
3535,3,3,4,15,wait,0,0,0.0,wait,0,0,0.0,False
3536,3,3,5,0,hunt,1,1,-8.4308,hunt,1,1,-17.4449,False
3537,3,3,5,1,hunt,1,1,-8.2556,hunt,1,1,-16.6784,False
3538,3,3,5,2,hunt,1,1,-8.438,hunt,1,1,-17.5394,False
3539,3,3,5,3,hunt,1,1,-8.7188,hunt,1,1,-18.0854,False
3540,3,3,5,4,hunt,1,1,-9.4061,hunt,1,1,-18.7343,False
3541,3,3,5,5,hunt,1,1,-9.7125,hunt,1,1,-19.8063,False
3542,3,3,5,6,hunt,1,1,-10.5231,hunt,1,1,-21.2555,False
3543,3,3,5,7,hunt,1,1,-11.5841,hunt,1,1,-23.1418,False
3544,3,3,5,8,hunt,1,1,-13.5759,hunt,1,1,-25.9253,False
3545,3,3,5,9,hunt,1,1,-16.1158,hunt,1,1,-30.7091,False
3546,3,3,5,10,wait,1,1,-19.3228,wait,1,1,-35.6455,False
3547,3,3,5,11,wait,1,1,-24.4525,wait,1,1,-44.0928,False
3548,3,3,5,12,wait,1,2,-30.9208,wait,1,2,-55.5978,False
3549,3,3,5,13,wait,2,2,-37.92,wait,2,2,-67.4469,False
3550,3,3,5,14,wait,2,2,-85.3266,wait,2,2,-85.3721,False
3551,3,3,5,15,wait,0,0,0.0,wait,0,0,0.0,False
3568,3,4,1,0,wait,2,2,-52.0645,wait,2,2,-72.9096,False
3569,3,4,1,1,hunt,2,2,-52.3984,hunt,2,2,-73.7201,False
3570,3,4,1,2,wait,2,2,-51.8279,wait,2,2,-73.9169,False
3571,3,4,1,3,wait,2,2,-51.4787,wait,2,2,-72.2147,False
3572,3,4,1,4,hunt,2,2,-51.9114,hunt,2,2,-74.1957,False
3573,3,4,1,5,hunt,2,2,-52.1851,hunt,2,2,-74.8119,False
3574,3,4,1,6,wait,2,2,-51.7707,wait,2,2,-73.0608,False
3575,3,4,1,7,wait,2,2,-51.8075,wait,2,2,-73.6894,False
3576,3,4,1,8,wait,2,2,-52.266,wait,2,2,-73.0471,False
3577,3,4,1,9,wait,2,2,-52.3727,hunt,2,2,-74.3042,True
3578,3,4,1,10,wait,2,2,-52.518,wait,2,2,-73.5772,False
3579,3,4,1,11,wait,2,2,-51.9356,wait,2,2,-73.3553,False
3580,3,4,1,12,wait,2,2,-52.7942,wait,2,2,-75.5495,False
3581,3,4,1,13,wait,2,2,-55.5224,wait,2,2,-80.2216,False
3582,3,4,1,14,wait,2,2,-89.7495,wait,2,2,-89.9945,False
3583,3,4,1,15,wait,0,0,0.0,wait,0,0,0.0,False
3584,3,4,2,0,wait,2,2,-37.6075,wait,2,2,-60.043,False
3585,3,4,2,1,wait,2,2,-37.493,wait,2,2,-59.3874,False
3586,3,4,2,2,hunt,2,2,-36.9284,hunt,2,2,-58.9332,False
3587,3,4,2,3,wait,2,2,-37.0083,wait,2,2,-59.7749,False
3588,3,4,2,4,hunt,2,2,-37.6844,hunt,2,2,-59.527,False
3589,3,4,2,5,hunt,2,2,-37.0146,hunt,2,2,-59.2791,False
3590,3,4,2,6,hunt,2,2,-37.2177,hunt,2,2,-59.9509,False
3591,3,4,2,7,hunt,2,2,-36.6564,hunt,2,2,-59.4059,False
3592,3,4,2,8,wait,2,2,-37.4057,wait,2,2,-59.5609,False
3593,3,4,2,9,hunt,2,2,-37.47,hunt,2,2,-59.1504,False
3594,3,4,2,10,wait,2,2,-37.0899,wait,2,2,-58.8996,False
3595,3,4,2,11,wait,2,2,-37.8081,wait,2,2,-61.5189,False
3596,3,4,2,12,wait,2,2,-40.6786,wait,2,2,-65.6025,False
3597,3,4,2,13,wait,2,2,-45.8862,wait,2,2,-74.1272,False
3598,3,4,2,14,hunt,2,2,-87.8573,hunt,2,2,-88.0063,False
3599,3,4,2,15,wait,0,0,0.0,wait,0,0,0.0,False
3600,3,4,3,0,hunt,2,2,-25.6815,hunt,2,2,-44.0214,False
3601,3,4,3,1,hunt,2,2,-25.2286,hunt,2,2,-43.1368,False
3602,3,4,3,2,hunt,2,2,-25.3919,hunt,2,2,-44.4947,False
3603,3,4,3,3,hunt,2,2,-25.3768,hunt,2,2,-43.6229,False
3604,3,4,3,4,hunt,2,2,-25.3101,hunt,2,2,-43.9342,False
3605,3,4,3,5,hunt,2,2,-25.893,hunt,2,2,-44.5786,False
3606,3,4,3,6,hunt,2,2,-25.6818,hunt,2,2,-44.7095,False
3607,3,4,3,7,hunt,2,2,-26.3619,hunt,2,2,-45.1967,False
3608,3,4,3,8,hunt,2,2,-26.3515,hunt,2,2,-44.3638,False
3609,3,4,3,9,hunt,2,2,-26.7234,hunt,2,2,-46.6803,False
3610,3,4,3,10,wait,2,2,-28.3669,wait,2,2,-48.2524,False
3611,3,4,3,11,wait,2,2,-31.1979,wait,2,2,-53.3678,False
3612,3,4,3,12,wait,2,2,-35.3836,hunt,2,2,-60.9174,True
3613,3,4,3,13,wait,2,2,-42.1408,wait,2,2,-72.0101,False
3614,3,4,3,14,wait,2,2,-86.254,wait,2,2,-86.9297,False
3615,3,4,3,15,wait,0,0,0.0,wait,0,0,0.0,False
3616,3,4,4,0,hunt,2,2,-13.306,hunt,2,2,-26.8895,False
3617,3,4,4,1,hunt,2,2,-13.3737,hunt,2,2,-26.4832,False
3618,3,4,4,2,hunt,2,2,-13.9045,hunt,2,2,-27.4121,False
3619,3,4,4,3,hunt,2,2,-13.6786,hunt,2,2,-27.0068,False
3620,3,4,4,4,hunt,2,2,-14.087,hunt,2,2,-28.0414,False
3621,3,4,4,5,hunt,2,2,-14.5803,hunt,2,2,-29.1661,False
3622,3,4,4,6,hunt,2,2,-14.5091,hunt,2,2,-29.3773,False
3623,3,4,4,7,hunt,2,2,-15.1998,hunt,2,2,-29.8589,False
3624,3,4,4,8,hunt,2,2,-16.9495,hunt,2,2,-32.5598,False
3625,3,4,4,9,hunt,2,2,-18.0594,hunt,2,2,-34.4072,False
3626,3,4,4,10,wait,2,2,-20.3381,wait,2,2,-38.4048,False
3627,3,4,4,11,wait,2,2,-24.428,wait,2,2,-44.8352,False
3628,3,4,4,12,wait,2,2,-30.6114,wait,2,2,-55.4694,False
3629,3,4,4,13,wait,2,2,-38.4987,wait,2,2,-68.5755,False
3630,3,4,4,14,hunt,2,2,-85.4066,hunt,2,2,-85.2806,False
3631,3,4,4,15,wait,0,0,0.0,wait,0,0,0.0,False
3632,3,4,5,0,hunt,1,1,-4.6051,hunt,1,1,-11.8158,False
3633,3,4,5,1,hunt,1,1,-4.652,hunt,1,1,-10.9429,False
3634,3,4,5,2,hunt,1,1,-5.0837,hunt,1,1,-12.505,False
3635,3,4,5,3,hunt,1,1,-5.802,hunt,1,1,-12.658,False
3636,3,4,5,4,hunt,1,1,-6.4263,hunt,1,1,-14.4316,False
3637,3,4,5,5,hunt,1,1,-6.6489,hunt,1,1,-14.7509,False
3638,3,4,5,6,hunt,1,1,-8.0371,hunt,1,1,-16.4209,False
3639,3,4,5,7,hunt,1,1,-9.5105,hunt,1,1,-19.0278,False
3640,3,4,5,8,hunt,1,1,-11.8399,hunt,1,1,-23.1705,False
3641,3,4,5,9,hunt,1,1,-14.617,hunt,1,1,-27.6332,False
3642,3,4,5,10,wait,1,1,-18.787,wait,1,1,-35.0183,False
3643,3,4,5,11,wait,1,2,-23.803,wait,1,2,-43.2168,False
3644,3,4,5,12,hunt,2,2,-30.6391,wait,1,2,-55.6885,True
3645,3,4,5,13,wait,2,2,-38.3377,wait,2,2,-68.334,False
3646,3,4,5,14,hunt,2,2,-85.321,hunt,2,2,-85.456,False
3647,3,4,5,15,wait,0,0,0.0,wait,0,0,0.0,False
3664,3,5,1,0,hunt,2,2,-51.2823,hunt,2,2,-72.3375,False
3665,3,5,1,1,hunt,2,2,-50.8289,hunt,2,2,-72.0924,False
3666,3,5,1,2,hunt,2,2,-51.7159,hunt,2,2,-73.5702,False
3667,3,5,1,3,wait,2,2,-51.2424,wait,2,2,-71.8295,False
3668,3,5,1,4,hunt,2,2,-51.7994,hunt,2,2,-72.6941,False
3669,3,5,1,5,wait,2,2,-51.6997,wait,2,2,-72.3167,False
3670,3,5,1,6,hunt,2,2,-51.4601,hunt,2,2,-72.6808,False
3671,3,5,1,7,hunt,2,2,-51.9187,hunt,2,2,-73.1962,False
3672,3,5,1,8,hunt,2,2,-51.7556,hunt,2,2,-72.9149,False
3673,3,5,1,9,hunt,2,2,-51.6049,hunt,2,2,-72.8706,False
3674,3,5,1,10,hunt,2,2,-52.1336,hunt,2,2,-72.8436,False
3675,3,5,1,11,wait,2,2,-51.9546,wait,2,2,-73.3618,False
3676,3,5,1,12,wait,2,2,-52.675,wait,2,2,-74.4719,False
3677,3,5,1,13,wait,2,2,-55.2353,wait,2,2,-79.3653,False
3678,3,5,1,14,wait,2,2,-89.4618,wait,2,2,-89.4122,False
3679,3,5,1,15,wait,0,0,0.0,wait,0,0,0.0,False
3680,3,5,2,0,hunt,2,2,-35.6721,hunt,2,2,-56.9464,False
3681,3,5,2,1,hunt,2,2,-35.3327,hunt,2,2,-56.7116,False
3682,3,5,2,2,hunt,2,2,-35.5636,hunt,2,2,-57.1333,False
3683,3,5,2,3,hunt,2,2,-35.4732,hunt,2,2,-56.4578,False
3684,3,5,2,4,hunt,2,2,-35.8791,hunt,2,2,-57.2262,False
3685,3,5,2,5,hunt,2,2,-35.875,hunt,2,2,-57.2122,False
3686,3,5,2,6,hunt,2,2,-35.8141,hunt,2,2,-57.2455,False
3687,3,5,2,7,hunt,2,2,-35.5165,hunt,2,2,-55.7712,False
3688,3,5,2,8,hunt,2,2,-35.8338,hunt,2,2,-56.2577,False
3689,3,5,2,9,hunt,2,2,-35.6017,hunt,2,2,-57.0851,False
3690,3,5,2,10,hunt,2,2,-36.481,hunt,2,2,-58.036,False
3691,3,5,2,11,wait,2,2,-37.8216,wait,2,2,-60.4751,False
3692,3,5,2,12,wait,2,2,-40.6532,wait,2,2,-65.4143,False
3693,3,5,2,13,hunt,2,2,-46.1474,hunt,2,2,-74.7518,False
3694,3,5,2,14,wait,2,2,-87.6019,wait,2,2,-87.6079,False
3695,3,5,2,15,wait,0,0,0.0,wait,0,0,0.0,False
3696,3,5,3,0,hunt,2,2,-23.5867,hunt,2,2,-40.7947,False
3697,3,5,3,1,hunt,2,2,-23.2279,hunt,2,2,-39.8488,False
3698,3,5,3,2,hunt,2,2,-24.1043,hunt,2,2,-40.6963,False
3699,3,5,3,3,hunt,2,2,-23.3395,hunt,2,2,-40.978,False
3700,3,5,3,4,hunt,2,2,-23.658,hunt,2,2,-41.0969,False
3701,3,5,3,5,hunt,2,2,-23.743,hunt,2,2,-40.964,False
3702,3,5,3,6,hunt,2,2,-23.9105,hunt,2,2,-41.0472,False
3703,3,5,3,7,hunt,2,2,-24.6731,hunt,2,2,-42.0477,False
3704,3,5,3,8,hunt,2,2,-24.8191,hunt,2,2,-43.0974,False
3705,3,5,3,9,hunt,2,2,-26.1445,hunt,2,2,-45.5674,False
3706,3,5,3,10,hunt,2,2,-26.9175,hunt,2,2,-46.4932,False
3707,3,5,3,11,wait,2,2,-30.5913,hunt,2,2,-52.2398,True
3708,3,5,3,12,hunt,2,2,-35.4343,wait,2,2,-60.2619,True
3709,3,5,3,13,wait,2,2,-41.8745,wait,2,2,-71.262,False
3710,3,5,3,14,hunt,2,2,-85.9609,hunt,2,2,-85.1629,False
3711,3,5,3,15,wait,0,0,0.0,wait,0,0,0.0,False
3712,3,5,4,0,hunt,2,2,-10.8017,hunt,2,2,-22.1921,False
3713,3,5,4,1,hunt,2,2,-10.5442,hunt,2,2,-22.4972,False
3714,3,5,4,2,hunt,2,2,-10.9054,hunt,2,2,-23.0335,False
3715,3,5,4,3,hunt,2,2,-11.7298,hunt,2,2,-23.5602,False
3716,3,5,4,4,hunt,2,2,-11.708,hunt,2,2,-24.1714,False
3717,3,5,4,5,hunt,2,2,-11.7596,hunt,2,2,-23.817,False
3718,3,5,4,6,hunt,2,2,-12.9083,hunt,2,2,-26.1099,False
3719,3,5,4,7,hunt,2,2,-13.4612,hunt,2,2,-26.6985,False
3720,3,5,4,8,hunt,2,2,-15.0475,hunt,2,2,-29.7934,False
3721,3,5,4,9,hunt,2,2,-17.251,hunt,2,2,-33.8472,False
3722,3,5,4,10,hunt,2,2,-19.8901,hunt,2,2,-38.1642,False
3723,3,5,4,11,wait,2,2,-24.0223,wait,2,2,-44.7266,False
3724,3,5,4,12,hunt,2,2,-30.1429,hunt,2,2,-54.5928,False
3725,3,5,4,13,hunt,2,2,-38.6232,hunt,2,2,-68.6247,False
3726,3,5,4,14,wait,2,2,-85.3258,wait,2,2,-85.6546,False
3727,3,5,4,15,wait,0,0,0.0,wait,0,0,0.0,False
3728,3,5,5,0,hunt,1,1,-1.8928,hunt,1,1,-7.1511,False
3729,3,5,5,1,hunt,1,1,-2.2099,hunt,1,1,-7.3872,False
3730,3,5,5,2,hunt,1,1,-2.4438,hunt,1,1,-7.6482,False
3731,3,5,5,3,hunt,1,1,-2.8796,hunt,1,1,-8.4577,False
3732,3,5,5,4,hunt,1,1,-3.9065,hunt,1,1,-10.4708,False
3733,3,5,5,5,hunt,1,1,-4.7251,hunt,1,1,-11.6237,False
3734,3,5,5,6,hunt,1,1,-6.1615,hunt,1,1,-13.868,False
3735,3,5,5,7,hunt,1,1,-7.8204,hunt,1,1,-17.0047,False
3736,3,5,5,8,hunt,1,1,-10.4973,hunt,1,1,-20.9021,False
3737,3,5,5,9,hunt,1,2,-13.8575,hunt,1,2,-26.9852,False
3738,3,5,5,10,wait,1,1,-18.2888,wait,1,1,-34.0983,False
3739,3,5,5,11,wait,1,1,-23.5142,wait,1,1,-42.6555,False
3740,3,5,5,12,wait,1,1,-30.4562,wait,1,2,-55.2195,True
3741,3,5,5,13,wait,2,2,-38.2188,wait,2,2,-68.2333,False
3742,3,5,5,14,hunt,2,2,-85.2257,hunt,2,2,-84.43,False
3743,3,5,5,15,wait,0,0,0.0,wait,0,0,0.0,False
3760,3,6,1,0,hunt,2,2,-51.4561,hunt,2,2,-72.2374,False
3761,3,6,1,1,hunt,2,2,-51.828,hunt,2,2,-72.6894,False
3762,3,6,1,2,hunt,2,2,-51.4166,hunt,2,2,-72.4185,False
3763,3,6,1,3,hunt,2,2,-51.4988,hunt,2,2,-72.2135,False
3764,3,6,1,4,hunt,2,2,-50.9478,hunt,2,2,-72.4961,False
3765,3,6,1,5,hunt,2,2,-51.2308,hunt,2,2,-72.0713,False
3766,3,6,1,6,hunt,2,2,-50.9371,hunt,2,2,-72.0786,False
3767,3,6,1,7,hunt,2,2,-51.6371,hunt,2,2,-73.0153,False
3768,3,6,1,8,hunt,2,2,-51.53,hunt,2,2,-73.0947,False
3769,3,6,1,9,hunt,2,2,-50.7468,hunt,2,2,-71.7449,False
3770,3,6,1,10,wait,2,2,-52.2134,wait,2,2,-73.2852,False
3771,3,6,1,11,wait,2,2,-51.6407,wait,2,2,-72.825,False
3772,3,6,1,12,wait,2,2,-52.9116,wait,2,2,-74.4417,False
3773,3,6,1,13,wait,2,2,-55.6432,wait,2,2,-78.1553,False
3774,3,6,1,14,wait,2,2,-89.6912,wait,2,2,-90.135,False
3775,3,6,1,15,wait,0,0,0.0,wait,0,0,0.0,False
3776,3,6,2,0,hunt,2,2,-34.6425,hunt,2,2,-54.1302,False
3777,3,6,2,1,hunt,2,2,-34.7994,hunt,2,2,-55.0861,False
3778,3,6,2,2,hunt,2,2,-34.3009,hunt,2,2,-54.3627,False
3779,3,6,2,3,hunt,2,2,-34.7641,hunt,2,2,-54.8065,False
3780,3,6,2,4,hunt,2,2,-34.1838,hunt,2,2,-53.8597,False
3781,3,6,2,5,hunt,2,2,-34.5647,hunt,2,2,-55.6054,False
3782,3,6,2,6,hunt,2,2,-34.5739,hunt,2,2,-54.4217,False
3783,3,6,2,7,hunt,2,2,-34.9543,hunt,2,2,-55.0553,False
3784,3,6,2,8,hunt,2,2,-35.2739,hunt,2,2,-56.3447,False
3785,3,6,2,9,hunt,2,2,-35.4581,hunt,2,2,-56.9228,False
3786,3,6,2,10,hunt,2,2,-36.3031,hunt,2,2,-58.4568,False
3787,3,6,2,11,wait,2,2,-37.8196,wait,2,2,-60.6846,False
3788,3,6,2,12,wait,2,2,-40.3195,wait,2,2,-64.0115,False
3789,3,6,2,13,hunt,2,2,-46.4289,hunt,2,2,-74.0481,False
3790,3,6,2,14,hunt,2,2,-87.9028,hunt,2,2,-87.491,False
3791,3,6,2,15,wait,0,0,0.0,wait,0,0,0.0,False
3792,3,6,3,0,hunt,2,2,-21.5947,hunt,2,2,-38.1078,False
3793,3,6,3,1,hunt,2,2,-22.3823,hunt,2,2,-38.6545,False
3794,3,6,3,2,hunt,2,2,-21.8146,hunt,2,2,-37.6286,False
3795,3,6,3,3,hunt,2,2,-22.154,hunt,2,2,-38.4614,False
3796,3,6,3,4,hunt,2,2,-22.8047,hunt,2,2,-38.8153,False
3797,3,6,3,5,hunt,2,2,-22.6562,hunt,2,2,-39.4015,False
3798,3,6,3,6,hunt,2,2,-22.409,hunt,2,2,-39.6573,False
3799,3,6,3,7,hunt,2,2,-23.6447,hunt,2,2,-41.0203,False
3800,3,6,3,8,hunt,2,2,-23.7378,hunt,2,2,-41.6111,False
3801,3,6,3,9,hunt,2,2,-24.6126,hunt,2,2,-42.4587,False
3802,3,6,3,10,hunt,2,2,-26.4326,hunt,2,2,-44.3313,False
3803,3,6,3,11,hunt,2,2,-29.9097,hunt,2,2,-51.147,False
3804,3,6,3,12,hunt,2,2,-34.6952,hunt,2,2,-59.5751,False
3805,3,6,3,13,hunt,2,2,-42.2774,hunt,2,2,-70.9981,False
3806,3,6,3,14,hunt,2,2,-86.2686,hunt,2,2,-86.4077,False
3807,3,6,3,15,wait,0,0,0.0,wait,0,0,0.0,False
3808,3,6,4,0,hunt,2,2,-8.436,hunt,2,2,-18.7315,False
3809,3,6,4,1,hunt,2,2,-9.2092,hunt,2,2,-19.9883,False
3810,3,6,4,2,hunt,2,2,-9.0242,hunt,2,2,-20.2039,False
3811,3,6,4,3,hunt,2,2,-9.296,hunt,2,2,-20.3308,False
3812,3,6,4,4,hunt,2,2,-9.9729,hunt,2,2,-20.6254,False
3813,3,6,4,5,hunt,2,2,-10.5754,hunt,2,2,-22.3995,False
3814,3,6,4,6,hunt,2,2,-11.5184,hunt,2,2,-24.4334,False
3815,3,6,4,7,hunt,2,2,-12.6397,hunt,2,2,-25.6246,False
3816,3,6,4,8,hunt,2,2,-14.4755,hunt,2,2,-28.6948,False
3817,3,6,4,9,hunt,2,2,-16.5145,hunt,2,2,-31.5017,False
3818,3,6,4,10,hunt,2,2,-19.121,hunt,2,2,-36.0094,False
3819,3,6,4,11,hunt,2,2,-24.1664,hunt,2,2,-44.7524,False
3820,3,6,4,12,hunt,2,2,-30.0591,wait,2,2,-54.8989,True
3821,3,6,4,13,hunt,2,2,-38.6619,hunt,2,2,-68.3696,False
3822,3,6,4,14,hunt,2,2,-85.2056,hunt,2,2,-85.2834,False
3823,3,6,4,15,wait,0,0,0.0,wait,0,0,0.0,False
3824,3,6,5,0,hunt,1,1,-0.1217,hunt,1,1,-4.0991,False
3825,3,6,5,1,hunt,1,1,-0.6044,hunt,1,1,-4.7804,False
3826,3,6,5,2,hunt,1,1,-0.279,hunt,1,1,-4.1804,False
3827,3,6,5,3,hunt,1,1,-0.9871,hunt,1,1,-4.8329,False
3828,3,6,5,4,hunt,1,1,-2.072,hunt,1,1,-7.2774,False
3829,3,6,5,5,hunt,1,1,-3.3359,hunt,1,1,-8.7701,False
3830,3,6,5,6,hunt,1,1,-5.015,hunt,1,1,-11.9654,False
3831,3,6,5,7,hunt,1,2,-7.1764,hunt,1,1,-16.0246,True
3832,3,6,5,8,hunt,1,1,-9.5209,hunt,1,1,-19.4031,False
3833,3,6,5,9,hunt,1,2,-12.9816,hunt,1,2,-25.1884,False
3834,3,6,5,10,hunt,1,2,-17.0312,hunt,1,2,-32.7582,False
3835,3,6,5,11,hunt,1,2,-23.1034,hunt,1,1,-42.6405,True
3836,3,6,5,12,hunt,2,2,-30.1799,hunt,1,2,-54.5106,True
3837,3,6,5,13,wait,2,2,-38.3426,wait,2,2,-68.3054,False
3838,3,6,5,14,wait,2,2,-85.5725,wait,2,2,-86.2408,False
3839,3,6,5,15,wait,0,0,0.0,wait,0,0,0.0,False
3856,3,7,1,0,hunt,2,2,-50.3369,hunt,2,2,-71.6321,False
3857,3,7,1,1,hunt,2,2,-51.119,hunt,2,2,-71.9266,False
3858,3,7,1,2,hunt,2,2,-50.5534,hunt,2,2,-70.3073,False
3859,3,7,1,3,hunt,2,2,-51.0869,hunt,2,2,-71.0236,False
3860,3,7,1,4,hunt,2,2,-50.4819,hunt,2,2,-70.8736,False
3861,3,7,1,5,hunt,2,2,-51.0537,hunt,2,2,-72.1614,False
3862,3,7,1,6,hunt,2,2,-50.6897,hunt,2,2,-70.6555,False
3863,3,7,1,7,hunt,2,2,-50.7168,hunt,2,2,-71.3073,False
3864,3,7,1,8,hunt,2,2,-51.376,hunt,2,2,-71.7891,False
3865,3,7,1,9,hunt,2,2,-51.2037,hunt,2,2,-73.1994,False
3866,3,7,1,10,hunt,2,2,-51.9001,hunt,2,2,-73.5254,False
3867,3,7,1,11,wait,2,2,-51.3496,wait,2,2,-73.132,False
3868,3,7,1,12,wait,2,2,-52.0552,wait,2,2,-73.8267,False
3869,3,7,1,13,hunt,2,2,-55.6254,hunt,2,2,-80.1179,False
3870,3,7,1,14,wait,2,2,-89.3786,wait,2,2,-89.1939,False
3871,3,7,1,15,wait,0,0,0.0,wait,0,0,0.0,False
3872,3,7,2,0,hunt,2,2,-33.6207,hunt,2,2,-53.0456,False
3873,3,7,2,1,hunt,2,2,-33.9227,hunt,2,2,-54.3002,False
3874,3,7,2,2,hunt,2,2,-33.4179,hunt,2,2,-52.3106,False
3875,3,7,2,3,hunt,2,2,-34.0215,hunt,2,2,-54.1887,False
3876,3,7,2,4,hunt,2,2,-33.6244,hunt,2,2,-52.5512,False
3877,3,7,2,5,hunt,2,2,-33.909,hunt,2,2,-53.3072,False
3878,3,7,2,6,hunt,2,2,-33.8729,hunt,2,2,-55.1762,False
3879,3,7,2,7,hunt,2,2,-34.3236,hunt,2,2,-54.0755,False
3880,3,7,2,8,hunt,2,2,-34.5152,hunt,2,2,-55.037,False
3881,3,7,2,9,hunt,2,2,-35.258,hunt,2,2,-56.2528,False
3882,3,7,2,10,hunt,2,2,-36.3151,hunt,2,2,-58.0598,False
3883,3,7,2,11,wait,2,2,-37.4955,wait,2,2,-60.4417,False
3884,3,7,2,12,wait,2,2,-40.2535,wait,2,2,-64.6638,False
3885,3,7,2,13,wait,2,2,-45.9024,wait,2,2,-73.7848,False
3886,3,7,2,14,hunt,2,2,-87.6962,hunt,2,2,-87.4686,False
3887,3,7,2,15,wait,0,0,0.0,wait,0,0,0.0,False
3888,3,7,3,0,hunt,2,2,-20.7866,hunt,2,2,-36.3809,False
3889,3,7,3,1,hunt,2,2,-20.4736,hunt,2,2,-34.7914,False
3890,3,7,3,2,hunt,2,2,-20.8671,hunt,2,2,-35.7416,False
3891,3,7,3,3,hunt,2,2,-20.9448,hunt,2,2,-35.6275,False
3892,3,7,3,4,hunt,2,2,-21.2212,hunt,2,2,-36.109,False
3893,3,7,3,5,hunt,2,2,-21.4654,hunt,2,2,-37.2242,False
3894,3,7,3,6,hunt,2,2,-22.213,hunt,2,2,-38.3173,False
3895,3,7,3,7,hunt,2,2,-22.1541,hunt,2,2,-37.8788,False
3896,3,7,3,8,hunt,2,2,-23.2729,hunt,2,2,-39.1418,False
3897,3,7,3,9,hunt,2,2,-24.7953,hunt,2,2,-43.0492,False
3898,3,7,3,10,hunt,2,2,-26.4883,hunt,2,2,-45.57,False
3899,3,7,3,11,hunt,2,2,-29.5726,hunt,2,2,-50.3486,False
3900,3,7,3,12,wait,2,2,-34.8143,hunt,2,2,-60.0948,True
3901,3,7,3,13,hunt,2,2,-42.4349,hunt,2,2,-72.2959,False
3902,3,7,3,14,wait,2,2,-85.8844,wait,2,2,-85.4344,False
3903,3,7,3,15,wait,0,0,0.0,wait,0,0,0.0,False
3904,3,7,4,0,hunt,2,2,-7.1498,hunt,2,2,-16.5953,False
3905,3,7,4,1,hunt,2,2,-7.6336,hunt,2,2,-17.8533,False
3906,3,7,4,2,hunt,2,2,-7.8876,hunt,2,2,-16.7417,False
3907,3,7,4,3,hunt,2,2,-8.2834,hunt,2,2,-18.3271,False
3908,3,7,4,4,hunt,2,2,-8.7479,hunt,2,2,-18.8847,False
3909,3,7,4,5,hunt,2,2,-9.1553,hunt,2,2,-19.9302,False
3910,3,7,4,6,hunt,2,2,-10.2997,hunt,2,2,-22.4896,False
3911,3,7,4,7,hunt,2,2,-11.9077,hunt,2,2,-24.3182,False
3912,3,7,4,8,hunt,2,2,-13.6721,wait,2,2,-27.9963,True
3913,3,7,4,9,hunt,2,2,-15.7956,hunt,2,2,-31.0119,False
3914,3,7,4,10,hunt,2,2,-19.0242,hunt,2,2,-36.6467,False
3915,3,7,4,11,hunt,2,2,-23.9207,hunt,2,2,-44.7071,False
3916,3,7,4,12,hunt,2,2,-30.5316,hunt,2,2,-56.0414,False
3917,3,7,4,13,wait,2,2,-38.3133,wait,2,2,-68.1371,False
3918,3,7,4,14,hunt,2,2,-85.4967,hunt,2,2,-85.4236,False
3919,3,7,4,15,wait,0,0,0.0,wait,0,0,0.0,False
3920,3,7,5,0,hunt,1,1,1.2955,hunt,1,1,-1.2165,False
3921,3,7,5,1,hunt,1,1,0.964,hunt,1,1,-1.8084,False
3922,3,7,5,2,hunt,1,2,0.3645,hunt,1,2,-3.693,False
3923,3,7,5,3,hunt,1,1,0.4006,hunt,1,1,-2.9273,False
3924,3,7,5,4,hunt,1,1,-0.664,hunt,1,1,-4.7365,False
3925,3,7,5,5,hunt,1,1,-2.5519,hunt,1,1,-6.9335,False
3926,3,7,5,6,hunt,1,1,-3.8061,hunt,1,1,-9.7698,False
3927,3,7,5,7,hunt,1,1,-5.9718,hunt,1,1,-13.4616,False
3928,3,7,5,8,hunt,1,1,-8.5306,hunt,1,1,-18.0068,False
3929,3,7,5,9,hunt,1,2,-12.5678,hunt,1,2,-24.5212,False
3930,3,7,5,10,hunt,1,2,-16.7831,hunt,1,2,-31.9036,False
3931,3,7,5,11,hunt,1,2,-22.2558,hunt,1,1,-41.2065,True
3932,3,7,5,12,hunt,2,1,-30.2598,wait,1,2,-54.8821,True
3933,3,7,5,13,wait,2,2,-38.6699,wait,2,2,-68.8345,False
3934,3,7,5,14,hunt,0,1,-85.5486,hunt,2,1,-86.2407,True
3935,3,7,5,15,wait,0,0,0.0,wait,0,0,0.0,False
3952,3,8,1,0,hunt,2,2,-50.4675,hunt,2,2,-71.26,False
3953,3,8,1,1,hunt,2,2,-50.8439,hunt,2,2,-71.1305,False
3954,3,8,1,2,hunt,2,2,-49.9742,hunt,2,2,-70.2862,False
3955,3,8,1,3,hunt,2,2,-50.7365,hunt,2,2,-70.7361,False
3956,3,8,1,4,hunt,2,2,-50.401,hunt,2,2,-70.4039,False
3957,3,8,1,5,hunt,2,2,-50.056,hunt,2,2,-70.7912,False
3958,3,8,1,6,hunt,2,2,-50.2551,hunt,2,2,-69.9333,False
3959,3,8,1,7,hunt,2,2,-51.0996,hunt,2,2,-72.3755,False
3960,3,8,1,8,hunt,2,2,-51.0253,hunt,2,2,-71.1502,False
3961,3,8,1,9,hunt,2,2,-51.1644,hunt,2,2,-72.6229,False
3962,3,8,1,10,hunt,2,2,-51.0028,hunt,2,2,-71.4684,False
3963,3,8,1,11,hunt,2,2,-52.0685,hunt,2,2,-73.8639,False
3964,3,8,1,12,wait,2,2,-52.5462,wait,2,2,-75.5076,False
3965,3,8,1,13,wait,2,2,-55.4663,wait,2,2,-78.9517,False
3966,3,8,1,14,hunt,2,2,-89.4654,hunt,2,2,-89.6572,False
3967,3,8,1,15,wait,0,0,0.0,wait,0,0,0.0,False
3968,3,8,2,0,hunt,2,2,-33.0692,hunt,2,2,-52.4668,False
3969,3,8,2,1,hunt,2,2,-33.0641,hunt,2,2,-51.8956,False
3970,3,8,2,2,hunt,2,2,-33.0498,hunt,2,2,-52.4769,False
3971,3,8,2,3,hunt,2,2,-33.4804,hunt,2,2,-53.6639,False
3972,3,8,2,4,hunt,2,2,-33.2326,hunt,2,2,-52.8492,False
3973,3,8,2,5,hunt,2,2,-33.4727,hunt,2,2,-53.7975,False
3974,3,8,2,6,hunt,2,2,-33.8467,hunt,2,2,-54.3842,False
3975,3,8,2,7,hunt,2,2,-34.4192,hunt,2,2,-54.1957,False
3976,3,8,2,8,hunt,2,2,-34.2251,hunt,2,2,-54.4256,False
3977,3,8,2,9,hunt,2,2,-35.2196,hunt,2,2,-56.6234,False
3978,3,8,2,10,wait,2,2,-36.2002,wait,2,2,-57.8601,False
3979,3,8,2,11,wait,2,2,-37.2696,wait,2,2,-59.8403,False
3980,3,8,2,12,wait,2,2,-39.984,wait,2,2,-64.8544,False
3981,3,8,2,13,wait,2,2,-45.7162,wait,2,2,-73.5968,False
3982,3,8,2,14,wait,2,2,-87.4578,wait,2,2,-88.0757,False
3983,3,8,2,15,wait,0,0,0.0,wait,0,0,0.0,False
3984,3,8,3,0,hunt,2,2,-19.789,hunt,2,2,-34.978,False
3985,3,8,3,1,hunt,2,2,-19.4422,hunt,2,2,-33.3324,False
3986,3,8,3,2,hunt,2,2,-20.4062,hunt,2,2,-35.23,False
3987,3,8,3,3,hunt,2,2,-20.0215,hunt,2,2,-34.5218,False
3988,3,8,3,4,hunt,2,2,-20.2716,hunt,2,2,-35.2488,False
3989,3,8,3,5,hunt,2,2,-21.0786,hunt,2,2,-36.6969,False
3990,3,8,3,6,hunt,2,2,-21.3356,hunt,2,2,-37.153,False
3991,3,8,3,7,hunt,2,2,-22.2487,hunt,2,2,-38.3238,False
3992,3,8,3,8,hunt,2,2,-22.6262,hunt,2,2,-39.1281,False
3993,3,8,3,9,hunt,2,2,-24.3301,hunt,2,2,-42.1184,False
3994,3,8,3,10,hunt,2,2,-26.7361,hunt,2,2,-45.2235,False
3995,3,8,3,11,hunt,2,2,-29.8071,hunt,2,2,-49.6133,False
3996,3,8,3,12,hunt,2,2,-35.1403,hunt,2,2,-59.8844,False
3997,3,8,3,13,hunt,2,2,-41.9907,hunt,2,2,-71.2337,False
3998,3,8,3,14,hunt,2,2,-85.7038,hunt,2,2,-85.3607,False
3999,3,8,3,15,wait,0,0,0.0,wait,0,0,0.0,False
4000,3,8,4,0,hunt,2,2,-6.5303,hunt,2,2,-15.2984,False
4001,3,8,4,1,hunt,2,2,-6.4124,hunt,2,2,-15.6424,False
4002,3,8,4,2,hunt,2,2,-6.9006,hunt,2,2,-16.3344,False
4003,3,8,4,3,hunt,2,2,-6.7233,hunt,2,2,-16.3826,False
4004,3,8,4,4,hunt,2,2,-8.3975,hunt,2,2,-17.7492,False
4005,3,8,4,5,hunt,2,2,-8.5125,hunt,2,2,-19.1447,False
4006,3,8,4,6,hunt,2,2,-9.6891,hunt,2,2,-20.9128,False
4007,3,8,4,7,hunt,2,2,-11.2277,hunt,2,2,-23.4651,False
4008,3,8,4,8,hunt,2,2,-13.6856,hunt,2,2,-27.1689,False
4009,3,8,4,9,hunt,2,2,-15.8395,hunt,2,2,-30.8648,False
4010,3,8,4,10,hunt,2,2,-18.4123,hunt,2,2,-35.0035,False
4011,3,8,4,11,wait,2,2,-23.912,wait,2,2,-44.1223,False
4012,3,8,4,12,hunt,2,2,-30.2133,hunt,2,2,-55.0888,False
4013,3,8,4,13,wait,2,2,-38.306,wait,2,2,-68.5876,False
4014,3,8,4,14,hunt,2,2,-85.6928,wait,2,2,-86.1947,True
4015,3,8,4,15,wait,0,0,0.0,wait,0,0,0.0,False
4016,3,8,5,0,hunt,1,2,2.3271,hunt,1,1,1.4658,True
4017,3,8,5,1,hunt,1,2,1.8322,hunt,1,1,0.0196,True
4018,3,8,5,2,hunt,1,1,1.864,hunt,1,2,0.6987,True
4019,3,8,5,3,hunt,1,1,1.4383,hunt,1,1,-1.5088,False
4020,3,8,5,4,hunt,1,1,0.2656,hunt,1,1,-3.1326,False
4021,3,8,5,5,hunt,1,1,-1.5401,hunt,1,1,-6.1996,False
4022,3,8,5,6,hunt,1,1,-3.5411,hunt,1,1,-9.0646,False
4023,3,8,5,7,hunt,1,1,-5.2141,hunt,1,1,-12.3827,False
4024,3,8,5,8,hunt,1,1,-8.0111,hunt,1,1,-16.8435,False
4025,3,8,5,9,hunt,1,1,-11.9897,hunt,1,1,-22.7968,False
4026,3,8,5,10,hunt,1,2,-16.188,hunt,1,2,-31.0597,False
4027,3,8,5,11,hunt,1,1,-21.5203,hunt,1,1,-38.5738,False
4028,3,8,5,12,wait,1,2,-30.1519,wait,1,2,-54.6519,False
4029,3,8,5,13,wait,2,2,-38.498,wait,1,2,-69.2533,True
4030,3,8,5,14,hunt,1,2,-85.4347,hunt,1,2,-85.9327,False
4031,3,8,5,15,wait,0,0,0.0,wait,0,0,0.0,False
4048,3,9,1,0,hunt,2,2,-50.1863,hunt,2,2,-71.2275,False
4049,3,9,1,1,hunt,2,2,-50.5048,hunt,2,2,-71.1406,False
4050,3,9,1,2,hunt,2,2,-51.0902,hunt,2,2,-70.9589,False
4051,3,9,1,3,hunt,2,2,-49.865,hunt,2,2,-69.9285,False
4052,3,9,1,4,hunt,2,2,-50.5154,hunt,2,2,-69.9329,False
4053,3,9,1,5,hunt,2,2,-50.1859,hunt,2,2,-70.8459,False
4054,3,9,1,6,hunt,2,2,-50.5735,hunt,2,2,-71.1585,False
4055,3,9,1,7,hunt,2,2,-50.0005,hunt,2,2,-70.8531,False
4056,3,9,1,8,hunt,2,2,-50.7134,hunt,2,2,-71.7372,False
4057,3,9,1,9,hunt,2,2,-50.7305,hunt,2,2,-71.647,False
4058,3,9,1,10,hunt,2,2,-51.6542,hunt,2,2,-73.548,False
4059,3,9,1,11,wait,2,2,-51.3213,wait,2,2,-72.676,False
4060,3,9,1,12,wait,2,2,-52.0452,wait,2,2,-74.0076,False
4061,3,9,1,13,hunt,2,2,-55.924,wait,2,2,-80.2634,True
4062,3,9,1,14,wait,2,2,-89.3556,wait,2,2,-89.6813,False
4063,3,9,1,15,wait,0,0,0.0,wait,0,0,0.0,False
4064,3,9,2,0,hunt,2,2,-33.1191,hunt,2,2,-51.7427,False
4065,3,9,2,1,hunt,2,2,-33.3596,hunt,2,2,-53.0957,False
4066,3,9,2,2,hunt,2,2,-33.0997,hunt,2,2,-52.6089,False
4067,3,9,2,3,hunt,2,2,-32.8027,hunt,2,2,-52.3317,False
4068,3,9,2,4,hunt,2,2,-33.1273,hunt,2,2,-52.2221,False
4069,3,9,2,5,hunt,2,2,-32.9156,hunt,2,2,-52.0789,False
4070,3,9,2,6,hunt,2,2,-33.1048,hunt,2,2,-52.5931,False
4071,3,9,2,7,hunt,2,2,-33.6415,hunt,2,2,-52.8188,False
4072,3,9,2,8,hunt,2,2,-34.8465,hunt,2,2,-55.5889,False
4073,3,9,2,9,hunt,2,2,-34.3284,hunt,2,2,-54.9616,False
4074,3,9,2,10,hunt,2,2,-36.6835,hunt,2,2,-58.5236,False
4075,3,9,2,11,wait,2,2,-37.6888,wait,2,2,-60.4155,False
4076,3,9,2,12,wait,2,2,-40.8831,hunt,2,2,-65.9605,True
4077,3,9,2,13,wait,2,2,-46.3097,wait,2,2,-75.3395,False
4078,3,9,2,14,hunt,2,2,-87.3314,hunt,2,2,-87.0848,False
4079,3,9,2,15,wait,0,0,0.0,wait,0,0,0.0,False
4080,3,9,3,0,hunt,2,2,-19.5028,hunt,2,2,-33.0482,False
4081,3,9,3,1,hunt,2,2,-19.5512,hunt,2,2,-32.8947,False
4082,3,9,3,2,hunt,2,2,-19.0727,hunt,2,2,-32.0484,False
4083,3,9,3,3,hunt,2,2,-19.7792,hunt,2,2,-34.4395,False
4084,3,9,3,4,hunt,2,2,-19.3543,hunt,2,2,-34.1423,False
4085,3,9,3,5,hunt,2,2,-20.4814,hunt,2,2,-35.3676,False
4086,3,9,3,6,hunt,2,2,-21.3216,hunt,2,2,-36.8149,False
4087,3,9,3,7,hunt,2,2,-22.5401,hunt,2,2,-39.4277,False
4088,3,9,3,8,hunt,2,2,-22.7249,hunt,2,2,-39.3535,False
4089,3,9,3,9,hunt,2,2,-24.4924,hunt,2,2,-41.8851,False
4090,3,9,3,10,hunt,2,2,-26.6345,hunt,2,2,-45.8679,False
4091,3,9,3,11,hunt,2,2,-29.7092,hunt,2,2,-50.7415,False
4092,3,9,3,12,hunt,2,2,-34.1891,hunt,2,2,-58.0456,False
4093,3,9,3,13,wait,2,2,-42.2026,wait,2,2,-71.7975,False
4094,3,9,3,14,hunt,2,2,-86.9914,hunt,2,2,-87.0351,False
4095,3,9,3,15,wait,0,0,0.0,wait,0,0,0.0,False
4096,3,9,4,0,hunt,2,2,-5.5663,hunt,2,2,-14.6096,False
4097,3,9,4,1,hunt,2,2,-5.8137,hunt,2,2,-14.4811,False
4098,3,9,4,2,hunt,2,2,-5.9604,hunt,2,2,-14.7566,False
4099,3,9,4,3,hunt,2,2,-6.7267,hunt,2,2,-15.5034,False
4100,3,9,4,4,hunt,2,2,-7.6294,hunt,2,2,-16.7215,False
4101,3,9,4,5,hunt,2,2,-8.0836,hunt,2,2,-18.3816,False
4102,3,9,4,6,hunt,2,2,-9.6231,hunt,2,2,-20.6731,False
4103,3,9,4,7,hunt,2,2,-11.0781,hunt,2,2,-22.3027,False
4104,3,9,4,8,hunt,2,2,-13.4671,hunt,2,2,-27.249,False
4105,3,9,4,9,hunt,2,2,-15.2707,hunt,2,2,-30.6917,False
4106,3,9,4,10,hunt,2,2,-18.6815,hunt,2,2,-35.0081,False
4107,3,9,4,11,hunt,2,2,-24.1408,hunt,2,2,-44.6915,False
4108,3,9,4,12,hunt,2,2,-30.1157,hunt,2,2,-55.0403,False
4109,3,9,4,13,wait,2,2,-38.3757,wait,2,2,-67.949,False
4110,3,9,4,14,wait,2,2,-85.6132,wait,2,2,-85.4359,False
4111,3,9,4,15,wait,0,0,0.0,wait,0,0,0.0,False
4112,3,9,5,0,hunt,1,2,2.3145,hunt,1,1,1.5284,True
4113,3,9,5,1,hunt,1,2,2.3777,hunt,1,1,1.0678,True
4114,3,9,5,2,hunt,1,2,2.3557,hunt,1,1,0.6764,True
4115,3,9,5,3,hunt,1,1,1.6477,hunt,1,1,-0.2666,False
4116,3,9,5,4,hunt,1,1,0.5054,hunt,1,1,-2.1673,False
4117,3,9,5,5,hunt,1,1,-1.0309,hunt,1,1,-5.6286,False
4118,3,9,5,6,hunt,1,1,-2.7733,hunt,1,1,-7.9292,False
4119,3,9,5,7,hunt,1,1,-4.1889,hunt,1,1,-10.9544,False
4120,3,9,5,8,hunt,1,1,-7.4575,hunt,1,1,-16.5004,False
4121,3,9,5,9,hunt,1,2,-11.5102,hunt,1,2,-23.268,False
4122,3,9,5,10,hunt,1,1,-15.0529,hunt,1,1,-28.5921,False
4123,3,9,5,11,hunt,1,1,-21.1437,hunt,1,1,-38.4037,False
4124,3,9,5,12,hunt,2,1,-30.2794,hunt,0,1,-54.3109,True
4125,3,9,5,13,wait,2,2,-38.3826,wait,2,2,-68.6543,False
4126,3,9,5,14,hunt,2,2,-85.0761,hunt,2,2,-85.7194,False
4127,3,9,5,15,wait,0,0,0.0,wait,0,0,0.0,False
4144,3,10,1,0,hunt,2,2,-50.254,hunt,2,2,-71.01,False
4145,3,10,1,1,hunt,2,2,-50.0215,hunt,2,2,-69.4068,False
4146,3,10,1,2,hunt,2,2,-49.9308,hunt,2,2,-70.4162,False
4147,3,10,1,3,hunt,2,2,-50.2968,hunt,2,2,-71.6107,False
4148,3,10,1,4,hunt,2,2,-50.2161,hunt,2,2,-71.0926,False
4149,3,10,1,5,hunt,2,2,-50.4821,hunt,2,2,-71.1374,False
4150,3,10,1,6,hunt,2,2,-49.8993,hunt,2,2,-70.5905,False
4151,3,10,1,7,hunt,2,2,-49.9009,hunt,2,2,-69.4384,False
4152,3,10,1,8,hunt,2,2,-50.9377,hunt,2,2,-71.0323,False
4153,3,10,1,9,wait,2,2,-51.942,wait,2,2,-73.2299,False
4154,3,10,1,10,hunt,2,2,-51.3266,hunt,2,2,-72.9975,False
4155,3,10,1,11,wait,2,2,-51.989,wait,2,2,-72.9858,False
4156,3,10,1,12,wait,2,2,-52.2953,wait,2,2,-74.604,False
4157,3,10,1,13,wait,2,2,-54.9434,wait,2,2,-79.2531,False
4158,3,10,1,14,hunt,2,2,-89.687,hunt,2,2,-89.4287,False
4159,3,10,1,15,wait,0,0,0.0,wait,0,0,0.0,False
4160,3,10,2,0,hunt,2,2,-32.8409,hunt,2,2,-51.2021,False
4161,3,10,2,1,hunt,2,2,-32.9526,hunt,2,2,-52.3744,False
4162,3,10,2,2,hunt,2,2,-33.0808,hunt,2,2,-52.2127,False
4163,3,10,2,3,hunt,2,2,-32.6269,hunt,2,2,-51.5791,False
4164,3,10,2,4,hunt,2,2,-32.4424,hunt,2,2,-50.8488,False
4165,3,10,2,5,hunt,2,2,-33.2833,hunt,2,2,-52.8221,False
4166,3,10,2,6,hunt,2,2,-33.3509,hunt,2,2,-53.4261,False
4167,3,10,2,7,hunt,2,2,-33.479,hunt,2,2,-53.1462,False
4168,3,10,2,8,hunt,2,2,-33.8094,hunt,2,2,-53.4042,False
4169,3,10,2,9,hunt,2,2,-34.7403,hunt,2,2,-55.2864,False
4170,3,10,2,10,hunt,2,2,-35.4836,hunt,2,2,-57.1452,False
4171,3,10,2,11,wait,2,2,-37.8188,wait,2,2,-60.64,False
4172,3,10,2,12,hunt,2,2,-40.8293,hunt,2,2,-65.4859,False
4173,3,10,2,13,wait,2,2,-45.8988,wait,2,2,-74.1831,False
4174,3,10,2,14,wait,2,2,-87.4106,wait,2,2,-87.1913,False
4175,3,10,2,15,wait,0,0,0.0,wait,0,0,0.0,False
4176,3,10,3,0,hunt,2,2,-19.3231,hunt,2,2,-33.2433,False
4177,3,10,3,1,hunt,2,2,-19.0405,hunt,2,2,-32.6162,False
4178,3,10,3,2,hunt,2,2,-19.3221,hunt,2,2,-33.0847,False
4179,3,10,3,3,hunt,2,2,-19.2181,hunt,2,2,-34.6089,False
4180,3,10,3,4,hunt,2,2,-19.6969,hunt,2,2,-34.6393,False
4181,3,10,3,5,hunt,2,2,-20.6203,hunt,2,2,-36.5828,False
4182,3,10,3,6,hunt,2,2,-20.5682,hunt,2,2,-35.7667,False
4183,3,10,3,7,hunt,2,2,-21.463,hunt,2,2,-36.9183,False
4184,3,10,3,8,hunt,2,2,-22.7195,hunt,2,2,-38.8481,False
4185,3,10,3,9,hunt,2,2,-23.6613,hunt,2,2,-41.7667,False
4186,3,10,3,10,hunt,2,2,-26.5997,hunt,2,2,-45.5285,False
4187,3,10,3,11,hunt,2,2,-29.8169,hunt,2,2,-51.2195,False
4188,3,10,3,12,hunt,2,2,-34.4319,hunt,2,2,-58.3913,False
4189,3,10,3,13,wait,2,2,-41.8379,wait,2,2,-71.3707,False
4190,3,10,3,14,hunt,2,2,-86.3161,hunt,2,2,-86.0287,False
4191,3,10,3,15,wait,0,0,0.0,wait,0,0,0.0,False
4192,3,10,4,0,hunt,2,2,-5.2755,hunt,2,2,-13.2364,False
4193,3,10,4,1,hunt,2,2,-5.8815,hunt,2,2,-14.4723,False
4194,3,10,4,2,hunt,2,2,-5.9113,hunt,2,2,-13.4097,False
4195,3,10,4,3,hunt,2,2,-6.6495,hunt,2,2,-15.9958,False
4196,3,10,4,4,hunt,2,2,-7.5429,hunt,2,2,-16.6512,False
4197,3,10,4,5,hunt,2,2,-8.4259,hunt,2,2,-18.9749,False
4198,3,10,4,6,hunt,2,2,-9.3061,hunt,2,2,-20.0838,False
4199,3,10,4,7,hunt,2,2,-10.6468,hunt,2,2,-22.4916,False
4200,3,10,4,8,hunt,2,2,-13.2584,hunt,2,2,-26.3107,False
4201,3,10,4,9,hunt,2,2,-15.1765,hunt,2,2,-29.7818,False
4202,3,10,4,10,hunt,2,2,-17.9546,hunt,2,2,-34.44,False
4203,3,10,4,11,hunt,2,2,-23.7906,hunt,2,2,-44.2272,False
4204,3,10,4,12,wait,2,2,-30.6623,wait,2,2,-54.9794,False
4205,3,10,4,13,wait,2,2,-38.2235,wait,2,2,-68.1017,False
4206,3,10,4,14,wait,2,2,-84.9252,wait,2,2,-84.992,False
4207,3,10,4,15,wait,0,0,0.0,wait,0,0,0.0,False
4208,3,10,5,0,hunt,1,1,2.2896,hunt,1,2,1.9504,True
4209,3,10,5,1,hunt,1,2,2.4587,hunt,1,1,0.5148,True
4210,3,10,5,2,hunt,1,1,1.9199,hunt,1,2,0.5566,True
4211,3,10,5,3,hunt,1,2,2.1587,hunt,1,2,-0.0164,False
4212,3,10,5,4,hunt,1,1,1.0632,hunt,1,1,-1.4932,False
4213,3,10,5,5,hunt,1,2,-0.5295,hunt,1,2,-4.8934,False
4214,3,10,5,6,hunt,1,1,-2.2517,hunt,1,1,-7.7982,False
4215,3,10,5,7,hunt,1,1,-4.1038,hunt,1,1,-10.8769,False
4216,3,10,5,8,hunt,1,2,-7.0557,hunt,1,2,-15.8282,False
4217,3,10,5,9,hunt,1,1,-11.0386,hunt,1,1,-22.175,False
4218,3,10,5,10,hunt,1,1,-15.3092,hunt,1,1,-28.4866,False
4219,3,10,5,11,hunt,1,1,-20.569,hunt,1,1,-37.6697,False
4220,3,10,5,12,hunt,2,2,-29.9306,hunt,0,2,-53.7161,True
4221,3,10,5,13,hunt,2,1,-38.5594,hunt,2,2,-69.0774,True
4222,3,10,5,14,wait,2,1,-85.5272,wait,2,2,-86.1827,True
4223,3,10,5,15,wait,0,0,0.0,wait,0,0,0.0,False
4240,4,0,1,0,wait,2,0,-98.8924,wait,2,0,-98.8985,False
4241,4,0,1,1,wait,2,0,-98.8924,wait,2,0,-98.8985,False
4242,4,0,1,2,wait,2,0,-98.8924,wait,2,0,-98.8985,False
4243,4,0,1,3,wait,2,0,-98.8924,wait,2,0,-98.8985,False
4244,4,0,1,4,wait,2,0,-98.8924,wait,2,0,-98.8985,False
4245,4,0,1,5,wait,2,0,-98.8924,wait,2,0,-98.8985,False
4246,4,0,1,6,wait,2,0,-98.8924,wait,2,0,-98.8985,False
4247,4,0,1,7,wait,2,0,-98.8924,wait,2,0,-98.8985,False
4248,4,0,1,8,wait,2,0,-98.8924,wait,2,0,-98.8985,False
4249,4,0,1,9,wait,2,0,-98.8924,wait,2,0,-98.8985,False
4250,4,0,1,10,wait,2,0,-98.8924,wait,2,0,-98.8985,False
4251,4,0,1,11,wait,2,0,-98.8924,wait,2,0,-98.8985,False
4252,4,0,1,12,wait,2,0,-98.8924,wait,2,0,-98.8985,False
4253,4,0,1,13,wait,2,0,-98.8924,wait,2,0,-98.8985,False
4254,4,0,1,14,wait,2,0,-98.8924,wait,2,0,-98.8985,False
4255,4,0,1,15,wait,0,0,0.0,wait,0,0,0.0,False
4256,4,0,2,0,wait,1,0,-70.7712,wait,1,0,-86.298,False
4257,4,0,2,1,wait,2,0,-70.8438,wait,2,0,-86.5342,False
4258,4,0,2,2,wait,1,0,-70.5364,wait,1,0,-86.3473,False
4259,4,0,2,3,wait,1,0,-71.1681,wait,1,0,-86.848,False
4260,4,0,2,4,wait,1,0,-70.75,wait,1,0,-86.0397,False
4261,4,0,2,5,wait,2,0,-70.9869,wait,1,0,-86.1043,True
4262,4,0,2,6,wait,1,0,-70.5234,wait,1,0,-86.1524,False
4263,4,0,2,7,wait,1,0,-70.3364,wait,1,0,-85.7557,False
4264,4,0,2,8,wait,1,0,-70.4277,wait,1,0,-86.1186,False
4265,4,0,2,9,wait,1,0,-71.3348,wait,1,0,-86.5262,False
4266,4,0,2,10,wait,1,0,-70.0468,wait,1,0,-85.9567,False
4267,4,0,2,11,wait,2,0,-71.1154,wait,2,0,-87.2747,False
4268,4,0,2,12,wait,2,0,-70.9083,wait,2,0,-87.3949,False
4269,4,0,2,13,wait,2,0,-72.387,wait,2,0,-88.3197,False
4270,4,0,2,14,wait,2,0,-93.7674,wait,2,0,-94.0175,False
4271,4,0,2,15,wait,0,0,0.0,wait,0,0,0.0,False
4272,4,0,3,0,wait,1,0,-51.7101,wait,1,0,-71.8477,False
4273,4,0,3,1,wait,1,0,-51.7282,wait,1,0,-72.4937,False
4274,4,0,3,2,wait,1,0,-51.5309,wait,1,0,-71.2602,False
4275,4,0,3,3,wait,1,0,-51.1772,wait,1,0,-71.4296,False
4276,4,0,3,4,wait,1,0,-51.7934,wait,1,0,-71.1533,False
4277,4,0,3,5,wait,1,0,-51.6716,wait,1,0,-71.2107,False
4278,4,0,3,6,wait,1,0,-51.5117,wait,1,0,-71.2738,False
4279,4,0,3,7,wait,1,0,-51.772,wait,1,0,-71.283,False
4280,4,0,3,8,wait,1,0,-51.2952,wait,1,0,-71.3107,False
4281,4,0,3,9,wait,1,0,-51.8542,wait,1,0,-71.6384,False
4282,4,0,3,10,wait,1,0,-52.2744,wait,1,0,-72.4933,False
4283,4,0,3,11,wait,1,0,-52.2667,wait,1,0,-72.5141,False
4284,4,0,3,12,wait,2,0,-54.527,wait,1,0,-75.1495,True
4285,4,0,3,13,wait,2,0,-57.7342,wait,1,0,-81.4933,True
4286,4,0,3,14,wait,2,0,-90.862,wait,1,0,-91.0765,True
4287,4,0,3,15,wait,0,0,0.0,wait,0,0,0.0,False
4288,4,0,4,0,wait,1,0,-36.0299,wait,1,0,-55.4811,False
4289,4,0,4,1,wait,1,0,-36.0895,wait,1,0,-55.5577,False
4290,4,0,4,2,wait,1,0,-36.0403,wait,1,0,-56.2709,False
4291,4,0,4,3,wait,1,0,-36.2257,wait,1,0,-56.2678,False
4292,4,0,4,4,wait,1,0,-36.075,wait,1,0,-55.9392,False
4293,4,0,4,5,wait,1,0,-36.1735,wait,1,0,-56.2916,False
4294,4,0,4,6,wait,1,0,-36.2375,wait,1,0,-56.2107,False
4295,4,0,4,7,wait,1,0,-36.4058,wait,1,0,-57.1867,False
4296,4,0,4,8,wait,1,0,-36.2675,wait,1,0,-55.7809,False
4297,4,0,4,9,wait,1,0,-35.8941,wait,1,0,-56.2119,False
4298,4,0,4,10,wait,1,0,-36.7015,wait,1,0,-57.3698,False
4299,4,0,4,11,wait,1,0,-39.1058,wait,1,0,-60.6729,False
4300,4,0,4,12,wait,1,0,-42.3793,wait,1,0,-66.075,False
4301,4,0,4,13,wait,2,0,-48.1293,wait,2,0,-76.4959,False
4302,4,0,4,14,wait,2,0,-89.2168,wait,2,0,-88.7336,False
4303,4,0,4,15,wait,0,0,0.0,wait,0,0,0.0,False
4304,4,0,5,0,wait,1,0,-25.3338,wait,1,0,-42.2983,False
4305,4,0,5,1,wait,1,0,-25.5047,wait,1,0,-41.4983,False
4306,4,0,5,2,wait,1,0,-25.5049,wait,1,0,-41.9981,False
4307,4,0,5,3,wait,1,0,-25.6632,wait,1,0,-41.7398,False
4308,4,0,5,4,wait,1,0,-25.5006,wait,1,0,-41.7083,False
4309,4,0,5,5,wait,1,0,-25.5983,wait,1,0,-42.2711,False
4310,4,0,5,6,wait,1,0,-26.1837,wait,1,0,-43.0305,False
4311,4,0,5,7,wait,1,0,-25.7249,wait,1,0,-43.1666,False
4312,4,0,5,8,wait,1,0,-25.9935,wait,1,0,-43.5871,False
4313,4,0,5,9,wait,1,0,-27.1044,wait,1,0,-44.8854,False
4314,4,0,5,10,wait,1,0,-28.9366,wait,1,0,-47.5228,False
4315,4,0,5,11,wait,1,0,-32.0833,wait,1,0,-52.5801,False
4316,4,0,5,12,wait,1,0,-37.7166,wait,1,0,-62.5221,False
4317,4,0,5,13,wait,2,0,-44.1288,wait,2,0,-72.9212,False
4318,4,0,5,14,wait,2,0,-87.8862,wait,2,0,-88.0911,False
4319,4,0,5,15,wait,0,0,0.0,wait,0,0,0.0,False
4336,4,1,1,0,wait,1,1,-69.8885,wait,1,1,-84.6385,False
4337,4,1,1,1,wait,1,1,-69.1287,wait,1,1,-85.089,False
4338,4,1,1,2,wait,1,1,-70.3529,wait,1,1,-85.627,False
4339,4,1,1,3,wait,1,1,-69.7225,wait,1,1,-85.0839,False
4340,4,1,1,4,wait,1,1,-70.3102,wait,1,1,-85.665,False
4341,4,1,1,5,wait,1,1,-70.1111,wait,1,1,-85.6789,False
4342,4,1,1,6,wait,1,1,-69.4682,wait,1,1,-85.0824,False
4343,4,1,1,7,wait,2,1,-70.2501,wait,1,1,-85.8716,True
4344,4,1,1,8,wait,1,1,-69.4395,wait,1,1,-84.4242,False
4345,4,1,1,9,wait,1,1,-69.5844,wait,1,1,-85.3375,False
4346,4,1,1,10,wait,2,1,-70.1523,wait,2,1,-85.6174,False
4347,4,1,1,11,wait,2,1,-70.61,wait,2,1,-85.9698,False
4348,4,1,1,12,wait,1,1,-71.2669,wait,2,1,-86.6002,True
4349,4,1,1,13,wait,2,1,-71.5551,wait,2,1,-88.7966,False
4350,4,1,1,14,wait,2,1,-92.9212,wait,2,1,-92.7301,False
4351,4,1,1,15,wait,0,0,0.0,wait,0,0,0.0,False
4352,4,1,2,0,wait,1,1,-50.6627,wait,1,1,-71.0267,False
4353,4,1,2,1,wait,1,1,-49.903,wait,1,1,-70.6952,False
4354,4,1,2,2,wait,1,1,-50.7175,wait,1,1,-71.4933,False
4355,4,1,2,3,wait,1,1,-50.9671,wait,1,1,-70.6618,False
4356,4,1,2,4,wait,1,1,-50.5544,wait,1,1,-70.2206,False
4357,4,1,2,5,wait,1,1,-50.8316,wait,1,1,-69.9942,False
4358,4,1,2,6,wait,1,1,-50.6021,wait,1,1,-71.0029,False
4359,4,1,2,7,wait,1,1,-50.0403,wait,1,1,-70.1923,False
4360,4,1,2,8,wait,1,1,-50.909,wait,1,1,-70.6531,False
4361,4,1,2,9,wait,1,1,-50.7158,wait,1,1,-70.1021,False
4362,4,1,2,10,wait,1,1,-51.1394,wait,1,1,-70.8123,False
4363,4,1,2,11,wait,1,1,-51.812,wait,1,1,-72.0656,False
4364,4,1,2,12,wait,1,1,-53.0231,wait,1,1,-74.753,False
4365,4,1,2,13,wait,2,1,-56.2723,wait,2,1,-80.839,False
4366,4,1,2,14,wait,2,1,-90.1449,wait,2,1,-89.6793,False
4367,4,1,2,15,wait,0,0,0.0,wait,0,0,0.0,False
4368,4,1,3,0,wait,1,1,-35.0902,wait,1,1,-55.5481,False
4369,4,1,3,1,wait,1,1,-34.2984,wait,1,1,-54.0631,False
4370,4,1,3,2,wait,1,1,-34.9606,wait,1,1,-55.6554,False
4371,4,1,3,3,wait,1,1,-35.3016,wait,1,1,-55.3178,False
4372,4,1,3,4,wait,1,1,-35.0188,wait,1,1,-54.6723,False
4373,4,1,3,5,wait,1,1,-34.9071,wait,1,1,-55.4502,False
4374,4,1,3,6,wait,1,1,-35.6951,wait,1,1,-56.985,False
4375,4,1,3,7,wait,1,1,-35.0156,wait,1,1,-55.4511,False
4376,4,1,3,8,wait,1,1,-35.6307,wait,1,1,-56.0031,False
4377,4,1,3,9,wait,1,1,-35.2453,wait,1,1,-55.152,False
4378,4,1,3,10,wait,1,1,-36.3081,wait,1,1,-56.7233,False
4379,4,1,3,11,wait,1,1,-37.8754,wait,1,1,-59.1396,False
4380,4,1,3,12,wait,1,1,-41.5997,wait,1,1,-65.918,False
4381,4,1,3,13,wait,2,1,-47.0382,wait,2,1,-74.9538,False
4382,4,1,3,14,wait,2,1,-88.1824,wait,2,1,-88.6749,False
4383,4,1,3,15,wait,0,0,0.0,wait,0,0,0.0,False
4384,4,1,4,0,wait,1,1,-23.9861,wait,1,1,-40.4925,False
4385,4,1,4,1,wait,1,1,-24.6379,wait,1,1,-40.7904,False
4386,4,1,4,2,wait,1,1,-24.597,wait,1,1,-40.9709,False
4387,4,1,4,3,wait,1,1,-24.1278,wait,1,1,-40.9363,False
4388,4,1,4,4,wait,1,1,-24.3815,wait,1,1,-41.2637,False
4389,4,1,4,5,wait,1,1,-24.448,wait,1,1,-40.8625,False
4390,4,1,4,6,wait,1,1,-24.9288,wait,1,1,-42.5435,False
4391,4,1,4,7,wait,1,1,-24.5322,wait,1,1,-41.7863,False
4392,4,1,4,8,wait,1,1,-24.724,wait,1,1,-41.294,False
4393,4,1,4,9,wait,1,1,-25.9997,wait,1,1,-43.5356,False
4394,4,1,4,10,wait,1,1,-27.6428,wait,1,1,-46.3696,False
4395,4,1,4,11,wait,1,1,-30.7747,wait,1,1,-52.5472,False
4396,4,1,4,12,wait,1,1,-36.5494,wait,1,1,-61.3433,False
4397,4,1,4,13,wait,2,1,-42.4155,wait,2,1,-71.7768,False
4398,4,1,4,14,wait,2,1,-86.9809,wait,2,1,-87.6179,False
4399,4,1,4,15,wait,0,0,0.0,wait,0,0,0.0,False
4400,4,1,5,0,wait,1,1,-13.0766,wait,1,1,-25.5018,False
4401,4,1,5,1,wait,1,1,-13.3334,wait,1,1,-25.4252,False
4402,4,1,5,2,wait,1,1,-13.3697,wait,1,1,-25.6767,False
4403,4,1,5,3,wait,1,1,-13.1209,wait,1,1,-25.2959,False
4404,4,1,5,4,wait,1,1,-14.0677,wait,1,1,-27.8496,False
4405,4,1,5,5,wait,1,1,-13.8177,wait,1,1,-26.9071,False
4406,4,1,5,6,wait,1,1,-14.5668,wait,1,1,-27.476,False
4407,4,1,5,7,wait,1,1,-15.2437,wait,1,1,-28.8272,False
4408,4,1,5,8,wait,1,1,-16.4076,wait,1,1,-31.3609,False
4409,4,1,5,9,wait,1,1,-17.8449,wait,1,1,-33.6205,False
4410,4,1,5,10,wait,1,1,-21.3559,wait,1,1,-39.3643,False
4411,4,1,5,11,wait,1,1,-26.1065,wait,1,1,-47.4705,False
4412,4,1,5,12,wait,1,1,-32.1909,wait,1,1,-56.5908,False
4413,4,1,5,13,wait,2,1,-39.3575,wait,2,1,-70.192,False
4414,4,1,5,14,wait,2,1,-85.8462,wait,2,1,-85.7835,False
4415,4,1,5,15,wait,0,0,0.0,wait,0,0,0.0,False
4432,4,2,1,0,wait,2,2,-51.6421,wait,2,2,-72.9713,False
4433,4,2,1,1,wait,2,2,-51.8145,wait,2,2,-72.9856,False
4434,4,2,1,2,wait,2,2,-51.5946,wait,2,2,-72.8103,False
4435,4,2,1,3,wait,2,2,-51.6545,wait,2,2,-72.621,False
4436,4,2,1,4,wait,2,2,-51.7714,wait,2,2,-72.8787,False
4437,4,2,1,5,wait,2,2,-51.6176,wait,2,2,-73.2039,False
4438,4,2,1,6,wait,2,2,-51.6515,wait,2,2,-72.9521,False
4439,4,2,1,7,wait,2,2,-51.9257,wait,2,2,-73.6328,False
4440,4,2,1,8,wait,2,2,-51.8235,wait,2,2,-73.127,False
4441,4,2,1,9,wait,2,2,-51.5668,wait,2,2,-73.4191,False
4442,4,2,1,10,wait,2,2,-52.2382,wait,2,2,-73.9823,False
4443,4,2,1,11,wait,2,2,-51.841,wait,2,2,-74.016,False
4444,4,2,1,12,wait,2,2,-52.8978,wait,2,2,-75.0644,False
4445,4,2,1,13,wait,2,2,-56.1495,wait,2,2,-80.1615,False
4446,4,2,1,14,wait,2,2,-89.3639,wait,2,2,-89.5378,False
4447,4,2,1,15,wait,0,0,0.0,wait,0,0,0.0,False
4448,4,2,2,0,wait,2,2,-37.0396,wait,2,2,-58.8494,False
4449,4,2,2,1,wait,2,2,-37.041,wait,2,2,-59.8484,False
4450,4,2,2,2,wait,2,2,-36.8728,wait,2,2,-59.8438,False
4451,4,2,2,3,wait,2,2,-37.1244,wait,2,2,-59.7378,False
4452,4,2,2,4,wait,2,2,-37.1289,wait,2,2,-58.5669,False
4453,4,2,2,5,wait,2,2,-37.0085,wait,2,2,-59.6182,False
4454,4,2,2,6,wait,2,2,-37.1824,wait,2,2,-58.7901,False
4455,4,2,2,7,wait,2,2,-37.1737,wait,2,2,-59.9562,False
4456,4,2,2,8,wait,2,2,-36.6653,wait,2,2,-58.837,False
4457,4,2,2,9,wait,2,2,-37.1793,wait,2,2,-59.0165,False
4458,4,2,2,10,wait,2,2,-37.6892,wait,2,2,-59.6587,False
4459,4,2,2,11,wait,2,2,-38.0171,wait,2,2,-61.1549,False
4460,4,2,2,12,wait,2,2,-40.8706,wait,2,2,-66.1167,False
4461,4,2,2,13,wait,2,2,-46.8129,wait,2,2,-74.6896,False
4462,4,2,2,14,wait,2,2,-87.1429,wait,2,2,-87.099,False
4463,4,2,2,15,wait,0,0,0.0,wait,0,0,0.0,False
4464,4,2,3,0,wait,2,2,-26.9435,wait,2,2,-46.3456,False
4465,4,2,3,1,wait,2,2,-26.5507,wait,2,2,-45.5976,False
4466,4,2,3,2,wait,2,2,-26.7935,wait,2,2,-45.6301,False
4467,4,2,3,3,wait,2,2,-26.6186,wait,2,2,-46.0922,False
4468,4,2,3,4,wait,2,2,-27.4721,wait,2,2,-46.9065,False
4469,4,2,3,5,wait,2,2,-26.8207,wait,2,2,-46.069,False
4470,4,2,3,6,wait,2,2,-27.249,wait,2,2,-46.8149,False
4471,4,2,3,7,wait,2,2,-26.8711,wait,2,2,-47.1399,False
4472,4,2,3,8,wait,2,2,-27.4546,wait,2,2,-47.2995,False
4473,4,2,3,9,wait,2,2,-27.7054,wait,2,2,-47.5833,False
4474,4,2,3,10,wait,2,2,-28.4804,wait,2,2,-49.5655,False
4475,4,2,3,11,wait,2,2,-30.9093,wait,2,2,-52.8091,False
4476,4,2,3,12,wait,2,2,-35.4604,wait,2,2,-59.6279,False
4477,4,2,3,13,wait,2,2,-42.0411,wait,2,2,-71.8685,False
4478,4,2,3,14,wait,2,2,-87.3212,wait,2,2,-88.1931,False
4479,4,2,3,15,wait,0,0,0.0,wait,0,0,0.0,False
4480,4,2,4,0,wait,2,2,-15.7242,wait,2,2,-30.2163,False
4481,4,2,4,1,wait,2,2,-16.1093,wait,2,2,-31.4882,False
4482,4,2,4,2,wait,2,2,-16.3742,wait,2,2,-31.1974,False
4483,4,2,4,3,wait,2,2,-16.1282,wait,2,2,-30.8717,False
4484,4,2,4,4,wait,2,2,-16.4978,wait,1,1,-32.4657,True
4485,4,2,4,5,wait,2,2,-16.6227,wait,2,2,-32.7512,False
4486,4,2,4,6,wait,2,2,-17.2723,wait,1,1,-32.6784,True
4487,4,2,4,7,wait,2,2,-17.5021,wait,2,2,-33.7659,False
4488,4,2,4,8,wait,2,2,-18.1967,wait,2,2,-34.7808,False
4489,4,2,4,9,wait,2,2,-19.0573,wait,1,1,-37.0095,True
4490,4,2,4,10,wait,2,2,-21.2433,wait,2,2,-39.9228,False
4491,4,2,4,11,wait,2,2,-25.3506,wait,2,2,-47.2897,False
4492,4,2,4,12,wait,2,2,-31.0781,wait,2,2,-55.1322,False
4493,4,2,4,13,wait,2,2,-38.6951,wait,2,2,-68.9062,False
4494,4,2,4,14,wait,2,2,-85.2266,wait,2,2,-85.6546,False
4495,4,2,4,15,wait,0,0,0.0,wait,0,0,0.0,False
4496,4,2,5,0,wait,1,1,-7.1209,wait,1,1,-15.6397,False
4497,4,2,5,1,wait,1,1,-7.1975,wait,1,1,-15.6146,False
4498,4,2,5,2,wait,1,1,-7.2864,wait,1,1,-15.4212,False
4499,4,2,5,3,wait,1,1,-7.4769,wait,1,1,-16.4991,False
4500,4,2,5,4,wait,1,1,-7.803,wait,1,1,-16.9706,False
4501,4,2,5,5,wait,1,1,-8.6661,wait,1,1,-17.6843,False
4502,4,2,5,6,wait,1,1,-9.4156,wait,1,1,-19.0071,False
4503,4,2,5,7,wait,1,1,-10.8448,wait,1,1,-21.6942,False
4504,4,2,5,8,wait,1,1,-12.1348,wait,1,1,-23.8316,False
4505,4,2,5,9,wait,1,1,-14.9129,wait,1,1,-28.6184,False
4506,4,2,5,10,wait,1,1,-18.4831,wait,1,1,-33.7449,False
4507,4,2,5,11,wait,1,1,-24.2458,wait,1,1,-43.3721,False
4508,4,2,5,12,wait,2,1,-30.9045,wait,2,1,-55.0488,False
4509,4,2,5,13,wait,2,2,-38.5246,wait,2,2,-69.1725,False
4510,4,2,5,14,wait,1,2,-85.5152,wait,1,2,-85.5524,False
4511,4,2,5,15,wait,0,0,0.0,wait,0,0,0.0,False
4528,4,3,1,0,wait,2,2,-48.9094,wait,2,2,-68.5323,False
4529,4,3,1,1,wait,2,2,-49.2018,wait,2,2,-67.8555,False
4530,4,3,1,2,wait,2,2,-49.1943,wait,2,2,-68.8597,False
4531,4,3,1,3,wait,2,2,-48.777,wait,2,2,-68.7904,False
4532,4,3,1,4,wait,2,2,-49.8254,wait,2,2,-68.9209,False
4533,4,3,1,5,wait,2,2,-48.7006,wait,2,2,-68.2059,False
4534,4,3,1,6,wait,2,2,-49.2355,wait,2,2,-68.9402,False
4535,4,3,1,7,wait,2,2,-49.3861,wait,2,2,-69.5046,False
4536,4,3,1,8,wait,2,2,-49.9398,wait,2,2,-69.902,False
4537,4,3,1,9,wait,2,2,-49.1831,wait,2,2,-68.7181,False
4538,4,3,1,10,wait,2,2,-49.418,wait,2,2,-68.3443,False
4539,4,3,1,11,wait,2,2,-49.6063,wait,2,2,-69.546,False
4540,4,3,1,12,wait,2,2,-51.0391,wait,2,2,-71.877,False
4541,4,3,1,13,wait,2,2,-55.0832,wait,2,2,-78.0082,False
4542,4,3,1,14,wait,2,2,-89.6458,wait,2,2,-89.2139,False
4543,4,3,1,15,wait,0,0,0.0,wait,0,0,0.0,False
4544,4,3,2,0,wait,2,2,-33.049,wait,2,2,-52.5469,False
4545,4,3,2,1,wait,2,2,-33.267,wait,2,2,-52.536,False
4546,4,3,2,2,wait,2,2,-33.5612,wait,2,2,-53.2418,False
4547,4,3,2,3,wait,2,2,-33.6328,wait,2,2,-52.7425,False
4548,4,3,2,4,wait,2,2,-33.7952,wait,2,2,-54.093,False
4549,4,3,2,5,wait,2,2,-33.5862,wait,2,2,-53.3282,False
4550,4,3,2,6,wait,2,2,-33.4093,wait,2,2,-53.7054,False
4551,4,3,2,7,wait,2,2,-33.199,wait,2,2,-52.7639,False
4552,4,3,2,8,wait,2,2,-33.4247,wait,2,2,-53.1112,False
4553,4,3,2,9,wait,2,2,-33.5673,wait,2,2,-53.3939,False
4554,4,3,2,10,wait,2,2,-33.9641,wait,2,2,-53.3872,False
4555,4,3,2,11,wait,2,2,-35.6996,wait,2,2,-56.8685,False
4556,4,3,2,12,wait,2,2,-39.439,wait,2,2,-62.8181,False
4557,4,3,2,13,wait,2,2,-45.8629,wait,2,2,-73.0952,False
4558,4,3,2,14,wait,2,2,-87.5428,wait,2,2,-87.5163,False
4559,4,3,2,15,wait,0,0,0.0,wait,0,0,0.0,False
4560,4,3,3,0,wait,2,2,-22.1281,wait,2,2,-38.1307,False
4561,4,3,3,1,wait,2,2,-22.3853,wait,2,2,-38.8277,False
4562,4,3,3,2,wait,2,2,-22.4573,wait,2,2,-38.6681,False
4563,4,3,3,3,wait,2,2,-22.3308,wait,2,2,-38.523,False
4564,4,3,3,4,wait,2,2,-22.6864,wait,2,2,-39.3806,False
4565,4,3,3,5,wait,2,2,-22.8313,wait,2,2,-39.6921,False
4566,4,3,3,6,wait,2,2,-23.2724,wait,2,2,-40.6534,False
4567,4,3,3,7,wait,2,2,-23.2188,wait,2,2,-39.9532,False
4568,4,3,3,8,wait,2,2,-23.6716,wait,2,2,-39.9769,False
4569,4,3,3,9,wait,2,2,-24.4643,wait,2,2,-41.4917,False
4570,4,3,3,10,wait,2,2,-25.8804,wait,2,2,-44.8805,False
4571,4,3,3,11,wait,2,2,-28.8833,wait,2,2,-49.3156,False
4572,4,3,3,12,wait,2,2,-34.208,wait,2,2,-57.9634,False
4573,4,3,3,13,wait,2,2,-41.444,wait,2,2,-70.8106,False
4574,4,3,3,14,hunt,2,2,-87.0261,hunt,2,2,-87.327,False
4575,4,3,3,15,wait,0,0,0.0,wait,0,0,0.0,False
4576,4,3,4,0,wait,2,2,-10.6131,wait,2,2,-22.0227,False
4577,4,3,4,1,wait,2,2,-10.9679,wait,2,2,-23.6285,False
4578,4,3,4,2,wait,2,2,-10.7541,wait,2,2,-22.5471,False
4579,4,3,4,3,wait,2,2,-10.9908,wait,2,2,-23.0332,False
4580,4,3,4,4,wait,2,2,-11.5977,wait,2,2,-23.1961,False
4581,4,3,4,5,wait,2,2,-11.5387,wait,2,2,-23.6488,False
4582,4,3,4,6,wait,2,2,-12.2237,wait,2,2,-25.3546,False
4583,4,3,4,7,wait,2,2,-12.975,wait,2,2,-26.7053,False
4584,4,3,4,8,wait,2,2,-13.9233,wait,2,2,-27.2923,False
4585,4,3,4,9,wait,2,2,-16.1961,wait,2,2,-32.0717,False
4586,4,3,4,10,wait,2,2,-19.2214,wait,2,2,-36.1985,False
4587,4,3,4,11,wait,2,2,-23.1502,wait,2,2,-43.2082,False
4588,4,3,4,12,wait,2,2,-30.3015,wait,2,2,-55.0311,False
4589,4,3,4,13,wait,2,2,-38.5328,wait,2,2,-69.4044,False
4590,4,3,4,14,wait,2,2,-85.7001,wait,2,2,-84.7998,False
4591,4,3,4,15,wait,0,0,0.0,wait,0,0,0.0,False
4592,4,3,5,0,wait,1,1,-3.6292,wait,1,1,-9.3926,False
4593,4,3,5,1,hunt,1,1,-3.637,hunt,1,1,-9.3791,False
4594,4,3,5,2,hunt,1,1,-4.0386,hunt,1,1,-10.3343,False
4595,4,3,5,3,hunt,1,1,-4.3473,hunt,1,1,-10.8547,False
4596,4,3,5,4,wait,1,1,-4.8356,wait,1,1,-11.6131,False
4597,4,3,5,5,hunt,1,1,-6.0473,hunt,1,1,-12.9112,False
4598,4,3,5,6,wait,1,1,-7.1078,wait,1,1,-15.2233,False
4599,4,3,5,7,wait,1,1,-8.658,wait,1,1,-17.9409,False
4600,4,3,5,8,wait,1,1,-10.5402,wait,1,1,-21.1951,False
4601,4,3,5,9,wait,1,1,-13.7835,wait,1,1,-26.1539,False
4602,4,3,5,10,wait,1,1,-17.7339,wait,1,1,-33.0233,False
4603,4,3,5,11,wait,2,2,-23.739,wait,1,2,-43.7599,True
4604,4,3,5,12,wait,1,2,-30.4306,hunt,1,1,-55.5186,True
4605,4,3,5,13,wait,1,2,-38.6917,wait,1,2,-68.036,False
4606,4,3,5,14,hunt,2,1,-85.6214,hunt,1,2,-85.9369,True
4607,4,3,5,15,wait,0,0,0.0,wait,0,0,0.0,False
4624,4,4,1,0,wait,2,2,-48.4223,wait,2,2,-68.0471,False
4625,4,4,1,1,wait,2,2,-47.5917,wait,2,2,-66.4055,False
4626,4,4,1,2,wait,2,2,-47.774,wait,2,2,-66.118,False
4627,4,4,1,3,wait,2,2,-47.6229,wait,2,2,-66.8148,False
4628,4,4,1,4,wait,2,2,-48.2712,wait,2,2,-67.1793,False
4629,4,4,1,5,wait,2,2,-47.2442,wait,2,2,-66.5413,False
4630,4,4,1,6,wait,2,2,-48.374,wait,2,2,-66.5332,False
4631,4,4,1,7,wait,2,2,-48.656,wait,2,2,-67.0608,False
4632,4,4,1,8,wait,2,2,-48.0216,wait,2,2,-67.1288,False
4633,4,4,1,9,wait,2,2,-47.9596,wait,2,2,-66.7992,False
4634,4,4,1,10,wait,2,2,-47.4097,wait,2,2,-66.3729,False
4635,4,4,1,11,wait,2,2,-48.6415,wait,2,2,-67.419,False
4636,4,4,1,12,wait,2,2,-50.4305,wait,2,2,-70.9796,False
4637,4,4,1,13,wait,2,2,-54.3199,wait,2,2,-77.2527,False
4638,4,4,1,14,wait,2,2,-89.6881,wait,2,2,-90.6823,False
4639,4,4,1,15,wait,0,0,0.0,wait,0,0,0.0,False
4640,4,4,2,0,wait,2,2,-31.9427,wait,2,2,-50.4652,False
4641,4,4,2,1,wait,2,2,-31.8565,wait,2,2,-50.158,False
4642,4,4,2,2,wait,2,2,-31.6386,wait,2,2,-50.2113,False
4643,4,4,2,3,wait,2,2,-32.2986,wait,2,2,-51.523,False
4644,4,4,2,4,wait,2,2,-31.7061,wait,2,2,-51.1653,False
4645,4,4,2,5,wait,2,2,-31.6032,wait,2,2,-50.3314,False
4646,4,4,2,6,wait,2,2,-31.9782,wait,2,2,-50.9631,False
4647,4,4,2,7,wait,2,2,-31.7084,wait,2,2,-49.8643,False
4648,4,4,2,8,wait,2,2,-31.9275,wait,2,2,-51.5204,False
4649,4,4,2,9,wait,2,2,-32.1953,wait,2,2,-51.5664,False
4650,4,4,2,10,wait,2,2,-33.3604,wait,2,2,-52.3091,False
4651,4,4,2,11,wait,2,2,-35.374,wait,2,2,-55.8628,False
4652,4,4,2,12,wait,2,2,-38.6511,wait,2,2,-61.6629,False
4653,4,4,2,13,wait,2,2,-45.7944,wait,2,2,-73.1856,False
4654,4,4,2,14,hunt,2,2,-87.7002,hunt,2,2,-88.0303,False
4655,4,4,2,15,wait,0,0,0.0,wait,0,0,0.0,False
4656,4,4,3,0,hunt,2,2,-20.5074,hunt,2,2,-34.5156,False
4657,4,4,3,1,wait,2,2,-20.4555,wait,2,2,-35.963,False
4658,4,4,3,2,hunt,2,2,-20.1438,hunt,2,2,-34.6532,False
4659,4,4,3,3,wait,2,2,-20.1891,wait,2,2,-34.2991,False
4660,4,4,3,4,wait,2,2,-20.7712,wait,2,2,-36.1476,False
4661,4,4,3,5,wait,2,2,-20.7468,wait,2,2,-35.9479,False
4662,4,4,3,6,hunt,2,2,-20.9667,hunt,2,2,-36.3291,False
4663,4,4,3,7,wait,2,2,-21.0588,wait,2,2,-36.64,False
4664,4,4,3,8,wait,2,2,-21.6973,wait,2,2,-37.0206,False
4665,4,4,3,9,wait,2,2,-22.6918,wait,2,2,-38.7161,False
4666,4,4,3,10,wait,2,2,-24.4351,wait,2,2,-42.0057,False
4667,4,4,3,11,wait,2,2,-28.1655,wait,2,2,-48.0472,False
4668,4,4,3,12,wait,2,2,-33.6517,wait,2,2,-56.6829,False
4669,4,4,3,13,wait,2,2,-40.9658,wait,2,2,-69.463,False
4670,4,4,3,14,wait,2,2,-86.4201,wait,2,2,-87.0944,False
4671,4,4,3,15,wait,0,0,0.0,wait,0,0,0.0,False
4672,4,4,4,0,wait,2,2,-7.0968,wait,2,2,-16.5807,False
4673,4,4,4,1,wait,2,2,-7.3539,hunt,2,2,-16.8952,True
4674,4,4,4,2,wait,2,2,-7.5673,wait,2,2,-17.6268,False
4675,4,4,4,3,wait,2,2,-7.4949,wait,2,2,-17.1039,False
4676,4,4,4,4,wait,2,2,-8.3346,wait,2,2,-18.6782,False
4677,4,4,4,5,wait,2,2,-8.3108,wait,2,2,-18.6092,False
4678,4,4,4,6,wait,2,2,-9.4602,wait,2,2,-20.7053,False
4679,4,4,4,7,wait,2,2,-10.405,wait,2,2,-21.8692,False
4680,4,4,4,8,wait,2,2,-11.9914,wait,2,2,-23.9359,False
4681,4,4,4,9,wait,2,2,-14.4574,wait,2,2,-28.4228,False
4682,4,4,4,10,wait,2,2,-17.8891,wait,2,2,-34.8556,False
4683,4,4,4,11,wait,2,2,-22.9924,wait,2,2,-42.9616,False
4684,4,4,4,12,hunt,2,2,-29.8379,hunt,2,2,-54.3426,False
4685,4,4,4,13,wait,2,2,-37.6156,wait,2,2,-66.984,False
4686,4,4,4,14,hunt,2,2,-85.8053,wait,2,1,-86.4664,True
4687,4,4,4,15,wait,0,0,0.0,wait,0,0,0.0,False
4688,4,4,5,0,hunt,1,1,0.0693,hunt,1,1,-3.3617,False
4689,4,4,5,1,hunt,1,1,-0.3108,hunt,1,1,-3.7445,False
4690,4,4,5,2,hunt,1,1,-0.6229,hunt,1,1,-4.2894,False
4691,4,4,5,3,hunt,1,1,-1.1672,hunt,1,1,-5.43,False
4692,4,4,5,4,hunt,1,1,-1.951,hunt,1,1,-6.4538,False
4693,4,4,5,5,hunt,1,1,-2.7191,hunt,1,1,-8.6883,False
4694,4,4,5,6,hunt,1,1,-4.1887,hunt,1,1,-10.5509,False
4695,4,4,5,7,hunt,1,1,-6.6338,hunt,1,1,-15.1628,False
4696,4,4,5,8,hunt,1,1,-9.4719,hunt,1,1,-19.3462,False
4697,4,4,5,9,wait,1,2,-13.1651,wait,1,1,-25.7517,True
4698,4,4,5,10,wait,1,2,-17.3283,wait,1,2,-32.6192,False
4699,4,4,5,11,wait,2,2,-23.1389,hunt,1,1,-42.8163,True
4700,4,4,5,12,wait,1,2,-30.0095,wait,1,2,-54.6271,False
4701,4,4,5,13,hunt,1,2,-38.4441,hunt,2,1,-68.7783,True
4702,4,4,5,14,wait,2,0,-85.4337,wait,2,2,-86.0838,True
4703,4,4,5,15,wait,0,0,0.0,wait,0,0,0.0,False
4720,4,5,1,0,wait,2,2,-47.1778,wait,2,2,-65.4977,False
4721,4,5,1,1,wait,2,2,-47.1741,wait,2,2,-65.8751,False
4722,4,5,1,2,wait,2,2,-47.1073,wait,2,2,-65.0774,False
4723,4,5,1,3,wait,2,2,-47.7484,wait,2,2,-65.3202,False
4724,4,5,1,4,wait,2,2,-47.8428,wait,2,2,-66.6718,False
4725,4,5,1,5,wait,2,2,-47.453,wait,2,2,-65.6133,False
4726,4,5,1,6,wait,2,2,-47.3198,wait,2,2,-66.1052,False
4727,4,5,1,7,wait,2,2,-47.1449,wait,2,2,-66.0992,False
4728,4,5,1,8,wait,2,2,-47.6695,wait,2,2,-65.8866,False
4729,4,5,1,9,wait,2,2,-48.0118,wait,2,2,-66.4186,False
4730,4,5,1,10,wait,2,2,-47.2091,wait,2,2,-64.7342,False
4731,4,5,1,11,wait,2,2,-47.1198,wait,2,2,-65.2103,False
4732,4,5,1,12,wait,2,2,-50.2744,wait,2,2,-70.109,False
4733,4,5,1,13,wait,2,2,-54.5466,wait,2,2,-76.9935,False
4734,4,5,1,14,hunt,2,2,-88.8636,hunt,2,2,-88.3061,False
4735,4,5,1,15,wait,0,0,0.0,wait,0,0,0.0,False
4736,4,5,2,0,wait,2,2,-30.0183,wait,2,2,-48.1449,False
4737,4,5,2,1,hunt,2,2,-31.0718,hunt,2,2,-48.7008,False
4738,4,5,2,2,wait,2,2,-30.1883,wait,2,2,-47.8431,False
4739,4,5,2,3,wait,2,2,-30.62,wait,2,2,-48.4595,False
4740,4,5,2,4,wait,2,2,-30.4693,wait,2,2,-48.5705,False
4741,4,5,2,5,hunt,2,2,-30.8517,hunt,2,2,-48.896,False
4742,4,5,2,6,hunt,2,2,-31.3349,wait,2,2,-49.678,True
4743,4,5,2,7,wait,2,2,-30.7836,wait,2,2,-48.3553,False
4744,4,5,2,8,wait,2,2,-30.8078,wait,2,2,-48.6682,False
4745,4,5,2,9,wait,2,2,-31.1479,wait,2,2,-49.3886,False
4746,4,5,2,10,wait,2,2,-32.2988,wait,2,2,-51.5003,False
4747,4,5,2,11,wait,2,2,-34.9369,wait,2,2,-55.4555,False
4748,4,5,2,12,wait,2,2,-38.4222,wait,2,2,-61.5273,False
4749,4,5,2,13,hunt,2,2,-45.493,hunt,2,2,-73.1412,False
4750,4,5,2,14,hunt,2,2,-87.2059,hunt,2,2,-86.4854,False
4751,4,5,2,15,wait,0,0,0.0,wait,0,0,0.0,False
4752,4,5,3,0,hunt,2,2,-18.0048,hunt,2,2,-30.9762,False
4753,4,5,3,1,wait,2,2,-17.3735,wait,2,2,-30.465,False
4754,4,5,3,2,hunt,2,2,-17.8284,hunt,2,2,-30.7445,False
4755,4,5,3,3,hunt,2,2,-17.5451,hunt,2,2,-30.644,False
4756,4,5,3,4,wait,2,2,-18.1581,wait,2,2,-31.3484,False
4757,4,5,3,5,hunt,2,2,-18.5513,hunt,2,2,-31.962,False
4758,4,5,3,6,hunt,2,2,-18.5462,hunt,2,2,-33.2351,False
4759,4,5,3,7,hunt,2,2,-19.6529,hunt,2,2,-33.9349,False
4760,4,5,3,8,hunt,2,2,-20.4067,wait,2,2,-35.8508,True
4761,4,5,3,9,wait,2,2,-21.2864,wait,2,2,-36.677,False
4762,4,5,3,10,wait,2,2,-23.9286,wait,2,2,-41.0722,False
4763,4,5,3,11,wait,2,2,-27.7162,wait,2,2,-48.4447,False
4764,4,5,3,12,wait,2,2,-33.7964,wait,2,2,-57.1013,False
4765,4,5,3,13,wait,2,2,-40.9503,wait,2,2,-68.2356,False
4766,4,5,3,14,hunt,2,2,-86.4143,hunt,2,2,-85.6371,False
4767,4,5,3,15,wait,0,0,0.0,wait,0,0,0.0,False
4768,4,5,4,0,wait,2,2,-3.9515,wait,2,2,-11.381,False
4769,4,5,4,1,hunt,2,2,-4.6693,hunt,2,2,-12.8141,False
4770,4,5,4,2,hunt,2,2,-4.8703,hunt,2,2,-12.2291,False
4771,4,5,4,3,wait,2,2,-4.6308,wait,2,2,-12.8769,False
4772,4,5,4,4,wait,2,2,-5.8083,wait,2,2,-14.4391,False
4773,4,5,4,5,wait,2,2,-6.4327,wait,2,2,-15.4763,False
4774,4,5,4,6,wait,2,2,-7.4465,wait,2,2,-16.9506,False
4775,4,5,4,7,wait,2,2,-8.9468,wait,2,2,-19.9559,False
4776,4,5,4,8,wait,2,2,-10.0387,wait,2,2,-20.9083,False
4777,4,5,4,9,wait,2,2,-13.3028,wait,2,2,-26.0291,False
4778,4,5,4,10,wait,2,2,-17.5082,wait,2,2,-33.7612,False
4779,4,5,4,11,hunt,2,2,-23.0508,hunt,2,2,-42.9962,False
4780,4,5,4,12,hunt,2,2,-29.8467,hunt,2,2,-54.2955,False
4781,4,5,4,13,wait,2,2,-38.1258,wait,2,2,-69.0817,False
4782,4,5,4,14,wait,2,2,-85.5912,wait,2,2,-85.0375,False
4783,4,5,4,15,wait,0,0,0.0,wait,0,0,0.0,False
4784,4,5,5,0,hunt,1,1,2.2726,wait,1,1,0.6325,True
4785,4,5,5,1,hunt,1,1,2.3139,hunt,1,1,0.6214,False
4786,4,5,5,2,hunt,1,1,1.8913,hunt,1,1,-0.3307,False
4787,4,5,5,3,hunt,1,1,1.3041,hunt,1,1,-1.4601,False
4788,4,5,5,4,hunt,1,1,0.4237,hunt,1,1,-2.9081,False
4789,4,5,5,5,hunt,1,1,-1.0903,hunt,1,1,-5.1258,False
4790,4,5,5,6,hunt,1,1,-2.4651,hunt,1,1,-7.7216,False
4791,4,5,5,7,hunt,1,1,-5.1014,hunt,1,1,-11.9097,False
4792,4,5,5,8,hunt,1,1,-7.9121,hunt,1,1,-16.6819,False
4793,4,5,5,9,hunt,1,1,-11.7958,hunt,1,1,-23.025,False
4794,4,5,5,10,hunt,1,1,-16.4416,hunt,1,1,-30.9578,False
4795,4,5,5,11,hunt,2,2,-22.3706,hunt,1,1,-41.326,True
4796,4,5,5,12,hunt,2,2,-29.4146,hunt,2,2,-53.4604,False
4797,4,5,5,13,hunt,2,2,-38.1596,wait,2,2,-68.3796,True
4798,4,5,5,14,hunt,2,2,-85.4151,wait,2,2,-85.7054,True
4799,4,5,5,15,wait,0,0,0.0,wait,0,0,0.0,False
4816,4,6,1,0,wait,2,2,-47.4223,wait,2,2,-65.587,False
4817,4,6,1,1,wait,2,2,-47.7302,wait,2,2,-66.0495,False
4818,4,6,1,2,wait,2,2,-47.6366,wait,2,2,-65.8642,False
4819,4,6,1,3,hunt,2,2,-48.0059,hunt,2,2,-66.3535,False
4820,4,6,1,4,wait,2,2,-47.2164,wait,2,2,-64.7798,False
4821,4,6,1,5,hunt,2,2,-47.4852,hunt,2,2,-65.5188,False
4822,4,6,1,6,wait,2,2,-47.012,wait,2,2,-64.8725,False
4823,4,6,1,7,hunt,2,2,-47.2061,hunt,2,2,-66.2631,False
4824,4,6,1,8,wait,2,2,-47.1188,wait,2,2,-65.1274,False
4825,4,6,1,9,hunt,2,2,-47.9803,wait,2,2,-66.9654,True
4826,4,6,1,10,wait,2,2,-47.2046,wait,2,2,-65.8679,False
4827,4,6,1,11,wait,2,2,-47.6624,wait,2,2,-65.8669,False
4828,4,6,1,12,wait,2,2,-49.9591,wait,2,2,-70.2234,False
4829,4,6,1,13,wait,2,2,-54.7482,wait,2,2,-77.9068,False
4830,4,6,1,14,wait,2,2,-89.8707,wait,2,2,-90.5873,False
4831,4,6,1,15,wait,0,0,0.0,wait,0,0,0.0,False
4832,4,6,2,0,wait,2,2,-29.4189,wait,2,2,-46.938,False
4833,4,6,2,1,hunt,2,2,-29.0458,hunt,2,2,-45.977,False
4834,4,6,2,2,hunt,2,2,-28.6247,hunt,2,2,-44.7209,False
4835,4,6,2,3,hunt,2,2,-29.2619,hunt,2,2,-46.4464,False
4836,4,6,2,4,hunt,2,2,-29.4198,hunt,2,2,-46.4778,False
4837,4,6,2,5,hunt,2,2,-29.6976,hunt,2,2,-46.1054,False
4838,4,6,2,6,hunt,2,2,-30.1078,hunt,2,2,-47.9934,False
4839,4,6,2,7,wait,2,2,-30.2867,wait,2,2,-47.3132,False
4840,4,6,2,8,hunt,2,2,-30.7419,hunt,2,2,-48.4727,False
4841,4,6,2,9,wait,2,2,-30.7863,wait,2,2,-48.5716,False
4842,4,6,2,10,wait,2,2,-32.3606,wait,2,2,-50.8464,False
4843,4,6,2,11,hunt,2,2,-34.4418,hunt,2,2,-54.9462,False
4844,4,6,2,12,wait,2,2,-37.725,wait,2,2,-61.0026,False
4845,4,6,2,13,wait,2,2,-45.2963,wait,2,2,-73.1338,False
4846,4,6,2,14,hunt,2,2,-87.2437,hunt,2,2,-87.1677,False
4847,4,6,2,15,wait,0,0,0.0,wait,0,0,0.0,False
4848,4,6,3,0,hunt,2,2,-15.2471,hunt,2,2,-26.7147,False
4849,4,6,3,1,hunt,2,2,-15.3273,hunt,2,2,-26.8432,False
4850,4,6,3,2,hunt,2,2,-15.8194,hunt,2,2,-27.1501,False
4851,4,6,3,3,hunt,2,2,-15.6487,hunt,2,2,-27.8754,False
4852,4,6,3,4,hunt,2,2,-15.6729,hunt,2,2,-27.3172,False
4853,4,6,3,5,hunt,2,2,-16.0927,hunt,2,2,-27.6599,False
4854,4,6,3,6,hunt,2,2,-17.4666,hunt,2,2,-30.3545,False
4855,4,6,3,7,hunt,2,2,-17.4614,hunt,2,2,-30.7311,False
4856,4,6,3,8,hunt,2,2,-18.8352,hunt,2,2,-32.3074,False
4857,4,6,3,9,hunt,2,2,-20.646,hunt,2,2,-35.5273,False
4858,4,6,3,10,wait,2,2,-23.2511,wait,2,2,-39.6074,False
4859,4,6,3,11,wait,2,2,-27.0162,wait,2,2,-46.9769,False
4860,4,6,3,12,hunt,2,2,-33.6157,hunt,2,2,-57.5186,False
4861,4,6,3,13,wait,2,2,-41.3253,wait,2,2,-69.8403,False
4862,4,6,3,14,hunt,2,2,-86.3367,hunt,2,2,-86.4867,False
4863,4,6,3,15,wait,0,0,0.0,wait,0,0,0.0,False
4864,4,6,4,0,hunt,2,2,-2.1291,hunt,2,2,-7.6614,False
4865,4,6,4,1,hunt,2,2,-2.3448,hunt,2,2,-8.2378,False
4866,4,6,4,2,hunt,2,2,-2.2494,hunt,2,2,-8.6039,False
4867,4,6,4,3,hunt,2,2,-2.5403,hunt,2,2,-9.2394,False
4868,4,6,4,4,hunt,2,2,-3.8379,hunt,2,2,-10.5779,False
4869,4,6,4,5,hunt,2,2,-4.5431,hunt,2,2,-12.7709,False
4870,4,6,4,6,hunt,2,2,-5.4159,hunt,2,2,-13.4701,False
4871,4,6,4,7,hunt,2,2,-7.175,hunt,2,2,-16.1961,False
4872,4,6,4,8,hunt,2,2,-9.3316,hunt,2,2,-20.5601,False
4873,4,6,4,9,hunt,2,2,-12.9091,hunt,2,2,-25.1796,False
4874,4,6,4,10,hunt,2,2,-17.3587,hunt,2,2,-33.2359,False
4875,4,6,4,11,hunt,2,2,-22.3343,hunt,2,2,-41.817,False
4876,4,6,4,12,hunt,2,2,-29.6468,hunt,2,2,-54.447,False
4877,4,6,4,13,wait,2,2,-38.4464,wait,2,2,-68.3377,False
4878,4,6,4,14,wait,2,2,-85.3523,wait,2,2,-84.0845,False
4879,4,6,4,15,wait,0,0,0.0,wait,0,0,0.0,False
4880,4,6,5,0,wait,1,1,3.2152,hunt,1,1,2.6466,True
4881,4,6,5,1,wait,1,2,2.1227,hunt,1,1,3.0325,True
4882,4,6,5,2,hunt,1,1,3.1914,hunt,1,1,1.9305,False
4883,4,6,5,3,hunt,1,2,1.9896,hunt,1,1,2.8145,True
4884,4,6,5,4,hunt,1,1,2.1542,hunt,1,1,0.0721,False
4885,4,6,5,5,hunt,1,1,0.5417,hunt,1,1,-2.4907,False
4886,4,6,5,6,hunt,1,1,-1.2661,hunt,1,1,-5.5127,False
4887,4,6,5,7,hunt,1,1,-3.6385,hunt,1,1,-9.3639,False
4888,4,6,5,8,hunt,1,1,-6.6226,hunt,1,1,-14.7324,False
4889,4,6,5,9,hunt,1,1,-10.7787,hunt,1,1,-21.2121,False
4890,4,6,5,10,hunt,1,1,-15.469,hunt,1,1,-29.2374,False
4891,4,6,5,11,hunt,1,1,-21.1465,hunt,1,1,-38.8625,False
4892,4,6,5,12,hunt,1,1,-28.1942,hunt,1,1,-50.44,False
4893,4,6,5,13,wait,2,2,-37.4408,wait,2,2,-67.2735,False
4894,4,6,5,14,wait,2,2,-85.1751,wait,2,2,-85.2536,False
4895,4,6,5,15,wait,0,0,0.0,wait,0,0,0.0,False
4912,4,7,1,0,hunt,2,2,-47.1543,hunt,2,2,-65.7574,False
4913,4,7,1,1,hunt,2,2,-46.6796,hunt,2,2,-65.0222,False
4914,4,7,1,2,hunt,2,2,-46.4179,hunt,2,2,-65.3411,False
4915,4,7,1,3,wait,2,2,-46.6502,wait,2,2,-65.4614,False
4916,4,7,1,4,hunt,2,2,-47.4827,hunt,2,2,-65.765,False
4917,4,7,1,5,hunt,2,2,-46.7924,hunt,2,2,-65.3823,False
4918,4,7,1,6,wait,2,2,-46.9314,wait,2,2,-64.4774,False
4919,4,7,1,7,wait,2,2,-46.9315,wait,2,2,-65.2607,False
4920,4,7,1,8,hunt,2,2,-46.8641,hunt,2,2,-65.5255,False
4921,4,7,1,9,wait,2,2,-46.445,wait,2,2,-65.0357,False
4922,4,7,1,10,hunt,2,2,-48.0301,wait,2,2,-66.4166,True
4923,4,7,1,11,wait,2,2,-48.3717,wait,2,2,-67.1392,False
4924,4,7,1,12,wait,2,2,-50.1387,wait,2,2,-70.4343,False
4925,4,7,1,13,wait,2,2,-54.2842,wait,2,2,-76.9882,False
4926,4,7,1,14,hunt,2,2,-89.5992,hunt,2,2,-89.5686,False
4927,4,7,1,15,wait,0,0,0.0,wait,0,0,0.0,False
4928,4,7,2,0,hunt,2,2,-28.5515,hunt,2,2,-45.2457,False
4929,4,7,2,1,hunt,2,2,-28.4991,hunt,2,2,-45.6204,False
4930,4,7,2,2,hunt,2,2,-29.1404,hunt,2,2,-45.7649,False
4931,4,7,2,3,hunt,2,2,-28.349,hunt,2,2,-43.8942,False
4932,4,7,2,4,hunt,2,2,-27.8238,hunt,2,2,-43.3808,False
4933,4,7,2,5,hunt,2,2,-29.0501,hunt,2,2,-45.8516,False
4934,4,7,2,6,hunt,2,2,-29.2671,hunt,2,2,-46.6233,False
4935,4,7,2,7,hunt,2,2,-29.6551,hunt,2,2,-46.6804,False
4936,4,7,2,8,hunt,2,2,-29.9208,hunt,2,2,-47.8089,False
4937,4,7,2,9,hunt,2,2,-30.8924,hunt,2,2,-48.1304,False
4938,4,7,2,10,wait,2,2,-32.0902,wait,2,2,-50.2278,False
4939,4,7,2,11,wait,2,2,-33.8545,wait,2,2,-54.3217,False
4940,4,7,2,12,hunt,2,2,-38.9181,hunt,2,2,-62.721,False
4941,4,7,2,13,wait,2,2,-45.1996,wait,2,2,-72.2972,False
4942,4,7,2,14,hunt,2,2,-88.0277,hunt,2,2,-87.9173,False
4943,4,7,2,15,wait,0,0,0.0,wait,0,0,0.0,False
4944,4,7,3,0,hunt,2,2,-13.0564,hunt,2,2,-23.6101,False
4945,4,7,3,1,hunt,2,2,-13.1154,hunt,2,2,-23.0431,False
4946,4,7,3,2,hunt,2,2,-13.7331,hunt,2,2,-23.4504,False
4947,4,7,3,3,hunt,2,2,-14.2908,hunt,2,2,-24.9624,False
4948,4,7,3,4,hunt,2,2,-14.4805,hunt,2,2,-26.0118,False
4949,4,7,3,5,hunt,2,2,-15.1086,hunt,2,2,-26.0256,False
4950,4,7,3,6,hunt,2,2,-15.8345,hunt,2,2,-27.0766,False
4951,4,7,3,7,hunt,2,2,-16.4559,hunt,2,2,-28.8996,False
4952,4,7,3,8,hunt,2,2,-18.4192,hunt,2,2,-32.4345,False
4953,4,7,3,9,hunt,2,2,-19.9874,hunt,2,2,-35.1207,False
4954,4,7,3,10,wait,2,2,-23.6489,wait,2,2,-40.8916,False
4955,4,7,3,11,hunt,2,2,-27.5971,hunt,2,2,-46.2679,False
4956,4,7,3,12,wait,2,2,-33.4417,wait,2,2,-56.4909,False
4957,4,7,3,13,wait,2,2,-40.9334,wait,2,2,-68.7512,False
4958,4,7,3,14,hunt,2,2,-86.702,wait,2,2,-87.3217,True
4959,4,7,3,15,wait,0,0,0.0,wait,0,0,0.0,False
4960,4,7,4,0,hunt,2,2,0.1407,hunt,2,2,-3.9423,False
4961,4,7,4,1,hunt,2,2,0.2019,hunt,2,2,-4.8519,False
4962,4,7,4,2,hunt,2,2,-0.3817,hunt,2,2,-5.4799,False
4963,4,7,4,3,hunt,2,2,-0.8206,hunt,2,2,-5.9342,False
4964,4,7,4,4,hunt,2,2,-1.556,hunt,2,2,-7.3003,False
4965,4,7,4,5,hunt,2,2,-3.1782,hunt,2,2,-9.1486,False
4966,4,7,4,6,hunt,2,2,-4.519,hunt,2,2,-11.8654,False
4967,4,7,4,7,hunt,2,2,-6.1379,hunt,2,2,-15.1269,False
4968,4,7,4,8,hunt,2,2,-9.162,hunt,2,2,-20.1009,False
4969,4,7,4,9,wait,2,2,-11.9943,wait,2,2,-24.7116,False
4970,4,7,4,10,hunt,2,2,-16.2092,hunt,2,2,-30.771,False
4971,4,7,4,11,hunt,2,2,-22.0804,hunt,2,2,-41.2472,False
4972,4,7,4,12,hunt,2,2,-29.0411,hunt,2,2,-53.8594,False
4973,4,7,4,13,hunt,2,2,-37.486,hunt,2,2,-67.9503,False
4974,4,7,4,14,wait,2,2,-85.3166,wait,2,2,-85.9037,False
4975,4,7,4,15,wait,0,0,0.0,wait,0,0,0.0,False
4976,4,7,5,0,hunt,1,1,5.5261,hunt,1,1,5.4968,False
4977,4,7,5,1,wait,1,2,3.3984,hunt,1,1,4.8135,True
4978,4,7,5,2,wait,1,2,3.3178,hunt,1,1,4.0672,True
4979,4,7,5,3,wait,1,2,2.4385,hunt,1,1,3.8272,True
4980,4,7,5,4,hunt,1,2,3.1705,hunt,1,1,2.8449,True
4981,4,7,5,5,hunt,1,1,2.2592,wait,1,1,0.4511,True
4982,4,7,5,6,hunt,1,1,-0.2051,hunt,1,1,-4.1398,False
4983,4,7,5,7,hunt,1,1,-2.4816,hunt,1,1,-7.3322,False
4984,4,7,5,8,hunt,1,2,-5.7382,hunt,1,1,-13.4412,True
4985,4,7,5,9,hunt,1,1,-9.2622,hunt,1,1,-18.8103,False
4986,4,7,5,10,hunt,1,1,-13.8623,hunt,1,1,-26.9954,False
4987,4,7,5,11,hunt,1,1,-19.5228,hunt,1,1,-34.9131,False
4988,4,7,5,12,hunt,1,1,-26.3509,hunt,1,1,-46.5808,False
4989,4,7,5,13,hunt,2,2,-38.0581,hunt,2,2,-68.0128,False
4990,4,7,5,14,hunt,2,2,-85.5668,hunt,2,2,-86.1994,False
4991,4,7,5,15,wait,0,0,0.0,wait,0,0,0.0,False
5008,4,8,1,0,hunt,2,2,-46.904,hunt,2,2,-65.0748,False
5009,4,8,1,1,hunt,2,2,-46.6871,hunt,2,2,-64.5792,False
5010,4,8,1,2,wait,2,2,-46.8875,wait,2,2,-65.3539,False
5011,4,8,1,3,hunt,2,2,-47.3358,hunt,2,2,-64.5458,False
5012,4,8,1,4,hunt,2,2,-46.7931,hunt,2,2,-64.7605,False
5013,4,8,1,5,wait,2,2,-46.7289,wait,2,2,-65.0347,False
5014,4,8,1,6,wait,2,2,-46.7039,wait,2,2,-63.7805,False
5015,4,8,1,7,hunt,2,2,-46.7197,hunt,2,2,-65.3554,False
5016,4,8,1,8,hunt,2,2,-46.6895,hunt,2,2,-64.2501,False
5017,4,8,1,9,wait,2,2,-46.83,wait,2,2,-65.3172,False
5018,4,8,1,10,wait,2,2,-46.8789,wait,2,2,-65.2811,False
5019,4,8,1,11,wait,2,2,-48.019,wait,2,2,-66.6315,False
5020,4,8,1,12,wait,2,2,-50.4046,wait,2,2,-70.8044,False
5021,4,8,1,13,wait,2,2,-54.579,wait,2,2,-77.7669,False
5022,4,8,1,14,hunt,2,2,-89.4924,hunt,2,2,-89.1634,False
5023,4,8,1,15,wait,0,0,0.0,wait,0,0,0.0,False
5024,4,8,2,0,hunt,2,2,-27.6833,hunt,2,2,-43.6833,False
5025,4,8,2,1,hunt,2,2,-27.5923,hunt,2,2,-43.428,False
5026,4,8,2,2,hunt,2,2,-27.692,hunt,2,2,-43.8442,False
5027,4,8,2,3,hunt,2,2,-28.1849,hunt,2,2,-44.0981,False
5028,4,8,2,4,hunt,2,2,-27.8661,hunt,2,2,-43.4139,False
5029,4,8,2,5,hunt,2,2,-28.2675,hunt,2,2,-44.04,False
5030,4,8,2,6,hunt,2,2,-28.7311,hunt,2,2,-44.8018,False
5031,4,8,2,7,hunt,2,2,-28.8524,hunt,2,2,-45.4905,False
5032,4,8,2,8,hunt,2,2,-29.0162,hunt,2,2,-45.3931,False
5033,4,8,2,9,hunt,2,2,-30.3117,hunt,2,2,-47.6888,False
5034,4,8,2,10,wait,2,2,-31.2447,wait,2,2,-49.4225,False
5035,4,8,2,11,wait,2,2,-34.3369,wait,2,2,-54.4058,False
5036,4,8,2,12,wait,2,2,-38.5505,wait,2,2,-61.2642,False
5037,4,8,2,13,wait,2,2,-44.7341,wait,2,2,-71.5722,False
5038,4,8,2,14,wait,2,2,-87.6936,wait,2,2,-87.42,False
5039,4,8,2,15,wait,0,0,0.0,wait,0,0,0.0,False
5040,4,8,3,0,hunt,2,2,-12.5619,hunt,2,2,-22.5667,False
5041,4,8,3,1,hunt,2,2,-12.0015,hunt,2,2,-20.9551,False
5042,4,8,3,2,hunt,2,2,-12.4163,hunt,2,2,-21.2922,False
5043,4,8,3,3,hunt,2,2,-12.8204,hunt,2,2,-23.481,False
5044,4,8,3,4,hunt,2,2,-13.4085,hunt,2,2,-23.3337,False
5045,4,8,3,5,hunt,2,2,-13.8357,hunt,2,2,-24.0258,False
5046,4,8,3,6,hunt,2,2,-14.878,hunt,2,2,-26.1615,False
5047,4,8,3,7,hunt,2,2,-16.1148,hunt,2,2,-28.1037,False
5048,4,8,3,8,hunt,2,2,-17.4469,hunt,2,2,-30.6777,False
5049,4,8,3,9,hunt,2,2,-19.3078,hunt,2,2,-34.4856,False
5050,4,8,3,10,hunt,2,2,-22.7633,hunt,2,2,-39.69,False
5051,4,8,3,11,wait,2,2,-27.488,wait,2,2,-46.9548,False
5052,4,8,3,12,hunt,2,2,-33.7044,hunt,2,2,-57.4383,False
5053,4,8,3,13,wait,2,2,-40.758,wait,2,2,-69.2842,False
5054,4,8,3,14,hunt,2,2,-86.9728,hunt,2,2,-87.4475,False
5055,4,8,3,15,wait,0,0,0.0,wait,0,0,0.0,False
5056,4,8,4,0,hunt,2,2,1.4047,hunt,2,2,-2.1485,False
5057,4,8,4,1,hunt,2,2,1.1338,hunt,2,2,-2.6132,False
5058,4,8,4,2,hunt,2,2,0.8745,hunt,2,2,-3.5698,False
5059,4,8,4,3,hunt,2,2,0.3074,hunt,2,2,-4.0229,False
5060,4,8,4,4,hunt,2,2,-0.5654,hunt,2,2,-5.1495,False
5061,4,8,4,5,hunt,2,2,-2.0505,hunt,2,2,-7.9494,False
5062,4,8,4,6,hunt,2,2,-3.5584,hunt,2,2,-10.7491,False
5063,4,8,4,7,hunt,2,2,-5.6522,hunt,2,2,-13.9625,False
5064,4,8,4,8,hunt,2,2,-7.9921,hunt,2,2,-18.455,False
5065,4,8,4,9,hunt,2,2,-10.9925,hunt,2,2,-23.2954,False
5066,4,8,4,10,hunt,2,2,-15.3995,hunt,2,2,-30.6714,False
5067,4,8,4,11,hunt,2,2,-20.9559,hunt,2,2,-39.0332,False
5068,4,8,4,12,hunt,2,2,-29.392,hunt,2,2,-53.8812,False
5069,4,8,4,13,hunt,2,2,-38.2464,hunt,2,2,-68.5363,False
5070,4,8,4,14,hunt,2,2,-84.5344,hunt,2,2,-84.3859,False
5071,4,8,4,15,wait,0,0,0.0,wait,0,0,0.0,False
5072,4,8,5,0,wait,1,2,4.9854,wait,1,1,4.4862,True
5073,4,8,5,1,wait,1,1,4.8075,hunt,1,2,4.8406,True
5074,4,8,5,2,hunt,2,2,2.5285,hunt,1,1,4.9291,True
5075,4,8,5,3,hunt,1,2,4.8559,hunt,1,2,4.3002,False
5076,4,8,5,4,hunt,1,2,4.6128,hunt,1,1,3.7437,True
5077,4,8,5,5,hunt,1,2,2.7933,hunt,1,1,2.8024,True
5078,4,8,5,6,hunt,1,1,1.0652,hunt,1,1,-1.5643,False
5079,4,8,5,7,hunt,1,1,-1.2004,hunt,1,1,-5.5114,False
5080,4,8,5,8,hunt,1,1,-3.9095,hunt,1,1,-10.7761,False
5081,4,8,5,9,hunt,1,1,-7.8082,hunt,1,1,-16.4412,False
5082,4,8,5,10,hunt,1,1,-13.0597,hunt,1,1,-24.6359,False
5083,4,8,5,11,hunt,1,1,-17.8455,hunt,1,1,-32.9377,False
5084,4,8,5,12,hunt,1,1,-25.3532,hunt,1,1,-45.107,False
5085,4,8,5,13,wait,2,2,-38.6642,wait,2,2,-69.3256,False
5086,4,8,5,14,hunt,2,2,-85.3385,hunt,2,1,-85.7359,True
5087,4,8,5,15,wait,0,0,0.0,wait,0,0,0.0,False
5104,4,9,1,0,hunt,2,2,-46.3002,hunt,2,2,-64.267,False
5105,4,9,1,1,hunt,2,2,-45.6286,hunt,2,2,-62.7807,False
5106,4,9,1,2,hunt,2,2,-46.3344,hunt,2,2,-64.5227,False
5107,4,9,1,3,hunt,2,2,-46.0798,hunt,2,2,-63.516,False
5108,4,9,1,4,hunt,2,2,-46.2504,hunt,2,2,-64.182,False
5109,4,9,1,5,hunt,2,2,-46.6269,hunt,2,2,-64.6873,False
5110,4,9,1,6,hunt,2,2,-46.3429,hunt,2,2,-64.6555,False
5111,4,9,1,7,hunt,2,2,-46.3692,hunt,2,2,-64.2621,False
5112,4,9,1,8,hunt,2,2,-47.2635,hunt,2,2,-66.049,False
5113,4,9,1,9,wait,2,2,-46.5515,wait,2,2,-64.0548,False
5114,4,9,1,10,wait,2,2,-46.6131,wait,2,2,-64.9418,False
5115,4,9,1,11,wait,2,2,-47.6376,wait,2,2,-66.6907,False
5116,4,9,1,12,wait,2,2,-50.9204,wait,2,2,-71.5097,False
5117,4,9,1,13,hunt,2,2,-55.3231,wait,2,2,-78.6588,True
5118,4,9,1,14,wait,2,2,-89.5857,wait,2,2,-89.6014,False
5119,4,9,1,15,wait,0,0,0.0,wait,0,0,0.0,False
5120,4,9,2,0,wait,2,2,-27.6878,wait,2,2,-43.3567,False
5121,4,9,2,1,hunt,2,2,-27.2736,hunt,2,2,-42.5869,False
5122,4,9,2,2,hunt,2,2,-27.04,hunt,2,2,-42.0497,False
5123,4,9,2,3,hunt,2,2,-27.6151,hunt,2,2,-43.8227,False
5124,4,9,2,4,hunt,2,2,-27.6973,hunt,2,2,-43.6357,False
5125,4,9,2,5,hunt,2,2,-27.9898,hunt,2,2,-43.5049,False
5126,4,9,2,6,hunt,2,2,-27.7814,hunt,2,2,-43.7142,False
5127,4,9,2,7,hunt,2,2,-28.5495,hunt,2,2,-45.5434,False
5128,4,9,2,8,wait,2,2,-29.5862,wait,2,2,-46.9258,False
5129,4,9,2,9,hunt,2,2,-30.4263,hunt,2,2,-48.467,False
5130,4,9,2,10,wait,2,2,-31.7299,wait,2,2,-50.0403,False
5131,4,9,2,11,wait,2,2,-33.7742,wait,2,2,-54.2137,False
5132,4,9,2,12,hunt,2,2,-38.6239,hunt,2,2,-61.9312,False
5133,4,9,2,13,hunt,2,2,-45.5905,wait,2,2,-73.5494,True
5134,4,9,2,14,hunt,2,2,-87.2475,hunt,2,2,-87.6603,False
5135,4,9,2,15,wait,0,0,0.0,wait,0,0,0.0,False
5136,4,9,3,0,hunt,2,2,-11.2525,hunt,2,2,-20.14,False
5137,4,9,3,1,hunt,2,2,-11.266,hunt,2,2,-19.659,False
5138,4,9,3,2,hunt,2,2,-11.6908,hunt,2,2,-21.3877,False
5139,4,9,3,3,hunt,2,2,-12.5902,hunt,2,2,-21.7734,False
5140,4,9,3,4,hunt,2,2,-12.8742,hunt,2,2,-22.5342,False
5141,4,9,3,5,hunt,2,2,-13.2624,hunt,2,2,-22.6436,False
5142,4,9,3,6,hunt,2,2,-14.6353,hunt,2,2,-25.6129,False
5143,4,9,3,7,hunt,2,2,-15.3869,hunt,2,2,-26.7936,False
5144,4,9,3,8,hunt,2,2,-17.5579,hunt,2,2,-30.0732,False
5145,4,9,3,9,hunt,2,2,-19.2462,hunt,2,2,-32.4449,False
5146,4,9,3,10,wait,2,2,-23.3077,wait,2,2,-39.8529,False
5147,4,9,3,11,wait,2,2,-27.2255,wait,2,2,-46.7413,False
5148,4,9,3,12,wait,2,2,-33.2573,wait,2,2,-56.331,False
5149,4,9,3,13,wait,2,2,-41.5967,wait,2,2,-70.4519,False
5150,4,9,3,14,wait,2,2,-86.4834,wait,2,2,-86.5987,False
5151,4,9,3,15,wait,0,0,0.0,wait,0,0,0.0,False
5152,4,9,4,0,hunt,2,2,1.8486,hunt,2,2,-1.4128,False
5153,4,9,4,1,hunt,2,2,1.6874,wait,2,2,-1.8016,True
5154,4,9,4,2,hunt,2,2,1.7068,hunt,2,2,-1.9106,False
5155,4,9,4,3,hunt,2,2,0.8272,hunt,2,2,-3.1461,False
5156,4,9,4,4,hunt,2,2,-0.0379,hunt,2,2,-4.4311,False
5157,4,9,4,5,hunt,2,2,-1.5831,hunt,2,2,-7.5088,False
5158,4,9,4,6,hunt,2,2,-2.9694,hunt,2,2,-9.2637,False
5159,4,9,4,7,hunt,2,2,-5.3778,hunt,2,2,-13.8177,False
5160,4,9,4,8,hunt,2,2,-7.8064,hunt,2,2,-17.2295,False
5161,4,9,4,9,hunt,2,2,-11.1069,hunt,2,2,-22.5797,False
5162,4,9,4,10,hunt,2,2,-15.5374,hunt,2,2,-29.8972,False
5163,4,9,4,11,hunt,2,2,-21.0036,hunt,2,2,-39.2706,False
5164,4,9,4,12,wait,2,2,-28.6633,hunt,1,1,-53.0766,True
5165,4,9,4,13,wait,2,2,-38.2587,hunt,2,2,-68.9029,True
5166,4,9,4,14,hunt,0,2,-85.8039,hunt,2,2,-86.168,True
5167,4,9,4,15,wait,0,0,0.0,wait,0,0,0.0,False
5168,4,9,5,0,hunt,1,2,6.4277,hunt,1,2,6.8003,False
5169,4,9,5,1,hunt,1,2,5.9683,hunt,1,2,6.1162,False
5170,4,9,5,2,hunt,1,1,5.7927,hunt,1,1,6.5618,False
5171,4,9,5,3,hunt,2,1,2.8485,hunt,1,2,4.6803,True
5172,4,9,5,4,wait,1,2,2.1858,hunt,1,2,3.5342,True
5173,4,9,5,5,hunt,1,2,3.5924,hunt,1,1,3.1816,True
5174,4,9,5,6,hunt,1,1,1.6927,wait,1,1,-0.0239,True
5175,4,9,5,7,hunt,1,1,-0.5538,hunt,1,1,-4.5109,False
5176,4,9,5,8,hunt,1,1,-3.2139,hunt,1,1,-9.0347,False
5177,4,9,5,9,hunt,1,1,-6.8939,hunt,1,1,-15.2754,False
5178,4,9,5,10,hunt,1,1,-12.2414,hunt,1,1,-24.1298,False
5179,4,9,5,11,hunt,1,1,-16.887,hunt,1,1,-31.479,False
5180,4,9,5,12,hunt,1,1,-22.9738,hunt,1,1,-42.0734,False
5181,4,9,5,13,hunt,2,2,-38.0725,hunt,2,2,-67.8657,False
5182,4,9,5,14,hunt,2,2,-85.2002,hunt,2,2,-85.1631,False
5183,4,9,5,15,wait,0,0,0.0,wait,0,0,0.0,False
5200,4,10,1,0,hunt,2,2,-46.4555,hunt,2,2,-64.0919,False
5201,4,10,1,1,hunt,2,2,-46.1994,hunt,2,2,-63.9334,False
5202,4,10,1,2,wait,2,2,-47.4251,hunt,2,2,-65.6797,True
5203,4,10,1,3,hunt,2,2,-46.389,hunt,2,2,-63.9576,False
5204,4,10,1,4,hunt,2,2,-46.8513,hunt,2,2,-65.0406,False
5205,4,10,1,5,hunt,2,2,-47.3339,hunt,2,2,-65.9394,False
5206,4,10,1,6,hunt,2,2,-47.3827,hunt,2,2,-65.0788,False
5207,4,10,1,7,wait,2,2,-47.685,hunt,2,2,-65.761,True
5208,4,10,1,8,wait,2,2,-46.6637,wait,2,2,-63.6671,False
5209,4,10,1,9,wait,2,2,-46.7366,wait,2,2,-64.5847,False
5210,4,10,1,10,wait,2,2,-47.4866,wait,2,2,-66.0651,False
5211,4,10,1,11,wait,2,2,-46.9587,wait,2,2,-66.0123,False
5212,4,10,1,12,wait,2,2,-49.8306,wait,2,2,-70.3465,False
5213,4,10,1,13,wait,2,2,-55.0177,wait,2,2,-78.5327,False
5214,4,10,1,14,wait,2,2,-89.2272,wait,2,2,-89.5858,False
5215,4,10,1,15,wait,0,0,0.0,wait,0,0,0.0,False
5216,4,10,2,0,hunt,2,2,-26.5463,hunt,2,2,-41.94,False
5217,4,10,2,1,hunt,2,2,-26.5163,hunt,2,2,-40.8185,False
5218,4,10,2,2,hunt,2,2,-27.1281,hunt,2,2,-42.8343,False
5219,4,10,2,3,hunt,2,2,-28.0178,hunt,2,2,-44.4808,False
5220,4,10,2,4,hunt,2,2,-27.0465,hunt,2,2,-44.0623,False
5221,4,10,2,5,hunt,2,2,-27.0979,hunt,2,2,-43.0235,False
5222,4,10,2,6,hunt,2,2,-28.2548,hunt,2,2,-44.7104,False
5223,4,10,2,7,hunt,2,2,-28.6164,hunt,2,2,-44.7054,False
5224,4,10,2,8,hunt,2,2,-29.4027,hunt,2,2,-46.4799,False
5225,4,10,2,9,hunt,2,2,-30.6018,hunt,2,2,-48.3394,False
5226,4,10,2,10,wait,2,2,-31.87,wait,2,2,-49.3504,False
5227,4,10,2,11,wait,2,2,-34.0046,wait,2,2,-53.865,False
5228,4,10,2,12,hunt,2,2,-39.0512,hunt,2,2,-62.6524,False
5229,4,10,2,13,wait,2,2,-44.8547,wait,2,2,-72.5466,False
5230,4,10,2,14,hunt,2,2,-87.7733,hunt,2,2,-87.4328,False
5231,4,10,2,15,wait,0,0,0.0,wait,0,0,0.0,False
5232,4,10,3,0,hunt,2,2,-10.7658,hunt,2,2,-19.4819,False
5233,4,10,3,1,hunt,2,2,-10.8501,hunt,2,2,-19.3688,False
5234,4,10,3,2,hunt,2,2,-10.8866,hunt,2,2,-19.6256,False
5235,4,10,3,3,hunt,2,2,-11.8957,hunt,2,2,-21.1946,False
5236,4,10,3,4,hunt,2,2,-12.1428,hunt,2,2,-22.2529,False
5237,4,10,3,5,hunt,2,2,-12.7863,hunt,2,2,-22.4324,False
5238,4,10,3,6,hunt,2,2,-13.9057,hunt,2,2,-24.0413,False
5239,4,10,3,7,hunt,2,2,-14.5306,hunt,2,2,-25.8836,False
5240,4,10,3,8,hunt,2,2,-17.0409,hunt,2,2,-29.6769,False
5241,4,10,3,9,hunt,2,2,-19.6072,hunt,2,2,-33.5667,False
5242,4,10,3,10,hunt,2,2,-22.8395,hunt,2,2,-39.8361,False
5243,4,10,3,11,wait,2,2,-27.0528,wait,2,2,-47.3071,False
5244,4,10,3,12,wait,2,2,-33.0274,wait,2,2,-56.5794,False
5245,4,10,3,13,wait,2,2,-40.433,wait,2,2,-67.9556,False
5246,4,10,3,14,wait,2,2,-86.6397,wait,2,2,-86.0182,False
5247,4,10,3,15,wait,0,0,0.0,wait,0,0,0.0,False
5248,4,10,4,0,hunt,2,2,2.2729,hunt,2,2,-0.3066,False
5249,4,10,4,1,hunt,2,2,2.1494,hunt,2,2,-1.328,False
5250,4,10,4,2,hunt,2,2,2.012,hunt,2,2,-0.6199,False
5251,4,10,4,3,hunt,2,2,1.8162,wait,2,2,-1.3462,True
5252,4,10,4,4,hunt,2,2,0.6299,hunt,2,2,-3.0832,False
5253,4,10,4,5,hunt,2,2,-1.0571,hunt,2,2,-6.1673,False
5254,4,10,4,6,hunt,2,2,-2.6711,hunt,2,2,-9.1039,False
5255,4,10,4,7,hunt,2,2,-4.919,hunt,2,2,-12.9146,False
5256,4,10,4,8,hunt,2,2,-7.0633,hunt,2,2,-16.4179,False
5257,4,10,4,9,hunt,2,2,-10.7215,hunt,2,2,-22.4464,False
5258,4,10,4,10,hunt,2,2,-15.1096,hunt,2,2,-29.4749,False
5259,4,10,4,11,hunt,2,2,-20.6751,hunt,2,2,-38.5704,False
5260,4,10,4,12,wait,2,2,-29.0608,hunt,1,2,-52.153,True
5261,4,10,4,13,hunt,2,2,-38.2737,hunt,2,2,-69.0148,False
5262,4,10,4,14,wait,1,2,-85.9463,hunt,1,1,-86.6644,True
5263,4,10,4,15,wait,0,0,0.0,wait,0,0,0.0,False
5264,4,10,5,0,hunt,2,1,3.4385,hunt,1,1,5.7734,True
5265,4,10,5,1,wait,1,2,6.2726,wait,1,2,6.25,False
5266,4,10,5,2,hunt,1,1,6.5545,hunt,1,1,7.9434,False
5267,4,10,5,3,hunt,1,2,5.5515,hunt,1,2,5.1647,False
5268,4,10,5,4,hunt,1,1,4.99,hunt,1,2,4.58,True
5269,4,10,5,5,hunt,1,2,4.4989,hunt,1,2,3.4222,False
5270,4,10,5,6,hunt,1,2,1.8116,hunt,1,1,2.3421,True
5271,4,10,5,7,hunt,1,1,-0.0213,hunt,1,1,-4.0085,False
5272,4,10,5,8,hunt,1,1,-2.2607,hunt,1,1,-7.2123,False
5273,4,10,5,9,hunt,1,1,-6.1492,hunt,1,1,-14.0874,False
5274,4,10,5,10,hunt,1,1,-11.4311,hunt,1,1,-22.9203,False
5275,4,10,5,11,hunt,1,1,-16.1443,hunt,1,1,-30.2979,False
5276,4,10,5,12,hunt,1,1,-22.8367,hunt,1,1,-41.5772,False
5277,4,10,5,13,wait,2,2,-37.8938,wait,2,2,-67.9076,False
5278,4,10,5,14,hunt,2,1,-85.7289,wait,2,1,-86.2303,True
5279,4,10,5,15,wait,0,0,0.0,wait,0,0,0.0,False
5296,5,0,1,0,wait,2,0,-98.8924,wait,2,0,-98.8985,False
5297,5,0,1,1,wait,2,0,-98.8924,wait,2,0,-98.8985,False
5298,5,0,1,2,wait,2,0,-98.8924,wait,2,0,-98.8985,False
5299,5,0,1,3,wait,2,0,-98.8924,wait,2,0,-98.8985,False
5300,5,0,1,4,wait,2,0,-98.8924,wait,2,0,-98.8985,False
5301,5,0,1,5,wait,2,0,-98.8924,wait,2,0,-98.8985,False
5302,5,0,1,6,wait,2,0,-98.8924,wait,2,0,-98.8985,False
5303,5,0,1,7,wait,2,0,-98.8924,wait,2,0,-98.8985,False
5304,5,0,1,8,wait,2,0,-98.8924,wait,2,0,-98.8985,False
5305,5,0,1,9,wait,2,0,-98.8924,wait,2,0,-98.8985,False
5306,5,0,1,10,wait,2,0,-98.8924,wait,2,0,-98.8985,False
5307,5,0,1,11,wait,2,0,-98.8924,wait,2,0,-98.8985,False
5308,5,0,1,12,wait,2,0,-98.8924,wait,2,0,-98.8985,False
5309,5,0,1,13,wait,2,0,-98.8924,wait,2,0,-98.8985,False
5310,5,0,1,14,wait,2,0,-98.8924,wait,2,0,-98.8985,False
5311,5,0,1,15,wait,0,0,0.0,wait,0,0,0.0,False
5312,5,0,2,0,wait,2,0,-70.0461,wait,2,0,-85.0483,False
5313,5,0,2,1,wait,2,0,-69.9776,wait,2,0,-84.796,False
5314,5,0,2,2,wait,2,0,-69.814,wait,1,0,-84.7638,True
5315,5,0,2,3,wait,2,0,-70.2332,wait,2,0,-85.3043,False
5316,5,0,2,4,wait,2,0,-69.694,wait,2,0,-85.3337,False
5317,5,0,2,5,wait,1,0,-69.5128,wait,1,0,-84.5911,False
5318,5,0,2,6,wait,1,0,-70.4122,wait,1,0,-85.407,False
5319,5,0,2,7,wait,2,0,-70.2824,wait,1,0,-85.8118,True
5320,5,0,2,8,wait,1,0,-69.9158,wait,1,0,-84.8425,False
5321,5,0,2,9,wait,1,0,-70.1687,wait,1,0,-85.1883,False
5322,5,0,2,10,wait,1,0,-70.3023,wait,1,0,-84.8039,False
5323,5,0,2,11,wait,1,0,-70.4995,wait,2,0,-85.3442,True
5324,5,0,2,12,wait,1,0,-71.1143,wait,2,0,-87.0574,True
5325,5,0,2,13,wait,1,0,-72.7243,wait,2,0,-89.5434,True
5326,5,0,2,14,wait,2,0,-93.4183,wait,2,0,-93.1745,False
5327,5,0,2,15,wait,0,0,0.0,wait,0,0,0.0,False
5328,5,0,3,0,wait,1,0,-50.1629,wait,1,0,-69.4312,False
5329,5,0,3,1,wait,1,0,-49.5285,wait,1,0,-68.7096,False
5330,5,0,3,2,wait,1,0,-49.9582,wait,1,0,-68.8502,False
5331,5,0,3,3,wait,1,0,-50.0952,wait,1,0,-68.5175,False
5332,5,0,3,4,wait,1,0,-49.3594,wait,1,0,-68.083,False
5333,5,0,3,5,wait,1,0,-50.2333,wait,1,0,-68.9571,False
5334,5,0,3,6,wait,1,0,-49.9563,wait,1,0,-69.1899,False
5335,5,0,3,7,wait,1,0,-49.4829,wait,1,0,-68.5032,False
5336,5,0,3,8,wait,1,0,-49.8956,wait,1,0,-68.2728,False
5337,5,0,3,9,wait,1,0,-49.9999,wait,1,0,-69.5033,False
5338,5,0,3,10,wait,1,0,-50.808,wait,1,0,-70.3536,False
5339,5,0,3,11,wait,1,0,-51.8956,wait,1,0,-72.1465,False
5340,5,0,3,12,wait,2,0,-52.9731,wait,2,0,-75.0314,False
5341,5,0,3,13,wait,2,0,-56.8094,wait,2,0,-80.818,False
5342,5,0,3,14,wait,2,0,-90.6879,wait,2,0,-89.8412,False
5343,5,0,3,15,wait,0,0,0.0,wait,0,0,0.0,False
5344,5,0,4,0,wait,1,0,-32.8471,wait,1,0,-51.6048,False
5345,5,0,4,1,wait,1,0,-32.9435,wait,1,0,-50.7968,False
5346,5,0,4,2,wait,1,0,-32.9843,wait,1,0,-51.9947,False
5347,5,0,4,3,wait,1,0,-33.7345,wait,1,0,-52.7899,False
5348,5,0,4,4,wait,1,0,-32.9268,wait,1,0,-51.0087,False
5349,5,0,4,5,wait,1,0,-33.1634,wait,1,0,-50.6246,False
5350,5,0,4,6,wait,1,0,-33.2557,wait,1,0,-51.471,False
5351,5,0,4,7,wait,1,0,-32.9005,wait,1,0,-51.4546,False
5352,5,0,4,8,wait,1,0,-33.6218,wait,1,0,-51.9418,False
5353,5,0,4,9,wait,1,0,-34.035,wait,1,0,-53.1462,False
5354,5,0,4,10,wait,1,0,-35.7278,wait,1,0,-55.3742,False
5355,5,0,4,11,wait,1,0,-38.3167,wait,1,0,-59.7471,False
5356,5,0,4,12,wait,2,0,-42.2659,wait,2,0,-66.491,False
5357,5,0,4,13,wait,2,0,-47.6592,wait,2,0,-75.9516,False
5358,5,0,4,14,wait,2,0,-88.93,wait,2,0,-88.189,False
5359,5,0,4,15,wait,0,0,0.0,wait,0,0,0.0,False
5360,5,0,5,0,wait,1,0,-21.7622,wait,1,0,-35.8425,False
5361,5,0,5,1,wait,1,0,-21.7285,wait,1,0,-35.2488,False
5362,5,0,5,2,wait,1,0,-21.4287,wait,1,0,-35.3071,False
5363,5,0,5,3,wait,1,0,-21.7245,wait,1,0,-35.961,False
5364,5,0,5,4,wait,1,0,-21.6349,wait,1,0,-35.8047,False
5365,5,0,5,5,wait,1,0,-21.9979,wait,1,0,-36.4354,False
5366,5,0,5,6,wait,1,0,-21.9853,wait,1,0,-36.3611,False
5367,5,0,5,7,wait,1,0,-22.7186,wait,1,0,-37.0604,False
5368,5,0,5,8,wait,1,0,-23.335,wait,1,0,-38.8488,False
5369,5,0,5,9,wait,1,0,-24.1934,wait,1,0,-40.5802,False
5370,5,0,5,10,wait,1,0,-27.0473,wait,1,0,-44.4684,False
5371,5,0,5,11,wait,2,0,-30.7406,wait,2,0,-50.7749,False
5372,5,0,5,12,wait,1,0,-36.844,wait,1,0,-60.6664,False
5373,5,0,5,13,wait,2,0,-43.582,wait,2,0,-72.8888,False
5374,5,0,5,14,wait,2,0,-88.458,wait,1,0,-88.4867,True
5375,5,0,5,15,wait,0,0,0.0,wait,0,0,0.0,False
5392,5,1,1,0,wait,2,1,-69.3861,wait,2,1,-84.1278,False
5393,5,1,1,1,wait,1,1,-69.8905,wait,1,1,-84.3783,False
5394,5,1,1,2,wait,1,1,-69.2506,wait,1,1,-84.4417,False
5395,5,1,1,3,wait,2,1,-69.6545,wait,2,1,-85.0778,False
5396,5,1,1,4,wait,1,1,-70.1959,wait,1,1,-84.3419,False
5397,5,1,1,5,wait,1,1,-68.654,wait,1,1,-83.7928,False
5398,5,1,1,6,wait,1,1,-68.8761,wait,1,1,-84.4988,False
5399,5,1,1,7,wait,2,1,-69.3471,wait,1,1,-84.1871,True
5400,5,1,1,8,wait,2,1,-69.2459,wait,1,1,-84.6901,True
5401,5,1,1,9,wait,1,1,-69.9009,wait,1,1,-84.8189,False
5402,5,1,1,10,wait,2,1,-69.55,wait,2,1,-85.0132,False
5403,5,1,1,11,wait,2,1,-69.3148,wait,2,1,-85.5098,False
5404,5,1,1,12,wait,1,1,-70.699,wait,2,1,-86.3984,True
5405,5,1,1,13,wait,2,1,-71.9381,wait,2,1,-88.658,False
5406,5,1,1,14,wait,2,1,-92.5921,wait,2,1,-92.6994,False
5407,5,1,1,15,wait,0,0,0.0,wait,0,0,0.0,False
5408,5,1,2,0,wait,1,1,-48.8986,wait,1,1,-67.4059,False
5409,5,1,2,1,wait,1,1,-48.1943,wait,1,1,-67.1827,False
5410,5,1,2,2,wait,1,1,-48.7821,wait,1,1,-67.8608,False
5411,5,1,2,3,wait,1,1,-48.9472,wait,1,1,-67.5168,False
5412,5,1,2,4,wait,1,1,-49.219,wait,1,1,-68.1234,False
5413,5,1,2,5,wait,1,1,-49.0064,wait,1,1,-68.207,False
5414,5,1,2,6,wait,1,1,-49.0336,wait,1,1,-68.1554,False
5415,5,1,2,7,wait,1,1,-49.5457,wait,1,1,-68.8314,False
5416,5,1,2,8,wait,1,1,-48.979,wait,1,1,-67.8282,False
5417,5,1,2,9,wait,1,1,-48.9312,wait,1,1,-67.7768,False
5418,5,1,2,10,wait,1,1,-49.629,wait,1,1,-69.6023,False
5419,5,1,2,11,wait,1,1,-50.8072,wait,1,1,-70.9842,False
5420,5,1,2,12,wait,2,1,-52.4694,wait,2,1,-75.0405,False
5421,5,1,2,13,wait,2,1,-56.8399,wait,2,1,-81.2844,False
5422,5,1,2,14,wait,2,1,-89.6288,wait,2,1,-89.1524,False
5423,5,1,2,15,wait,0,0,0.0,wait,0,0,0.0,False
5424,5,1,3,0,wait,1,1,-32.2866,wait,1,1,-50.3847,False
5425,5,1,3,1,wait,1,1,-32.0177,wait,1,1,-50.3704,False
5426,5,1,3,2,wait,1,1,-31.7931,wait,1,1,-49.6672,False
5427,5,1,3,3,wait,1,1,-31.6216,wait,1,1,-50.1738,False
5428,5,1,3,4,wait,1,1,-32.3336,wait,1,1,-50.1378,False
5429,5,1,3,5,wait,1,1,-32.1138,wait,1,1,-50.1318,False
5430,5,1,3,6,wait,1,1,-32.6436,wait,1,1,-50.9206,False
5431,5,1,3,7,wait,1,1,-32.0366,wait,1,1,-50.649,False
5432,5,1,3,8,wait,1,1,-32.8987,wait,1,1,-51.4028,False
5433,5,1,3,9,wait,1,1,-32.8935,wait,1,1,-52.1491,False
5434,5,1,3,10,wait,1,1,-34.7815,wait,1,1,-54.8541,False
5435,5,1,3,11,wait,2,1,-37.4754,wait,1,1,-59.4295,True
5436,5,1,3,12,wait,2,1,-41.019,wait,2,1,-64.3118,False
5437,5,1,3,13,wait,2,1,-46.3365,wait,2,1,-74.5044,False
5438,5,1,3,14,wait,2,1,-88.8087,wait,2,1,-88.1871,False
5439,5,1,3,15,wait,0,0,0.0,wait,0,0,0.0,False
5440,5,1,4,0,wait,1,1,-20.1505,wait,1,1,-34.6415,False
5441,5,1,4,1,wait,1,1,-20.6135,wait,1,1,-35.1149,False
5442,5,1,4,2,wait,1,1,-20.3686,wait,1,1,-34.3685,False
5443,5,1,4,3,wait,1,1,-20.8596,wait,1,1,-34.4632,False
5444,5,1,4,4,wait,1,1,-20.506,wait,1,1,-34.161,False
5445,5,1,4,5,wait,1,1,-21.1695,wait,1,1,-35.366,False
5446,5,1,4,6,wait,1,1,-20.9684,wait,1,1,-35.9723,False
5447,5,1,4,7,wait,1,1,-21.3727,wait,1,1,-35.1634,False
5448,5,1,4,8,wait,1,1,-22.5367,wait,1,1,-38.1362,False
5449,5,1,4,9,wait,1,1,-23.8176,wait,1,1,-39.6925,False
5450,5,1,4,10,wait,1,1,-26.0923,wait,1,1,-43.3932,False
5451,5,1,4,11,wait,1,1,-30.6692,wait,1,1,-51.2834,False
5452,5,1,4,12,wait,2,1,-35.2982,wait,2,1,-58.6802,False
5453,5,1,4,13,wait,2,1,-42.224,wait,2,1,-70.6281,False
5454,5,1,4,14,wait,2,1,-87.135,wait,2,1,-87.4834,False
5455,5,1,4,15,wait,0,0,0.0,wait,0,0,0.0,False
5456,5,1,5,0,wait,1,1,-8.9843,wait,1,1,-17.6228,False
5457,5,1,5,1,wait,1,1,-9.2423,wait,1,1,-18.9745,False
5458,5,1,5,2,wait,1,1,-9.1374,wait,1,1,-18.808,False
5459,5,1,5,3,wait,1,1,-9.7458,wait,1,1,-19.381,False
5460,5,1,5,4,wait,1,1,-10.1097,wait,1,1,-20.2225,False
5461,5,1,5,5,wait,1,1,-10.607,wait,1,1,-21.4102,False
5462,5,1,5,6,wait,1,1,-11.1538,wait,1,1,-21.9707,False
5463,5,1,5,7,wait,1,1,-12.0965,wait,1,1,-23.5622,False
5464,5,1,5,8,wait,1,1,-13.4555,wait,1,1,-26.0138,False
5465,5,1,5,9,wait,1,1,-15.7376,wait,1,1,-29.2544,False
5466,5,1,5,10,wait,1,1,-20.4307,wait,1,1,-37.2806,False
5467,5,1,5,11,wait,1,1,-25.1357,wait,1,1,-45.2728,False
5468,5,1,5,12,wait,2,1,-32.0936,wait,2,1,-57.2006,False
5469,5,1,5,13,wait,2,1,-39.8101,wait,1,1,-70.9145,True
5470,5,1,5,14,wait,2,1,-86.0621,wait,2,1,-86.5017,False
5471,5,1,5,15,wait,0,0,0.0,wait,0,0,0.0,False
5488,5,2,1,0,wait,2,2,-50.2229,wait,2,2,-70.1854,False
5489,5,2,1,1,wait,2,2,-49.0542,wait,2,2,-69.2749,False
5490,5,2,1,2,wait,2,2,-49.333,wait,2,2,-69.0393,False
5491,5,2,1,3,wait,2,2,-49.6691,wait,2,2,-69.4413,False
5492,5,2,1,4,wait,2,2,-49.6093,wait,2,2,-69.4084,False
5493,5,2,1,5,wait,2,2,-49.8616,wait,2,2,-70.0048,False
5494,5,2,1,6,wait,2,2,-49.6967,wait,2,2,-69.4326,False
5495,5,2,1,7,wait,2,2,-49.896,wait,2,2,-70.1097,False
5496,5,2,1,8,wait,2,2,-49.7008,wait,2,2,-70.781,False
5497,5,2,1,9,wait,2,2,-49.9976,wait,2,2,-69.255,False
5498,5,2,1,10,wait,2,2,-50.6478,wait,2,2,-70.9753,False
5499,5,2,1,11,wait,2,2,-50.3807,wait,2,2,-70.2899,False
5500,5,2,1,12,wait,2,2,-52.3312,wait,2,2,-73.9373,False
5501,5,2,1,13,wait,2,2,-56.0273,wait,2,2,-79.8138,False
5502,5,2,1,14,wait,2,2,-89.7146,wait,2,2,-89.7691,False
5503,5,2,1,15,wait,0,0,0.0,wait,0,0,0.0,False
5504,5,2,2,0,wait,2,2,-34.5012,wait,2,2,-54.6198,False
5505,5,2,2,1,wait,2,2,-33.4788,wait,2,2,-53.7738,False
5506,5,2,2,2,wait,2,2,-34.3679,wait,2,2,-53.9898,False
5507,5,2,2,3,wait,2,2,-34.4246,wait,2,2,-54.7257,False
5508,5,2,2,4,wait,2,2,-34.1955,wait,2,2,-54.5598,False
5509,5,2,2,5,wait,2,2,-34.2007,wait,2,2,-54.4459,False
5510,5,2,2,6,wait,2,2,-34.4129,wait,2,2,-54.7929,False
5511,5,2,2,7,wait,2,2,-34.3648,wait,2,2,-54.4238,False
5512,5,2,2,8,wait,2,2,-34.2972,wait,2,2,-53.9453,False
5513,5,2,2,9,wait,2,2,-34.7504,wait,2,2,-54.91,False
5514,5,2,2,10,wait,2,2,-35.2684,wait,2,2,-55.4034,False
5515,5,2,2,11,wait,2,2,-36.9977,wait,2,2,-59.7426,False
5516,5,2,2,12,wait,2,2,-40.301,wait,2,2,-64.0288,False
5517,5,2,2,13,wait,2,2,-46.2134,wait,2,2,-74.5273,False
5518,5,2,2,14,wait,2,2,-87.4009,wait,2,2,-87.0993,False
5519,5,2,2,15,wait,0,0,0.0,wait,0,0,0.0,False
5520,5,2,3,0,wait,2,2,-23.3494,wait,2,2,-40.3802,False
5521,5,2,3,1,wait,2,2,-22.9468,wait,2,2,-39.4799,False
5522,5,2,3,2,wait,2,2,-23.1757,wait,2,2,-39.6064,False
5523,5,2,3,3,wait,2,2,-22.6206,wait,2,2,-38.9311,False
5524,5,2,3,4,wait,2,2,-22.8584,wait,2,2,-38.498,False
5525,5,2,3,5,wait,2,2,-22.5552,wait,2,2,-39.1345,False
5526,5,2,3,6,wait,2,2,-23.4165,wait,2,2,-41.0859,False
5527,5,2,3,7,wait,2,2,-23.1883,wait,2,2,-39.8773,False
5528,5,2,3,8,wait,2,2,-23.7238,wait,2,2,-40.9036,False
5529,5,2,3,9,wait,2,2,-24.5725,wait,2,2,-42.6485,False
5530,5,2,3,10,wait,2,2,-26.3939,wait,2,2,-45.3551,False
5531,5,2,3,11,wait,2,2,-29.4049,wait,2,2,-50.4871,False
5532,5,2,3,12,wait,2,2,-35.291,wait,2,2,-59.3756,False
5533,5,2,3,13,wait,2,2,-41.9756,wait,2,2,-71.7636,False
5534,5,2,3,14,wait,2,2,-86.1724,wait,2,2,-87.0097,False
5535,5,2,3,15,wait,0,0,0.0,wait,0,0,0.0,False
5536,5,2,4,0,wait,2,2,-11.2335,wait,2,2,-23.5258,False
5537,5,2,4,1,wait,2,2,-11.445,wait,2,2,-23.4234,False
5538,5,2,4,2,wait,2,2,-11.519,wait,2,2,-23.6615,False
5539,5,2,4,3,wait,2,2,-11.3028,wait,2,2,-23.615,False
5540,5,2,4,4,wait,2,2,-11.9011,wait,2,2,-24.3794,False
5541,5,2,4,5,wait,2,2,-11.958,wait,2,2,-25.0998,False
5542,5,2,4,6,wait,2,2,-12.7125,wait,2,2,-25.563,False
5543,5,2,4,7,wait,2,2,-13.5432,wait,1,1,-26.8721,True
5544,5,2,4,8,wait,2,2,-14.8096,wait,1,1,-28.5822,True
5545,5,2,4,9,wait,2,2,-16.0912,wait,2,2,-31.3301,False
5546,5,2,4,10,wait,2,2,-19.2027,wait,2,2,-37.0737,False
5547,5,2,4,11,wait,2,2,-24.4363,wait,2,2,-45.5345,False
5548,5,2,4,12,wait,2,2,-30.7291,wait,2,2,-55.9576,False
5549,5,2,4,13,wait,2,2,-38.7035,wait,2,2,-69.0093,False
5550,5,2,4,14,wait,2,2,-85.0977,wait,2,2,-85.2978,False
5551,5,2,4,15,wait,0,0,0.0,wait,0,0,0.0,False
5552,5,2,5,0,wait,1,1,-3.2277,wait,1,1,-8.8866,False
5553,5,2,5,1,wait,1,1,-2.979,wait,1,1,-9.299,False
5554,5,2,5,2,wait,1,1,-3.4106,wait,1,1,-8.7272,False
5555,5,2,5,3,wait,1,1,-3.7059,wait,1,1,-10.199,False
5556,5,2,5,4,wait,1,1,-4.7593,wait,1,1,-11.7385,False
5557,5,2,5,5,wait,1,1,-5.6818,wait,1,1,-12.453,False
5558,5,2,5,6,wait,1,1,-6.7026,wait,1,1,-15.0906,False
5559,5,2,5,7,wait,1,1,-7.8839,wait,1,1,-16.9284,False
5560,5,2,5,8,wait,1,1,-10.36,wait,1,1,-20.5713,False
5561,5,2,5,9,wait,2,1,-14.1595,wait,1,1,-27.4002,True
5562,5,2,5,10,wait,1,1,-18.1836,wait,1,1,-34.3068,False
5563,5,2,5,11,wait,2,1,-23.6605,wait,2,1,-43.9828,False
5564,5,2,5,12,wait,2,2,-30.2097,wait,2,1,-54.6966,True
5565,5,2,5,13,wait,2,2,-39.0618,wait,2,1,-69.9145,True
5566,5,2,5,14,wait,2,2,-84.9698,wait,2,2,-84.1494,False
5567,5,2,5,15,wait,0,0,0.0,wait,0,0,0.0,False
5584,5,3,1,0,wait,2,2,-46.9219,wait,2,2,-64.5916,False
5585,5,3,1,1,wait,2,2,-46.4839,wait,2,2,-64.0418,False
5586,5,3,1,2,wait,2,2,-47.0258,wait,2,2,-64.7675,False
5587,5,3,1,3,wait,2,2,-45.509,wait,2,2,-63.3603,False
5588,5,3,1,4,wait,2,2,-46.7606,wait,2,2,-65.0434,False
5589,5,3,1,5,wait,2,2,-46.5284,wait,2,2,-64.9129,False
5590,5,3,1,6,wait,2,2,-46.4663,wait,2,2,-63.5405,False
5591,5,3,1,7,wait,2,2,-46.3804,wait,2,2,-64.7596,False
5592,5,3,1,8,wait,2,2,-46.4968,wait,2,2,-64.0014,False
5593,5,3,1,9,wait,2,2,-46.9793,wait,2,2,-64.9138,False
5594,5,3,1,10,wait,2,2,-47.1892,wait,2,2,-65.2683,False
5595,5,3,1,11,wait,2,2,-48.1188,wait,2,2,-67.1753,False
5596,5,3,1,12,wait,2,2,-50.8974,wait,2,2,-71.1922,False
5597,5,3,1,13,wait,2,2,-55.3484,wait,2,2,-78.9285,False
5598,5,3,1,14,hunt,2,2,-89.92,hunt,2,2,-89.9997,False
5599,5,3,1,15,wait,0,0,0.0,wait,0,0,0.0,False
5600,5,3,2,0,wait,2,2,-29.8678,wait,2,2,-47.0467,False
5601,5,3,2,1,wait,2,2,-29.4691,wait,2,2,-46.1836,False
5602,5,3,2,2,wait,2,2,-29.2181,wait,2,2,-45.6176,False
5603,5,3,2,3,wait,2,2,-29.5873,wait,2,2,-47.2735,False
5604,5,3,2,4,wait,2,2,-29.0536,wait,2,2,-45.9412,False
5605,5,3,2,5,wait,2,2,-29.2296,wait,2,2,-46.2312,False
5606,5,3,2,6,wait,2,2,-29.8107,wait,2,2,-47.291,False
5607,5,3,2,7,wait,2,2,-29.6776,wait,2,2,-46.5933,False
5608,5,3,2,8,wait,2,2,-29.4831,wait,2,2,-47.037,False
5609,5,3,2,9,wait,2,2,-29.958,wait,2,2,-47.9953,False
5610,5,3,2,10,wait,2,2,-31.5704,wait,2,2,-50.5019,False
5611,5,3,2,11,wait,2,2,-34.871,wait,2,2,-56.3147,False
5612,5,3,2,12,wait,2,2,-39.0165,wait,2,2,-62.1076,False
5613,5,3,2,13,wait,2,2,-45.3917,wait,2,2,-74.0055,False
5614,5,3,2,14,wait,2,2,-87.6695,wait,2,2,-88.6723,False
5615,5,3,2,15,wait,0,0,0.0,wait,0,0,0.0,False
5616,5,3,3,0,wait,2,2,-18.0862,wait,2,2,-30.6038,False
5617,5,3,3,1,wait,2,2,-17.6898,wait,2,2,-30.8676,False
5618,5,3,3,2,wait,2,2,-18.2002,wait,2,2,-31.3335,False
5619,5,3,3,3,wait,2,2,-17.8616,wait,2,2,-31.0459,False
5620,5,3,3,4,wait,2,2,-18.3063,wait,2,2,-32.4681,False
5621,5,3,3,5,wait,2,2,-17.7602,wait,2,2,-31.7009,False
5622,5,3,3,6,wait,2,2,-18.236,wait,2,2,-31.7906,False
5623,5,3,3,7,wait,2,2,-19.2559,wait,2,2,-32.7865,False
5624,5,3,3,8,wait,2,2,-19.7985,wait,2,2,-34.2957,False
5625,5,3,3,9,wait,2,2,-20.6891,wait,2,2,-36.1531,False
5626,5,3,3,10,wait,2,2,-23.7611,wait,2,2,-40.6308,False
5627,5,3,3,11,wait,2,2,-27.7879,wait,2,2,-47.8101,False
5628,5,3,3,12,wait,2,2,-34.047,wait,2,2,-57.6079,False
5629,5,3,3,13,hunt,2,2,-42.3211,hunt,2,2,-71.5322,False
5630,5,3,3,14,wait,2,2,-85.8747,wait,2,2,-85.9803,False
5631,5,3,3,15,wait,0,0,0.0,wait,0,0,0.0,False
5632,5,3,4,0,wait,2,2,-5.93,wait,2,2,-13.8971,False
5633,5,3,4,1,wait,2,2,-5.4543,wait,2,2,-13.9232,False
5634,5,3,4,2,wait,2,2,-5.7513,wait,2,2,-13.7235,False
5635,5,3,4,3,wait,2,2,-6.62,wait,2,2,-15.4873,False
5636,5,3,4,4,wait,2,2,-6.3394,wait,2,2,-15.36,False
5637,5,3,4,5,wait,2,2,-6.9172,wait,2,2,-15.5892,False
5638,5,3,4,6,wait,2,2,-7.9516,wait,2,2,-17.7296,False
5639,5,3,4,7,wait,2,2,-9.2658,wait,2,2,-20.1239,False
5640,5,3,4,8,wait,2,2,-10.8521,wait,2,2,-22.6569,False
5641,5,3,4,9,wait,2,2,-13.6007,wait,2,2,-27.0811,False
5642,5,3,4,10,wait,2,2,-17.662,wait,2,2,-33.5228,False
5643,5,3,4,11,wait,2,2,-23.0323,wait,2,2,-42.7512,False
5644,5,3,4,12,wait,2,2,-29.5889,wait,2,2,-54.2088,False
5645,5,3,4,13,wait,2,2,-38.063,wait,2,2,-66.945,False
5646,5,3,4,14,hunt,2,2,-85.2867,hunt,2,2,-85.1595,False
5647,5,3,4,15,wait,0,0,0.0,wait,0,0,0.0,False
5648,5,3,5,0,wait,1,1,0.6531,wait,1,1,-2.3086,False
5649,5,3,5,1,wait,1,1,0.6327,wait,1,1,-2.2147,False
5650,5,3,5,2,wait,1,1,0.1827,wait,1,1,-2.9091,False
5651,5,3,5,3,wait,1,1,-0.3661,wait,1,1,-4.045,False
5652,5,3,5,4,wait,1,1,-1.3117,wait,1,1,-5.4946,False
5653,5,3,5,5,wait,1,1,-2.2534,wait,1,1,-7.1766,False
5654,5,3,5,6,wait,1,1,-3.5824,wait,1,1,-9.2979,False
5655,5,3,5,7,wait,1,1,-5.8003,wait,1,1,-12.9307,False
5656,5,3,5,8,wait,1,1,-8.1626,wait,1,1,-17.307,False
5657,5,3,5,9,wait,1,1,-12.3523,wait,1,1,-23.6811,False
5658,5,3,5,10,wait,2,2,-16.9782,hunt,1,1,-33.0345,True
5659,5,3,5,11,wait,2,2,-22.7022,hunt,1,1,-42.654,True
5660,5,3,5,12,wait,2,2,-29.9955,wait,2,1,-54.424,True
5661,5,3,5,13,wait,2,2,-38.3893,wait,2,2,-68.9651,False
5662,5,3,5,14,hunt,2,2,-84.937,hunt,2,2,-85.2284,False
5663,5,3,5,15,wait,0,0,0.0,wait,0,0,0.0,False
5680,5,4,1,0,wait,2,2,-44.4775,wait,2,2,-60.6593,False
5681,5,4,1,1,wait,2,2,-44.9755,wait,2,2,-61.8431,False
5682,5,4,1,2,wait,2,2,-44.2371,wait,2,2,-59.922,False
5683,5,4,1,3,wait,2,2,-45.0112,wait,2,2,-62.1166,False
5684,5,4,1,4,wait,2,2,-44.6314,wait,2,2,-60.475,False
5685,5,4,1,5,wait,2,2,-44.3238,wait,2,2,-61.2063,False
5686,5,4,1,6,wait,2,2,-44.0318,wait,2,2,-60.3694,False
5687,5,4,1,7,wait,2,2,-45.2243,wait,2,2,-61.941,False
5688,5,4,1,8,wait,2,2,-44.4785,wait,2,2,-60.4101,False
5689,5,4,1,9,wait,2,2,-44.4298,wait,2,2,-60.9959,False
5690,5,4,1,10,wait,2,2,-45.1954,wait,2,2,-62.8082,False
5691,5,4,1,11,wait,2,2,-46.7225,wait,2,2,-64.154,False
5692,5,4,1,12,wait,2,2,-49.3649,wait,2,2,-69.0326,False
5693,5,4,1,13,hunt,2,2,-55.4461,wait,2,2,-79.1089,True
5694,5,4,1,14,hunt,2,2,-89.9333,hunt,2,2,-90.2249,False
5695,5,4,1,15,wait,0,0,0.0,wait,0,0,0.0,False
5696,5,4,2,0,wait,2,2,-27.251,wait,2,2,-42.0585,False
5697,5,4,2,1,wait,2,2,-27.2082,wait,2,2,-42.5885,False
5698,5,4,2,2,wait,2,2,-26.5553,wait,2,2,-41.9643,False
5699,5,4,2,3,wait,2,2,-27.1314,wait,2,2,-41.9269,False
5700,5,4,2,4,wait,2,2,-27.1102,wait,2,2,-42.2339,False
5701,5,4,2,5,wait,2,2,-26.5646,wait,2,2,-41.7048,False
5702,5,4,2,6,wait,2,2,-27.058,wait,2,2,-42.9067,False
5703,5,4,2,7,wait,2,2,-26.6304,wait,2,2,-42.2201,False
5704,5,4,2,8,wait,2,2,-27.8766,wait,2,2,-44.1028,False
5705,5,4,2,9,wait,2,2,-28.9824,wait,2,2,-45.6223,False
5706,5,4,2,10,wait,2,2,-29.8341,wait,2,2,-47.6807,False
5707,5,4,2,11,wait,2,2,-33.5259,wait,2,2,-53.2673,False
5708,5,4,2,12,wait,2,2,-38.1366,wait,2,2,-60.3153,False
5709,5,4,2,13,wait,2,2,-44.6665,wait,2,2,-71.8652,False
5710,5,4,2,14,hunt,2,2,-86.8406,hunt,2,2,-86.2455,False
5711,5,4,2,15,wait,0,0,0.0,wait,0,0,0.0,False
5712,5,4,3,0,wait,2,2,-14.9087,wait,2,2,-26.1071,False
5713,5,4,3,1,wait,2,2,-14.1296,wait,2,2,-25.0755,False
5714,5,4,3,2,wait,2,2,-14.4831,wait,2,2,-25.568,False
5715,5,4,3,3,wait,2,2,-14.779,wait,2,2,-26.0129,False
5716,5,4,3,4,wait,2,2,-15.4724,wait,2,2,-26.8301,False
5717,5,4,3,5,wait,2,2,-15.5164,wait,2,2,-26.971,False
5718,5,4,3,6,wait,2,2,-15.7279,wait,2,2,-27.7882,False
5719,5,4,3,7,wait,2,2,-15.6139,wait,2,2,-27.6022,False
5720,5,4,3,8,wait,2,2,-16.9856,wait,2,2,-30.118,False
5721,5,4,3,9,wait,2,2,-19.3762,wait,2,2,-33.9627,False
5722,5,4,3,10,wait,2,2,-22.392,wait,2,2,-37.5,False
5723,5,4,3,11,wait,2,2,-26.7395,wait,2,2,-45.4202,False
5724,5,4,3,12,wait,2,2,-32.5254,wait,2,2,-55.6143,False
5725,5,4,3,13,wait,2,2,-41.0969,wait,2,2,-70.321,False
5726,5,4,3,14,hunt,2,2,-86.3505,hunt,2,2,-86.3842,False
5727,5,4,3,15,wait,0,0,0.0,wait,0,0,0.0,False
5728,5,4,4,0,wait,2,2,-1.9213,wait,2,2,-7.6707,False
5729,5,4,4,1,wait,2,2,-2.3893,wait,2,2,-7.9194,False
5730,5,4,4,2,wait,2,2,-2.4725,wait,2,2,-8.8903,False
5731,5,4,4,3,wait,2,2,-3.0905,wait,2,2,-9.5399,False
5732,5,4,4,4,wait,2,2,-3.1158,wait,2,2,-10.1663,False
5733,5,4,4,5,wait,2,2,-4.1367,wait,2,2,-11.1755,False
5734,5,4,4,6,wait,2,2,-5.058,wait,2,2,-12.892,False
5735,5,4,4,7,wait,2,2,-7.0189,wait,2,2,-16.1413,False
5736,5,4,4,8,wait,2,2,-9.0751,wait,2,2,-20.2442,False
5737,5,4,4,9,wait,2,2,-11.821,wait,2,2,-24.6943,False
5738,5,4,4,10,wait,2,2,-16.3879,wait,2,2,-31.592,False
5739,5,4,4,11,wait,2,2,-22.3128,wait,2,2,-41.4547,False
5740,5,4,4,12,wait,2,2,-29.4828,wait,2,2,-54.1231,False
5741,5,4,4,13,wait,2,2,-38.1097,wait,2,2,-67.7159,False
5742,5,4,4,14,wait,2,2,-85.2295,wait,2,2,-84.5723,False
5743,5,4,4,15,wait,0,0,0.0,wait,0,0,0.0,False
5744,5,4,5,0,wait,1,1,3.4105,hunt,1,1,1.8835,True
5745,5,4,5,1,wait,1,1,3.2255,hunt,1,1,2.5123,True
5746,5,4,5,2,wait,1,1,2.3102,hunt,1,1,2.187,True
5747,5,4,5,3,hunt,1,1,2.1667,wait,1,1,1.3352,True
5748,5,4,5,4,hunt,1,1,1.7978,hunt,1,1,-0.6473,False
5749,5,4,5,5,hunt,1,1,0.1866,hunt,1,1,-3.4478,False
5750,5,4,5,6,wait,1,1,-1.9269,wait,1,1,-6.7043,False
5751,5,4,5,7,hunt,1,1,-3.9513,hunt,1,1,-10.0094,False
5752,5,4,5,8,wait,1,1,-7.395,wait,1,1,-16.1593,False
5753,5,4,5,9,wait,1,2,-11.5244,wait,1,1,-23.3116,True
5754,5,4,5,10,hunt,2,1,-16.4485,hunt,2,1,-30.9194,False
5755,5,4,5,11,wait,1,2,-22.364,hunt,1,1,-41.4756,True
5756,5,4,5,12,hunt,1,1,-29.6652,hunt,1,1,-53.591,False
5757,5,4,5,13,wait,2,2,-38.1925,wait,2,2,-67.9893,False
5758,5,4,5,14,hunt,2,2,-85.3034,wait,2,2,-85.8334,True
5759,5,4,5,15,wait,0,0,0.0,wait,0,0,0.0,False
5776,5,5,1,0,wait,2,2,-42.7636,wait,2,2,-57.2184,False
5777,5,5,1,1,wait,2,2,-43.1661,wait,2,2,-58.2513,False
5778,5,5,1,2,wait,2,2,-43.0482,wait,2,2,-58.7268,False
5779,5,5,1,3,wait,2,2,-42.9289,wait,2,2,-58.8849,False
5780,5,5,1,4,wait,2,2,-42.4307,wait,2,2,-57.7542,False
5781,5,5,1,5,wait,2,2,-43.8035,wait,2,2,-59.1334,False
5782,5,5,1,6,wait,2,2,-43.5912,wait,2,2,-59.1399,False
5783,5,5,1,7,wait,2,2,-42.9283,wait,2,2,-58.6923,False
5784,5,5,1,8,wait,2,2,-42.9987,wait,2,2,-58.8329,False
5785,5,5,1,9,wait,2,2,-43.2429,wait,2,2,-59.2484,False
5786,5,5,1,10,wait,2,2,-44.2383,wait,2,2,-61.0916,False
5787,5,5,1,11,wait,2,2,-45.6558,wait,2,2,-63.1135,False
5788,5,5,1,12,wait,2,2,-49.8069,wait,2,2,-69.3962,False
5789,5,5,1,13,hunt,2,2,-54.7394,hunt,2,2,-78.0249,False
5790,5,5,1,14,hunt,2,2,-89.6218,hunt,2,2,-90.0433,False
5791,5,5,1,15,wait,0,0,0.0,wait,0,0,0.0,False
5792,5,5,2,0,wait,2,2,-24.691,wait,2,2,-39.5538,False
5793,5,5,2,1,wait,2,2,-25.4672,wait,2,2,-39.4177,False
5794,5,5,2,2,wait,2,2,-24.6808,wait,2,2,-39.1918,False
5795,5,5,2,3,wait,2,2,-25.3082,wait,2,2,-40.8652,False
5796,5,5,2,4,wait,2,2,-25.602,wait,2,2,-40.2915,False
5797,5,5,2,5,wait,2,2,-25.3449,wait,2,2,-39.5583,False
5798,5,5,2,6,wait,2,2,-25.2633,wait,2,2,-38.8572,False
5799,5,5,2,7,wait,2,2,-25.2685,wait,2,2,-39.015,False
5800,5,5,2,8,wait,2,2,-26.3694,wait,2,2,-40.9155,False
5801,5,5,2,9,wait,2,2,-26.7166,wait,2,2,-42.0056,False
5802,5,5,2,10,wait,2,2,-28.8663,wait,2,2,-45.7686,False
5803,5,5,2,11,wait,2,2,-32.9243,wait,2,2,-52.3743,False
5804,5,5,2,12,wait,2,2,-37.4641,wait,2,2,-58.8779,False
5805,5,5,2,13,wait,2,2,-45.1667,wait,2,2,-72.0091,False
5806,5,5,2,14,hunt,2,2,-87.4618,hunt,2,2,-87.0159,False
5807,5,5,2,15,wait,0,0,0.0,wait,0,0,0.0,False
5808,5,5,3,0,wait,2,2,-11.821,wait,2,2,-20.5992,False
5809,5,5,3,1,wait,2,2,-11.8249,wait,2,2,-21.1988,False
5810,5,5,3,2,hunt,2,2,-12.7948,hunt,2,2,-22.9199,False
5811,5,5,3,3,wait,2,2,-12.0362,wait,2,2,-21.8487,False
5812,5,5,3,4,wait,2,2,-12.5559,wait,2,2,-21.9904,False
5813,5,5,3,5,wait,2,2,-13.3757,wait,2,2,-23.0096,False
5814,5,5,3,6,wait,2,2,-13.6914,wait,2,2,-23.9709,False
5815,5,5,3,7,wait,2,2,-14.5641,wait,2,2,-25.7756,False
5816,5,5,3,8,wait,2,2,-15.7532,wait,2,2,-27.536,False
5817,5,5,3,9,wait,2,2,-17.0479,wait,2,2,-29.8713,False
5818,5,5,3,10,wait,2,2,-21.6441,wait,2,2,-37.1733,False
5819,5,5,3,11,wait,2,2,-26.3515,wait,2,2,-44.8816,False
5820,5,5,3,12,wait,2,2,-32.8394,wait,2,2,-56.2088,False
5821,5,5,3,13,wait,2,2,-41.2417,wait,2,2,-69.5652,False
5822,5,5,3,14,wait,2,2,-86.9251,wait,2,2,-86.9293,False
5823,5,5,3,15,wait,0,0,0.0,wait,0,0,0.0,False
5824,5,5,4,0,wait,2,2,0.9957,wait,2,2,-3.1271,False
5825,5,5,4,1,wait,2,2,0.51,wait,2,2,-3.5567,False
5826,5,5,4,2,wait,2,2,0.0256,wait,2,2,-4.5548,False
5827,5,5,4,3,hunt,2,2,-0.0459,hunt,2,2,-5.0459,False
5828,5,5,4,4,wait,2,2,-0.574,wait,2,2,-5.6024,False
5829,5,5,4,5,hunt,2,2,-1.8981,hunt,2,2,-7.8984,False
5830,5,5,4,6,wait,2,2,-3.424,wait,2,2,-10.0794,False
5831,5,5,4,7,hunt,2,2,-5.5089,hunt,2,2,-13.6581,False
5832,5,5,4,8,wait,2,2,-7.8695,wait,2,2,-17.6256,False
5833,5,5,4,9,wait,2,2,-11.5291,hunt,2,2,-23.6852,True
5834,5,5,4,10,wait,2,2,-16.0317,wait,2,2,-31.1616,False
5835,5,5,4,11,hunt,2,2,-21.3661,hunt,2,2,-40.4049,False
5836,5,5,4,12,wait,2,2,-28.8626,wait,2,2,-52.9562,False
5837,5,5,4,13,hunt,2,2,-38.0966,hunt,2,2,-67.849,False
5838,5,5,4,14,hunt,2,2,-85.2921,hunt,2,2,-84.7705,False
5839,5,5,4,15,wait,0,0,0.0,wait,0,0,0.0,False
5840,5,5,5,0,wait,1,1,5.4112,wait,1,1,5.5801,False
5841,5,5,5,1,wait,1,2,3.7891,hunt,1,1,4.0297,True
5842,5,5,5,2,wait,1,2,2.9549,wait,1,1,4.8388,True
5843,5,5,5,3,hunt,2,1,1.871,hunt,1,1,3.8826,True
5844,5,5,5,4,wait,1,1,2.8086,hunt,1,1,2.2915,True
5845,5,5,5,5,hunt,1,1,1.8465,wait,1,1,1.4034,True
5846,5,5,5,6,hunt,1,1,-0.0647,hunt,1,1,-3.4772,False
5847,5,5,5,7,hunt,1,1,-2.9387,hunt,1,1,-8.8971,False
5848,5,5,5,8,hunt,1,1,-5.8372,hunt,1,1,-12.8019,False
5849,5,5,5,9,hunt,1,1,-9.8569,hunt,1,1,-20.2551,False
5850,5,5,5,10,hunt,1,1,-14.6756,hunt,1,1,-28.0187,False
5851,5,5,5,11,hunt,1,1,-20.6108,hunt,1,1,-37.0142,False
5852,5,5,5,12,hunt,1,1,-28.125,hunt,1,1,-50.0481,False
5853,5,5,5,13,hunt,2,2,-38.4034,hunt,0,0,-67.0034,True
5854,5,5,5,14,wait,2,2,-85.0873,wait,2,2,-85.5893,False
5855,5,5,5,15,wait,0,0,0.0,wait,0,0,0.0,False
5872,5,6,1,0,wait,2,2,-42.6372,wait,2,2,-56.9813,False
5873,5,6,1,1,wait,2,2,-42.563,wait,2,2,-57.3,False
5874,5,6,1,2,wait,2,2,-42.3794,wait,2,2,-57.742,False
5875,5,6,1,3,wait,2,2,-42.3811,wait,2,2,-57.3608,False
5876,5,6,1,4,wait,2,2,-42.5175,wait,2,2,-57.7087,False
5877,5,6,1,5,wait,2,2,-43.3051,wait,2,2,-58.9972,False
5878,5,6,1,6,wait,2,2,-41.4371,wait,2,2,-55.7883,False
5879,5,6,1,7,wait,2,2,-43.0242,wait,2,2,-57.9238,False
5880,5,6,1,8,wait,2,2,-43.0287,wait,2,2,-58.027,False
5881,5,6,1,9,hunt,2,2,-44.0555,hunt,2,2,-60.0161,False
5882,5,6,1,10,wait,2,2,-44.1939,wait,2,2,-61.4002,False
5883,5,6,1,11,wait,2,2,-45.9938,wait,2,2,-63.4291,False
5884,5,6,1,12,wait,2,2,-49.6477,wait,2,2,-69.2941,False
5885,5,6,1,13,wait,2,2,-55.302,hunt,2,2,-78.5439,True
5886,5,6,1,14,hunt,2,2,-90.1102,hunt,2,2,-90.1117,False
5887,5,6,1,15,wait,0,0,0.0,wait,0,0,0.0,False
5888,5,6,2,0,wait,2,2,-22.9723,wait,2,2,-35.5841,False
5889,5,6,2,1,wait,2,2,-23.7572,wait,2,2,-36.1255,False
5890,5,6,2,2,wait,2,2,-22.8238,wait,2,2,-35.3932,False
5891,5,6,2,3,wait,2,2,-23.525,wait,2,2,-36.3049,False
5892,5,6,2,4,wait,2,2,-24.0277,wait,2,2,-36.9054,False
5893,5,6,2,5,wait,2,2,-23.3163,wait,2,2,-36.671,False
5894,5,6,2,6,wait,2,2,-24.315,wait,2,2,-37.445,False
5895,5,6,2,7,wait,2,2,-24.6123,wait,2,2,-37.8938,False
5896,5,6,2,8,wait,2,2,-25.0264,wait,2,2,-38.8795,False
5897,5,6,2,9,wait,2,2,-26.338,wait,2,2,-40.8628,False
5898,5,6,2,10,wait,2,2,-28.667,wait,2,2,-45.1232,False
5899,5,6,2,11,wait,2,2,-31.8812,wait,2,2,-50.7126,False
5900,5,6,2,12,wait,2,2,-37.5034,wait,2,2,-60.7634,False
5901,5,6,2,13,hunt,2,2,-44.8812,hunt,2,2,-71.2204,False
5902,5,6,2,14,wait,2,2,-87.3829,wait,2,2,-87.1607,False
5903,5,6,2,15,wait,0,0,0.0,wait,0,0,0.0,False
5904,5,6,3,0,hunt,2,2,-9.4306,hunt,2,2,-17.3641,False
5905,5,6,3,1,wait,2,2,-9.7532,wait,2,2,-17.9169,False
5906,5,6,3,2,hunt,2,2,-9.8119,hunt,2,2,-17.4529,False
5907,5,6,3,3,hunt,2,2,-10.2221,wait,2,2,-18.7454,True
5908,5,6,3,4,hunt,2,2,-10.5519,hunt,2,2,-18.9688,False
5909,5,6,3,5,hunt,2,2,-11.5419,hunt,2,2,-20.0028,False
5910,5,6,3,6,hunt,2,2,-11.4062,hunt,2,2,-20.9157,False
5911,5,6,3,7,wait,2,2,-13.2038,wait,2,2,-23.0281,False
5912,5,6,3,8,wait,2,2,-15.4166,wait,2,2,-27.1356,False
5913,5,6,3,9,wait,2,2,-17.2034,wait,2,2,-29.9881,False
5914,5,6,3,10,wait,2,2,-21.4482,wait,2,2,-36.5752,False
5915,5,6,3,11,wait,2,2,-25.8412,wait,2,2,-43.9217,False
5916,5,6,3,12,wait,2,2,-32.4382,wait,2,2,-55.8472,False
5917,5,6,3,13,wait,2,2,-41.392,wait,2,2,-70.1239,False
5918,5,6,3,14,hunt,2,2,-86.4718,hunt,2,2,-86.5289,False
5919,5,6,3,15,wait,0,0,0.0,wait,0,0,0.0,False
5920,5,6,4,0,hunt,2,2,3.0474,wait,2,2,1.6324,True
5921,5,6,4,1,hunt,2,2,2.9797,wait,2,2,1.0692,True
5922,5,6,4,2,hunt,2,2,2.4008,wait,2,2,1.5692,True
5923,5,6,4,3,hunt,2,2,1.8475,wait,2,2,0.4761,True
5924,5,6,4,4,hunt,2,2,1.4651,hunt,2,2,-1.8406,False
5925,5,6,4,5,hunt,2,2,0.0607,hunt,2,2,-3.7204,False
5926,5,6,4,6,wait,2,2,-2.1964,wait,2,2,-8.1336,False
5927,5,6,4,7,hunt,2,2,-4.1166,hunt,2,2,-11.645,False
5928,5,6,4,8,hunt,2,2,-6.8404,hunt,2,2,-15.7019,False
5929,5,6,4,9,hunt,2,2,-10.8454,hunt,2,2,-22.1124,False
5930,5,6,4,10,hunt,2,2,-15.3959,hunt,2,2,-29.8423,False
5931,5,6,4,11,hunt,2,2,-21.2792,hunt,2,2,-40.3844,False
5932,5,6,4,12,hunt,2,2,-28.3568,hunt,2,2,-52.5501,False
5933,5,6,4,13,hunt,2,2,-38.1228,hunt,0,1,-68.2671,True
5934,5,6,4,14,hunt,2,2,-85.462,hunt,2,2,-85.2507,False
5935,5,6,4,15,wait,0,0,0.0,wait,0,0,0.0,False
5936,5,6,5,0,hunt,2,1,5.1419,hunt,1,1,5.7627,True
5937,5,6,5,1,hunt,2,1,4.8159,hunt,1,1,5.354,True
5938,5,6,5,2,wait,2,2,2.306,wait,1,1,5.7247,True
5939,5,6,5,3,wait,2,1,2.3309,wait,1,1,5.5639,True
5940,5,6,5,4,hunt,2,2,2.7336,hunt,1,1,4.8401,True
5941,5,6,5,5,wait,1,1,2.1671,hunt,1,1,4.0741,True
5942,5,6,5,6,hunt,1,1,1.526,hunt,1,1,-0.6428,False
5943,5,6,5,7,hunt,1,1,-0.4964,hunt,1,1,-4.7924,False
5944,5,6,5,8,hunt,1,1,-3.595,hunt,1,1,-9.501,False
5945,5,6,5,9,hunt,1,1,-7.7393,hunt,1,1,-16.6652,False
5946,5,6,5,10,hunt,1,1,-12.5379,hunt,1,1,-23.6273,False
5947,5,6,5,11,hunt,1,1,-18.2934,hunt,1,1,-34.433,False
5948,5,6,5,12,hunt,1,1,-25.8261,hunt,0,1,-46.5318,True
5949,5,6,5,13,hunt,0,1,-36.4939,hunt,0,1,-60.3693,False
5950,5,6,5,14,hunt,2,2,-85.1742,hunt,2,2,-84.714,False
5951,5,6,5,15,wait,0,0,0.0,wait,0,0,0.0,False
5968,5,7,1,0,wait,2,2,-41.6743,wait,2,2,-55.6344,False
5969,5,7,1,1,wait,2,2,-41.9336,wait,2,2,-56.4116,False
5970,5,7,1,2,wait,2,2,-42.0828,wait,2,2,-56.7377,False
5971,5,7,1,3,wait,2,2,-41.3272,wait,2,2,-55.1343,False
5972,5,7,1,4,wait,2,2,-41.9119,wait,2,2,-56.9092,False
5973,5,7,1,5,wait,2,2,-41.929,wait,2,2,-56.9834,False
5974,5,7,1,6,wait,2,2,-42.476,wait,2,2,-57.3668,False
5975,5,7,1,7,wait,2,2,-42.153,wait,2,2,-56.2928,False
5976,5,7,1,8,wait,2,2,-41.7994,wait,2,2,-57.1092,False
5977,5,7,1,9,wait,2,2,-42.8868,wait,2,2,-58.2506,False
5978,5,7,1,10,hunt,2,2,-44.5593,hunt,2,2,-60.8122,False
5979,5,7,1,11,wait,2,2,-45.1739,wait,2,2,-62.5354,False
5980,5,7,1,12,wait,2,2,-48.8033,wait,2,2,-68.6851,False
5981,5,7,1,13,wait,2,2,-54.4711,wait,2,2,-78.197,False
5982,5,7,1,14,wait,2,2,-89.4794,wait,2,2,-89.7758,False
5983,5,7,1,15,wait,0,0,0.0,wait,0,0,0.0,False
5984,5,7,2,0,wait,2,2,-21.8323,wait,2,2,-33.7408,False
5985,5,7,2,1,wait,2,2,-22.2803,wait,2,2,-35.0859,False
5986,5,7,2,2,wait,2,2,-21.9402,wait,2,2,-34.0916,False
5987,5,7,2,3,wait,2,2,-21.7011,wait,2,2,-34.0845,False
5988,5,7,2,4,hunt,2,2,-22.8195,hunt,2,2,-35.0476,False
5989,5,7,2,5,wait,2,2,-22.8959,wait,2,2,-35.7903,False
5990,5,7,2,6,hunt,2,2,-23.653,hunt,2,2,-36.6185,False
5991,5,7,2,7,wait,2,2,-23.8237,wait,2,2,-37.1378,False
5992,5,7,2,8,wait,2,2,-24.4214,wait,2,2,-38.7354,False
5993,5,7,2,9,wait,2,2,-25.6565,wait,2,2,-40.6114,False
5994,5,7,2,10,wait,2,2,-28.1979,wait,2,2,-44.7424,False
5995,5,7,2,11,wait,2,2,-32.0889,wait,2,2,-51.1344,False
5996,5,7,2,12,hunt,2,2,-37.1999,hunt,2,2,-60.0499,False
5997,5,7,2,13,hunt,2,2,-45.1572,hunt,2,2,-72.5664,False
5998,5,7,2,14,wait,2,2,-88.1348,wait,2,2,-88.2108,False
5999,5,7,2,15,wait,0,0,0.0,wait,0,0,0.0,False
6000,5,7,3,0,hunt,2,2,-7.0516,hunt,2,2,-13.1371,False
6001,5,7,3,1,hunt,2,2,-7.5235,hunt,2,2,-12.9345,False
6002,5,7,3,2,hunt,2,2,-7.178,hunt,2,2,-13.1894,False
6003,5,7,3,3,hunt,2,2,-8.0527,hunt,2,2,-14.9341,False
6004,5,7,3,4,hunt,2,2,-8.5822,hunt,2,2,-15.5446,False
6005,5,7,3,5,hunt,2,2,-9.5779,hunt,2,2,-17.0691,False
6006,5,7,3,6,wait,2,2,-10.803,wait,2,2,-19.5484,False
6007,5,7,3,7,hunt,2,2,-11.3849,hunt,2,2,-20.207,False
6008,5,7,3,8,wait,2,2,-14.181,wait,2,2,-24.2449,False
6009,5,7,3,9,wait,2,2,-16.5938,wait,2,2,-28.7352,False
6010,5,7,3,10,hunt,2,2,-20.7728,hunt,2,2,-35.7514,False
6011,5,7,3,11,wait,2,2,-25.3716,wait,2,2,-43.5746,False
6012,5,7,3,12,wait,2,2,-32.682,wait,2,2,-55.9595,False
6013,5,7,3,13,hunt,2,2,-41.5014,hunt,2,2,-70.3609,False
6014,5,7,3,14,hunt,2,2,-86.5252,hunt,2,2,-86.3619,False
6015,5,7,3,15,wait,0,0,0.0,wait,0,0,0.0,False
6016,5,7,4,0,hunt,2,2,4.8104,hunt,2,2,3.0833,False
6017,5,7,4,1,hunt,2,2,4.8051,hunt,2,2,3.4657,False
6018,5,7,4,2,wait,2,2,4.2779,hunt,2,2,3.3209,True
6019,5,7,4,3,hunt,2,2,3.6757,wait,2,2,2.5416,True
6020,5,7,4,4,wait,2,2,1.9246,hunt,2,2,1.8424,True
6021,5,7,4,5,hunt,2,2,1.4433,hunt,2,2,-1.9391,False
6022,5,7,4,6,hunt,2,2,-0.1008,hunt,2,2,-4.8332,False
6023,5,7,4,7,hunt,2,2,-2.4216,hunt,2,2,-8.9747,False
6024,5,7,4,8,hunt,2,2,-5.866,hunt,2,2,-14.5497,False
6025,5,7,4,9,hunt,2,2,-9.287,hunt,2,2,-20.1857,False
6026,5,7,4,10,hunt,2,2,-14.2698,hunt,2,2,-28.5086,False
6027,5,7,4,11,hunt,2,2,-19.5069,hunt,2,2,-37.4922,False
6028,5,7,4,12,hunt,2,2,-27.3047,hunt,2,2,-49.8493,False
6029,5,7,4,13,wait,2,2,-38.2157,hunt,0,1,-61.3873,True
6030,5,7,4,14,hunt,2,2,-84.9362,hunt,2,2,-84.0342,False
6031,5,7,4,15,wait,0,0,0.0,wait,0,0,0.0,False
6032,5,7,5,0,hunt,1,1,8.2541,hunt,1,1,11.0223,False
6033,5,7,5,1,wait,2,2,4.7312,hunt,1,1,7.9747,True
6034,5,7,5,2,hunt,2,1,5.4536,hunt,1,1,7.2799,True
6035,5,7,5,3,wait,1,2,6.4104,wait,1,2,6.5402,False
6036,5,7,5,4,wait,1,1,5.355,hunt,1,1,6.2798,True
6037,5,7,5,5,hunt,1,1,2.7946,hunt,1,1,5.9511,False
6038,5,7,5,6,hunt,1,2,2.9756,hunt,1,1,3.6552,True
6039,5,7,5,7,hunt,1,1,1.1779,hunt,1,1,-1.72,False
6040,5,7,5,8,hunt,1,1,-2.1156,hunt,1,1,-6.8473,False
6041,5,7,5,9,hunt,1,1,-5.5401,hunt,1,1,-12.876,False
6042,5,7,5,10,hunt,1,1,-9.9193,hunt,1,1,-19.6198,False
6043,5,7,5,11,hunt,1,1,-15.8358,hunt,1,1,-29.9247,False
6044,5,7,5,12,hunt,1,1,-22.025,hunt,0,1,-38.3488,True
6045,5,7,5,13,hunt,0,1,-28.9107,hunt,0,1,-48.7498,False
6046,5,7,5,14,wait,1,2,-85.3763,wait,1,2,-86.0604,False
6047,5,7,5,15,wait,0,0,0.0,wait,0,0,0.0,False
6064,5,8,1,0,wait,2,2,-40.7816,wait,2,2,-55.1887,False
6065,5,8,1,1,wait,2,2,-40.8617,wait,2,2,-54.1624,False
6066,5,8,1,2,wait,2,2,-40.6124,wait,2,2,-55.5983,False
6067,5,8,1,3,wait,2,2,-41.2772,wait,2,2,-55.5333,False
6068,5,8,1,4,wait,2,2,-40.8766,wait,2,2,-55.7704,False
6069,5,8,1,5,wait,2,2,-41.3819,wait,2,2,-55.4028,False
6070,5,8,1,6,wait,2,2,-41.4308,wait,2,2,-55.7339,False
6071,5,8,1,7,wait,2,2,-41.6423,wait,2,2,-57.0995,False
6072,5,8,1,8,wait,2,2,-41.5712,wait,2,2,-56.1419,False
6073,5,8,1,9,wait,2,2,-42.9243,wait,2,2,-57.6143,False
6074,5,8,1,10,wait,2,2,-43.3505,wait,2,2,-59.6343,False
6075,5,8,1,11,hunt,2,2,-46.0433,hunt,2,2,-64.0508,False
6076,5,8,1,12,wait,2,2,-49.6205,wait,2,2,-69.3152,False
6077,5,8,1,13,wait,2,2,-54.5706,wait,2,2,-78.1262,False
6078,5,8,1,14,hunt,2,2,-89.5696,hunt,2,2,-88.5816,False
6079,5,8,1,15,wait,0,0,0.0,wait,0,0,0.0,False
6080,5,8,2,0,hunt,2,2,-20.9264,hunt,2,2,-32.6596,False
6081,5,8,2,1,wait,2,2,-21.6252,wait,2,2,-33.5957,False
6082,5,8,2,2,hunt,2,2,-22.116,hunt,2,2,-34.2793,False
6083,5,8,2,3,wait,2,2,-22.0444,hunt,2,2,-34.8413,True
6084,5,8,2,4,wait,2,2,-21.8927,wait,2,2,-34.4656,False
6085,5,8,2,5,wait,2,2,-21.2707,wait,2,2,-33.2721,False
6086,5,8,2,6,hunt,2,2,-22.7051,hunt,2,2,-35.4502,False
6087,5,8,2,7,wait,2,2,-22.7958,wait,2,2,-35.6321,False
6088,5,8,2,8,wait,2,2,-24.3086,wait,2,2,-37.8878,False
6089,5,8,2,9,wait,2,2,-26.0393,wait,2,2,-39.5975,False
6090,5,8,2,10,wait,2,2,-28.217,wait,2,2,-44.4181,False
6091,5,8,2,11,hunt,2,2,-32.4696,hunt,2,2,-51.921,False
6092,5,8,2,12,hunt,2,2,-37.7517,hunt,2,2,-60.4836,False
6093,5,8,2,13,wait,2,2,-44.8473,wait,2,2,-72.4428,False
6094,5,8,2,14,wait,2,2,-87.2123,wait,2,2,-87.5619,False
6095,5,8,2,15,wait,0,0,0.0,wait,0,0,0.0,False
6096,5,8,3,0,hunt,2,2,-6.0474,hunt,2,2,-12.0045,False
6097,5,8,3,1,hunt,2,2,-5.9121,hunt,2,2,-10.9475,False
6098,5,8,3,2,hunt,2,2,-6.595,hunt,2,2,-12.9051,False
6099,5,8,3,3,hunt,2,2,-6.5556,hunt,2,2,-12.3158,False
6100,5,8,3,4,hunt,2,2,-7.4901,hunt,2,2,-14.0783,False
6101,5,8,3,5,hunt,2,2,-8.6734,hunt,2,2,-14.7584,False
6102,5,8,3,6,hunt,2,2,-9.665,hunt,2,2,-17.3421,False
6103,5,8,3,7,hunt,2,2,-11.3636,hunt,2,2,-20.2615,False
6104,5,8,3,8,wait,2,2,-13.737,wait,2,2,-24.1226,False
6105,5,8,3,9,wait,2,2,-15.8759,wait,2,2,-27.6504,False
6106,5,8,3,10,hunt,2,2,-20.2271,hunt,2,2,-35.2428,False
6107,5,8,3,11,hunt,2,2,-25.5304,hunt,2,2,-43.3132,False
6108,5,8,3,12,hunt,2,2,-32.0187,hunt,2,2,-54.9328,False
6109,5,8,3,13,hunt,2,2,-40.9133,hunt,2,2,-69.008,False
6110,5,8,3,14,hunt,2,2,-86.3261,hunt,2,2,-86.128,False
6111,5,8,3,15,wait,0,0,0.0,wait,0,0,0.0,False
6112,5,8,4,0,hunt,2,2,5.8944,hunt,2,2,5.0177,False
6113,5,8,4,1,hunt,2,2,5.85,hunt,2,2,5.1105,False
6114,5,8,4,2,hunt,2,2,5.1923,hunt,2,2,3.8873,False
6115,5,8,4,3,wait,2,2,4.4774,hunt,2,2,3.7702,True
6116,5,8,4,4,wait,2,2,2.8705,hunt,2,2,3.5728,True
6117,5,8,4,5,hunt,2,2,2.9183,wait,2,2,1.5961,True
6118,5,8,4,6,hunt,2,2,0.3778,hunt,1,2,-3.9196,True
6119,5,8,4,7,hunt,2,2,-1.9653,hunt,2,2,-7.6156,False
6120,5,8,4,8,hunt,2,2,-4.8854,hunt,2,2,-13.1283,False
6121,5,8,4,9,hunt,2,2,-8.3072,hunt,2,2,-18.3357,False
6122,5,8,4,10,hunt,2,2,-13.3859,hunt,2,2,-26.7956,False
6123,5,8,4,11,hunt,2,2,-18.2868,hunt,2,2,-34.6887,False
6124,5,8,4,12,hunt,2,2,-25.9928,hunt,2,2,-47.6609,False
6125,5,8,4,13,hunt,2,2,-37.9233,hunt,0,1,-61.9597,True
6126,5,8,4,14,hunt,2,2,-84.8716,hunt,2,2,-84.8003,False
6127,5,8,4,15,wait,0,0,0.0,wait,0,0,0.0,False
6128,5,8,5,0,hunt,1,2,8.4519,hunt,1,2,9.9989,False
6129,5,8,5,1,wait,2,1,5.557,hunt,1,1,9.2724,True
6130,5,8,5,2,hunt,1,1,7.7075,hunt,1,1,9.585,False
6131,5,8,5,3,hunt,1,2,8.07,hunt,1,2,8.9979,False
6132,5,8,5,4,wait,2,2,2.7466,wait,1,2,6.7583,True
6133,5,8,5,5,hunt,1,2,6.2684,hunt,1,1,6.8051,True
6134,5,8,5,6,hunt,1,2,4.2,hunt,1,1,5.1942,True
6135,5,8,5,7,hunt,1,1,2.3428,hunt,1,1,0.7749,False
6136,5,8,5,8,hunt,1,1,-0.101,hunt,1,1,-4.0206,False
6137,5,8,5,9,hunt,1,1,-3.1855,hunt,1,1,-8.7167,False
6138,5,8,5,10,hunt,1,1,-7.4866,hunt,1,1,-15.4827,False
6139,5,8,5,11,hunt,1,1,-13.2862,hunt,1,1,-25.8513,False
6140,5,8,5,12,hunt,1,1,-19.085,hunt,0,1,-33.9309,True
6141,5,8,5,13,hunt,0,2,-29.0649,hunt,0,0,-45.9166,True
6142,5,8,5,14,hunt,2,2,-85.6546,hunt,2,2,-86.2778,False
6143,5,8,5,15,wait,0,0,0.0,wait,0,0,0.0,False
6160,5,9,1,0,wait,2,2,-40.4804,wait,2,2,-54.5397,False
6161,5,9,1,1,wait,2,2,-40.941,wait,2,2,-55.0042,False
6162,5,9,1,2,wait,2,2,-41.0526,wait,2,2,-55.8712,False
6163,5,9,1,3,wait,2,2,-41.4311,wait,2,2,-55.5337,False
6164,5,9,1,4,wait,2,2,-40.8748,wait,2,2,-54.4566,False
6165,5,9,1,5,wait,2,2,-40.9065,wait,2,2,-55.0782,False
6166,5,9,1,6,wait,2,2,-41.7927,wait,2,2,-55.7308,False
6167,5,9,1,7,wait,2,2,-41.8318,wait,2,2,-56.0854,False
6168,5,9,1,8,wait,2,2,-42.7917,wait,2,2,-58.3076,False
6169,5,9,1,9,wait,2,2,-42.7006,wait,2,2,-58.2587,False
6170,5,9,1,10,wait,2,2,-43.6814,wait,2,2,-59.5252,False
6171,5,9,1,11,wait,2,2,-45.2591,wait,2,2,-62.3621,False
6172,5,9,1,12,wait,2,2,-49.3492,wait,2,2,-68.7302,False
6173,5,9,1,13,wait,2,2,-54.5416,wait,2,2,-78.8501,False
6174,5,9,1,14,wait,2,2,-89.75,wait,2,2,-90.0744,False
6175,5,9,1,15,wait,0,0,0.0,wait,0,0,0.0,False
6176,5,9,2,0,wait,2,2,-20.4661,wait,2,2,-31.1714,False
6177,5,9,2,1,wait,2,2,-20.9282,wait,2,2,-32.2383,False
6178,5,9,2,2,wait,2,2,-20.8259,wait,2,2,-32.1291,False
6179,5,9,2,3,hunt,2,2,-20.6952,hunt,2,2,-32.0947,False
6180,5,9,2,4,hunt,2,2,-21.5988,hunt,2,2,-32.283,False
6181,5,9,2,5,wait,2,2,-21.2865,wait,2,2,-33.8215,False
6182,5,9,2,6,wait,2,2,-22.3082,wait,2,2,-34.7437,False
6183,5,9,2,7,wait,2,2,-23.2131,wait,2,2,-35.8894,False
6184,5,9,2,8,hunt,2,2,-24.1943,hunt,2,2,-37.4944,False
6185,5,9,2,9,wait,2,2,-25.5775,wait,2,2,-40.351,False
6186,5,9,2,10,wait,2,2,-27.9864,wait,2,2,-43.8742,False
6187,5,9,2,11,wait,2,2,-31.925,wait,2,2,-50.726,False
6188,5,9,2,12,hunt,2,2,-37.846,hunt,2,2,-60.6946,False
6189,5,9,2,13,wait,2,2,-45.137,wait,2,2,-72.0134,False
6190,5,9,2,14,wait,2,2,-87.3708,wait,2,2,-88.0709,False
6191,5,9,2,15,wait,0,0,0.0,wait,0,0,0.0,False
6192,5,9,3,0,hunt,2,2,-4.9873,hunt,2,2,-9.2578,False
6193,5,9,3,1,hunt,2,2,-4.7384,hunt,2,2,-9.4905,False
6194,5,9,3,2,hunt,2,2,-5.3553,hunt,2,2,-10.6814,False
6195,5,9,3,3,hunt,2,2,-6.6123,hunt,2,2,-12.0617,False
6196,5,9,3,4,hunt,2,2,-7.3886,hunt,2,2,-12.92,False
6197,5,9,3,5,hunt,2,2,-7.9377,hunt,2,2,-14.7294,False
6198,5,9,3,6,hunt,2,2,-9.1084,hunt,2,2,-17.2456,False
6199,5,9,3,7,hunt,2,2,-11.6562,hunt,2,2,-19.8494,False
6200,5,9,3,8,hunt,2,2,-13.3719,hunt,2,2,-23.2173,False
6201,5,9,3,9,hunt,2,2,-16.49,hunt,2,2,-28.1152,False
6202,5,9,3,10,hunt,2,2,-20.0799,hunt,2,2,-34.0694,False
6203,5,9,3,11,hunt,2,2,-25.0699,hunt,2,2,-43.4694,False
6204,5,9,3,12,hunt,2,2,-32.4409,hunt,2,2,-55.4251,False
6205,5,9,3,13,hunt,2,2,-41.1919,hunt,2,2,-70.3037,False
6206,5,9,3,14,wait,2,2,-86.7283,wait,2,2,-86.8677,False
6207,5,9,3,15,wait,0,0,0.0,wait,0,0,0.0,False
6208,5,9,4,0,hunt,2,2,6.0892,hunt,2,2,5.3366,False
6209,5,9,4,1,wait,2,2,6.0907,wait,2,2,5.7474,False
6210,5,9,4,2,hunt,2,2,6.0719,hunt,2,2,5.705,False
6211,5,9,4,3,wait,2,2,4.8388,hunt,2,2,3.8468,True
6212,5,9,4,4,wait,2,2,3.3111,hunt,2,2,3.9678,True
6213,5,9,4,5,hunt,2,2,3.6194,hunt,2,2,1.9116,False
6214,5,9,4,6,hunt,2,2,1.4826,hunt,1,1,-2.2381,True
6215,5,9,4,7,hunt,2,2,-0.8126,hunt,2,2,-5.6367,False
6216,5,9,4,8,hunt,2,2,-3.6239,hunt,2,2,-10.9118,False
6217,5,9,4,9,hunt,2,2,-7.5307,hunt,2,2,-17.2287,False
6218,5,9,4,10,hunt,2,2,-12.272,hunt,2,2,-24.8584,False
6219,5,9,4,11,hunt,2,2,-17.9572,hunt,2,2,-34.4894,False
6220,5,9,4,12,hunt,2,2,-25.1421,hunt,0,1,-41.9778,True
6221,5,9,4,13,hunt,0,1,-31.8166,hunt,0,1,-48.051,False
6222,5,9,4,14,hunt,2,2,-85.0397,hunt,2,2,-85.3476,False
6223,5,9,4,15,wait,0,0,0.0,wait,0,0,0.0,False
6224,5,9,5,0,wait,2,2,6.1843,hunt,1,1,9.7715,True
6225,5,9,5,1,wait,2,1,6.5889,hunt,1,1,9.9108,True
6226,5,9,5,2,hunt,1,2,8.5,hunt,1,2,10.2613,False
6227,5,9,5,3,hunt,2,1,6.0654,hunt,1,2,7.9456,True
6228,5,9,5,4,wait,2,1,3.0543,hunt,1,2,7.4861,True
6229,5,9,5,5,hunt,2,1,5.0014,hunt,1,1,7.9479,True
6230,5,9,5,6,hunt,1,2,5.2766,hunt,1,1,5.9856,True
6231,5,9,5,7,hunt,1,1,3.6514,hunt,1,2,3.1632,True
6232,5,9,5,8,hunt,1,1,1.3293,hunt,1,1,-0.9933,False
6233,5,9,5,9,hunt,1,1,-1.9643,hunt,1,1,-7.2409,False
6234,5,9,5,10,hunt,1,1,-5.5136,hunt,1,1,-12.4471,False
6235,5,9,5,11,hunt,0,1,-9.5936,hunt,0,1,-15.7255,False
6236,5,9,5,12,hunt,0,1,-12.3217,hunt,0,1,-20.1123,False
6237,5,9,5,13,hunt,0,1,-14.2132,hunt,0,1,-23.7435,False
6238,5,9,5,14,hunt,1,1,-85.7836,hunt,1,1,-86.0359,False
6239,5,9,5,15,wait,0,0,0.0,wait,0,0,0.0,False
6256,5,10,1,0,wait,2,2,-41.2269,wait,2,2,-54.8107,False
6257,5,10,1,1,wait,2,2,-41.6472,wait,2,2,-55.5952,False
6258,5,10,1,2,wait,2,2,-40.966,wait,2,2,-55.8198,False
6259,5,10,1,3,wait,2,2,-41.2028,wait,2,2,-54.5748,False
6260,5,10,1,4,wait,2,2,-40.8049,wait,2,2,-54.9801,False
6261,5,10,1,5,wait,2,2,-41.3581,wait,2,2,-55.3236,False
6262,5,10,1,6,wait,2,2,-40.8925,wait,2,2,-55.7068,False
6263,5,10,1,7,wait,2,2,-40.9529,wait,2,2,-55.184,False
6264,5,10,1,8,wait,2,2,-41.7514,wait,2,2,-56.4592,False
6265,5,10,1,9,hunt,2,2,-44.0183,wait,2,2,-59.7871,True
6266,5,10,1,10,wait,2,2,-43.4361,wait,2,2,-59.8269,False
6267,5,10,1,11,wait,2,2,-45.2564,wait,2,2,-62.8503,False
6268,5,10,1,12,wait,2,2,-48.4328,wait,2,2,-67.2856,False
6269,5,10,1,13,hunt,2,2,-54.6618,hunt,2,2,-78.0635,False
6270,5,10,1,14,hunt,2,2,-89.2222,hunt,2,2,-89.4381,False
6271,5,10,1,15,wait,0,0,0.0,wait,0,0,0.0,False
6272,5,10,2,0,hunt,2,2,-20.0566,hunt,2,2,-30.7999,False
6273,5,10,2,1,wait,2,2,-20.3736,hunt,2,2,-32.0495,True
6274,5,10,2,2,wait,2,2,-20.5322,wait,2,2,-31.6083,False
6275,5,10,2,3,hunt,2,2,-21.1623,wait,2,2,-33.0158,True
6276,5,10,2,4,wait,2,2,-20.9341,hunt,2,2,-32.8849,True
6277,5,10,2,5,wait,2,2,-21.7343,wait,2,2,-33.5706,False
6278,5,10,2,6,wait,2,2,-22.1951,wait,2,2,-34.7434,False
6279,5,10,2,7,hunt,2,2,-23.0311,hunt,2,2,-36.3694,False
6280,5,10,2,8,wait,2,2,-23.7082,wait,2,2,-36.733,False
6281,5,10,2,9,wait,2,2,-25.8885,wait,2,2,-40.6379,False
6282,5,10,2,10,wait,2,2,-28.8519,wait,2,2,-45.2898,False
6283,5,10,2,11,wait,2,2,-32.4248,wait,2,2,-51.452,False
6284,5,10,2,12,hunt,2,2,-37.978,wait,2,2,-61.1228,True
6285,5,10,2,13,hunt,2,2,-45.237,hunt,2,2,-71.3472,False
6286,5,10,2,14,hunt,2,2,-87.7032,hunt,2,2,-87.7176,False
6287,5,10,2,15,wait,0,0,0.0,wait,0,0,0.0,False
6288,5,10,3,0,hunt,2,2,-4.3157,hunt,2,2,-8.6653,False
6289,5,10,3,1,hunt,2,2,-4.7103,hunt,2,2,-9.1272,False
6290,5,10,3,2,hunt,2,2,-5.1727,hunt,2,2,-9.7507,False
6291,5,10,3,3,hunt,2,2,-5.427,hunt,2,2,-10.2935,False
6292,5,10,3,4,hunt,2,2,-6.7917,hunt,2,2,-12.075,False
6293,5,10,3,5,hunt,2,2,-7.4236,hunt,2,2,-14.4558,False
6294,5,10,3,6,hunt,2,2,-8.552,hunt,2,2,-15.7287,False
6295,5,10,3,7,hunt,2,2,-11.0586,hunt,2,2,-19.6855,False
6296,5,10,3,8,hunt,2,2,-12.6463,hunt,2,2,-22.0502,False
6297,5,10,3,9,wait,2,2,-16.2935,wait,2,2,-27.7774,False
6298,5,10,3,10,hunt,2,2,-20.1542,hunt,2,2,-35.5308,False
6299,5,10,3,11,hunt,2,2,-25.7723,hunt,2,2,-44.2368,False
6300,5,10,3,12,hunt,2,2,-30.8843,hunt,2,2,-53.0614,False
6301,5,10,3,13,wait,2,2,-41.5887,wait,2,2,-71.0155,False
6302,5,10,3,14,wait,2,2,-85.8766,wait,2,2,-85.0659,False
6303,5,10,3,15,wait,0,0,0.0,wait,0,0,0.0,False
6304,5,10,4,0,wait,2,2,6.9784,wait,2,2,7.1915,False
6305,5,10,4,1,wait,2,2,7.2952,wait,2,2,7.2856,False
6306,5,10,4,2,wait,2,2,6.1126,wait,2,2,5.5508,False
6307,5,10,4,3,hunt,2,2,5.541,wait,2,2,4.3471,True
6308,5,10,4,4,hunt,2,2,5.3899,hunt,2,2,3.9754,False
6309,5,10,4,5,hunt,2,2,4.1945,hunt,2,2,2.4609,False
6310,5,10,4,6,hunt,2,2,1.5984,hunt,2,2,-2.0072,False
6311,5,10,4,7,hunt,2,2,-0.7075,hunt,2,2,-5.4836,False
6312,5,10,4,8,hunt,2,2,-2.8208,hunt,2,2,-9.887,False
6313,5,10,4,9,hunt,2,2,-6.8073,hunt,2,2,-15.9874,False
6314,5,10,4,10,hunt,2,2,-12.0669,hunt,2,2,-24.7771,False
6315,5,10,4,11,hunt,2,2,-16.5912,hunt,2,2,-32.1321,False
6316,5,10,4,12,hunt,2,2,-22.8035,hunt,0,2,-42.2725,True
6317,5,10,4,13,hunt,0,2,-30.9367,hunt,0,2,-47.0779,False
6318,5,10,4,14,hunt,2,2,-85.162,hunt,2,2,-84.5372,False
6319,5,10,4,15,wait,0,0,0.0,wait,0,0,0.0,False
6320,5,10,5,0,hunt,1,1,11.295,hunt,1,1,15.1855,False
6321,5,10,5,1,wait,2,2,7.4936,hunt,1,1,11.3815,True
6322,5,10,5,2,wait,2,2,6.2572,hunt,1,2,8.1383,True
6323,5,10,5,3,wait,2,2,5.2532,hunt,1,2,9.0084,True
6324,5,10,5,4,wait,1,1,6.8696,hunt,1,1,7.8662,True
6325,5,10,5,5,hunt,1,2,7.7187,hunt,1,2,8.8527,False
6326,5,10,5,6,wait,1,2,3.1857,hunt,1,2,6.277,True
6327,5,10,5,7,hunt,1,1,4.0978,hunt,1,2,4.8482,True
6328,5,10,5,8,hunt,1,1,2.1417,hunt,1,2,1.653,True
6329,5,10,5,9,hunt,1,1,-0.8585,hunt,1,1,-5.2043,False
6330,5,10,5,10,hunt,1,1,-4.3114,hunt,1,1,-10.4201,False
6331,5,10,5,11,hunt,0,1,-9.7682,hunt,0,1,-15.5231,False
6332,5,10,5,12,hunt,0,2,-11.0429,hunt,0,2,-18.9677,False
6333,5,10,5,13,hunt,0,2,-13.3706,hunt,0,2,-22.0894,False
6334,5,10,5,14,hunt,2,2,-84.7386,hunt,2,2,-84.812,False
6335,5,10,5,15,wait,0,0,0.0,wait,0,0,0.0,False
6352,6,0,1,0,wait,2,0,-98.8924,wait,2,0,-98.8985,False
6353,6,0,1,1,wait,2,0,-98.8924,wait,2,0,-98.8985,False
6354,6,0,1,2,wait,2,0,-98.8924,wait,2,0,-98.8985,False
6355,6,0,1,3,wait,2,0,-98.8924,wait,2,0,-98.8985,False
6356,6,0,1,4,wait,2,0,-98.8924,wait,2,0,-98.8985,False
6357,6,0,1,5,wait,2,0,-98.8924,wait,2,0,-98.8985,False
6358,6,0,1,6,wait,2,0,-98.8924,wait,2,0,-98.8985,False
6359,6,0,1,7,wait,2,0,-98.8924,wait,2,0,-98.8985,False
6360,6,0,1,8,wait,2,0,-98.8924,wait,2,0,-98.8985,False
6361,6,0,1,9,wait,2,0,-98.8924,wait,2,0,-98.8985,False
6362,6,0,1,10,wait,2,0,-98.8924,wait,2,0,-98.8985,False
6363,6,0,1,11,wait,2,0,-98.8924,wait,2,0,-98.8985,False
6364,6,0,1,12,wait,2,0,-98.8924,wait,2,0,-98.8985,False
6365,6,0,1,13,wait,2,0,-98.8924,wait,2,0,-98.8985,False
6366,6,0,1,14,wait,2,0,-98.8924,wait,2,0,-98.8985,False
6367,6,0,1,15,wait,0,0,0.0,wait,0,0,0.0,False
6368,6,0,2,0,wait,1,0,-69.7647,wait,1,0,-84.2701,False
6369,6,0,2,1,wait,1,0,-69.1228,wait,1,0,-83.2969,False
6370,6,0,2,2,wait,1,0,-68.9338,wait,1,0,-83.2856,False
6371,6,0,2,3,wait,1,0,-69.7899,wait,1,0,-84.281,False
6372,6,0,2,4,wait,1,0,-69.8664,wait,1,0,-83.3629,False
6373,6,0,2,5,wait,2,0,-69.4553,wait,1,0,-84.5954,True
6374,6,0,2,6,wait,1,0,-69.2249,wait,1,0,-83.7724,False
6375,6,0,2,7,wait,1,0,-69.1671,wait,1,0,-84.0825,False
6376,6,0,2,8,wait,1,0,-69.8068,wait,1,0,-83.8544,False
6377,6,0,2,9,wait,2,0,-69.5504,wait,2,0,-85.0658,False
6378,6,0,2,10,wait,2,0,-69.5454,wait,2,0,-84.3459,False
6379,6,0,2,11,wait,2,0,-70.302,wait,2,0,-85.917,False
6380,6,0,2,12,wait,1,0,-71.2164,wait,2,0,-86.4106,True
6381,6,0,2,13,wait,1,0,-72.5792,wait,2,0,-89.1587,True
6382,6,0,2,14,wait,2,0,-93.3655,wait,2,0,-93.5635,False
6383,6,0,2,15,wait,0,0,0.0,wait,0,0,0.0,False
6384,6,0,3,0,wait,1,0,-48.286,wait,1,0,-66.2607,False
6385,6,0,3,1,wait,1,0,-48.3742,wait,1,0,-66.2842,False
6386,6,0,3,2,wait,1,0,-48.7298,wait,1,0,-66.9589,False
6387,6,0,3,3,wait,1,0,-49.1833,wait,1,0,-67.6276,False
6388,6,0,3,4,wait,1,0,-48.8252,wait,1,0,-66.5727,False
6389,6,0,3,5,wait,1,0,-49.0494,wait,1,0,-68.1569,False
6390,6,0,3,6,wait,1,0,-48.5055,wait,1,0,-66.41,False
6391,6,0,3,7,wait,1,0,-49.2058,wait,1,0,-67.2011,False
6392,6,0,3,8,wait,1,0,-48.7125,wait,1,0,-67.1359,False
6393,6,0,3,9,wait,1,0,-48.6817,wait,1,0,-67.1586,False
6394,6,0,3,10,wait,2,0,-50.1811,wait,2,0,-68.6297,False
6395,6,0,3,11,wait,2,0,-50.481,wait,2,0,-70.8864,False
6396,6,0,3,12,wait,1,0,-53.2013,wait,1,0,-75.0881,False
6397,6,0,3,13,wait,1,0,-57.4806,wait,1,0,-82.0513,False
6398,6,0,3,14,wait,2,0,-90.9375,wait,2,0,-90.3138,False
6399,6,0,3,15,wait,0,0,0.0,wait,0,0,0.0,False
6400,6,0,4,0,wait,1,0,-30.4937,wait,1,0,-46.9873,False
6401,6,0,4,1,wait,1,0,-30.5681,wait,1,0,-46.8743,False
6402,6,0,4,2,wait,1,0,-30.683,wait,1,0,-46.1084,False
6403,6,0,4,3,wait,1,0,-31.2679,wait,1,0,-47.3655,False
6404,6,0,4,4,wait,1,0,-30.55,wait,1,0,-47.367,False
6405,6,0,4,5,wait,1,0,-31.0679,wait,1,0,-48.4707,False
6406,6,0,4,6,wait,1,0,-30.8979,wait,1,0,-46.885,False
6407,6,0,4,7,wait,1,0,-31.6587,wait,1,0,-48.2424,False
6408,6,0,4,8,wait,1,0,-31.8385,wait,1,0,-49.4049,False
6409,6,0,4,9,wait,1,0,-32.796,wait,1,0,-51.1744,False
6410,6,0,4,10,wait,2,0,-35.035,wait,1,0,-54.3041,True
6411,6,0,4,11,wait,2,0,-37.4363,wait,2,0,-58.7143,False
6412,6,0,4,12,wait,2,0,-41.7147,wait,2,0,-65.7002,False
6413,6,0,4,13,wait,2,0,-47.8356,wait,1,0,-76.6095,True
6414,6,0,4,14,wait,2,0,-89.5725,wait,2,0,-89.5834,False
6415,6,0,4,15,wait,0,0,0.0,wait,0,0,0.0,False
6416,6,0,5,0,wait,1,0,-18.1712,wait,1,0,-30.0872,False
6417,6,0,5,1,wait,1,0,-18.1463,wait,1,0,-30.2511,False
6418,6,0,5,2,wait,1,0,-18.507,wait,1,0,-30.3499,False
6419,6,0,5,3,wait,1,0,-18.2086,wait,1,0,-30.1386,False
6420,6,0,5,4,wait,1,0,-18.436,wait,1,0,-30.3509,False
6421,6,0,5,5,wait,1,0,-18.7353,wait,1,0,-30.7711,False
6422,6,0,5,6,wait,1,0,-19.1476,wait,1,0,-31.3817,False
6423,6,0,5,7,wait,1,0,-20.4277,wait,1,0,-34.3544,False
6424,6,0,5,8,wait,1,0,-21.1918,wait,1,0,-35.2859,False
6425,6,0,5,9,wait,1,0,-23.5412,wait,1,0,-39.1567,False
6426,6,0,5,10,wait,2,0,-26.5826,wait,2,0,-44.0974,False
6427,6,0,5,11,wait,2,0,-30.6271,wait,1,0,-51.6856,True
6428,6,0,5,12,wait,2,0,-36.0357,wait,2,0,-60.0213,False
6429,6,0,5,13,wait,1,0,-44.4915,wait,1,0,-73.936,False
6430,6,0,5,14,wait,2,0,-88.5003,wait,2,0,-88.0482,False
6431,6,0,5,15,wait,0,0,0.0,wait,0,0,0.0,False
6448,6,1,1,0,wait,1,1,-68.9632,wait,1,1,-83.3742,False
6449,6,1,1,1,wait,1,1,-68.5933,wait,1,1,-83.7058,False
6450,6,1,1,2,wait,1,1,-68.7233,wait,1,1,-83.8594,False
6451,6,1,1,3,wait,1,1,-68.7753,wait,1,1,-83.661,False
6452,6,1,1,4,wait,1,1,-68.8538,wait,1,1,-83.8284,False
6453,6,1,1,5,wait,2,1,-68.7184,wait,2,1,-83.9252,False
6454,6,1,1,6,wait,1,1,-68.9295,wait,1,1,-83.2115,False
6455,6,1,1,7,wait,2,1,-69.1452,wait,1,1,-84.6475,True
6456,6,1,1,8,wait,2,1,-68.895,wait,1,1,-83.3326,True
6457,6,1,1,9,wait,1,1,-67.9386,wait,1,1,-83.1336,False
6458,6,1,1,10,wait,1,1,-69.1431,wait,1,1,-83.9756,False
6459,6,1,1,11,wait,2,1,-68.91,wait,2,1,-83.717,False
6460,6,1,1,12,wait,2,1,-70.3615,wait,2,1,-85.4869,False
6461,6,1,1,13,wait,2,1,-71.5761,wait,2,1,-88.0554,False
6462,6,1,1,14,wait,2,1,-92.659,wait,2,1,-92.0175,False
6463,6,1,1,15,wait,0,0,0.0,wait,0,0,0.0,False
6464,6,1,2,0,wait,1,1,-47.8776,wait,1,1,-65.7258,False
6465,6,1,2,1,wait,1,1,-47.528,wait,1,1,-65.4843,False
6466,6,1,2,2,wait,1,1,-48.0063,wait,1,1,-65.3478,False
6467,6,1,2,3,wait,1,1,-47.1749,wait,1,1,-65.078,False
6468,6,1,2,4,wait,1,1,-47.1827,wait,1,1,-64.8835,False
6469,6,1,2,5,wait,1,1,-47.0756,wait,1,1,-65.716,False
6470,6,1,2,6,wait,2,1,-48.1696,wait,2,1,-66.7668,False
6471,6,1,2,7,wait,1,1,-48.0306,wait,1,1,-66.0083,False
6472,6,1,2,8,wait,1,1,-47.8327,wait,1,1,-66.391,False
6473,6,1,2,9,wait,1,1,-48.5859,wait,1,1,-67.3243,False
6474,6,1,2,10,wait,1,1,-48.2402,wait,1,1,-66.5525,False
6475,6,1,2,11,wait,2,1,-50.6425,wait,2,1,-70.8106,False
6476,6,1,2,12,wait,2,1,-52.6271,wait,2,1,-74.3187,False
6477,6,1,2,13,wait,2,1,-56.1035,wait,2,1,-79.5142,False
6478,6,1,2,14,wait,2,1,-90.3398,wait,2,1,-90.2304,False
6479,6,1,2,15,wait,0,0,0.0,wait,0,0,0.0,False
6480,6,1,3,0,wait,1,1,-29.9801,wait,1,1,-46.9103,False
6481,6,1,3,1,wait,1,1,-29.751,wait,1,1,-46.8967,False
6482,6,1,3,2,wait,1,1,-29.8469,wait,1,1,-45.8874,False
6483,6,1,3,3,wait,1,1,-29.7275,wait,1,1,-45.6466,False
6484,6,1,3,4,wait,1,1,-29.6494,wait,1,1,-45.8199,False
6485,6,1,3,5,wait,1,1,-30.0562,wait,1,1,-47.1702,False
6486,6,1,3,6,wait,1,1,-30.2822,wait,1,1,-46.7789,False
6487,6,1,3,7,wait,1,1,-30.3801,wait,1,1,-46.6574,False
6488,6,1,3,8,wait,1,1,-31.0955,wait,1,1,-49.0601,False
6489,6,1,3,9,wait,1,1,-32.2746,wait,1,1,-50.7442,False
6490,6,1,3,10,wait,1,1,-33.5468,wait,1,1,-52.7779,False
6491,6,1,3,11,wait,2,1,-36.7823,wait,2,1,-57.8105,False
6492,6,1,3,12,wait,2,1,-40.3292,wait,2,1,-64.2414,False
6493,6,1,3,13,wait,1,1,-47.2105,wait,1,1,-74.1329,False
6494,6,1,3,14,wait,1,1,-88.8808,wait,1,1,-88.4352,False
6495,6,1,3,15,wait,0,0,0.0,wait,0,0,0.0,False
6496,6,1,4,0,wait,1,1,-17.0053,wait,1,1,-29.1976,False
6497,6,1,4,1,wait,1,1,-17.0436,wait,1,1,-28.5329,False
6498,6,1,4,2,wait,1,1,-17.8531,wait,1,1,-30.265,False
6499,6,1,4,3,wait,1,1,-17.3396,wait,1,1,-28.813,False
6500,6,1,4,4,wait,1,1,-17.4518,wait,1,1,-29.6714,False
6501,6,1,4,5,wait,1,1,-17.9035,wait,1,1,-30.7983,False
6502,6,1,4,6,wait,1,1,-18.1461,wait,1,1,-30.5456,False
6503,6,1,4,7,wait,1,1,-18.4796,wait,1,1,-31.0741,False
6504,6,1,4,8,wait,1,1,-19.4885,wait,1,1,-33.204,False
6505,6,1,4,9,wait,1,1,-22.4098,wait,1,1,-37.9135,False
6506,6,1,4,10,wait,1,1,-25.7338,wait,1,1,-43.6457,False
6507,6,1,4,11,wait,1,1,-30.1042,wait,1,1,-50.1445,False
6508,6,1,4,12,wait,2,1,-35.1846,wait,2,1,-60.2994,False
6509,6,1,4,13,wait,2,1,-42.2662,wait,2,1,-72.2941,False
6510,6,1,4,14,wait,2,1,-86.6209,wait,2,1,-86.455,False
6511,6,1,4,15,wait,0,0,0.0,wait,0,0,0.0,False
6512,6,1,5,0,wait,1,1,-5.5236,wait,1,1,-12.086,False
6513,6,1,5,1,wait,1,1,-6.0139,wait,1,1,-12.9407,False
6514,6,1,5,2,wait,1,1,-6.2256,wait,1,1,-13.7158,False
6515,6,1,5,3,wait,1,1,-6.3061,wait,1,1,-13.8349,False
6516,6,1,5,4,wait,1,1,-6.8672,wait,1,1,-14.5249,False
6517,6,1,5,5,wait,1,1,-7.4749,wait,1,1,-15.7458,False
6518,6,1,5,6,wait,1,1,-8.5341,wait,1,1,-17.6402,False
6519,6,1,5,7,wait,1,1,-10.2479,wait,1,1,-20.113,False
6520,6,1,5,8,wait,1,1,-11.5747,wait,1,1,-22.7805,False
6521,6,1,5,9,wait,1,1,-15.4611,wait,1,1,-29.4465,False
6522,6,1,5,10,wait,1,1,-19.7877,wait,1,1,-36.5278,False
6523,6,1,5,11,wait,2,1,-24.6494,wait,1,1,-45.1919,True
6524,6,1,5,12,wait,2,1,-31.187,wait,2,1,-55.7513,False
6525,6,1,5,13,wait,2,1,-39.2729,wait,2,1,-69.3954,False
6526,6,1,5,14,wait,2,1,-85.9384,wait,2,1,-86.3081,False
6527,6,1,5,15,wait,0,0,0.0,wait,0,0,0.0,False
6544,6,2,1,0,wait,2,2,-47.995,wait,2,2,-66.6721,False
6545,6,2,1,1,wait,2,2,-47.6756,wait,2,2,-66.1861,False
6546,6,2,1,2,wait,2,2,-48.3092,wait,2,2,-67.0685,False
6547,6,2,1,3,wait,2,2,-47.756,wait,2,2,-66.522,False
6548,6,2,1,4,wait,2,2,-48.2748,wait,2,2,-67.4758,False
6549,6,2,1,5,wait,2,2,-48.5106,wait,2,2,-67.2336,False
6550,6,2,1,6,wait,2,2,-47.6541,wait,2,2,-66.0198,False
6551,6,2,1,7,wait,2,2,-47.2325,wait,2,2,-66.2108,False
6552,6,2,1,8,wait,2,2,-48.7585,wait,2,2,-67.6699,False
6553,6,2,1,9,wait,2,2,-48.5384,wait,2,2,-67.6084,False
6554,6,2,1,10,wait,2,2,-48.6748,wait,2,2,-67.764,False
6555,6,2,1,11,wait,2,2,-50.3559,wait,2,2,-70.0968,False
6556,6,2,1,12,wait,2,2,-52.5265,wait,2,2,-74.4981,False
6557,6,2,1,13,wait,2,2,-55.9749,wait,2,2,-80.4052,False
6558,6,2,1,14,wait,2,2,-89.5427,wait,2,2,-89.2004,False
6559,6,2,1,15,wait,0,0,0.0,wait,0,0,0.0,False
6560,6,2,2,0,wait,2,2,-31.4131,wait,2,2,-49.4925,False
6561,6,2,2,1,wait,2,2,-30.8678,wait,2,2,-48.6434,False
6562,6,2,2,2,wait,2,2,-31.0364,wait,2,2,-49.0548,False
6563,6,2,2,3,wait,2,2,-31.011,wait,2,2,-49.2992,False
6564,6,2,2,4,wait,2,2,-30.9814,wait,2,2,-49.4943,False
6565,6,2,2,5,wait,2,2,-31.6995,wait,2,2,-50.0869,False
6566,6,2,2,6,wait,2,2,-31.6242,wait,2,2,-50.4804,False
6567,6,2,2,7,wait,2,2,-31.8289,wait,2,2,-50.2775,False
6568,6,2,2,8,wait,2,2,-32.038,wait,2,2,-50.2899,False
6569,6,2,2,9,wait,2,2,-32.1377,wait,2,2,-51.2694,False
6570,6,2,2,10,wait,2,2,-33.1371,wait,2,2,-52.8009,False
6571,6,2,2,11,wait,2,2,-35.6674,wait,2,2,-57.1391,False
6572,6,2,2,12,wait,2,2,-40.1148,wait,2,2,-64.1457,False
6573,6,2,2,13,wait,2,2,-46.005,wait,2,2,-73.9526,False
6574,6,2,2,14,wait,2,2,-86.8993,wait,2,2,-86.8152,False
6575,6,2,2,15,wait,0,0,0.0,wait,0,0,0.0,False
6576,6,2,3,0,wait,2,2,-19.0145,wait,2,2,-32.557,False
6577,6,2,3,1,wait,2,2,-19.0585,wait,2,2,-32.6518,False
6578,6,2,3,2,wait,2,2,-18.6318,wait,2,2,-33.0727,False
6579,6,2,3,3,wait,2,2,-19.4282,wait,2,2,-33.6378,False
6580,6,2,3,4,wait,2,2,-18.9604,wait,2,2,-33.4091,False
6581,6,2,3,5,wait,2,2,-19.6071,wait,2,2,-34.4113,False
6582,6,2,3,6,wait,2,2,-19.5062,wait,2,2,-34.5937,False
6583,6,2,3,7,wait,2,2,-20.3546,wait,2,2,-35.3298,False
6584,6,2,3,8,wait,2,2,-20.6838,wait,2,2,-35.7656,False
6585,6,2,3,9,wait,2,2,-22.2597,wait,2,2,-38.0069,False
6586,6,2,3,10,wait,2,2,-25.0975,wait,2,2,-42.6883,False
6587,6,2,3,11,wait,2,2,-28.879,wait,2,2,-49.5165,False
6588,6,2,3,12,wait,2,2,-34.7062,wait,2,2,-59.1223,False
6589,6,2,3,13,wait,2,2,-42.4268,wait,2,2,-71.953,False
6590,6,2,3,14,wait,2,2,-86.4577,wait,2,2,-85.5075,False
6591,6,2,3,15,wait,0,0,0.0,wait,0,0,0.0,False
6592,6,2,4,0,wait,2,2,-7.6557,wait,2,2,-17.2567,False
6593,6,2,4,1,wait,2,2,-7.631,wait,2,2,-17.1649,False
6594,6,2,4,2,wait,2,2,-7.9923,wait,2,2,-18.1875,False
6595,6,2,4,3,wait,2,2,-8.4829,wait,1,1,-18.6435,True
6596,6,2,4,4,wait,2,2,-8.3508,wait,2,2,-18.8963,False
6597,6,2,4,5,wait,2,2,-8.649,wait,2,2,-18.8743,False
6598,6,2,4,6,wait,2,2,-9.386,wait,2,2,-20.8338,False
6599,6,2,4,7,wait,2,2,-10.3114,wait,2,2,-22.1917,False
6600,6,2,4,8,wait,2,2,-12.0347,wait,2,2,-25.0999,False
6601,6,2,4,9,wait,2,2,-14.9443,wait,2,2,-28.9828,False
6602,6,2,4,10,wait,2,2,-18.5753,wait,2,2,-35.1125,False
6603,6,2,4,11,wait,2,2,-24.0664,wait,2,2,-45.5334,False
6604,6,2,4,12,wait,2,2,-30.1748,wait,2,2,-55.141,False
6605,6,2,4,13,wait,2,2,-38.5083,wait,2,2,-68.5222,False
6606,6,2,4,14,wait,2,2,-85.2822,wait,2,2,-85.587,False
6607,6,2,4,15,wait,0,0,0.0,wait,0,0,0.0,False
6608,6,2,5,0,wait,1,1,0.2697,wait,1,1,-3.3397,False
6609,6,2,5,1,wait,1,1,0.1398,wait,1,1,-3.3626,False
6610,6,2,5,2,wait,1,1,-0.2425,wait,1,1,-4.1424,False
6611,6,2,5,3,wait,1,1,-0.9423,wait,1,1,-5.2534,False
6612,6,2,5,4,wait,1,1,-1.5047,wait,1,1,-6.2508,False
6613,6,2,5,5,wait,1,1,-2.7411,wait,1,1,-8.1664,False
6614,6,2,5,6,wait,1,1,-3.9122,wait,1,1,-10.5849,False
6615,6,2,5,7,wait,1,1,-5.9823,wait,1,1,-13.1783,False
6616,6,2,5,8,wait,1,1,-8.8302,wait,1,1,-18.0483,False
6617,6,2,5,9,wait,2,1,-12.8787,wait,2,1,-25.159,False
6618,6,2,5,10,wait,2,1,-17.6134,wait,2,1,-33.8342,False
6619,6,2,5,11,wait,2,1,-23.626,wait,2,1,-43.0999,False
6620,6,2,5,12,wait,2,2,-30.256,wait,2,1,-54.7547,True
6621,6,2,5,13,wait,2,2,-38.8455,wait,2,2,-69.1239,False
6622,6,2,5,14,wait,2,2,-85.1232,wait,2,2,-85.0878,False
6623,6,2,5,15,wait,0,0,0.0,wait,0,0,0.0,False
6640,6,3,1,0,wait,2,2,-44.0129,wait,2,2,-59.9743,False
6641,6,3,1,1,wait,2,2,-44.3477,wait,2,2,-61.5162,False
6642,6,3,1,2,wait,2,2,-44.7904,wait,2,2,-61.5735,False
6643,6,3,1,3,wait,2,2,-44.5055,wait,2,2,-60.8226,False
6644,6,3,1,4,wait,2,2,-43.4136,wait,2,2,-59.211,False
6645,6,3,1,5,wait,2,2,-43.9927,wait,2,2,-60.0583,False
6646,6,3,1,6,wait,2,2,-43.7388,wait,2,2,-59.5318,False
6647,6,3,1,7,wait,2,2,-44.0145,wait,2,2,-59.7384,False
6648,6,3,1,8,wait,2,2,-44.1679,wait,2,2,-60.0921,False
6649,6,3,1,9,wait,2,2,-44.3937,wait,2,2,-59.8965,False
6650,6,3,1,10,wait,2,2,-46.184,wait,2,2,-63.3425,False
6651,6,3,1,11,wait,2,2,-46.8834,wait,2,2,-64.8614,False
6652,6,3,1,12,wait,2,2,-51.3098,wait,2,2,-72.1442,False
6653,6,3,1,13,wait,2,2,-55.152,wait,2,2,-78.3195,False
6654,6,3,1,14,hunt,2,2,-89.3703,hunt,2,2,-89.4683,False
6655,6,3,1,15,wait,0,0,0.0,wait,0,0,0.0,False
6656,6,3,2,0,wait,2,2,-25.7839,wait,2,2,-40.3504,False
6657,6,3,2,1,wait,2,2,-26.2378,wait,2,2,-40.8311,False
6658,6,3,2,2,wait,2,2,-25.6669,wait,2,2,-40.9426,False
6659,6,3,2,3,wait,2,2,-25.265,wait,2,2,-39.8561,False
6660,6,3,2,4,wait,2,2,-25.7406,wait,2,2,-40.6126,False
6661,6,3,2,5,wait,2,2,-26.3727,wait,2,2,-41.3898,False
6662,6,3,2,6,wait,2,2,-25.8411,wait,2,2,-41.4301,False
6663,6,3,2,7,wait,2,2,-26.807,wait,2,2,-41.8485,False
6664,6,3,2,8,wait,2,2,-27.0686,wait,2,2,-41.4631,False
6665,6,3,2,9,wait,2,2,-27.9325,wait,2,2,-43.7971,False
6666,6,3,2,10,wait,2,2,-29.67,wait,2,2,-47.3978,False
6667,6,3,2,11,wait,2,2,-33.2694,wait,2,2,-53.2322,False
6668,6,3,2,12,wait,2,2,-38.0778,wait,2,2,-60.849,False
6669,6,3,2,13,wait,2,2,-45.5047,wait,2,2,-73.547,False
6670,6,3,2,14,wait,2,2,-88.2345,wait,2,2,-88.415,False
6671,6,3,2,15,wait,0,0,0.0,wait,0,0,0.0,False
6672,6,3,3,0,wait,2,2,-12.8785,wait,2,2,-23.0483,False
6673,6,3,3,1,wait,2,2,-13.7617,wait,2,2,-24.4784,False
6674,6,3,3,2,wait,2,2,-13.3787,wait,2,2,-23.5651,False
6675,6,3,3,3,wait,2,2,-13.6708,wait,2,2,-23.7895,False
6676,6,3,3,4,wait,2,2,-13.823,wait,2,2,-24.4066,False
6677,6,3,3,5,wait,2,2,-13.9309,wait,2,2,-25.2344,False
6678,6,3,3,6,wait,2,2,-14.4627,wait,2,2,-25.9267,False
6679,6,3,3,7,wait,2,2,-14.8783,wait,2,2,-26.6236,False
6680,6,3,3,8,wait,2,2,-16.3859,wait,2,2,-29.3825,False
6681,6,3,3,9,wait,2,2,-18.508,wait,2,2,-32.3808,False
6682,6,3,3,10,wait,2,2,-21.8779,wait,2,2,-38.243,False
6683,6,3,3,11,wait,2,2,-27.0443,wait,2,2,-46.1742,False
6684,6,3,3,12,wait,2,2,-32.8237,wait,2,2,-56.0338,False
6685,6,3,3,13,hunt,2,2,-41.9303,hunt,2,2,-71.3673,False
6686,6,3,3,14,wait,2,2,-86.293,wait,2,2,-86.4578,False
6687,6,3,3,15,wait,0,0,0.0,wait,0,0,0.0,False
6688,6,3,4,0,wait,2,2,-1.4323,wait,2,2,-7.0574,False
6689,6,3,4,1,wait,2,2,-1.79,wait,2,2,-7.6252,False
6690,6,3,4,2,wait,2,2,-2.0977,wait,2,2,-7.3508,False
6691,6,3,4,3,wait,2,2,-2.4742,wait,2,2,-8.9068,False
6692,6,3,4,4,wait,2,2,-2.7919,wait,2,2,-9.6539,False
6693,6,3,4,5,wait,2,2,-3.613,wait,2,2,-10.5955,False
6694,6,3,4,6,wait,2,2,-4.8704,wait,2,2,-12.3874,False
6695,6,3,4,7,wait,2,2,-6.4405,wait,2,2,-15.2567,False
6696,6,3,4,8,wait,2,2,-8.4538,wait,2,2,-18.8382,False
6697,6,3,4,9,wait,2,2,-12.1286,wait,2,2,-25.4636,False
6698,6,3,4,10,wait,2,2,-17.2211,wait,2,2,-33.4979,False
6699,6,3,4,11,wait,2,2,-23.0529,wait,2,2,-42.9734,False
6700,6,3,4,12,wait,2,2,-29.4888,wait,2,2,-53.8515,False
6701,6,3,4,13,wait,2,2,-38.4324,wait,2,2,-68.3888,False
6702,6,3,4,14,hunt,1,2,-85.4332,hunt,2,2,-86.0597,True
6703,6,3,4,15,wait,0,0,0.0,wait,0,0,0.0,False
6704,6,3,5,0,wait,1,1,3.9359,wait,1,1,3.0561,False
6705,6,3,5,1,wait,1,1,3.7601,wait,1,1,2.9605,False
6706,6,3,5,2,wait,1,1,3.5373,wait,1,1,2.4837,False
6707,6,3,5,3,wait,1,1,2.4961,wait,1,1,0.7912,False
6708,6,3,5,4,wait,1,1,1.8187,hunt,1,1,-0.4906,True
6709,6,3,5,5,wait,1,1,0.145,wait,1,1,-3.5547,False
6710,6,3,5,6,wait,1,1,-1.734,wait,1,1,-6.2607,False
6711,6,3,5,7,wait,1,1,-3.9004,wait,1,1,-9.8015,False
6712,6,3,5,8,wait,2,1,-7.7758,wait,1,1,-16.8791,True
6713,6,3,5,9,wait,1,1,-11.5488,wait,1,1,-22.5401,False
6714,6,3,5,10,wait,1,1,-16.6065,wait,1,1,-31.1669,False
6715,6,3,5,11,wait,1,2,-22.7596,wait,1,1,-41.8215,True
6716,6,3,5,12,wait,2,2,-28.8032,wait,2,2,-52.2133,False
6717,6,3,5,13,hunt,2,2,-38.3535,hunt,2,2,-68.6848,False
6718,6,3,5,14,wait,2,2,-84.7825,wait,2,2,-84.8645,False
6719,6,3,5,15,wait,0,0,0.0,wait,0,0,0.0,False
6736,6,4,1,0,wait,2,2,-41.5727,wait,2,2,-56.1279,False
6737,6,4,1,1,wait,2,2,-41.3074,wait,2,2,-55.2958,False
6738,6,4,1,2,wait,2,2,-41.5284,wait,2,2,-56.6642,False
6739,6,4,1,3,wait,2,2,-41.7713,wait,2,2,-57.0152,False
6740,6,4,1,4,wait,2,2,-41.4652,wait,2,2,-55.9561,False
6741,6,4,1,5,wait,2,2,-40.982,wait,2,2,-55.5485,False
6742,6,4,1,6,wait,2,2,-40.8252,wait,2,2,-54.9504,False
6743,6,4,1,7,wait,2,2,-42.009,wait,2,2,-56.5589,False
6744,6,4,1,8,wait,2,2,-41.141,wait,2,2,-54.7842,False
6745,6,4,1,9,wait,2,2,-42.8194,wait,2,2,-56.7493,False
6746,6,4,1,10,wait,2,2,-42.947,wait,2,2,-58.867,False
6747,6,4,1,11,wait,2,2,-45.2768,wait,2,2,-61.0758,False
6748,6,4,1,12,wait,2,2,-49.2542,wait,2,2,-68.8444,False
6749,6,4,1,13,wait,2,2,-55.3246,wait,2,2,-78.2106,False
6750,6,4,1,14,wait,2,2,-89.2752,wait,2,2,-89.4361,False
6751,6,4,1,15,wait,0,0,0.0,wait,0,0,0.0,False
6752,6,4,2,0,wait,2,2,-22.6359,wait,2,2,-34.2338,False
6753,6,4,2,1,wait,2,2,-23.4871,wait,2,2,-35.8354,False
6754,6,4,2,2,wait,2,2,-22.3706,wait,2,2,-34.8157,False
6755,6,4,2,3,wait,2,2,-22.8458,wait,2,2,-35.6304,False
6756,6,4,2,4,wait,2,2,-23.005,wait,2,2,-35.1894,False
6757,6,4,2,5,wait,2,2,-22.6954,wait,2,2,-35.5006,False
6758,6,4,2,6,wait,2,2,-23.5211,wait,2,2,-36.6647,False
6759,6,4,2,7,wait,2,2,-23.706,wait,2,2,-37.2178,False
6760,6,4,2,8,wait,2,2,-24.3348,wait,2,2,-38.0373,False
6761,6,4,2,9,wait,2,2,-24.7404,wait,2,2,-39.4778,False
6762,6,4,2,10,wait,2,2,-27.7029,wait,2,2,-43.6918,False
6763,6,4,2,11,wait,2,2,-32.0636,wait,2,2,-50.7273,False
6764,6,4,2,12,wait,2,2,-37.7627,wait,2,2,-59.5379,False
6765,6,4,2,13,wait,2,2,-45.5124,hunt,2,2,-73.315,True
6766,6,4,2,14,wait,2,2,-87.8745,wait,2,2,-87.6978,False
6767,6,4,2,15,wait,0,0,0.0,wait,0,0,0.0,False
6768,6,4,3,0,wait,2,2,-9.7479,wait,2,2,-16.8465,False
6769,6,4,3,1,wait,2,2,-9.7323,wait,2,2,-17.4232,False
6770,6,4,3,2,wait,2,2,-9.9496,wait,2,2,-17.4183,False
6771,6,4,3,3,wait,2,2,-10.3637,wait,2,2,-18.155,False
6772,6,4,3,4,wait,2,2,-9.8016,wait,2,2,-17.5,False
6773,6,4,3,5,wait,2,2,-10.6673,wait,2,2,-19.5922,False
6774,6,4,3,6,wait,2,2,-12.0055,wait,2,2,-21.8352,False
6775,6,4,3,7,wait,2,2,-13.0438,wait,2,2,-22.7523,False
6776,6,4,3,8,wait,2,2,-13.82,wait,2,2,-24.6556,False
6777,6,4,3,9,wait,2,2,-16.5067,wait,2,2,-28.723,False
6778,6,4,3,10,wait,2,2,-20.5627,wait,2,2,-35.6196,False
6779,6,4,3,11,wait,2,2,-26.3406,wait,2,2,-44.4692,False
6780,6,4,3,12,wait,2,2,-32.5492,wait,2,2,-55.439,False
6781,6,4,3,13,wait,2,2,-40.8093,wait,2,2,-69.7394,False
6782,6,4,3,14,wait,2,2,-86.155,wait,2,2,-86.0482,False
6783,6,4,3,15,wait,0,0,0.0,wait,0,0,0.0,False
6784,6,4,4,0,wait,2,2,2.5067,wait,2,2,-0.882,False
6785,6,4,4,1,wait,2,2,2.1117,wait,2,2,-1.0158,False
6786,6,4,4,2,wait,2,2,2.0188,wait,2,2,-1.4773,False
6787,6,4,4,3,wait,2,2,1.1732,wait,2,2,-2.7501,False
6788,6,4,4,4,wait,2,2,-0.2796,wait,2,2,-4.6256,False
6789,6,4,4,5,wait,2,2,-0.8756,wait,2,2,-5.4832,False
6790,6,4,4,6,wait,2,2,-2.0814,wait,2,2,-7.961,False
6791,6,4,4,7,wait,2,2,-4.5029,wait,2,2,-11.6666,False
6792,6,4,4,8,wait,2,2,-7.2018,wait,2,2,-15.89,False
6793,6,4,4,9,wait,2,2,-10.8486,wait,2,2,-22.9255,False
6794,6,4,4,10,wait,2,2,-15.874,wait,2,2,-31.2331,False
6795,6,4,4,11,wait,2,2,-22.1981,wait,2,2,-41.2767,False
6796,6,4,4,12,wait,2,2,-29.0037,wait,2,2,-53.0041,False
6797,6,4,4,13,wait,2,2,-38.2549,wait,2,2,-68.4974,False
6798,6,4,4,14,hunt,2,2,-85.3635,hunt,2,2,-85.5756,False
6799,6,4,4,15,wait,0,0,0.0,wait,0,0,0.0,False
6800,6,4,5,0,hunt,2,1,3.8015,wait,1,1,4.8902,True
6801,6,4,5,1,wait,1,2,4.5328,hunt,1,1,5.1295,True
6802,6,4,5,2,hunt,1,1,5.1114,hunt,1,1,5.5655,False
6803,6,4,5,3,hunt,1,1,4.652,wait,1,1,4.5602,True
6804,6,4,5,4,hunt,1,1,3.6894,wait,1,1,3.5624,True
6805,6,4,5,5,hunt,1,1,2.2746,wait,1,1,2.6122,True
6806,6,4,5,6,wait,1,1,0.2416,wait,1,1,-2.7653,False
6807,6,4,5,7,wait,1,1,-2.4772,wait,1,1,-6.9529,False
6808,6,4,5,8,wait,1,1,-5.9661,wait,1,1,-13.2245,False
6809,6,4,5,9,wait,1,1,-10.1427,wait,1,1,-20.4415,False
6810,6,4,5,10,hunt,2,1,-15.2992,wait,1,1,-29.5263,True
6811,6,4,5,11,hunt,1,2,-21.6473,hunt,1,1,-39.812,True
6812,6,4,5,12,wait,2,2,-29.0418,hunt,1,1,-52.1702,True
6813,6,4,5,13,wait,1,2,-38.3915,wait,2,2,-68.4411,True
6814,6,4,5,14,wait,2,2,-84.8931,wait,2,2,-85.2368,False
6815,6,4,5,15,wait,0,0,0.0,wait,0,0,0.0,False
6832,6,5,1,0,wait,2,2,-39.1711,wait,2,2,-52.3501,False
6833,6,5,1,1,wait,2,2,-39.7486,wait,2,2,-53.2292,False
6834,6,5,1,2,wait,2,2,-40.2212,wait,2,2,-53.5874,False
6835,6,5,1,3,wait,2,2,-39.2962,wait,2,2,-52.7052,False
6836,6,5,1,4,wait,2,2,-40.1037,wait,2,2,-53.3567,False
6837,6,5,1,5,wait,2,2,-39.8901,wait,2,2,-52.7311,False
6838,6,5,1,6,wait,2,2,-39.5644,wait,2,2,-52.7899,False
6839,6,5,1,7,wait,2,2,-40.3122,wait,2,2,-53.5745,False
6840,6,5,1,8,wait,2,2,-40.4033,wait,2,2,-53.7292,False
6841,6,5,1,9,wait,2,2,-40.7177,wait,2,2,-55.1427,False
6842,6,5,1,10,wait,2,2,-42.2674,wait,2,2,-57.0426,False
6843,6,5,1,11,wait,2,2,-44.937,wait,2,2,-62.225,False
6844,6,5,1,12,wait,2,2,-49.2171,wait,2,2,-68.9684,False
6845,6,5,1,13,hunt,2,2,-54.6743,hunt,2,2,-77.1419,False
6846,6,5,1,14,wait,2,2,-89.3771,wait,2,2,-89.4828,False
6847,6,5,1,15,wait,0,0,0.0,wait,0,0,0.0,False
6848,6,5,2,0,wait,2,2,-19.5454,wait,2,2,-29.7635,False
6849,6,5,2,1,wait,2,2,-20.6148,wait,2,2,-31.6145,False
6850,6,5,2,2,wait,2,2,-19.5977,wait,2,2,-30.1751,False
6851,6,5,2,3,wait,2,2,-20.0825,wait,2,2,-30.5944,False
6852,6,5,2,4,wait,2,2,-20.3069,wait,2,2,-31.0678,False
6853,6,5,2,5,wait,2,2,-20.6073,wait,2,2,-32.2843,False
6854,6,5,2,6,wait,2,2,-21.4282,wait,2,2,-33.5247,False
6855,6,5,2,7,wait,2,2,-21.4219,wait,2,2,-32.4563,False
6856,6,5,2,8,wait,2,2,-22.3701,wait,2,2,-34.7713,False
6857,6,5,2,9,wait,2,2,-24.3521,wait,2,2,-37.8245,False
6858,6,5,2,10,wait,2,2,-27.402,wait,2,2,-41.7919,False
6859,6,5,2,11,wait,2,2,-32.0131,wait,2,2,-51.136,False
6860,6,5,2,12,hunt,2,2,-38.1052,hunt,2,2,-61.1975,False
6861,6,5,2,13,wait,2,2,-44.907,wait,2,2,-71.2622,False
6862,6,5,2,14,wait,2,2,-87.7076,wait,2,2,-86.9729,False
6863,6,5,2,15,wait,0,0,0.0,wait,0,0,0.0,False
6864,6,5,3,0,wait,2,2,-6.2267,wait,2,2,-12.5705,False
6865,6,5,3,1,wait,2,2,-6.4362,wait,2,2,-11.9624,False
6866,6,5,3,2,wait,2,2,-6.7121,wait,2,2,-11.6726,False
6867,6,5,3,3,wait,2,2,-7.0427,wait,2,2,-12.7511,False
6868,6,5,3,4,wait,2,2,-7.9262,wait,2,2,-14.5338,False
6869,6,5,3,5,wait,2,2,-8.5028,wait,2,2,-15.2115,False
6870,6,5,3,6,wait,2,2,-8.8841,wait,2,2,-16.0103,False
6871,6,5,3,7,wait,2,2,-10.6364,wait,2,2,-18.7542,False
6872,6,5,3,8,wait,2,2,-13.382,wait,2,2,-23.8433,False
6873,6,5,3,9,wait,2,2,-15.5524,wait,2,2,-26.9297,False
6874,6,5,3,10,wait,2,2,-19.4931,wait,2,2,-33.9475,False
6875,6,5,3,11,wait,2,2,-25.5979,wait,2,2,-44.6482,False
6876,6,5,3,12,wait,2,2,-32.1816,wait,2,2,-55.1402,False
6877,6,5,3,13,hunt,2,2,-41.4702,hunt,2,2,-70.1941,False
6878,6,5,3,14,wait,2,2,-86.8339,wait,2,2,-86.5242,False
6879,6,5,3,15,wait,0,0,0.0,wait,0,0,0.0,False
6880,6,5,4,0,hunt,2,2,3.9745,wait,2,2,3.3155,True
6881,6,5,4,1,wait,2,2,4.3575,hunt,2,2,2.7446,True
6882,6,5,4,2,wait,2,2,4.2093,wait,2,2,2.8168,False
6883,6,5,4,3,hunt,2,2,3.0101,wait,2,2,2.7449,True
6884,6,5,4,4,wait,2,2,2.4853,wait,1,1,-0.4925,True
6885,6,5,4,5,wait,2,2,1.0088,wait,1,1,-1.7917,True
6886,6,5,4,6,wait,2,2,-0.6158,wait,2,2,-5.9665,False
6887,6,5,4,7,wait,2,2,-2.7623,wait,2,2,-9.2201,False
6888,6,5,4,8,wait,2,2,-5.8413,wait,2,2,-14.0357,False
6889,6,5,4,9,wait,2,2,-9.815,wait,2,2,-20.3981,False
6890,6,5,4,10,wait,2,2,-14.9977,wait,2,2,-30.3023,False
6891,6,5,4,11,wait,2,2,-21.251,wait,2,2,-40.4076,False
6892,6,5,4,12,wait,2,2,-29.0252,wait,2,2,-53.0534,False
6893,6,5,4,13,wait,2,2,-38.0377,hunt,1,0,-67.9122,True
6894,6,5,4,14,hunt,2,2,-85.1103,hunt,2,2,-84.6362,False
6895,6,5,4,15,wait,0,0,0.0,wait,0,0,0.0,False
6896,6,5,5,0,wait,1,2,6.3187,hunt,1,1,7.4888,True
6897,6,5,5,1,wait,2,1,5.448,wait,1,1,6.5778,True
6898,6,5,5,2,wait,2,2,4.1944,wait,1,1,6.9342,True
6899,6,5,5,3,hunt,2,1,4.952,hunt,1,1,5.8994,True
6900,6,5,5,4,wait,2,1,3.3278,wait,1,1,5.8541,True
6901,6,5,5,5,wait,1,1,3.8912,hunt,1,1,3.5681,True
6902,6,5,5,6,hunt,1,1,2.0676,wait,1,1,2.2478,True
6903,6,5,5,7,hunt,1,1,-0.6011,hunt,1,1,-4.5208,False
6904,6,5,5,8,hunt,1,1,-4.2789,hunt,1,1,-10.3203,False
6905,6,5,5,9,hunt,1,1,-8.3326,hunt,1,1,-17.53,False
6906,6,5,5,10,hunt,1,1,-13.1454,hunt,1,1,-25.4355,False
6907,6,5,5,11,hunt,1,1,-19.3289,hunt,1,0,-35.5212,True
6908,6,5,5,12,hunt,1,1,-26.6612,hunt,1,0,-46.4508,True
6909,6,5,5,13,hunt,1,0,-36.178,hunt,1,0,-59.3537,False
6910,6,5,5,14,hunt,2,2,-85.0044,hunt,2,2,-85.0664,False
6911,6,5,5,15,wait,0,0,0.0,wait,0,0,0.0,False
6928,6,6,1,0,wait,2,2,-38.5911,wait,2,2,-51.2248,False
6929,6,6,1,1,hunt,2,2,-39.3267,hunt,2,2,-52.2934,False
6930,6,6,1,2,wait,2,2,-38.8094,wait,2,2,-52.7218,False
6931,6,6,1,3,wait,2,2,-38.8165,wait,2,2,-51.7724,False
6932,6,6,1,4,wait,2,2,-39.6554,wait,2,2,-52.0392,False
6933,6,6,1,5,hunt,2,2,-39.584,hunt,2,2,-52.4283,False
6934,6,6,1,6,wait,2,2,-38.8367,wait,2,2,-52.3311,False
6935,6,6,1,7,wait,2,2,-39.0827,wait,2,2,-51.9656,False
6936,6,6,1,8,hunt,2,2,-40.2499,wait,2,2,-53.7425,True
6937,6,6,1,9,wait,2,2,-39.9698,wait,2,2,-53.3618,False
6938,6,6,1,10,wait,2,2,-41.6008,wait,2,2,-55.7416,False
6939,6,6,1,11,wait,2,2,-44.2334,wait,2,2,-60.2738,False
6940,6,6,1,12,wait,2,2,-48.4187,wait,2,2,-68.0328,False
6941,6,6,1,13,wait,2,2,-54.5031,wait,2,2,-78.023,False
6942,6,6,1,14,hunt,2,2,-89.7854,hunt,2,2,-90.065,False
6943,6,6,1,15,wait,0,0,0.0,wait,0,0,0.0,False
6944,6,6,2,0,wait,2,2,-18.4515,wait,2,2,-28.8297,False
6945,6,6,2,1,wait,2,2,-18.534,wait,2,2,-28.4204,False
6946,6,6,2,2,wait,2,2,-18.2361,wait,2,2,-27.6114,False
6947,6,6,2,3,wait,2,2,-18.4652,wait,2,2,-28.5565,False
6948,6,6,2,4,wait,2,2,-18.7197,wait,2,2,-29.4904,False
6949,6,6,2,5,wait,2,2,-19.6487,wait,2,2,-29.8925,False
6950,6,6,2,6,wait,2,2,-19.4161,wait,2,2,-30.1316,False
6951,6,6,2,7,wait,2,2,-20.5989,wait,2,2,-31.5868,False
6952,6,6,2,8,wait,2,2,-21.273,wait,2,2,-33.0957,False
6953,6,6,2,9,wait,2,2,-23.7174,wait,2,2,-36.5572,False
6954,6,6,2,10,wait,2,2,-26.5742,wait,2,2,-41.4165,False
6955,6,6,2,11,wait,2,2,-31.1611,wait,2,2,-49.0923,False
6956,6,6,2,12,wait,2,2,-37.2002,wait,2,2,-58.7697,False
6957,6,6,2,13,hunt,2,2,-45.4586,hunt,2,2,-72.9767,False
6958,6,6,2,14,wait,2,2,-87.586,wait,2,2,-88.554,False
6959,6,6,2,15,wait,0,0,0.0,wait,0,0,0.0,False
6960,6,6,3,0,wait,2,2,-3.5467,wait,2,2,-7.7504,False
6961,6,6,3,1,wait,2,2,-4.1448,wait,2,2,-8.066,False
6962,6,6,3,2,wait,2,2,-4.4419,wait,2,2,-8.8622,False
6963,6,6,3,3,wait,2,2,-4.6078,wait,2,2,-9.4354,False
6964,6,6,3,4,wait,2,2,-5.7321,wait,2,2,-10.3781,False
6965,6,6,3,5,wait,2,2,-6.4062,wait,2,2,-11.1028,False
6966,6,6,3,6,wait,2,2,-7.2155,wait,2,2,-13.9033,False
6967,6,6,3,7,wait,2,2,-9.8119,wait,2,2,-17.2246,False
6968,6,6,3,8,wait,2,2,-11.4009,wait,2,2,-19.6689,False
6969,6,6,3,9,wait,2,2,-15.4663,wait,2,2,-26.7681,False
6970,6,6,3,10,wait,2,2,-19.3338,wait,2,2,-33.8866,False
6971,6,6,3,11,hunt,2,2,-24.8677,hunt,2,2,-41.9919,False
6972,6,6,3,12,wait,2,2,-32.3043,wait,2,2,-55.3764,False
6973,6,6,3,13,hunt,2,2,-40.8249,hunt,1,1,-68.2851,True
6974,6,6,3,14,wait,2,2,-86.46,wait,2,2,-86.4842,False
6975,6,6,3,15,wait,0,0,0.0,wait,0,0,0.0,False
6976,6,6,4,0,hunt,2,2,6.3357,hunt,2,2,6.1174,False
6977,6,6,4,1,wait,2,2,6.6026,wait,2,2,6.4754,False
6978,6,6,4,2,wait,2,2,6.5528,wait,2,2,6.4583,False
6979,6,6,4,3,hunt,2,2,5.0272,wait,2,2,4.488,True
6980,6,6,4,4,wait,2,2,4.7317,hunt,2,2,3.5176,True
6981,6,6,4,5,hunt,2,2,3.1372,wait,2,2,3.1183,True
6982,6,6,4,6,hunt,2,2,1.059,wait,1,1,-1.4689,True
6983,6,6,4,7,hunt,2,2,-1.769,hunt,2,2,-7.5405,False
6984,6,6,4,8,hunt,2,2,-4.7515,hunt,2,2,-12.7329,False
6985,6,6,4,9,hunt,2,2,-8.5304,hunt,2,2,-19.0518,False
6986,6,6,4,10,hunt,2,2,-13.4413,hunt,2,2,-26.8619,False
6987,6,6,4,11,hunt,2,2,-19.486,hunt,1,1,-36.2387,True
6988,6,6,4,12,hunt,2,2,-26.7821,hunt,1,1,-46.8998,True
6989,6,6,4,13,hunt,1,1,-35.6135,hunt,1,1,-59.6213,False
6990,6,6,4,14,hunt,2,2,-85.0609,hunt,2,2,-85.3421,False
6991,6,6,4,15,wait,0,0,0.0,wait,0,0,0.0,False
6992,6,6,5,0,hunt,1,2,8.7083,hunt,1,2,10.5362,False
6993,6,6,5,1,hunt,2,1,8.1613,hunt,2,1,9.2002,False
6994,6,6,5,2,wait,2,2,6.3835,hunt,1,1,8.9195,True
6995,6,6,5,3,hunt,2,2,5.6836,hunt,1,1,7.7843,True
6996,6,6,5,4,wait,2,2,4.7952,hunt,1,1,6.6468,True
6997,6,6,5,5,hunt,1,2,4.7351,hunt,1,1,7.4362,True
6998,6,6,5,6,hunt,2,1,2.382,hunt,1,1,5.7412,True
6999,6,6,5,7,hunt,1,1,2.4083,hunt,2,1,1.6824,True
7000,6,6,5,8,hunt,1,1,-0.0305,hunt,1,1,-3.3805,False
7001,6,6,5,9,hunt,1,1,-3.2056,hunt,1,1,-9.5658,False
7002,6,6,5,10,hunt,1,1,-7.3457,hunt,1,1,-15.8912,False
7003,6,6,5,11,hunt,1,1,-12.3442,hunt,1,1,-23.7366,False
7004,6,6,5,12,hunt,1,1,-19.4286,hunt,1,1,-36.1581,False
7005,6,6,5,13,hunt,1,0,-29.196,hunt,1,0,-49.3178,False
7006,6,6,5,14,hunt,2,1,-85.0802,hunt,2,2,-85.6131,True
7007,6,6,5,15,wait,0,0,0.0,wait,0,0,0.0,False
7024,6,7,1,0,wait,2,2,-37.7259,wait,2,2,-50.1955,False
7025,6,7,1,1,wait,2,2,-38.2276,wait,2,2,-50.9769,False
7026,6,7,1,2,wait,2,2,-38.0584,wait,2,2,-50.2403,False
7027,6,7,1,3,wait,2,2,-38.1119,wait,2,2,-50.1954,False
7028,6,7,1,4,wait,2,2,-38.364,wait,2,2,-51.0527,False
7029,6,7,1,5,hunt,2,2,-38.872,hunt,2,2,-51.2338,False
7030,6,7,1,6,wait,2,2,-38.6047,wait,2,2,-51.3038,False
7031,6,7,1,7,wait,2,2,-38.6222,wait,2,2,-51.1572,False
7032,6,7,1,8,wait,2,2,-39.3374,wait,2,2,-52.6011,False
7033,6,7,1,9,wait,2,2,-40.4663,wait,2,2,-53.7554,False
7034,6,7,1,10,wait,2,2,-41.8746,wait,2,2,-55.97,False
7035,6,7,1,11,wait,2,2,-43.8148,wait,2,2,-60.3323,False
7036,6,7,1,12,wait,2,2,-49.0747,wait,2,2,-68.7081,False
7037,6,7,1,13,wait,2,2,-54.0823,wait,2,2,-76.9467,False
7038,6,7,1,14,hunt,2,2,-89.6278,hunt,2,2,-90.415,False
7039,6,7,1,15,wait,0,0,0.0,wait,0,0,0.0,False
7040,6,7,2,0,wait,2,2,-16.7547,wait,2,2,-24.8127,False
7041,6,7,2,1,wait,2,2,-16.8417,wait,2,2,-25.4301,False
7042,6,7,2,2,wait,2,2,-16.5244,wait,2,2,-25.0754,False
7043,6,7,2,3,wait,2,2,-16.4351,wait,2,2,-25.4945,False
7044,6,7,2,4,wait,2,2,-17.9111,wait,2,2,-26.8016,False
7045,6,7,2,5,wait,2,2,-18.317,wait,2,2,-27.6271,False
7046,6,7,2,6,wait,2,2,-18.7136,wait,2,2,-28.733,False
7047,6,7,2,7,wait,2,2,-19.4396,wait,2,2,-30.6845,False
7048,6,7,2,8,wait,2,2,-20.8007,wait,2,2,-32.3164,False
7049,6,7,2,9,wait,2,2,-22.5509,wait,2,2,-34.9848,False
7050,6,7,2,10,wait,2,2,-26.3266,wait,2,2,-41.9532,False
7051,6,7,2,11,hunt,2,2,-30.8512,hunt,2,2,-49.0637,False
7052,6,7,2,12,hunt,2,2,-37.0584,hunt,2,2,-59.0561,False
7053,6,7,2,13,wait,2,2,-45.1898,wait,2,2,-71.8197,False
7054,6,7,2,14,hunt,2,2,-87.4269,hunt,2,2,-87.6202,False
7055,6,7,2,15,wait,0,0,0.0,wait,0,0,0.0,False
7056,6,7,3,0,wait,2,2,-2.3453,wait,2,2,-4.6287,False
7057,6,7,3,1,wait,2,2,-2.0865,wait,2,2,-4.6596,False
7058,6,7,3,2,wait,2,2,-1.9381,wait,2,2,-4.7693,False
7059,6,7,3,3,wait,2,2,-3.2448,wait,2,2,-6.3927,False
7060,6,7,3,4,wait,2,2,-4.2479,wait,2,2,-8.526,False
7061,6,7,3,5,hunt,2,2,-5.1475,hunt,2,2,-9.7849,False
7062,6,7,3,6,wait,2,2,-6.6243,wait,2,2,-12.3529,False
7063,6,7,3,7,wait,2,2,-8.3346,wait,2,2,-14.1882,False
7064,6,7,3,8,wait,2,2,-10.8177,wait,2,2,-19.7409,False
7065,6,7,3,9,hunt,2,2,-14.6854,hunt,2,2,-25.7076,False
7066,6,7,3,10,hunt,2,2,-18.9721,hunt,2,2,-32.7237,False
7067,6,7,3,11,hunt,2,2,-23.5776,hunt,2,2,-40.7784,False
7068,6,7,3,12,hunt,2,2,-30.9044,hunt,1,1,-52.3353,True
7069,6,7,3,13,hunt,1,1,-39.0214,hunt,1,1,-62.1606,False
7070,6,7,3,14,hunt,2,2,-86.0432,hunt,2,2,-86.0141,False
7071,6,7,3,15,wait,0,0,0.0,wait,0,0,0.0,False
7072,6,7,4,0,wait,2,2,2.2223,wait,2,2,7.0503,False
7073,6,7,4,1,hunt,2,2,7.8087,hunt,2,2,8.4476,False
7074,6,7,4,2,hunt,2,2,7.5636,hunt,2,2,8.3119,False
7075,6,7,4,3,wait,2,2,6.939,wait,2,2,6.9868,False
7076,6,7,4,4,hunt,2,2,6.4256,hunt,2,2,6.1339,False
7077,6,7,4,5,wait,2,2,3.7943,hunt,2,2,4.7388,True
7078,6,7,4,6,hunt,2,2,3.1179,hunt,2,2,0.6484,False
7079,6,7,4,7,hunt,2,2,0.2292,hunt,2,2,-3.9853,False
7080,6,7,4,8,hunt,2,2,-2.4722,hunt,2,2,-8.7967,False
7081,6,7,4,9,hunt,2,2,-6.2501,hunt,2,2,-14.3203,False
7082,6,7,4,10,hunt,2,2,-11.2637,hunt,1,1,-23.1223,True
7083,6,7,4,11,hunt,2,2,-17.5857,hunt,1,1,-30.4995,True
7084,6,7,4,12,hunt,1,1,-22.6574,hunt,1,1,-38.1347,False
7085,6,7,4,13,hunt,1,1,-29.4126,hunt,1,1,-49.815,False
7086,6,7,4,14,wait,2,2,-85.1211,wait,2,2,-85.0865,False
7087,6,7,4,15,wait,0,0,0.0,wait,0,0,0.0,False
7088,6,7,5,0,wait,2,1,8.0829,hunt,1,1,9.8668,True
7089,6,7,5,1,wait,2,2,7.6322,hunt,1,1,10.7283,True
7090,6,7,5,2,hunt,1,2,9.7907,hunt,1,2,12.5795,False
7091,6,7,5,3,wait,2,1,6.908,hunt,1,1,8.9829,True
7092,6,7,5,4,hunt,1,1,9.4477,hunt,1,1,12.0458,False
7093,6,7,5,5,wait,1,2,6.3139,hunt,1,1,9.5362,True
7094,6,7,5,6,hunt,1,1,7.49,hunt,1,1,9.2584,False
7095,6,7,5,7,hunt,1,1,5.8062,hunt,1,1,5.9222,False
7096,6,7,5,8,hunt,1,1,3.1858,hunt,1,1,2.1507,False
7097,6,7,5,9,hunt,1,1,0.9365,hunt,1,1,-1.9432,False
7098,6,7,5,10,hunt,1,1,-2.2632,hunt,1,1,-7.754,False
7099,6,7,5,11,hunt,1,1,-6.3838,hunt,1,1,-14.6309,False
7100,6,7,5,12,hunt,1,1,-12.3521,hunt,1,1,-22.7033,False
7101,6,7,5,13,hunt,1,1,-20.3258,hunt,1,1,-36.8347,False
7102,6,7,5,14,wait,0,2,-85.7826,wait,2,2,-86.633,True
7103,6,7,5,15,wait,0,0,0.0,wait,0,0,0.0,False
7120,6,8,1,0,wait,2,2,-37.6862,wait,2,2,-49.4798,False
7121,6,8,1,1,hunt,2,2,-37.2909,hunt,2,2,-48.588,False
7122,6,8,1,2,hunt,2,2,-38.1122,hunt,2,2,-50.4634,False
7123,6,8,1,3,hunt,2,2,-37.9155,wait,2,2,-50.4772,True
7124,6,8,1,4,wait,2,2,-37.4314,wait,2,2,-48.99,False
7125,6,8,1,5,hunt,2,2,-37.3845,hunt,2,2,-49.374,False
7126,6,8,1,6,hunt,2,2,-38.4818,wait,2,2,-50.5224,True
7127,6,8,1,7,hunt,2,2,-38.3061,hunt,2,2,-51.5417,False
7128,6,8,1,8,wait,2,2,-38.6953,wait,2,2,-52.1963,False
7129,6,8,1,9,wait,2,2,-40.1323,wait,2,2,-53.8059,False
7130,6,8,1,10,wait,2,2,-41.6798,wait,2,2,-56.7383,False
7131,6,8,1,11,wait,2,2,-44.1763,wait,2,2,-60.6357,False
7132,6,8,1,12,hunt,2,2,-49.411,hunt,2,2,-68.9561,False
7133,6,8,1,13,wait,2,2,-54.3031,wait,2,2,-77.1525,False
7134,6,8,1,14,wait,2,2,-89.6018,wait,2,2,-88.981,False
7135,6,8,1,15,wait,0,0,0.0,wait,0,0,0.0,False
7136,6,8,2,0,wait,2,2,-15.6454,wait,2,2,-23.503,False
7137,6,8,2,1,wait,2,2,-15.7038,wait,2,2,-23.3523,False
7138,6,8,2,2,wait,2,2,-15.7926,wait,2,2,-23.5608,False
7139,6,8,2,3,wait,2,2,-15.7826,wait,2,2,-23.7301,False
7140,6,8,2,4,wait,2,2,-16.0708,wait,2,2,-24.1336,False
7141,6,8,2,5,hunt,2,2,-17.6357,hunt,2,2,-26.7958,False
7142,6,8,2,6,wait,2,2,-17.9511,wait,2,2,-27.4414,False
7143,6,8,2,7,wait,2,2,-19.4281,wait,2,2,-29.3616,False
7144,6,8,2,8,wait,2,2,-20.1714,wait,2,2,-31.0846,False
7145,6,8,2,9,wait,2,2,-23.4108,wait,2,2,-36.3994,False
7146,6,8,2,10,wait,2,2,-25.8515,wait,2,2,-40.4491,False
7147,6,8,2,11,wait,2,2,-31.1387,wait,2,2,-50.0959,False
7148,6,8,2,12,hunt,2,2,-37.4262,hunt,2,2,-58.467,False
7149,6,8,2,13,hunt,2,2,-45.2023,hunt,2,2,-71.7441,False
7150,6,8,2,14,wait,2,2,-87.8018,wait,2,2,-88.1223,False
7151,6,8,2,15,wait,0,0,0.0,wait,0,0,0.0,False
7152,6,8,3,0,wait,2,2,-1.1014,wait,2,2,-3.2152,False
7153,6,8,3,1,wait,2,2,-0.8663,wait,2,2,-2.7349,False
7154,6,8,3,2,wait,2,2,-1.3531,wait,2,2,-3.292,False
7155,6,8,3,3,wait,2,2,-2.2453,wait,2,2,-4.543,False
7156,6,8,3,4,hunt,2,2,-2.9517,hunt,2,2,-5.6906,False
7157,6,8,3,5,wait,2,2,-4.4014,wait,2,2,-8.0776,False
7158,6,8,3,6,hunt,2,2,-5.7473,hunt,2,2,-10.9759,False
7159,6,8,3,7,hunt,2,2,-7.7357,hunt,2,2,-14.4224,False
7160,6,8,3,8,hunt,2,2,-10.2389,hunt,2,2,-18.4429,False
7161,6,8,3,9,hunt,2,2,-13.6301,hunt,2,2,-23.703,False
7162,6,8,3,10,hunt,2,2,-17.8669,hunt,2,2,-31.2696,False
7163,6,8,3,11,hunt,2,2,-23.2837,hunt,2,2,-39.3238,False
7164,6,8,3,12,hunt,2,2,-30.1109,hunt,1,1,-50.6724,True
7165,6,8,3,13,hunt,1,2,-38.1897,hunt,1,2,-59.5558,False
7166,6,8,3,14,hunt,2,2,-86.5415,hunt,2,2,-87.2835,False
7167,6,8,3,15,wait,0,0,0.0,wait,0,0,0.0,False
7168,6,8,4,0,wait,2,2,9.0589,wait,2,2,10.7082,False
7169,6,8,4,1,hunt,2,2,9.0749,hunt,2,2,10.3384,False
7170,6,8,4,2,wait,2,2,8.8879,wait,2,2,9.9648,False
7171,6,8,4,3,wait,2,2,7.8945,wait,2,2,8.7466,False
7172,6,8,4,4,wait,2,2,7.0474,wait,2,2,6.91,False
7173,6,8,4,5,wait,2,2,4.8494,hunt,2,2,6.0153,True
7174,6,8,4,6,hunt,2,2,4.4758,hunt,2,2,3.0509,False
7175,6,8,4,7,hunt,2,2,1.641,hunt,2,2,-1.2867,False
7176,6,8,4,8,hunt,2,2,-1.7633,hunt,2,2,-7.1174,False
7177,6,8,4,9,hunt,2,2,-4.9683,hunt,2,2,-12.8051,False
7178,6,8,4,10,hunt,2,2,-9.6141,hunt,1,1,-20.4285,True
7179,6,8,4,11,hunt,2,2,-16.0533,hunt,1,1,-29.2605,True
7180,6,8,4,12,hunt,1,1,-20.9827,hunt,1,1,-34.9711,False
7181,6,8,4,13,hunt,1,2,-28.6046,hunt,1,2,-48.4286,False
7182,6,8,4,14,wait,2,2,-84.872,wait,2,2,-85.0503,False
7183,6,8,4,15,wait,0,0,0.0,wait,0,0,0.0,False
7184,6,8,5,0,wait,2,2,9.2013,hunt,1,1,12.1953,True
7185,6,8,5,1,hunt,1,1,12.1113,hunt,1,1,16.963,False
7186,6,8,5,2,hunt,1,1,11.6435,hunt,1,1,15.8461,False
7187,6,8,5,3,wait,0,1,3.4176,hunt,1,1,9.7558,True
7188,6,8,5,4,hunt,2,2,7.6384,hunt,1,2,8.946,True
7189,6,8,5,5,wait,2,1,5.1436,hunt,1,2,10.6401,True
7190,6,8,5,6,hunt,1,1,8.6803,hunt,1,1,10.4488,False
7191,6,8,5,7,hunt,1,2,6.2308,hunt,1,1,6.917,True
7192,6,8,5,8,hunt,1,2,3.8681,hunt,1,1,4.6715,True
7193,6,8,5,9,hunt,1,1,2.7235,hunt,1,2,1.3048,True
7194,6,8,5,10,hunt,1,1,-0.0094,hunt,1,1,-3.5575,False
7195,6,8,5,11,hunt,1,1,-3.5986,hunt,1,1,-9.4191,False
7196,6,8,5,12,hunt,1,1,-9.1282,hunt,1,1,-17.4381,False
7197,6,8,5,13,hunt,1,0,-14.6971,hunt,1,0,-25.8439,False
7198,6,8,5,14,wait,2,2,-85.0235,wait,2,2,-84.3823,False
7199,6,8,5,15,wait,0,0,0.0,wait,0,0,0.0,False
7216,6,9,1,0,hunt,2,2,-37.0596,hunt,2,2,-49.7221,False
7217,6,9,1,1,wait,2,2,-36.8688,wait,2,2,-48.5957,False
7218,6,9,1,2,wait,2,2,-38.1255,wait,2,2,-50.1985,False
7219,6,9,1,3,wait,2,2,-37.2849,wait,2,2,-47.9155,False
7220,6,9,1,4,hunt,2,2,-37.2588,hunt,2,2,-48.5502,False
7221,6,9,1,5,hunt,2,2,-37.2054,hunt,2,2,-48.885,False
7222,6,9,1,6,wait,2,2,-38.0349,wait,2,2,-50.4669,False
7223,6,9,1,7,wait,2,2,-38.2975,wait,2,2,-50.1549,False
7224,6,9,1,8,hunt,2,2,-38.3095,hunt,2,2,-51.0834,False
7225,6,9,1,9,wait,2,2,-39.3564,wait,2,2,-52.3447,False
7226,6,9,1,10,wait,2,2,-41.3498,wait,2,2,-55.2553,False
7227,6,9,1,11,wait,2,2,-44.2184,wait,2,2,-60.1349,False
7228,6,9,1,12,wait,2,2,-48.2299,wait,2,2,-67.144,False
7229,6,9,1,13,wait,2,2,-54.9765,wait,2,2,-77.3794,False
7230,6,9,1,14,wait,2,2,-89.5356,wait,2,2,-89.3258,False
7231,6,9,1,15,wait,0,0,0.0,wait,0,0,0.0,False
7232,6,9,2,0,hunt,2,2,-14.5192,hunt,2,2,-21.4163,False
7233,6,9,2,1,wait,2,2,-14.8889,wait,2,2,-22.5742,False
7234,6,9,2,2,hunt,2,2,-14.6049,hunt,2,2,-22.0533,False
7235,6,9,2,3,hunt,2,2,-15.4604,hunt,2,2,-23.2069,False
7236,6,9,2,4,wait,2,2,-15.5369,wait,2,2,-23.3459,False
7237,6,9,2,5,hunt,2,2,-16.4052,hunt,2,2,-25.0419,False
7238,6,9,2,6,wait,2,2,-17.14,wait,2,2,-26.3396,False
7239,6,9,2,7,wait,2,2,-18.605,wait,2,2,-28.5147,False
7240,6,9,2,8,wait,2,2,-20.5454,wait,2,2,-31.3003,False
7241,6,9,2,9,hunt,2,2,-22.7259,hunt,2,2,-35.3367,False
7242,6,9,2,10,wait,2,2,-26.4322,wait,2,2,-40.7861,False
7243,6,9,2,11,hunt,2,2,-31.3617,hunt,2,2,-49.4953,False
7244,6,9,2,12,hunt,2,2,-36.8888,hunt,2,2,-59.3037,False
7245,6,9,2,13,wait,2,2,-45.4994,wait,2,2,-73.4806,False
7246,6,9,2,14,hunt,2,2,-87.3443,hunt,2,2,-86.1676,False
7247,6,9,2,15,wait,0,0,0.0,wait,0,0,0.0,False
7248,6,9,3,0,wait,2,2,0.2124,wait,2,2,-0.6597,False
7249,6,9,3,1,wait,2,2,-0.0811,wait,2,2,-1.7721,False
7250,6,9,3,2,wait,2,2,-0.7238,wait,2,2,-2.9312,False
7251,6,9,3,3,hunt,2,2,-1.4311,hunt,2,2,-3.8754,False
7252,6,9,3,4,hunt,2,2,-1.6338,hunt,2,2,-3.8071,False
7253,6,9,3,5,hunt,2,2,-3.2795,hunt,2,2,-6.7474,False
7254,6,9,3,6,hunt,2,2,-5.0718,hunt,2,2,-10.1384,False
7255,6,9,3,7,hunt,2,2,-7.6537,hunt,2,2,-14.6632,False
7256,6,9,3,8,hunt,2,2,-10.3109,hunt,2,2,-18.6137,False
7257,6,9,3,9,hunt,2,2,-13.6543,hunt,2,2,-24.0681,False
7258,6,9,3,10,hunt,2,2,-17.6931,hunt,2,2,-30.5996,False
7259,6,9,3,11,hunt,2,2,-22.6825,hunt,1,1,-37.947,True
7260,6,9,3,12,hunt,2,2,-28.8126,hunt,1,1,-46.3611,True
7261,6,9,3,13,hunt,1,1,-32.1287,hunt,1,1,-49.8258,False
7262,6,9,3,14,hunt,2,2,-86.5277,hunt,2,2,-86.6603,False
7263,6,9,3,15,wait,0,0,0.0,wait,0,0,0.0,False
7264,6,9,4,0,hunt,2,2,9.382,hunt,2,2,11.1559,False
7265,6,9,4,1,wait,2,2,9.1856,wait,2,2,10.663,False
7266,6,9,4,2,wait,2,2,9.0601,wait,2,2,10.2819,False
7267,6,9,4,3,wait,2,2,8.8015,wait,2,2,10.2278,False
7268,6,9,4,4,hunt,2,2,8.0875,hunt,2,2,8.9443,False
7269,6,9,4,5,hunt,2,2,6.8693,hunt,2,2,7.0264,False
7270,6,9,4,6,hunt,2,2,5.5214,hunt,2,2,4.2921,False
7271,6,9,4,7,hunt,2,2,2.8761,hunt,2,2,0.0119,False
7272,6,9,4,8,hunt,2,2,-0.3273,hunt,2,2,-5.3126,False
7273,6,9,4,9,hunt,2,2,-3.5886,hunt,1,1,-10.3519,True
7274,6,9,4,10,hunt,2,2,-7.4848,hunt,1,1,-14.7138,True
7275,6,9,4,11,hunt,1,1,-10.1461,hunt,1,1,-17.9238,False
7276,6,9,4,12,hunt,1,1,-13.6077,hunt,1,1,-23.2301,False
7277,6,9,4,13,hunt,1,1,-16.8086,hunt,1,1,-29.1068,False
7278,6,9,4,14,wait,2,2,-85.2986,wait,2,2,-84.8996,False
7279,6,9,4,15,wait,0,0,0.0,wait,0,0,0.0,False
7280,6,9,5,0,hunt,2,1,11.0953,hunt,2,1,14.387,False
7281,6,9,5,1,hunt,1,1,13.0303,hunt,1,1,18.1869,False
7282,6,9,5,2,wait,2,2,9.0906,hunt,1,1,14.231,True
7283,6,9,5,3,wait,2,2,8.6871,hunt,1,2,10.0419,True
7284,6,9,5,4,wait,1,1,9.2388,wait,1,1,11.8716,False
7285,6,9,5,5,hunt,1,1,12.0296,hunt,1,1,16.4947,False
7286,6,9,5,6,hunt,2,1,6.7926,hunt,1,1,12.3836,True
7287,6,9,5,7,hunt,2,2,3.6123,hunt,1,1,11.1317,True
7288,6,9,5,8,hunt,1,1,9.6523,hunt,1,1,12.5189,False
7289,6,9,5,9,hunt,1,2,3.2575,hunt,1,1,8.6262,True
7290,6,9,5,10,hunt,1,1,7.1041,hunt,1,1,8.4632,False
7291,6,9,5,11,hunt,1,1,5.793,hunt,1,1,6.5157,False
7292,6,9,5,12,hunt,1,1,1.8397,hunt,1,1,-0.0605,False
7293,6,9,5,13,hunt,1,1,-0.258,hunt,1,1,-2.4389,False
7294,6,9,5,14,wait,2,2,-84.923,wait,2,2,-84.7841,False
7295,6,9,5,15,wait,0,0,0.0,wait,0,0,0.0,False
7312,6,10,1,0,hunt,2,2,-36.8471,hunt,2,2,-48.9903,False
7313,6,10,1,1,hunt,2,2,-36.4893,hunt,2,2,-47.6796,False
7314,6,10,1,2,hunt,2,2,-36.7146,hunt,2,2,-48.7176,False
7315,6,10,1,3,hunt,2,2,-37.028,hunt,2,2,-48.4639,False
7316,6,10,1,4,wait,2,2,-37.6496,wait,2,2,-49.6829,False
7317,6,10,1,5,hunt,2,2,-38.1534,hunt,2,2,-50.6161,False
7318,6,10,1,6,hunt,2,2,-38.4146,hunt,2,2,-50.6143,False
7319,6,10,1,7,wait,2,2,-37.9737,wait,2,2,-50.3695,False
7320,6,10,1,8,hunt,2,2,-39.1889,hunt,2,2,-51.9217,False
7321,6,10,1,9,hunt,2,2,-40.3946,hunt,2,2,-54.2124,False
7322,6,10,1,10,wait,2,2,-41.2101,wait,2,2,-55.5531,False
7323,6,10,1,11,hunt,2,2,-44.7097,hunt,2,2,-61.5279,False
7324,6,10,1,12,wait,2,2,-48.1065,wait,2,2,-67.3115,False
7325,6,10,1,13,wait,2,2,-54.2285,wait,2,2,-77.402,False
7326,6,10,1,14,wait,2,2,-89.8397,wait,2,2,-89.6348,False
7327,6,10,1,15,wait,0,0,0.0,wait,0,0,0.0,False
7328,6,10,2,0,hunt,2,2,-14.3883,hunt,2,2,-21.5193,False
7329,6,10,2,1,hunt,2,2,-13.9908,hunt,2,2,-20.9092,False
7330,6,10,2,2,wait,2,2,-14.6698,wait,2,2,-21.9287,False
7331,6,10,2,3,hunt,2,2,-14.7045,hunt,2,2,-22.0039,False
7332,6,10,2,4,wait,2,2,-15.2903,wait,2,2,-22.1445,False
7333,6,10,2,5,hunt,2,2,-16.4842,hunt,2,2,-24.8878,False
7334,6,10,2,6,wait,2,2,-17.2328,wait,2,2,-26.6673,False
7335,6,10,2,7,wait,2,2,-17.9138,wait,2,2,-27.3595,False
7336,6,10,2,8,hunt,2,2,-20.0291,hunt,2,2,-31.205,False
7337,6,10,2,9,hunt,2,2,-22.2798,hunt,2,2,-35.0438,False
7338,6,10,2,10,hunt,2,2,-26.3017,hunt,2,2,-41.1041,False
7339,6,10,2,11,hunt,2,2,-30.6268,hunt,2,2,-49.1101,False
7340,6,10,2,12,hunt,2,2,-35.7095,hunt,2,2,-56.8325,False
7341,6,10,2,13,hunt,2,2,-44.7068,hunt,2,2,-72.3078,False
7342,6,10,2,14,wait,2,2,-87.5648,wait,2,2,-87.7975,False
7343,6,10,2,15,wait,0,0,0.0,wait,0,0,0.0,False
7344,6,10,3,0,wait,2,2,0.4958,wait,2,2,-0.5484,False
7345,6,10,3,1,wait,2,2,0.5219,wait,2,2,-0.3337,False
7346,6,10,3,2,wait,2,2,-0.3683,wait,2,2,-2.1213,False
7347,6,10,3,3,hunt,2,2,-0.734,hunt,2,2,-2.7244,False
7348,6,10,3,4,hunt,2,2,-1.8428,hunt,2,2,-3.928,False
7349,6,10,3,5,hunt,2,2,-2.6592,hunt,2,2,-6.0797,False
7350,6,10,3,6,hunt,2,2,-5.0834,hunt,2,2,-9.6701,False
7351,6,10,3,7,wait,2,2,-6.8013,wait,2,2,-12.4387,False
7352,6,10,3,8,wait,2,2,-9.3702,wait,2,2,-16.7015,False
7353,6,10,3,9,hunt,2,2,-12.8232,hunt,2,2,-23.4064,False
7354,6,10,3,10,hunt,2,2,-16.739,hunt,2,2,-29.3663,False
7355,6,10,3,11,hunt,2,2,-21.027,hunt,2,2,-35.803,False
7356,6,10,3,12,hunt,2,2,-27.5311,hunt,1,2,-44.3825,True
7357,6,10,3,13,hunt,1,2,-31.7493,hunt,1,2,-50.1496,False
7358,6,10,3,14,hunt,2,2,-86.3347,hunt,2,2,-86.0028,False
7359,6,10,3,15,wait,0,0,0.0,wait,0,0,0.0,False
7360,6,10,4,0,hunt,2,2,10.3707,hunt,2,2,12.8051,False
7361,6,10,4,1,hunt,2,2,10.3972,hunt,2,2,12.6375,False
7362,6,10,4,2,wait,2,2,8.8359,wait,2,2,10.0698,False
7363,6,10,4,3,wait,2,2,9.0003,wait,2,2,10.2853,False
7364,6,10,4,4,wait,2,2,8.262,wait,2,2,9.5023,False
7365,6,10,4,5,hunt,2,2,7.7189,hunt,2,2,8.6234,False
7366,6,10,4,6,wait,2,2,3.9983,hunt,2,2,6.0125,True
7367,6,10,4,7,hunt,2,2,3.5765,wait,2,2,2.4424,True
7368,6,10,4,8,hunt,2,2,1.0075,hunt,2,2,-2.134,False
7369,6,10,4,9,hunt,2,2,-1.5616,hunt,2,2,-7.6897,False
7370,6,10,4,10,hunt,2,2,-5.8762,hunt,1,1,-13.2842,True
7371,6,10,4,11,hunt,1,2,-10.1792,hunt,1,2,-18.6848,False
7372,6,10,4,12,hunt,1,2,-12.8649,hunt,1,2,-23.3252,False
7373,6,10,4,13,hunt,1,2,-16.3551,hunt,1,2,-28.962,False
7374,6,10,4,14,hunt,2,2,-85.4364,hunt,2,2,-84.9368,False
7375,6,10,4,15,wait,0,0,0.0,wait,0,0,0.0,False
7376,6,10,5,0,hunt,1,1,14.0255,hunt,1,1,19.6306,False
7377,6,10,5,1,hunt,1,1,12.8739,hunt,1,1,17.8924,False
7378,6,10,5,2,hunt,2,1,9.5342,hunt,1,2,14.1136,True
7379,6,10,5,3,hunt,2,2,10.5412,hunt,2,2,12.8005,False
7380,6,10,5,4,wait,1,2,9.6911,wait,1,2,11.9368,False
7381,6,10,5,5,wait,2,2,5.816,hunt,1,2,14.5024,True
7382,6,10,5,6,hunt,1,1,11.3761,hunt,1,1,15.1646,False
7383,6,10,5,7,hunt,2,2,4.6345,hunt,1,2,12.7916,True
7384,6,10,5,8,hunt,1,2,10.0552,hunt,1,2,12.516,False
7385,6,10,5,9,hunt,1,2,9.1267,hunt,1,2,11.1394,False
7386,6,10,5,10,hunt,1,2,7.6972,hunt,1,2,8.0633,False
7387,6,10,5,11,hunt,1,2,5.815,hunt,1,2,6.5119,False
7388,6,10,5,12,hunt,1,2,2.7773,hunt,1,1,2.5107,True
7389,6,10,5,13,hunt,1,2,0.4056,hunt,1,2,-2.9434,False
7390,6,10,5,14,hunt,1,2,-85.4762,hunt,2,2,-86.1708,True
7391,6,10,5,15,wait,0,0,0.0,wait,0,0,0.0,False
7408,7,0,1,0,wait,2,0,-98.8924,wait,2,0,-98.8985,False
7409,7,0,1,1,wait,2,0,-98.8924,wait,2,0,-98.8985,False
7410,7,0,1,2,wait,2,0,-98.8924,wait,2,0,-98.8985,False
7411,7,0,1,3,wait,2,0,-98.8924,wait,2,0,-98.8985,False
7412,7,0,1,4,wait,2,0,-98.8924,wait,2,0,-98.8985,False
7413,7,0,1,5,wait,2,0,-98.8924,wait,2,0,-98.8985,False
7414,7,0,1,6,wait,2,0,-98.8924,wait,2,0,-98.8985,False
7415,7,0,1,7,wait,2,0,-98.8924,wait,2,0,-98.8985,False
7416,7,0,1,8,wait,2,0,-98.8924,wait,2,0,-98.8985,False
7417,7,0,1,9,wait,2,0,-98.8924,wait,2,0,-98.8985,False
7418,7,0,1,10,wait,2,0,-98.8924,wait,2,0,-98.8985,False
7419,7,0,1,11,wait,2,0,-98.8924,wait,2,0,-98.8985,False
7420,7,0,1,12,wait,2,0,-98.8924,wait,2,0,-98.8985,False
7421,7,0,1,13,wait,2,0,-98.8924,wait,2,0,-98.8985,False
7422,7,0,1,14,wait,2,0,-98.8924,wait,2,0,-98.8985,False
7423,7,0,1,15,wait,0,0,0.0,wait,0,0,0.0,False
7424,7,0,2,0,wait,2,0,-69.0703,wait,2,0,-83.4398,False
7425,7,0,2,1,wait,2,0,-69.1284,wait,1,0,-84.4814,True
7426,7,0,2,2,wait,1,0,-68.6336,wait,1,0,-83.2728,False
7427,7,0,2,3,wait,1,0,-68.8823,wait,1,0,-83.4499,False
7428,7,0,2,4,wait,1,0,-68.5086,wait,1,0,-82.7779,False
7429,7,0,2,5,wait,2,0,-68.8992,wait,2,0,-83.4483,False
7430,7,0,2,6,wait,1,0,-68.2999,wait,1,0,-82.4353,False
7431,7,0,2,7,wait,1,0,-69.7703,wait,1,0,-83.8036,False
7432,7,0,2,8,wait,2,0,-69.4761,wait,1,0,-83.5228,True
7433,7,0,2,9,wait,2,0,-69.5418,wait,1,0,-83.9578,True
7434,7,0,2,10,wait,2,0,-69.0338,wait,2,0,-83.8819,False
7435,7,0,2,11,wait,2,0,-70.3129,wait,2,0,-84.9416,False
7436,7,0,2,12,wait,2,0,-70.7649,wait,2,0,-86.8196,False
7437,7,0,2,13,wait,2,0,-72.4855,wait,2,0,-88.3866,False
7438,7,0,2,14,wait,2,0,-93.4813,wait,2,0,-93.3846,False
7439,7,0,2,15,wait,0,0,0.0,wait,0,0,0.0,False
7440,7,0,3,0,wait,1,0,-46.7174,wait,1,0,-63.6348,False
7441,7,0,3,1,wait,1,0,-46.8064,wait,1,0,-63.2847,False
7442,7,0,3,2,wait,1,0,-47.1917,wait,1,0,-64.7457,False
7443,7,0,3,3,wait,1,0,-47.8524,wait,1,0,-65.3109,False
7444,7,0,3,4,wait,1,0,-46.883,wait,1,0,-64.0285,False
7445,7,0,3,5,wait,1,0,-47.1595,wait,1,0,-64.616,False
7446,7,0,3,6,wait,1,0,-46.2891,wait,1,0,-62.7755,False
7447,7,0,3,7,wait,1,0,-47.17,wait,1,0,-64.9046,False
7448,7,0,3,8,wait,1,0,-48.2291,wait,1,0,-65.4472,False
7449,7,0,3,9,wait,2,0,-48.1321,wait,2,0,-65.5902,False
7450,7,0,3,10,wait,2,0,-49.1272,wait,1,0,-67.8041,True
7451,7,0,3,11,wait,2,0,-50.7374,wait,2,0,-70.9306,False
7452,7,0,3,12,wait,2,0,-53.1186,wait,2,0,-74.7443,False
7453,7,0,3,13,wait,2,0,-57.0129,wait,2,0,-81.8397,False
7454,7,0,3,14,wait,2,0,-90.4155,wait,2,0,-90.4788,False
7455,7,0,3,15,wait,0,0,0.0,wait,0,0,0.0,False
7456,7,0,4,0,wait,1,0,-28.9087,wait,1,0,-44.5538,False
7457,7,0,4,1,wait,1,0,-28.629,wait,1,0,-43.6285,False
7458,7,0,4,2,wait,1,0,-29.326,wait,1,0,-45.1989,False
7459,7,0,4,3,wait,1,0,-28.7489,wait,1,0,-44.3433,False
7460,7,0,4,4,wait,1,0,-28.9234,wait,1,0,-44.7232,False
7461,7,0,4,5,wait,1,0,-28.0273,wait,1,0,-43.261,False
7462,7,0,4,6,wait,1,0,-28.9543,wait,1,0,-44.5013,False
7463,7,0,4,7,wait,1,0,-29.1926,wait,1,0,-44.2187,False
7464,7,0,4,8,wait,1,0,-30.2104,wait,1,0,-47.1251,False
7465,7,0,4,9,wait,1,0,-32.4411,wait,1,0,-48.3941,False
7466,7,0,4,10,wait,2,0,-34.0489,wait,2,0,-52.8762,False
7467,7,0,4,11,wait,2,0,-37.4626,wait,2,0,-58.3854,False
7468,7,0,4,12,wait,2,0,-41.6613,wait,1,0,-66.2543,True
7469,7,0,4,13,wait,2,0,-46.9676,wait,2,0,-74.2127,False
7470,7,0,4,14,wait,1,0,-89.1181,wait,1,0,-89.0557,False
7471,7,0,4,15,wait,0,0,0.0,wait,0,0,0.0,False
7472,7,0,5,0,wait,1,0,-15.3548,wait,1,0,-24.9745,False
7473,7,0,5,1,wait,1,0,-15.4681,wait,1,0,-25.0499,False
7474,7,0,5,2,wait,1,0,-15.971,wait,1,0,-26.816,False
7475,7,0,5,3,wait,1,0,-15.8295,wait,1,0,-25.6233,False
7476,7,0,5,4,wait,1,0,-16.1277,wait,1,0,-26.7782,False
7477,7,0,5,5,wait,1,0,-17.2476,wait,1,0,-28.3623,False
7478,7,0,5,6,wait,1,0,-17.2672,wait,1,0,-29.2704,False
7479,7,0,5,7,wait,1,0,-18.197,wait,1,0,-30.6269,False
7480,7,0,5,8,wait,1,0,-20.0414,wait,1,0,-33.2655,False
7481,7,0,5,9,wait,1,0,-22.4362,wait,1,0,-37.4873,False
7482,7,0,5,10,wait,2,0,-25.7996,wait,2,0,-42.9795,False
7483,7,0,5,11,wait,2,0,-30.498,wait,1,0,-51.4232,True
7484,7,0,5,12,wait,2,0,-36.134,wait,2,0,-58.8375,False
7485,7,0,5,13,wait,2,0,-44.3148,wait,1,0,-73.3915,True
7486,7,0,5,14,wait,2,0,-88.1034,wait,2,0,-87.3444,False
7487,7,0,5,15,wait,0,0,0.0,wait,0,0,0.0,False
7504,7,1,1,0,wait,2,1,-68.2123,wait,1,1,-83.8523,True
7505,7,1,1,1,wait,1,1,-68.3067,wait,1,1,-83.2732,False
7506,7,1,1,2,wait,2,1,-68.2598,wait,2,1,-83.1354,False
7507,7,1,1,3,wait,1,1,-68.6815,wait,1,1,-82.3732,False
7508,7,1,1,4,wait,2,1,-68.7407,wait,2,1,-83.6112,False
7509,7,1,1,5,wait,1,1,-68.5952,wait,1,1,-82.4273,False
7510,7,1,1,6,wait,2,1,-68.7018,wait,2,1,-83.7927,False
7511,7,1,1,7,wait,2,1,-68.6377,wait,2,1,-83.2586,False
7512,7,1,1,8,wait,1,1,-68.0379,wait,1,1,-82.7782,False
7513,7,1,1,9,wait,2,1,-67.8296,wait,2,1,-82.5125,False
7514,7,1,1,10,wait,2,1,-68.7244,wait,2,1,-83.4251,False
7515,7,1,1,11,wait,2,1,-68.476,wait,2,1,-83.2708,False
7516,7,1,1,12,wait,2,1,-69.6494,wait,2,1,-85.2939,False
7517,7,1,1,13,wait,1,1,-71.3053,wait,1,1,-87.9301,False
7518,7,1,1,14,wait,2,1,-92.9703,wait,2,1,-93.1649,False
7519,7,1,1,15,wait,0,0,0.0,wait,0,0,0.0,False
7520,7,1,2,0,wait,1,1,-47.2912,wait,1,1,-64.4538,False
7521,7,1,2,1,wait,1,1,-46.5011,wait,1,1,-63.0832,False
7522,7,1,2,2,wait,1,1,-45.9546,wait,1,1,-63.4221,False
7523,7,1,2,3,wait,2,1,-47.3949,wait,1,1,-65.2786,True
7524,7,1,2,4,wait,1,1,-46.1112,wait,1,1,-64.1217,False
7525,7,1,2,5,wait,1,1,-46.3423,wait,1,1,-62.8704,False
7526,7,1,2,6,wait,2,1,-47.5788,wait,1,1,-65.1409,True
7527,7,1,2,7,wait,1,1,-46.7124,wait,1,1,-64.525,False
7528,7,1,2,8,wait,1,1,-46.6425,wait,1,1,-64.3483,False
7529,7,1,2,9,wait,1,1,-47.0029,wait,1,1,-64.6733,False
7530,7,1,2,10,wait,1,1,-47.8434,wait,1,1,-66.4499,False
7531,7,1,2,11,wait,2,1,-50.7203,wait,2,1,-70.2418,False
7532,7,1,2,12,wait,2,1,-52.5847,wait,2,1,-75.2278,False
7533,7,1,2,13,wait,2,1,-56.1907,wait,2,1,-79.8032,False
7534,7,1,2,14,wait,2,1,-90.1947,wait,2,1,-89.9451,False
7535,7,1,2,15,wait,0,0,0.0,wait,0,0,0.0,False
7536,7,1,3,0,wait,1,1,-27.9665,wait,1,1,-42.9087,False
7537,7,1,3,1,wait,1,1,-27.5544,wait,1,1,-41.9775,False
7538,7,1,3,2,wait,1,1,-27.5493,wait,1,1,-43.564,False
7539,7,1,3,3,wait,1,1,-27.4291,wait,1,1,-41.8707,False
7540,7,1,3,4,wait,1,1,-27.675,wait,1,1,-43.386,False
7541,7,1,3,5,wait,1,1,-27.4647,wait,1,1,-42.8048,False
7542,7,1,3,6,wait,1,1,-28.3783,wait,1,1,-43.3865,False
7543,7,1,3,7,wait,1,1,-28.1936,wait,1,1,-43.8689,False
7544,7,1,3,8,wait,1,1,-29.6644,wait,1,1,-46.0962,False
7545,7,1,3,9,wait,1,1,-31.949,wait,1,1,-49.1083,False
7546,7,1,3,10,wait,1,1,-33.2124,wait,1,1,-52.2416,False
7547,7,1,3,11,wait,1,1,-36.4922,wait,1,1,-57.6583,False
7548,7,1,3,12,wait,2,1,-41.1307,wait,2,1,-65.1288,False
7549,7,1,3,13,wait,2,1,-46.977,wait,2,1,-74.5753,False
7550,7,1,3,14,wait,2,1,-88.2026,wait,1,1,-88.4621,True
7551,7,1,3,15,wait,0,0,0.0,wait,0,0,0.0,False
7552,7,1,4,0,wait,1,1,-14.4693,wait,1,1,-24.4442,False
7553,7,1,4,1,wait,1,1,-14.3439,wait,1,1,-24.1429,False
7554,7,1,4,2,wait,1,1,-15.1647,wait,1,1,-25.8432,False
7555,7,1,4,3,wait,1,1,-14.5728,wait,1,1,-24.3992,False
7556,7,1,4,4,wait,1,1,-15.2537,wait,1,1,-25.788,False
7557,7,1,4,5,wait,1,1,-15.2358,wait,1,1,-25.6587,False
7558,7,1,4,6,wait,1,1,-16.2685,wait,1,1,-27.7365,False
7559,7,1,4,7,wait,1,1,-16.8838,wait,1,1,-28.357,False
7560,7,1,4,8,wait,1,1,-19.1784,wait,1,1,-33.3487,False
7561,7,1,4,9,wait,2,1,-21.5978,wait,2,1,-37.4308,False
7562,7,1,4,10,wait,2,1,-24.9812,wait,2,1,-42.7578,False
7563,7,1,4,11,wait,2,1,-29.2273,wait,2,1,-49.608,False
7564,7,1,4,12,wait,2,1,-34.8937,wait,2,1,-59.1494,False
7565,7,1,4,13,wait,2,1,-42.7591,wait,2,1,-72.2259,False
7566,7,1,4,14,wait,2,1,-87.3998,wait,2,1,-87.4876,False
7567,7,1,4,15,wait,0,0,0.0,wait,0,0,0.0,False
7568,7,1,5,0,wait,1,1,-2.7673,wait,1,1,-8.7516,False
7569,7,1,5,1,wait,1,1,-2.8278,wait,1,1,-8.2836,False
7570,7,1,5,2,wait,1,1,-3.2086,wait,1,1,-8.7516,False
7571,7,1,5,3,wait,1,1,-3.9838,wait,1,1,-10.3882,False
7572,7,1,5,4,wait,1,1,-4.0541,wait,1,1,-10.0313,False
7573,7,1,5,5,wait,1,1,-5.0614,wait,1,1,-12.1271,False
7574,7,1,5,6,wait,1,1,-6.6434,wait,1,1,-15.0259,False
7575,7,1,5,7,wait,1,1,-8.7351,wait,1,1,-17.4918,False
7576,7,1,5,8,wait,2,1,-11.3085,wait,2,1,-22.9338,False
7577,7,1,5,9,wait,2,1,-14.6168,wait,2,1,-28.3269,False
7578,7,1,5,10,wait,2,1,-18.8688,wait,2,1,-35.5267,False
7579,7,1,5,11,wait,2,1,-24.0778,wait,1,1,-44.2341,True
7580,7,1,5,12,wait,2,1,-31.0384,wait,2,1,-55.1761,False
7581,7,1,5,13,wait,2,1,-39.3637,wait,2,1,-69.5233,False
7582,7,1,5,14,wait,2,1,-86.0772,wait,2,1,-85.6551,False
7583,7,1,5,15,wait,0,0,0.0,wait,0,0,0.0,False
7600,7,2,1,0,wait,2,2,-47.1429,wait,2,2,-64.5529,False
7601,7,2,1,1,wait,2,2,-46.9213,wait,2,2,-64.5046,False
7602,7,2,1,2,wait,2,2,-47.4358,wait,2,2,-65.3087,False
7603,7,2,1,3,wait,2,2,-46.6318,wait,2,2,-64.6446,False
7604,7,2,1,4,wait,2,2,-46.1058,wait,2,2,-63.9681,False
7605,7,2,1,5,wait,2,2,-46.4837,wait,2,2,-64.8858,False
7606,7,2,1,6,wait,2,2,-47.1464,wait,2,2,-64.4546,False
7607,7,2,1,7,wait,2,2,-46.9412,wait,2,2,-64.7424,False
7608,7,2,1,8,wait,2,2,-47.4672,wait,2,2,-65.425,False
7609,7,2,1,9,wait,2,2,-47.5904,wait,2,2,-65.7432,False
7610,7,2,1,10,wait,2,2,-47.612,wait,2,2,-65.7172,False
7611,7,2,1,11,wait,2,2,-49.8806,wait,2,2,-69.6617,False
7612,7,2,1,12,wait,2,2,-52.7505,wait,2,2,-73.9974,False
7613,7,2,1,13,wait,2,2,-55.2669,wait,2,2,-79.3107,False
7614,7,2,1,14,wait,2,2,-89.6778,wait,2,2,-90.2267,False
7615,7,2,1,15,wait,0,0,0.0,wait,0,0,0.0,False
7616,7,2,2,0,wait,2,2,-28.4489,wait,2,2,-45.1312,False
7617,7,2,2,1,wait,2,2,-28.6041,wait,2,2,-44.9881,False
7618,7,2,2,2,wait,2,2,-28.5746,wait,2,2,-45.6879,False
7619,7,2,2,3,wait,2,2,-28.3555,wait,2,2,-44.5349,False
7620,7,2,2,4,wait,2,2,-29.1201,wait,2,2,-45.9102,False
7621,7,2,2,5,wait,2,2,-28.3131,wait,2,2,-45.2096,False
7622,7,2,2,6,wait,2,2,-28.8613,wait,2,2,-45.6582,False
7623,7,2,2,7,wait,2,2,-29.4849,wait,2,2,-45.6827,False
7624,7,2,2,8,wait,2,2,-29.3403,wait,2,2,-46.6463,False
7625,7,2,2,9,wait,2,2,-30.7172,wait,2,2,-49.1765,False
7626,7,2,2,10,wait,2,2,-32.8951,wait,2,2,-51.885,False
7627,7,2,2,11,wait,2,2,-36.3678,wait,2,2,-57.0795,False
7628,7,2,2,12,wait,2,2,-40.7096,wait,2,2,-64.4183,False
7629,7,2,2,13,wait,2,2,-46.132,wait,2,2,-74.0531,False
7630,7,2,2,14,wait,2,2,-87.5222,wait,2,2,-86.9277,False
7631,7,2,2,15,wait,0,0,0.0,wait,0,0,0.0,False
7632,7,2,3,0,wait,2,2,-15.4592,wait,2,2,-26.2468,False
7633,7,2,3,1,wait,2,2,-15.5124,wait,2,2,-26.8668,False
7634,7,2,3,2,wait,2,2,-16.1567,wait,2,2,-27.6013,False
7635,7,2,3,3,wait,2,2,-16.1135,wait,2,2,-28.7866,False
7636,7,2,3,4,wait,2,2,-15.8844,wait,2,2,-27.2382,False
7637,7,2,3,5,wait,2,2,-16.4744,wait,2,2,-29.0807,False
7638,7,2,3,6,wait,2,2,-16.5428,wait,2,2,-28.9003,False
7639,7,2,3,7,wait,2,2,-17.8513,wait,2,2,-30.0885,False
7640,7,2,3,8,wait,2,2,-18.6042,wait,2,2,-33.2539,False
7641,7,2,3,9,wait,2,2,-21.0542,wait,2,2,-36.6844,False
7642,7,2,3,10,wait,2,2,-24.0588,wait,2,2,-42.0507,False
7643,7,2,3,11,wait,2,2,-28.3085,wait,2,2,-47.8719,False
7644,7,2,3,12,wait,2,2,-34.2522,wait,2,2,-58.7527,False
7645,7,2,3,13,wait,2,2,-41.7202,wait,2,2,-71.3542,False
7646,7,2,3,14,wait,2,2,-86.2516,wait,2,2,-85.5519,False
7647,7,2,3,15,wait,0,0,0.0,wait,0,0,0.0,False
7648,7,2,4,0,wait,2,2,-4.1199,wait,1,1,-11.3036,True
7649,7,2,4,1,wait,2,2,-4.0081,wait,2,2,-11.291,False
7650,7,2,4,2,wait,2,2,-4.4377,wait,2,2,-12.0955,False
7651,7,2,4,3,wait,2,2,-5.1271,wait,2,2,-13.1945,False
7652,7,2,4,4,wait,2,2,-5.4323,wait,2,2,-14.0931,False
7653,7,2,4,5,wait,2,2,-5.8103,wait,2,2,-14.447,False
7654,7,2,4,6,wait,2,2,-7.154,wait,2,2,-16.5993,False
7655,7,2,4,7,wait,2,2,-8.385,wait,2,2,-18.8778,False
7656,7,2,4,8,wait,2,2,-10.2199,wait,2,2,-22.0417,False
7657,7,2,4,9,wait,2,2,-13.8273,wait,2,2,-27.5084,False
7658,7,2,4,10,wait,2,2,-17.6544,wait,2,2,-34.0339,False
7659,7,2,4,11,wait,2,2,-23.7269,wait,2,2,-43.6441,False
7660,7,2,4,12,wait,2,2,-30.679,wait,2,2,-55.6772,False
7661,7,2,4,13,wait,2,2,-38.9797,wait,2,2,-69.4077,False
7662,7,2,4,14,wait,2,2,-85.6895,wait,2,2,-85.8328,False
7663,7,2,4,15,wait,0,0,0.0,wait,0,0,0.0,False
7664,7,2,5,0,wait,1,1,2.4017,wait,1,1,0.9091,False
7665,7,2,5,1,wait,1,1,2.8164,wait,1,1,1.1587,False
7666,7,2,5,2,wait,1,1,2.1898,wait,1,1,0.1436,False
7667,7,2,5,3,wait,1,1,2.0066,wait,1,1,-0.3037,False
7668,7,2,5,4,wait,1,1,0.9511,wait,1,1,-1.5611,False
7669,7,2,5,5,wait,1,1,-0.9782,wait,1,1,-5.6793,False
7670,7,2,5,6,wait,1,1,-2.4809,wait,1,1,-7.3637,False
7671,7,2,5,7,wait,1,1,-4.8077,wait,1,1,-11.3862,False
7672,7,2,5,8,wait,2,1,-7.8323,wait,2,1,-16.8727,False
7673,7,2,5,9,wait,1,1,-12.094,wait,1,1,-23.8277,False
7674,7,2,5,10,wait,1,1,-17.3155,wait,1,1,-31.9812,False
7675,7,2,5,11,wait,1,1,-23.2871,wait,1,1,-42.0016,False
7676,7,2,5,12,wait,2,1,-30.0205,wait,2,1,-53.698,False
7677,7,2,5,13,wait,2,2,-38.4588,wait,2,2,-67.438,False
7678,7,2,5,14,wait,2,2,-85.0406,wait,2,2,-84.4688,False
7679,7,2,5,15,wait,0,0,0.0,wait,0,0,0.0,False
7696,7,3,1,0,wait,2,2,-42.3216,wait,2,2,-56.5368,False
7697,7,3,1,1,wait,2,2,-42.6121,wait,2,2,-57.6328,False
7698,7,3,1,2,wait,2,2,-42.124,wait,2,2,-57.5129,False
7699,7,3,1,3,wait,2,2,-41.8854,wait,2,2,-56.3124,False
7700,7,3,1,4,wait,2,2,-42.5109,wait,2,2,-57.4778,False
7701,7,3,1,5,wait,2,2,-41.7493,wait,2,2,-56.5621,False
7702,7,3,1,6,wait,2,2,-42.3963,wait,2,2,-56.9661,False
7703,7,3,1,7,wait,2,2,-42.4736,wait,2,2,-58.4512,False
7704,7,3,1,8,wait,2,2,-42.7327,wait,2,2,-58.1492,False
7705,7,3,1,9,wait,2,2,-43.0852,wait,2,2,-59.1716,False
7706,7,3,1,10,wait,2,2,-45.0527,wait,2,2,-61.8929,False
7707,7,3,1,11,wait,2,2,-47.0438,wait,2,2,-65.3305,False
7708,7,3,1,12,wait,2,2,-50.7947,wait,2,2,-71.192,False
7709,7,3,1,13,wait,2,2,-54.8773,wait,2,2,-77.4997,False
7710,7,3,1,14,hunt,2,2,-89.4277,hunt,2,2,-89.9929,False
7711,7,3,1,15,wait,0,0,0.0,wait,0,0,0.0,False
7712,7,3,2,0,wait,2,2,-22.2614,wait,2,2,-34.716,False
7713,7,3,2,1,wait,2,2,-22.6765,wait,2,2,-35.4658,False
7714,7,3,2,2,wait,2,2,-22.3017,wait,2,2,-35.4611,False
7715,7,3,2,3,wait,2,2,-22.6977,wait,2,2,-35.3697,False
7716,7,3,2,4,wait,2,2,-22.792,wait,2,2,-35.7886,False
7717,7,3,2,5,wait,2,2,-23.5671,wait,2,2,-36.6884,False
7718,7,3,2,6,wait,2,2,-22.9534,wait,2,2,-35.3247,False
7719,7,3,2,7,wait,2,2,-24.0827,wait,2,2,-37.4068,False
7720,7,3,2,8,wait,2,2,-24.5802,wait,2,2,-38.3214,False
7721,7,3,2,9,wait,2,2,-26.0227,wait,2,2,-40.5883,False
7722,7,3,2,10,wait,2,2,-28.9069,wait,2,2,-45.6013,False
7723,7,3,2,11,wait,2,2,-32.9488,wait,2,2,-51.6805,False
7724,7,3,2,12,wait,2,2,-38.7338,wait,2,2,-62.4717,False
7725,7,3,2,13,wait,2,2,-45.3194,wait,2,2,-72.9112,False
7726,7,3,2,14,wait,2,2,-87.7233,wait,2,2,-87.7448,False
7727,7,3,2,15,wait,0,0,0.0,wait,0,0,0.0,False
7728,7,3,3,0,wait,2,2,-9.7007,wait,2,2,-17.4462,False
7729,7,3,3,1,wait,2,2,-10.0792,wait,2,2,-17.3162,False
7730,7,3,3,2,wait,2,2,-9.872,wait,2,2,-17.3256,False
7731,7,3,3,3,wait,2,2,-10.1412,wait,2,2,-17.9458,False
7732,7,3,3,4,wait,2,2,-10.3707,wait,2,2,-19.024,False
7733,7,3,3,5,wait,2,2,-11.2934,wait,2,2,-19.6859,False
7734,7,3,3,6,wait,2,2,-12.2748,wait,2,2,-21.487,False
7735,7,3,3,7,wait,2,2,-12.6922,wait,2,2,-22.6909,False
7736,7,3,3,8,wait,2,2,-14.6869,wait,2,2,-25.6077,False
7737,7,3,3,9,wait,2,2,-17.2315,wait,2,2,-29.676,False
7738,7,3,3,10,wait,2,2,-21.675,wait,2,2,-37.3662,False
7739,7,3,3,11,wait,2,2,-26.2474,wait,2,2,-45.1681,False
7740,7,3,3,12,wait,2,2,-33.3187,wait,2,2,-56.402,False
7741,7,3,3,13,wait,2,2,-41.3677,wait,2,2,-69.6596,False
7742,7,3,3,14,wait,2,2,-86.2922,wait,2,2,-86.8562,False
7743,7,3,3,15,wait,0,0,0.0,wait,0,0,0.0,False
7744,7,3,4,0,wait,2,2,1.489,wait,2,2,-1.7702,False
7745,7,3,4,1,wait,2,2,1.7311,wait,2,2,-1.674,False
7746,7,3,4,2,wait,2,2,1.388,wait,2,2,-2.3275,False
7747,7,3,4,3,wait,2,2,0.7538,wait,1,1,-2.5605,True
7748,7,3,4,4,wait,2,2,0.2436,wait,2,2,-4.8659,False
7749,7,3,4,5,wait,2,2,-1.2323,wait,2,2,-6.5341,False
7750,7,3,4,6,wait,2,2,-2.381,wait,2,2,-8.4856,False
7751,7,3,4,7,wait,2,2,-4.2439,wait,2,2,-11.595,False
7752,7,3,4,8,wait,2,2,-7.258,wait,2,2,-16.2688,False
7753,7,3,4,9,wait,2,2,-11.2216,wait,2,2,-23.3289,False
7754,7,3,4,10,wait,2,2,-16.079,wait,2,2,-30.9306,False
7755,7,3,4,11,wait,2,2,-22.3202,wait,2,2,-42.1469,False
7756,7,3,4,12,wait,2,2,-29.2935,wait,2,2,-54.0537,False
7757,7,3,4,13,wait,2,2,-38.072,wait,2,2,-68.052,False
7758,7,3,4,14,hunt,2,2,-85.4876,hunt,2,2,-85.6827,False
7759,7,3,4,15,wait,0,0,0.0,wait,0,0,0.0,False
7760,7,3,5,0,hunt,1,1,4.797,wait,1,1,4.548,True
7761,7,3,5,1,wait,1,1,5.6981,wait,1,1,5.6574,False
7762,7,3,5,2,hunt,2,1,2.5251,wait,1,1,4.9665,True
7763,7,3,5,3,wait,1,2,2.3147,wait,1,1,3.1981,True
7764,7,3,5,4,wait,1,1,3.9813,wait,1,1,3.3691,False
7765,7,3,5,5,wait,1,1,2.4577,hunt,1,1,0.7615,True
7766,7,3,5,6,wait,1,1,0.2047,wait,1,1,-2.9601,False
7767,7,3,5,7,wait,1,1,-2.6021,wait,1,1,-7.6921,False
7768,7,3,5,8,wait,1,1,-6.4126,wait,1,1,-13.9683,False
7769,7,3,5,9,wait,1,1,-10.6342,wait,1,1,-21.5147,False
7770,7,3,5,10,hunt,2,1,-15.9412,hunt,2,1,-30.5702,False
7771,7,3,5,11,wait,2,1,-21.7347,wait,2,1,-40.3976,False
7772,7,3,5,12,wait,2,1,-29.4467,hunt,1,1,-53.4262,True
7773,7,3,5,13,wait,2,2,-38.2465,wait,2,2,-67.3576,False
7774,7,3,5,14,wait,1,2,-85.4274,wait,1,2,-85.6725,False
7775,7,3,5,15,wait,0,0,0.0,wait,0,0,0.0,False
7792,7,4,1,0,wait,2,2,-39.4243,wait,2,2,-52.1809,False
7793,7,4,1,1,wait,2,2,-37.9142,wait,2,2,-49.9112,False
7794,7,4,1,2,wait,2,2,-38.849,wait,2,2,-50.7717,False
7795,7,4,1,3,wait,2,2,-38.5696,wait,2,2,-51.0054,False
7796,7,4,1,4,wait,2,2,-38.5743,wait,2,2,-51.505,False
7797,7,4,1,5,wait,2,2,-38.6904,wait,2,2,-51.3434,False
7798,7,4,1,6,wait,2,2,-38.7761,wait,2,2,-51.4912,False
7799,7,4,1,7,wait,2,2,-39.0574,wait,2,2,-51.8977,False
7800,7,4,1,8,wait,2,2,-39.8036,wait,2,2,-52.5278,False
7801,7,4,1,9,wait,2,2,-39.9667,wait,2,2,-53.8896,False
7802,7,4,1,10,wait,2,2,-41.6633,wait,2,2,-56.5583,False
7803,7,4,1,11,wait,2,2,-45.096,wait,2,2,-61.8945,False
7804,7,4,1,12,wait,2,2,-48.7334,wait,2,2,-67.5277,False
7805,7,4,1,13,wait,2,2,-54.4557,wait,2,2,-77.6451,False
7806,7,4,1,14,wait,2,2,-89.9766,hunt,2,2,-90.765,True
7807,7,4,1,15,wait,0,0,0.0,wait,0,0,0.0,False
7808,7,4,2,0,wait,2,2,-18.5307,wait,2,2,-28.2998,False
7809,7,4,2,1,wait,2,2,-19.7413,wait,2,2,-30.5647,False
7810,7,4,2,2,wait,2,2,-19.2237,wait,2,2,-28.9933,False
7811,7,4,2,3,wait,2,2,-19.1953,wait,2,2,-29.1303,False
7812,7,4,2,4,wait,2,2,-19.7118,wait,2,2,-29.7468,False
7813,7,4,2,5,wait,2,2,-19.8299,wait,2,2,-30.5522,False
7814,7,4,2,6,wait,2,2,-19.3413,wait,2,2,-30.4086,False
7815,7,4,2,7,wait,2,2,-20.2563,wait,2,2,-31.0195,False
7816,7,4,2,8,wait,2,2,-21.3693,wait,2,2,-33.4559,False
7817,7,4,2,9,wait,2,2,-23.5324,wait,2,2,-37.0802,False
7818,7,4,2,10,wait,2,2,-26.315,wait,2,2,-41.2782,False
7819,7,4,2,11,wait,2,2,-30.9673,wait,2,2,-48.7485,False
7820,7,4,2,12,wait,2,2,-37.2852,wait,2,2,-60.3242,False
7821,7,4,2,13,wait,2,2,-45.3766,wait,2,2,-72.9313,False
7822,7,4,2,14,hunt,2,2,-87.4867,hunt,2,2,-87.7952,False
7823,7,4,2,15,wait,0,0,0.0,wait,0,0,0.0,False
7824,7,4,3,0,wait,2,2,-5.7421,wait,2,2,-10.2158,False
7825,7,4,3,1,wait,2,2,-6.0251,wait,2,2,-11.2436,False
7826,7,4,3,2,wait,2,2,-5.9493,wait,2,2,-10.8573,False
7827,7,4,3,3,wait,2,2,-6.4219,wait,2,2,-12.0293,False
7828,7,4,3,4,wait,2,2,-6.8303,wait,2,2,-12.8442,False
7829,7,4,3,5,wait,2,2,-7.64,wait,2,2,-13.1143,False
7830,7,4,3,6,wait,2,2,-8.8075,wait,2,2,-15.2336,False
7831,7,4,3,7,wait,2,2,-9.8627,wait,2,2,-18.2897,False
7832,7,4,3,8,wait,2,2,-11.9008,wait,2,2,-21.1809,False
7833,7,4,3,9,wait,2,2,-15.4127,wait,2,2,-27.8417,False
7834,7,4,3,10,wait,2,2,-20.0602,wait,2,2,-34.4168,False
7835,7,4,3,11,wait,2,2,-25.4281,wait,2,2,-43.5067,False
7836,7,4,3,12,wait,2,2,-32.7559,wait,2,2,-55.1081,False
7837,7,4,3,13,wait,2,2,-40.9093,wait,2,2,-68.9397,False
7838,7,4,3,14,wait,2,2,-86.4318,wait,2,2,-86.1272,False
7839,7,4,3,15,wait,0,0,0.0,wait,0,0,0.0,False
7840,7,4,4,0,hunt,2,2,3.3536,wait,2,2,3.5872,True
7841,7,4,4,1,hunt,2,2,2.8941,wait,2,2,4.454,True
7842,7,4,4,2,hunt,2,2,2.7504,wait,2,2,3.2736,True
7843,7,4,4,3,hunt,2,2,2.0706,wait,2,2,3.2554,True
7844,7,4,4,4,wait,2,2,3.2277,wait,2,2,0.7779,False
7845,7,4,4,5,wait,2,2,1.8619,wait,2,2,-1.6852,False
7846,7,4,4,6,wait,2,2,0.1346,wait,2,2,-4.5509,False
7847,7,4,4,7,wait,2,2,-2.6156,wait,2,2,-8.9328,False
7848,7,4,4,8,wait,2,2,-5.9161,wait,2,2,-14.5713,False
7849,7,4,4,9,wait,2,2,-9.754,wait,2,2,-20.8758,False
7850,7,4,4,10,hunt,2,2,-15.4684,hunt,2,2,-30.3746,False
7851,7,4,4,11,wait,2,2,-20.8556,wait,2,2,-39.634,False
7852,7,4,4,12,wait,2,2,-28.7304,wait,2,2,-52.8249,False
7853,7,4,4,13,wait,2,2,-38.5304,wait,2,2,-68.9715,False
7854,7,4,4,14,hunt,2,2,-84.8725,hunt,2,2,-84.7897,False
7855,7,4,4,15,wait,0,0,0.0,wait,0,0,0.0,False
7856,7,4,5,0,hunt,2,2,3.932,wait,1,1,6.9996,True
7857,7,4,5,1,hunt,1,1,7.5208,hunt,1,1,9.1686,False
7858,7,4,5,2,hunt,1,2,4.9111,wait,1,1,6.7439,True
7859,7,4,5,3,wait,1,2,5.8547,wait,1,1,6.5742,True
7860,7,4,5,4,hunt,1,2,3.0038,wait,1,1,5.3194,True
7861,7,4,5,5,wait,1,2,3.3814,wait,1,1,4.9439,True
7862,7,4,5,6,wait,1,1,2.4431,wait,1,2,1.5488,True
7863,7,4,5,7,wait,1,1,-0.9493,wait,1,1,-5.2496,False
7864,7,4,5,8,wait,1,1,-4.4956,wait,1,1,-10.3912,False
7865,7,4,5,9,hunt,1,1,-8.4916,hunt,1,1,-17.7898,False
7866,7,4,5,10,wait,1,1,-13.699,wait,1,1,-26.1618,False
7867,7,4,5,11,wait,1,1,-19.5312,wait,1,1,-35.7875,False
7868,7,4,5,12,hunt,1,1,-26.5477,hunt,1,1,-47.7226,False
7869,7,4,5,13,hunt,2,2,-37.649,wait,0,0,-65.778,True
7870,7,4,5,14,wait,2,2,-84.764,wait,2,2,-84.8316,False
7871,7,4,5,15,wait,0,0,0.0,wait,0,0,0.0,False
7888,7,5,1,0,wait,2,2,-36.6324,wait,2,2,-48.1592,False
7889,7,5,1,1,wait,2,2,-36.3156,wait,2,2,-47.4225,False
7890,7,5,1,2,wait,2,2,-36.4815,wait,2,2,-47.4382,False
7891,7,5,1,3,wait,2,2,-37.3544,wait,2,2,-49.5326,False
7892,7,5,1,4,wait,2,2,-36.5971,wait,2,2,-47.9962,False
7893,7,5,1,5,wait,2,2,-36.6194,wait,2,2,-48.7192,False
7894,7,5,1,6,wait,2,2,-36.8127,wait,2,2,-48.1776,False
7895,7,5,1,7,wait,2,2,-37.0664,wait,2,2,-48.3456,False
7896,7,5,1,8,wait,2,2,-37.2971,wait,2,2,-49.2024,False
7897,7,5,1,9,wait,2,2,-39.1,wait,2,2,-52.3546,False
7898,7,5,1,10,wait,2,2,-40.7989,wait,2,2,-55.6596,False
7899,7,5,1,11,wait,2,2,-44.2698,wait,2,2,-60.2138,False
7900,7,5,1,12,hunt,2,2,-49.3457,hunt,2,2,-68.8672,False
7901,7,5,1,13,wait,2,2,-54.2149,wait,2,2,-77.3976,False
7902,7,5,1,14,hunt,2,2,-90.1826,hunt,2,2,-90.8323,False
7903,7,5,1,15,wait,0,0,0.0,wait,0,0,0.0,False
7904,7,5,2,0,wait,2,2,-15.7641,wait,2,2,-23.7945,False
7905,7,5,2,1,wait,2,2,-15.7914,wait,2,2,-24.1179,False
7906,7,5,2,2,wait,2,2,-15.7567,wait,2,2,-24.163,False
7907,7,5,2,3,wait,2,2,-16.2188,wait,2,2,-24.2118,False
7908,7,5,2,4,wait,2,2,-16.4377,wait,2,2,-24.8142,False
7909,7,5,2,5,wait,2,2,-16.857,wait,2,2,-25.4696,False
7910,7,5,2,6,wait,2,2,-17.6143,wait,2,2,-26.2068,False
7911,7,5,2,7,wait,2,2,-18.3412,wait,2,2,-28.2752,False
7912,7,5,2,8,wait,2,2,-19.2299,wait,2,2,-29.9137,False
7913,7,5,2,9,wait,2,2,-22.2418,wait,2,2,-34.9751,False
7914,7,5,2,10,wait,2,2,-25.99,wait,2,2,-40.579,False
7915,7,5,2,11,wait,2,2,-31.4988,wait,2,2,-50.167,False
7916,7,5,2,12,wait,2,2,-37.9326,hunt,2,2,-60.8122,True
7917,7,5,2,13,wait,2,2,-45.1736,wait,2,2,-71.8873,False
7918,7,5,2,14,wait,2,2,-87.7967,wait,2,2,-88.5641,False
7919,7,5,2,15,wait,0,0,0.0,wait,0,0,0.0,False
7920,7,5,3,0,wait,2,2,-1.6257,wait,2,2,-3.6991,False
7921,7,5,3,1,wait,2,2,-2.212,wait,2,2,-5.0697,False
7922,7,5,3,2,wait,2,2,-2.4236,wait,2,2,-5.4821,False
7923,7,5,3,3,wait,2,2,-2.6822,wait,2,2,-6.242,False
7924,7,5,3,4,wait,2,2,-3.4519,wait,2,2,-7.4048,False
7925,7,5,3,5,wait,2,2,-4.925,wait,2,2,-9.332,False
7926,7,5,3,6,wait,2,2,-6.328,wait,2,2,-11.4455,False
7927,7,5,3,7,wait,2,2,-8.2721,wait,2,2,-14.7103,False
7928,7,5,3,8,wait,2,2,-10.9161,wait,2,2,-19.5581,False
7929,7,5,3,9,wait,2,2,-14.5954,wait,2,2,-25.2405,False
7930,7,5,3,10,wait,2,2,-19.0574,wait,2,2,-32.6215,False
7931,7,5,3,11,wait,2,2,-24.5205,wait,2,2,-42.1447,False
7932,7,5,3,12,hunt,2,2,-32.3104,hunt,2,2,-55.3074,False
7933,7,5,3,13,wait,2,2,-40.7076,wait,2,2,-69.3077,False
7934,7,5,3,14,wait,2,2,-86.3582,wait,2,2,-86.2891,False
7935,7,5,3,15,wait,0,0,0.0,wait,0,0,0.0,False
7936,7,5,4,0,hunt,2,2,6.7179,hunt,2,2,6.4509,False
7937,7,5,4,1,wait,2,2,7.4322,wait,2,2,7.9155,False
7938,7,5,4,2,wait,2,2,6.8142,wait,2,2,6.882,False
7939,7,5,4,3,wait,2,2,6.4311,wait,2,2,5.6047,False
7940,7,5,4,4,wait,2,2,5.4319,wait,2,2,4.9059,False
7941,7,5,4,5,hunt,2,2,3.2696,wait,2,2,3.8593,True
7942,7,5,4,6,wait,2,2,1.5345,wait,2,2,-1.7667,False
7943,7,5,4,7,wait,2,2,-1.0254,wait,2,2,-5.921,False
7944,7,5,4,8,wait,2,2,-4.0889,wait,2,2,-11.4578,False
7945,7,5,4,9,wait,2,2,-8.4075,wait,2,2,-18.54,False
7946,7,5,4,10,hunt,2,2,-14.0583,hunt,2,2,-27.5531,False
7947,7,5,4,11,wait,2,2,-19.9558,wait,2,2,-37.4583,False
7948,7,5,4,12,hunt,2,2,-27.7745,hunt,2,2,-49.8671,False
7949,7,5,4,13,hunt,2,2,-37.9052,wait,0,1,-63.6977,True
7950,7,5,4,14,wait,2,2,-85.3754,wait,2,2,-85.538,False
7951,7,5,4,15,wait,0,0,0.0,wait,0,0,0.0,False
7952,7,5,5,0,wait,1,2,8.5975,wait,1,2,10.5678,False
7953,7,5,5,1,hunt,2,2,7.029,wait,1,1,8.913,True
7954,7,5,5,2,wait,2,2,7.0626,hunt,1,1,8.2471,True
7955,7,5,5,3,hunt,1,1,8.2579,hunt,1,1,10.2396,False
7956,7,5,5,4,hunt,1,1,7.6722,hunt,1,1,9.2617,False
7957,7,5,5,5,wait,2,2,3.876,hunt,1,1,7.2165,True
7958,7,5,5,6,hunt,2,1,2.6137,wait,1,1,5.3043,True
7959,7,5,5,7,hunt,1,1,1.8679,hunt,2,1,0.4758,True
7960,7,5,5,8,hunt,1,1,-1.4003,hunt,1,1,-5.5687,False
7961,7,5,5,9,hunt,1,1,-5.469,hunt,1,1,-12.5177,False
7962,7,5,5,10,hunt,1,1,-10.1325,hunt,1,1,-20.4338,False
7963,7,5,5,11,hunt,1,1,-15.7084,hunt,1,1,-29.4639,False
7964,7,5,5,12,wait,2,2,-23.9576,hunt,1,0,-41.1718,True
7965,7,5,5,13,wait,0,1,-33.149,wait,0,1,-53.6535,False
7966,7,5,5,14,wait,2,2,-85.4624,hunt,1,2,-86.038,True
7967,7,5,5,15,wait,0,0,0.0,wait,0,0,0.0,False
7984,7,6,1,0,wait,2,2,-35.6503,wait,2,2,-46.3676,False
7985,7,6,1,1,wait,2,2,-34.4586,wait,2,2,-44.6022,False
7986,7,6,1,2,wait,2,2,-33.9785,wait,2,2,-43.6973,False
7987,7,6,1,3,hunt,2,2,-36.4939,hunt,2,2,-47.9968,False
7988,7,6,1,4,wait,2,2,-36.0955,wait,2,2,-46.2804,False
7989,7,6,1,5,wait,2,2,-35.3675,wait,2,2,-46.0382,False
7990,7,6,1,6,wait,2,2,-35.8699,wait,2,2,-46.4945,False
7991,7,6,1,7,wait,2,2,-36.1666,wait,2,2,-46.8401,False
7992,7,6,1,8,wait,2,2,-37.0872,wait,2,2,-48.5119,False
7993,7,6,1,9,wait,2,2,-37.5947,wait,2,2,-49.2562,False
7994,7,6,1,10,wait,2,2,-40.2515,wait,2,2,-54.3863,False
7995,7,6,1,11,wait,2,2,-43.4874,wait,2,2,-59.0102,False
7996,7,6,1,12,wait,2,2,-48.7747,wait,2,2,-67.9501,False
7997,7,6,1,13,wait,2,2,-54.0573,wait,2,2,-77.3335,False
7998,7,6,1,14,hunt,2,2,-89.3511,hunt,2,2,-89.4312,False
7999,7,6,1,15,wait,0,0,0.0,wait,0,0,0.0,False
8000,7,6,2,0,wait,2,2,-13.2936,wait,2,2,-19.7621,False
8001,7,6,2,1,wait,2,2,-13.3969,wait,2,2,-19.6699,False
8002,7,6,2,2,wait,2,2,-13.9086,wait,2,2,-21.7302,False
8003,7,6,2,3,hunt,2,2,-15.0508,wait,2,2,-23.0029,True
8004,7,6,2,4,wait,2,2,-15.1228,wait,2,2,-22.1807,False
8005,7,6,2,5,wait,2,2,-14.6755,wait,2,2,-22.229,False
8006,7,6,2,6,wait,2,2,-15.5912,wait,2,2,-23.1882,False
8007,7,6,2,7,wait,2,2,-17.1876,wait,2,2,-25.9688,False
8008,7,6,2,8,wait,2,2,-18.7076,wait,2,2,-28.9488,False
8009,7,6,2,9,wait,2,2,-22.1029,wait,2,2,-34.1823,False
8010,7,6,2,10,hunt,2,2,-25.8758,hunt,2,2,-40.5629,False
8011,7,6,2,11,wait,2,2,-30.5484,wait,2,2,-47.7542,False
8012,7,6,2,12,hunt,2,2,-37.2792,hunt,2,2,-59.2162,False
8013,7,6,2,13,wait,2,2,-45.1092,wait,2,2,-72.7245,False
8014,7,6,2,14,wait,2,2,-87.2884,wait,2,2,-87.3233,False
8015,7,6,2,15,wait,0,0,0.0,wait,0,0,0.0,False
8016,7,6,3,0,wait,2,2,-0.0484,wait,2,2,-1.3059,False
8017,7,6,3,1,wait,2,2,0.2694,wait,2,2,-0.8719,False
8018,7,6,3,2,wait,2,2,-0.4331,wait,2,2,-1.7849,False
8019,7,6,3,3,wait,2,2,-1.0372,wait,2,2,-2.6928,False
8020,7,6,3,4,wait,2,2,-1.9657,wait,2,2,-4.2211,False
8021,7,6,3,5,wait,2,2,-3.6788,wait,2,2,-6.8774,False
8022,7,6,3,6,wait,2,2,-4.8264,wait,2,2,-9.669,False
8023,7,6,3,7,wait,2,2,-6.3869,wait,2,2,-12.0631,False
8024,7,6,3,8,wait,2,2,-9.3748,wait,2,2,-16.8716,False
8025,7,6,3,9,wait,2,2,-13.2871,wait,2,2,-23.1969,False
8026,7,6,3,10,wait,2,2,-18.0872,wait,2,2,-31.0155,False
8027,7,6,3,11,wait,2,2,-24.0393,wait,2,2,-41.286,False
8028,7,6,3,12,wait,2,2,-31.5674,hunt,1,1,-53.6994,True
8029,7,6,3,13,hunt,2,2,-41.3741,hunt,2,1,-67.5302,True
8030,7,6,3,14,hunt,2,2,-86.3412,hunt,2,2,-86.3658,False
8031,7,6,3,15,wait,0,0,0.0,wait,0,0,0.0,False
8032,7,6,4,0,wait,2,2,9.6206,wait,2,2,11.4137,False
8033,7,6,4,1,hunt,2,2,8.4309,hunt,2,2,9.6317,False
8034,7,6,4,2,hunt,1,1,2.7539,wait,2,2,8.047,True
8035,7,6,4,3,wait,2,2,7.8235,wait,2,2,8.7419,False
8036,7,6,4,4,wait,2,2,7.117,wait,2,2,7.3193,False
8037,7,6,4,5,wait,2,2,5.392,hunt,2,2,5.042,True
8038,7,6,4,6,wait,2,2,3.1877,hunt,2,2,3.243,True
8039,7,6,4,7,hunt,2,2,0.2818,hunt,1,1,-3.1175,True
8040,7,6,4,8,wait,2,2,-3.1352,hunt,2,2,-10.0048,True
8041,7,6,4,9,wait,2,2,-6.89,wait,2,2,-15.9003,False
8042,7,6,4,10,hunt,2,2,-11.7587,hunt,1,1,-24.5862,True
8043,7,6,4,11,hunt,2,2,-17.8357,hunt,1,1,-32.624,True
8044,7,6,4,12,hunt,1,1,-25.0635,hunt,1,1,-42.9814,False
8045,7,6,4,13,wait,0,1,-34.5668,wait,0,1,-53.581,False
8046,7,6,4,14,wait,2,2,-85.3729,wait,2,2,-84.3726,False
8047,7,6,4,15,wait,0,0,0.0,wait,0,0,0.0,False
8048,7,6,5,0,wait,2,2,9.3064,hunt,1,1,11.6185,True
8049,7,6,5,1,wait,1,2,10.1161,wait,1,2,12.9905,False
8050,7,6,5,2,hunt,1,1,10.7037,hunt,1,1,14.4695,False
8051,7,6,5,3,hunt,1,2,9.1645,hunt,1,2,11.4321,False
8052,7,6,5,4,wait,2,1,8.1709,hunt,1,1,10.2461,True
8053,7,6,5,5,wait,2,1,6.4765,hunt,1,1,9.5825,True
8054,7,6,5,6,wait,1,2,5.1617,hunt,2,1,7.0097,True
8055,7,6,5,7,hunt,2,1,3.4213,wait,1,1,4.8103,True
8056,7,6,5,8,hunt,1,1,1.5498,wait,1,1,1.6202,True
8057,7,6,5,9,hunt,1,1,-0.7583,hunt,1,1,-5.0072,False
8058,7,6,5,10,hunt,1,1,-4.9922,hunt,1,1,-12.0142,False
8059,7,6,5,11,hunt,1,1,-8.5077,hunt,1,1,-18.6258,False
8060,7,6,5,12,hunt,1,1,-14.7014,hunt,1,1,-27.283,False
8061,7,6,5,13,wait,0,1,-22.3512,wait,0,1,-37.3632,False
8062,7,6,5,14,hunt,1,2,-85.6139,wait,2,2,-86.2155,True
8063,7,6,5,15,wait,0,0,0.0,wait,0,0,0.0,False
8080,7,7,1,0,wait,2,2,-34.3524,wait,2,2,-44.0877,False
8081,7,7,1,1,wait,2,2,-34.6543,wait,2,2,-44.6138,False
8082,7,7,1,2,wait,2,2,-34.285,wait,2,2,-43.925,False
8083,7,7,1,3,wait,2,2,-34.3575,wait,2,2,-43.967,False
8084,7,7,1,4,wait,2,2,-34.1691,wait,2,2,-44.0983,False
8085,7,7,1,5,wait,2,2,-34.9645,wait,2,2,-44.4232,False
8086,7,7,1,6,wait,2,2,-34.7387,wait,2,2,-44.9036,False
8087,7,7,1,7,wait,2,2,-35.6203,wait,2,2,-46.3808,False
8088,7,7,1,8,wait,2,2,-35.7169,wait,2,2,-46.1581,False
8089,7,7,1,9,wait,2,2,-37.068,wait,2,2,-49.0161,False
8090,7,7,1,10,wait,2,2,-40.0198,wait,2,2,-53.5513,False
8091,7,7,1,11,wait,2,2,-43.4983,wait,2,2,-59.3099,False
8092,7,7,1,12,hunt,2,2,-48.6806,hunt,2,2,-68.0847,False
8093,7,7,1,13,wait,2,2,-54.5896,wait,2,2,-78.1941,False
8094,7,7,1,14,hunt,2,2,-89.2622,hunt,2,2,-89.2644,False
8095,7,7,1,15,wait,0,0,0.0,wait,0,0,0.0,False
8096,7,7,2,0,wait,2,2,-12.2132,wait,2,2,-17.1544,False
8097,7,7,2,1,wait,2,2,-12.6482,wait,2,2,-17.6666,False
8098,7,7,2,2,hunt,2,2,-12.5208,hunt,2,2,-19.4009,False
8099,7,7,2,3,wait,2,2,-13.5371,wait,2,2,-19.9218,False
8100,7,7,2,4,wait,2,2,-13.7508,wait,2,2,-20.2157,False
8101,7,7,2,5,wait,2,2,-14.3292,wait,2,2,-20.0978,False
8102,7,7,2,6,wait,2,2,-14.6356,wait,2,2,-21.3389,False
8103,7,7,2,7,wait,2,2,-16.5067,wait,2,2,-24.6996,False
8104,7,7,2,8,wait,2,2,-18.0226,wait,2,2,-27.6129,False
8105,7,7,2,9,wait,2,2,-20.649,wait,2,2,-32.2281,False
8106,7,7,2,10,wait,2,2,-25.3286,wait,2,2,-39.1799,False
8107,7,7,2,11,hunt,2,2,-29.7022,hunt,2,2,-46.6668,False
8108,7,7,2,12,hunt,2,2,-35.0881,hunt,2,2,-56.4326,False
8109,7,7,2,13,hunt,2,2,-42.0674,hunt,2,2,-67.3891,False
8110,7,7,2,14,wait,2,2,-87.8023,wait,2,2,-88.0944,False
8111,7,7,2,15,wait,0,0,0.0,wait,0,0,0.0,False
8112,7,7,3,0,wait,2,2,1.7497,wait,2,2,1.791,False
8113,7,7,3,1,wait,2,2,1.623,wait,2,2,0.8544,False
8114,7,7,3,2,wait,2,2,1.6464,wait,2,2,1.2851,False
8115,7,7,3,3,wait,2,2,1.2512,wait,2,2,1.0687,False
8116,7,7,3,4,wait,2,2,0.0661,wait,2,2,-1.4233,False
8117,7,7,3,5,wait,2,2,-2.0911,wait,2,2,-5.0788,False
8118,7,7,3,6,wait,2,2,-3.9841,wait,2,2,-7.7744,False
8119,7,7,3,7,wait,2,2,-5.9009,wait,2,2,-11.3418,False
8120,7,7,3,8,wait,2,2,-9.1285,wait,2,2,-16.4294,False
8121,7,7,3,9,hunt,2,2,-11.4597,hunt,2,2,-20.872,False
8122,7,7,3,10,hunt,2,2,-15.7036,hunt,2,2,-27.973,False
8123,7,7,3,11,hunt,2,2,-20.7579,expedition,0,0,-31.5768,True
8124,7,7,3,12,hunt,2,2,-26.9056,expedition,0,0,-32.2114,True
8125,7,7,3,13,expedition,0,0,-33.2624,expedition,0,0,-32.7477,False
8126,7,7,3,14,expedition,0,0,-32.0237,expedition,0,0,-30.2834,False
8127,7,7,3,15,wait,0,0,0.0,wait,0,0,0.0,False
8128,7,7,4,0,wait,1,1,5.1548,hunt,2,2,9.3802,True
8129,7,7,4,1,hunt,2,2,10.5518,hunt,2,2,12.903,False
8130,7,7,4,2,hunt,2,2,10.1899,hunt,2,2,12.1344,False
8131,7,7,4,3,hunt,2,2,8.9692,hunt,2,2,10.6095,False
8132,7,7,4,4,hunt,2,2,8.6628,hunt,2,2,9.9873,False
8133,7,7,4,5,wait,2,2,7.0317,hunt,2,2,7.0027,True
8134,7,7,4,6,hunt,2,2,6.096,hunt,2,2,5.4159,False
8135,7,7,4,7,hunt,2,2,3.809,wait,2,2,2.3147,True
8136,7,7,4,8,hunt,2,2,0.4519,expedition,0,0,-3.0364,True
8137,7,7,4,9,hunt,2,2,-2.8555,expedition,0,0,-5.1434,True
8138,7,7,4,10,hunt,1,2,-3.761,expedition,0,0,-5.2272,True
8139,7,7,4,11,expedition,0,0,-2.8512,expedition,0,0,-2.8396,False
8140,7,7,4,12,expedition,0,0,-2.888,expedition,0,0,-2.6877,False
8141,7,7,4,13,expedition,0,0,-3.182,expedition,0,0,-2.1154,False
8142,7,7,4,14,expedition,0,0,-2.6222,expedition,0,0,-3.0653,False
8143,7,7,4,15,wait,0,0,0.0,wait,0,0,0.0,False
8144,7,7,5,0,wait,2,2,10.3605,expedition,0,0,16.4332,True
8145,7,7,5,1,wait,2,2,10.5108,expedition,0,0,14.7682,True
8146,7,7,5,2,hunt,1,1,12.4225,hunt,1,1,17.1065,False
8147,7,7,5,3,expedition,0,0,20.1214,expedition,0,0,20.1759,False
8148,7,7,5,4,hunt,2,2,9.0405,expedition,0,0,13.9243,True
8149,7,7,5,5,wait,2,1,6.989,expedition,0,0,15.8221,True
8150,7,7,5,6,expedition,0,0,19.7144,expedition,0,0,18.5742,False
8151,7,7,5,7,expedition,0,0,19.8103,expedition,0,0,19.8465,False
8152,7,7,5,8,expedition,0,0,20.5436,expedition,0,0,20.9487,False
8153,7,7,5,9,expedition,0,0,19.1669,expedition,0,0,19.0801,False
8154,7,7,5,10,expedition,0,0,20.2913,expedition,0,0,19.3316,False
8155,7,7,5,11,expedition,0,0,19.283,expedition,0,0,18.5349,False
8156,7,7,5,12,expedition,0,0,20.1169,expedition,0,0,20.854,False
8157,7,7,5,13,expedition,0,0,20.8999,expedition,0,0,22.0868,False
8158,7,7,5,14,expedition,0,0,20.2514,expedition,0,0,20.3684,False
8159,7,7,5,15,wait,0,0,0.0,wait,0,0,0.0,False
8176,7,8,1,0,wait,2,2,-33.9083,wait,2,2,-43.8036,False
8177,7,8,1,1,wait,2,2,-34.0362,wait,2,2,-43.2884,False
8178,7,8,1,2,wait,2,2,-33.6986,wait,2,2,-43.1722,False
8179,7,8,1,3,wait,2,2,-33.7113,wait,2,2,-42.4647,False
8180,7,8,1,4,wait,2,2,-33.7127,wait,2,2,-42.811,False
8181,7,8,1,5,wait,2,2,-33.8707,wait,2,2,-42.5559,False
8182,7,8,1,6,wait,2,2,-34.3361,wait,2,2,-44.9192,False
8183,7,8,1,7,wait,2,2,-35.0284,wait,2,2,-45.3951,False
8184,7,8,1,8,wait,2,2,-35.8476,wait,2,2,-45.8845,False
8185,7,8,1,9,wait,2,2,-38.1346,wait,2,2,-49.7198,False
8186,7,8,1,10,wait,2,2,-40.0308,wait,2,2,-52.6924,False
8187,7,8,1,11,hunt,2,2,-43.8356,hunt,2,2,-59.9463,False
8188,7,8,1,12,wait,2,2,-48.8245,wait,2,2,-68.1182,False
8189,7,8,1,13,hunt,2,2,-54.7371,hunt,2,2,-77.4975,False
8190,7,8,1,14,wait,2,2,-89.6021,wait,2,2,-89.014,False
8191,7,8,1,15,wait,0,0,0.0,wait,0,0,0.0,False
8192,7,8,2,0,wait,2,2,-10.7579,wait,2,2,-15.3545,False
8193,7,8,2,1,wait,2,2,-10.8571,wait,2,2,-15.0926,False
8194,7,8,2,2,wait,2,2,-11.3469,wait,2,2,-16.5443,False
8195,7,8,2,3,wait,2,2,-11.7628,wait,2,2,-16.672,False
8196,7,8,2,4,wait,2,2,-12.4146,wait,2,2,-17.8811,False
8197,7,8,2,5,wait,2,2,-12.5264,wait,2,2,-18.6158,False
8198,7,8,2,6,hunt,2,2,-14.7158,hunt,2,2,-22.1547,False
8199,7,8,2,7,wait,2,2,-16.5055,wait,2,2,-24.8963,False
8200,7,8,2,8,hunt,2,2,-18.3757,hunt,2,2,-28.088,False
8201,7,8,2,9,hunt,2,2,-20.4755,hunt,2,2,-31.8008,False
8202,7,8,2,10,hunt,2,2,-24.5388,hunt,2,2,-37.7935,False
8203,7,8,2,11,hunt,2,2,-27.7749,hunt,2,2,-42.8113,False
8204,7,8,2,12,hunt,2,2,-33.6092,hunt,2,2,-53.1475,False
8205,7,8,2,13,hunt,2,2,-39.2437,hunt,2,2,-62.9219,False
8206,7,8,2,14,hunt,2,2,-87.4238,hunt,2,2,-87.2557,False
8207,7,8,2,15,wait,0,0,0.0,wait,0,0,0.0,False
8208,7,8,3,0,hunt,2,2,3.1527,wait,2,2,4.2034,True
8209,7,8,3,1,wait,2,2,3.0131,wait,2,2,3.5598,False
8210,7,8,3,2,wait,2,2,2.8427,wait,2,2,4.0281,False
8211,7,8,3,3,hunt,2,2,1.1727,wait,2,2,3.2079,True
8212,7,8,3,4,wait,2,2,0.8413,wait,2,2,0.328,False
8213,7,8,3,5,hunt,2,2,-1.2143,hunt,2,2,-3.1004,False
8214,7,8,3,6,hunt,2,2,-2.6821,hunt,2,2,-5.4445,False
8215,7,8,3,7,hunt,2,2,-5.3963,hunt,2,2,-9.8588,False
8216,7,8,3,8,hunt,2,2,-7.1207,hunt,2,2,-13.268,False
8217,7,8,3,9,hunt,2,2,-9.9458,hunt,2,2,-17.7768,False
8218,7,8,3,10,hunt,2,2,-13.1053,hunt,2,2,-23.3628,False
8219,7,8,3,11,hunt,2,2,-18.0627,expedition,0,0,-29.2662,True
8220,7,8,3,12,hunt,2,2,-22.6724,expedition,0,0,-31.4425,True
8221,7,8,3,13,hunt,2,2,-29.9078,expedition,0,0,-33.648,True
8222,7,8,3,14,expedition,0,0,-32.6145,expedition,0,0,-32.8209,False
8223,7,8,3,15,wait,0,0,0.0,wait,0,0,0.0,False
8224,7,8,4,0,wait,1,2,5.2682,wait,2,2,9.2141,True
8225,7,8,4,1,hunt,2,2,11.4267,hunt,2,2,14.2844,False
8226,7,8,4,2,hunt,2,2,12.1052,hunt,2,2,15.5873,False
8227,7,8,4,3,wait,1,2,4.1808,hunt,2,2,9.8068,True
8228,7,8,4,4,hunt,2,2,10.1042,hunt,2,2,12.6815,False
8229,7,8,4,5,hunt,2,2,9.8793,hunt,2,2,11.7892,False
8230,7,8,4,6,wait,2,2,6.1968,hunt,2,2,8.7283,True
8231,7,8,4,7,wait,2,2,3.6431,hunt,2,2,7.7774,True
8232,7,8,4,8,hunt,2,2,3.8319,hunt,2,2,1.4626,False
8233,7,8,4,9,hunt,2,2,1.273,hunt,2,2,-2.7211,False
8234,7,8,4,10,hunt,2,2,-2.1097,expedition,0,0,-5.528,True
8235,7,8,4,11,expedition,0,0,-2.4951,expedition,0,0,-3.0894,False
8236,7,8,4,12,expedition,0,0,-2.6234,expedition,0,0,-3.3371,False
8237,7,8,4,13,expedition,0,0,-2.5409,expedition,0,0,-3.3455,False
8238,7,8,4,14,expedition,0,0,-3.0618,expedition,0,0,-2.0365,False
8239,7,8,4,15,wait,0,0,0.0,wait,0,0,0.0,False
8240,7,8,5,0,wait,1,2,12.8431,wait,1,2,17.348,False
8241,7,8,5,1,expedition,0,0,21.1983,expedition,0,0,20.606,False
8242,7,8,5,2,expedition,0,0,19.4888,expedition,0,0,18.5897,False
8243,7,8,5,3,expedition,0,0,20.7856,expedition,0,0,21.0626,False
8244,7,8,5,4,hunt,2,1,10.8502,expedition,0,0,14.981,True
8245,7,8,5,5,wait,2,2,8.1592,expedition,0,0,15.9271,True
8246,7,8,5,6,expedition,0,0,20.5745,expedition,0,0,20.4139,False
8247,7,8,5,7,expedition,0,0,19.3688,expedition,0,0,18.8869,False
8248,7,8,5,8,expedition,0,0,20.0727,expedition,0,0,20.4727,False
8249,7,8,5,9,expedition,0,0,20.128,expedition,0,0,21.101,False
8250,7,8,5,10,expedition,0,0,20.5356,expedition,0,0,20.8469,False
8251,7,8,5,11,expedition,0,0,20.1881,expedition,0,0,20.6831,False
8252,7,8,5,12,expedition,0,0,21.5464,expedition,0,0,22.1254,False
8253,7,8,5,13,expedition,0,0,20.4655,expedition,0,0,22.1357,False
8254,7,8,5,14,expedition,0,0,20.9961,expedition,0,0,22.5412,False
8255,7,8,5,15,wait,0,0,0.0,wait,0,0,0.0,False
8272,7,9,1,0,wait,2,2,-33.5391,wait,2,2,-42.7404,False
8273,7,9,1,1,wait,2,2,-33.3598,wait,2,2,-41.9944,False
8274,7,9,1,2,wait,2,2,-33.2848,wait,2,2,-43.2099,False
8275,7,9,1,3,wait,2,2,-34.0289,wait,2,2,-42.5104,False
8276,7,9,1,4,wait,2,2,-34.0241,wait,2,2,-42.6887,False
8277,7,9,1,5,wait,2,2,-34.404,wait,2,2,-43.7631,False
8278,7,9,1,6,wait,2,2,-34.14,wait,2,2,-43.5957,False
8279,7,9,1,7,wait,2,2,-35.6608,wait,2,2,-45.0162,False
8280,7,9,1,8,wait,2,2,-35.8647,wait,2,2,-46.7272,False
8281,7,9,1,9,wait,2,2,-37.9533,wait,2,2,-49.7011,False
8282,7,9,1,10,wait,2,2,-40.3153,hunt,2,2,-54.4478,True
8283,7,9,1,11,hunt,2,2,-43.6219,hunt,2,2,-59.3024,False
8284,7,9,1,12,hunt,2,2,-48.3248,hunt,2,2,-67.4986,False
8285,7,9,1,13,hunt,2,2,-54.7803,wait,2,2,-78.0677,True
8286,7,9,1,14,hunt,2,2,-89.3027,hunt,2,2,-89.3068,False
8287,7,9,1,15,wait,0,0,0.0,wait,0,0,0.0,False
8288,7,9,2,0,hunt,2,2,-10.0389,hunt,2,2,-14.209,False
8289,7,9,2,1,hunt,2,2,-9.9812,hunt,2,2,-14.6217,False
8290,7,9,2,2,wait,2,2,-10.3956,wait,2,2,-14.6206,False
8291,7,9,2,3,wait,2,2,-10.7253,wait,2,2,-15.1404,False
8292,7,9,2,4,hunt,2,2,-11.718,hunt,2,2,-16.5782,False
8293,7,9,2,5,wait,2,2,-12.5208,wait,2,2,-18.4519,False
8294,7,9,2,6,hunt,2,2,-14.398,wait,2,2,-21.451,True
8295,7,9,2,7,wait,2,2,-15.843,wait,2,2,-24.1232,False
8296,7,9,2,8,wait,2,2,-17.6275,wait,2,2,-26.3243,False
8297,7,9,2,9,wait,2,2,-20.7134,wait,2,2,-31.421,False
8298,7,9,2,10,hunt,2,2,-24.4429,hunt,2,2,-38.3345,False
8299,7,9,2,11,hunt,2,2,-28.1946,hunt,2,2,-44.2472,False
8300,7,9,2,12,hunt,2,2,-32.6925,hunt,2,2,-52.0535,False
8301,7,9,2,13,hunt,2,2,-39.595,hunt,2,2,-63.258,False
8302,7,9,2,14,wait,2,2,-88.1183,wait,2,2,-87.6714,False
8303,7,9,2,15,wait,0,0,0.0,wait,0,0,0.0,False
8304,7,9,3,0,hunt,2,2,3.4563,wait,2,2,4.757,True
8305,7,9,3,1,hunt,2,2,3.2702,hunt,2,2,4.5078,False
8306,7,9,3,2,hunt,2,2,3.0322,hunt,2,2,3.6247,False
8307,7,9,3,3,wait,2,2,3.4889,wait,2,2,4.3806,False
8308,7,9,3,4,wait,2,2,1.674,hunt,2,2,2.1223,True
8309,7,9,3,5,hunt,2,2,0.0835,hunt,2,2,-0.3529,False
8310,7,9,3,6,hunt,2,2,-1.7276,hunt,2,2,-4.1701,False
8311,7,9,3,7,hunt,2,2,-4.7648,hunt,2,2,-9.4987,False
8312,7,9,3,8,hunt,2,2,-6.8849,hunt,2,2,-12.0385,False
8313,7,9,3,9,hunt,2,2,-9.5798,hunt,2,2,-17.0695,False
8314,7,9,3,10,hunt,2,2,-12.8235,hunt,2,2,-22.6253,False
8315,7,9,3,11,hunt,2,2,-16.2236,hunt,2,2,-28.4646,False
8316,7,9,3,12,hunt,2,2,-21.1406,expedition,0,0,-33.5431,True
8317,7,9,3,13,hunt,2,2,-30.4661,expedition,0,0,-34.9903,True
8318,7,9,3,14,expedition,0,0,-32.8328,expedition,0,0,-33.4027,False
8319,7,9,3,15,wait,0,0,0.0,wait,0,0,0.0,False
8320,7,9,4,0,hunt,2,2,12.1448,hunt,2,2,15.4585,False
8321,7,9,4,1,hunt,2,2,12.5125,hunt,2,2,16.0431,False
8322,7,9,4,2,hunt,2,2,12.6897,hunt,2,2,16.6239,False
8323,7,9,4,3,hunt,2,2,11.1716,hunt,2,2,14.0405,False
8324,7,9,4,4,hunt,2,2,10.8648,hunt,2,2,13.74,False
8325,7,9,4,5,hunt,2,2,10.1273,hunt,2,2,12.4257,False
8326,7,9,4,6,hunt,2,2,9.3121,hunt,2,2,11.1466,False
8327,7,9,4,7,hunt,2,2,7.5006,hunt,2,2,7.646,False
8328,7,9,4,8,hunt,2,2,4.8841,hunt,2,2,3.1728,False
8329,7,9,4,9,hunt,2,2,2.7458,expedition,0,0,1.2934,True
8330,7,9,4,10,hunt,2,2,-0.1835,expedition,0,0,-2.4713,True
8331,7,9,4,11,expedition,0,0,-1.5958,expedition,0,0,-1.8297,False
8332,7,9,4,12,expedition,0,0,-2.3608,expedition,0,0,-2.0138,False
8333,7,9,4,13,expedition,0,0,-2.3531,expedition,0,0,-2.8682,False
8334,7,9,4,14,expedition,0,0,-2.7149,expedition,0,0,-1.557,False
8335,7,9,4,15,wait,0,0,0.0,wait,0,0,0.0,False
8336,7,9,5,0,wait,2,2,11.295,expedition,0,0,15.837,True
8337,7,9,5,1,wait,2,1,11.3395,expedition,0,0,16.0675,True
8338,7,9,5,2,hunt,2,1,14.0545,hunt,2,1,19.6606,False
8339,7,9,5,3,wait,1,2,11.3307,expedition,0,0,14.9186,True
8340,7,9,5,4,expedition,0,0,19.9321,expedition,0,0,20.3784,False
8341,7,9,5,5,expedition,0,0,20.3387,expedition,0,0,20.9996,False
8342,7,9,5,6,hunt,1,2,9.953,expedition,0,0,15.3809,True
8343,7,9,5,7,hunt,1,1,11.4129,hunt,1,1,15.7595,False
8344,7,9,5,8,expedition,0,0,19.4297,expedition,0,0,20.2872,False
8345,7,9,5,9,expedition,0,0,20.1876,expedition,0,0,21.1501,False
8346,7,9,5,10,expedition,0,0,20.4806,expedition,0,0,22.5054,False
8347,7,9,5,11,expedition,0,0,19.1879,expedition,0,0,20.7893,False
8348,7,9,5,12,expedition,0,0,20.651,expedition,0,0,21.7073,False
8349,7,9,5,13,expedition,0,0,20.7026,expedition,0,0,20.0344,False
8350,7,9,5,14,expedition,0,0,20.8228,expedition,0,0,20.725,False
8351,7,9,5,15,wait,0,0,0.0,wait,0,0,0.0,False
8368,7,10,1,0,wait,2,2,-33.4496,wait,2,2,-43.0331,False
8369,7,10,1,1,wait,2,2,-33.7953,hunt,2,2,-43.189,True
8370,7,10,1,2,wait,2,2,-32.6608,wait,2,2,-41.8687,False
8371,7,10,1,3,wait,2,2,-34.0645,wait,2,2,-42.9598,False
8372,7,10,1,4,wait,2,2,-33.1013,wait,2,2,-40.9786,False
8373,7,10,1,5,wait,2,2,-34.0608,wait,2,2,-42.8517,False
8374,7,10,1,6,hunt,2,2,-34.9174,hunt,2,2,-45.4622,False
8375,7,10,1,7,wait,2,2,-34.3165,wait,2,2,-44.5543,False
8376,7,10,1,8,wait,2,2,-35.8425,wait,2,2,-45.7648,False
8377,7,10,1,9,wait,2,2,-37.2475,wait,2,2,-49.2615,False
8378,7,10,1,10,wait,2,2,-40.4257,wait,2,2,-54.334,False
8379,7,10,1,11,hunt,2,2,-43.5068,hunt,2,2,-60.3813,False
8380,7,10,1,12,hunt,2,2,-48.3278,hunt,2,2,-67.6076,False
8381,7,10,1,13,wait,2,2,-53.9936,wait,2,2,-77.5269,False
8382,7,10,1,14,wait,2,2,-89.6563,wait,2,2,-89.9876,False
8383,7,10,1,15,wait,0,0,0.0,wait,0,0,0.0,False
8384,7,10,2,0,wait,2,2,-9.3516,wait,2,2,-12.6526,False
8385,7,10,2,1,hunt,2,2,-10.0021,hunt,2,2,-13.8316,False
8386,7,10,2,2,wait,2,2,-9.9737,wait,2,2,-12.8445,False
8387,7,10,2,3,wait,2,2,-10.515,wait,2,2,-14.4968,False
8388,7,10,2,4,wait,2,2,-11.1772,wait,2,2,-15.8208,False
8389,7,10,2,5,hunt,2,2,-13.1934,wait,2,2,-19.2591,True
8390,7,10,2,6,hunt,2,2,-13.4385,hunt,2,2,-20.9873,False
8391,7,10,2,7,wait,2,2,-15.1155,wait,2,2,-23.0174,False
8392,7,10,2,8,wait,2,2,-16.8789,wait,2,2,-25.5598,False
8393,7,10,2,9,hunt,2,2,-20.7693,hunt,2,2,-31.9062,False
8394,7,10,2,10,hunt,2,2,-22.5558,hunt,2,2,-35.272,False
8395,7,10,2,11,hunt,2,2,-26.3399,hunt,2,2,-41.3134,False
8396,7,10,2,12,hunt,2,2,-29.6348,hunt,2,2,-45.7294,False
8397,7,10,2,13,hunt,2,2,-33.0082,hunt,2,2,-51.9182,False
8398,7,10,2,14,wait,2,2,-87.5868,wait,2,2,-87.7956,False
8399,7,10,2,15,wait,0,0,0.0,wait,0,0,0.0,False
8400,7,10,3,0,hunt,2,2,4.5921,hunt,2,2,6.7789,False
8401,7,10,3,1,hunt,2,2,4.2066,hunt,2,2,6.0453,False
8402,7,10,3,2,wait,2,2,3.6014,wait,2,2,4.8336,False
8403,7,10,3,3,wait,2,2,3.7676,wait,2,2,4.869,False
8404,7,10,3,4,hunt,2,2,1.6605,wait,2,2,2.9734,True
8405,7,10,3,5,hunt,2,2,0.2781,hunt,2,2,-0.9297,False
8406,7,10,3,6,hunt,2,2,-0.9552,hunt,2,2,-3.4662,False
8407,7,10,3,7,hunt,2,2,-3.2716,hunt,2,2,-6.7493,False
8408,7,10,3,8,hunt,2,2,-5.0499,hunt,2,2,-9.2312,False
8409,7,10,3,9,hunt,2,2,-6.5815,hunt,2,2,-13.2036,False
8410,7,10,3,10,hunt,2,2,-8.5612,hunt,2,2,-15.2582,False
8411,7,10,3,11,hunt,2,2,-11.1032,hunt,2,2,-20.2077,False
8412,7,10,3,12,hunt,2,2,-14.1641,hunt,2,2,-24.5158,False
8413,7,10,3,13,hunt,2,2,-18.2023,expedition,0,0,-28.6922,True
8414,7,10,3,14,expedition,0,0,-32.7854,expedition,0,0,-33.0238,False
8415,7,10,3,15,wait,0,0,0.0,wait,0,0,0.0,False
8416,7,10,4,0,wait,2,2,11.5961,wait,2,2,15.1577,False
8417,7,10,4,1,hunt,2,2,13.3401,hunt,2,2,17.4464,False
8418,7,10,4,2,hunt,2,2,14.2859,hunt,2,2,19.3599,False
8419,7,10,4,3,hunt,2,2,11.8325,hunt,2,2,15.2361,False
8420,7,10,4,4,wait,2,2,10.4258,wait,2,2,12.8939,False
8421,7,10,4,5,hunt,2,2,12.4875,hunt,2,2,16.0665,False
8422,7,10,4,6,wait,2,2,7.085,hunt,2,2,12.4342,True
8423,7,10,4,7,hunt,2,2,10.8199,hunt,2,2,13.9442,False
8424,7,10,4,8,hunt,2,2,9.4901,hunt,2,2,10.6406,False
8425,7,10,4,9,hunt,2,2,8.22,hunt,2,2,8.9424,False
8426,7,10,4,10,hunt,2,2,6.077,hunt,2,2,5.5484,False
8427,7,10,4,11,hunt,2,2,3.9358,hunt,2,2,2.7712,False
8428,7,10,4,12,hunt,2,2,-0.6992,expedition,0,0,-3.0677,True
8429,7,10,4,13,hunt,2,2,-3.6582,expedition,0,0,-5.2838,True
8430,7,10,4,14,expedition,0,0,-2.2248,expedition,0,0,-0.8059,False
8431,7,10,4,15,wait,0,0,0.0,wait,0,0,0.0,False
8432,7,10,5,0,expedition,0,0,19.9929,expedition,0,0,19.2053,False
8433,7,10,5,1,expedition,0,0,20.0186,expedition,0,0,19.3073,False
8434,7,10,5,2,expedition,0,0,20.6085,expedition,0,0,22.0056,False
8435,7,10,5,3,expedition,0,0,20.1023,expedition,0,0,20.207,False
8436,7,10,5,4,expedition,0,0,19.6961,expedition,0,0,19.0315,False
8437,7,10,5,5,wait,1,1,11.9264,expedition,0,0,17.035,True
8438,7,10,5,6,expedition,0,0,20.6793,expedition,0,0,22.64,False
8439,7,10,5,7,expedition,0,0,19.1117,expedition,0,0,19.5692,False
8440,7,10,5,8,expedition,0,0,20.2406,expedition,0,0,19.3864,False
8441,7,10,5,9,expedition,0,0,19.1523,expedition,0,0,18.847,False
8442,7,10,5,10,hunt,2,1,7.928,expedition,0,0,14.8334,True
8443,7,10,5,11,expedition,0,0,19.6112,expedition,0,0,19.316,False
8444,7,10,5,12,expedition,0,0,20.0225,expedition,0,0,20.0437,False
8445,7,10,5,13,expedition,0,0,20.6461,expedition,0,0,20.6001,False
8446,7,10,5,14,expedition,0,0,19.6279,expedition,0,0,18.7485,False
8447,7,10,5,15,wait,0,0,0.0,wait,0,0,0.0,False
8464,8,0,1,0,wait,2,0,-98.8924,wait,2,0,-98.8985,False
8465,8,0,1,1,wait,2,0,-98.8924,wait,2,0,-98.8985,False
8466,8,0,1,2,wait,2,0,-98.8924,wait,2,0,-98.8985,False
8467,8,0,1,3,wait,2,0,-98.8924,wait,2,0,-98.8985,False
8468,8,0,1,4,wait,2,0,-98.8924,wait,2,0,-98.8985,False
8469,8,0,1,5,wait,2,0,-98.8924,wait,2,0,-98.8985,False
8470,8,0,1,6,wait,2,0,-98.8924,wait,2,0,-98.8985,False
8471,8,0,1,7,wait,2,0,-98.8924,wait,2,0,-98.8985,False
8472,8,0,1,8,wait,2,0,-98.8924,wait,2,0,-98.8985,False
8473,8,0,1,9,wait,2,0,-98.8924,wait,2,0,-98.8985,False
8474,8,0,1,10,wait,2,0,-98.8924,wait,2,0,-98.8985,False
8475,8,0,1,11,wait,2,0,-98.8924,wait,2,0,-98.8985,False
8476,8,0,1,12,wait,2,0,-98.8924,wait,2,0,-98.8985,False
8477,8,0,1,13,wait,2,0,-98.8924,wait,2,0,-98.8985,False
8478,8,0,1,14,wait,2,0,-98.8924,wait,2,0,-98.8985,False
8479,8,0,1,15,wait,0,0,0.0,wait,0,0,0.0,False
8480,8,0,2,0,wait,2,0,-69.0227,wait,1,0,-82.8316,True
8481,8,0,2,1,wait,2,0,-68.1244,wait,2,0,-83.0502,False
8482,8,0,2,2,wait,1,0,-68.8061,wait,1,0,-83.2827,False
8483,8,0,2,3,wait,1,0,-69.0742,wait,1,0,-83.3272,False
8484,8,0,2,4,wait,1,0,-68.9088,wait,1,0,-83.5704,False
8485,8,0,2,5,wait,2,0,-68.58,wait,2,0,-82.7636,False
8486,8,0,2,6,wait,1,0,-68.8997,wait,1,0,-82.893,False
8487,8,0,2,7,wait,2,0,-69.2793,wait,1,0,-83.5885,True
8488,8,0,2,8,wait,1,0,-69.2911,wait,1,0,-82.1316,False
8489,8,0,2,9,wait,1,0,-68.5789,wait,1,0,-82.9705,False
8490,8,0,2,10,wait,2,0,-69.8607,wait,2,0,-84.7936,False
8491,8,0,2,11,wait,2,0,-69.9567,wait,2,0,-84.6692,False
8492,8,0,2,12,wait,2,0,-70.7906,wait,2,0,-86.3523,False
8493,8,0,2,13,wait,1,0,-72.2787,wait,1,0,-88.8547,False
8494,8,0,2,14,wait,2,0,-93.4926,wait,2,0,-92.9656,False
8495,8,0,2,15,wait,0,0,0.0,wait,0,0,0.0,False
8496,8,0,3,0,wait,2,0,-46.3593,wait,2,0,-63.0147,False
8497,8,0,3,1,wait,1,0,-45.3616,wait,1,0,-61.7411,False
8498,8,0,3,2,wait,2,0,-47.3407,wait,1,0,-65.1863,True
8499,8,0,3,3,wait,1,0,-46.3747,wait,1,0,-63.5701,False
8500,8,0,3,4,wait,1,0,-45.6968,wait,1,0,-62.76,False
8501,8,0,3,5,wait,1,0,-46.6376,wait,1,0,-63.4798,False
8502,8,0,3,6,wait,1,0,-46.9066,wait,1,0,-62.1366,False
8503,8,0,3,7,wait,1,0,-46.6666,wait,1,0,-62.8002,False
8504,8,0,3,8,wait,1,0,-47.0638,wait,1,0,-63.7733,False
8505,8,0,3,9,wait,2,0,-47.5807,wait,1,0,-65.2581,True
8506,8,0,3,10,wait,2,0,-48.489,wait,2,0,-67.0854,False
8507,8,0,3,11,wait,2,0,-50.3516,wait,2,0,-69.7982,False
8508,8,0,3,12,wait,2,0,-52.657,wait,2,0,-74.5362,False
8509,8,0,3,13,wait,2,0,-57.1613,wait,1,0,-81.5759,True
8510,8,0,3,14,wait,2,0,-91.1236,wait,2,0,-91.6072,False
8511,8,0,3,15,wait,0,0,0.0,wait,0,0,0.0,False
8512,8,0,4,0,wait,1,0,-26.4491,wait,1,0,-40.8425,False
8513,8,0,4,1,wait,1,0,-26.3003,wait,1,0,-40.0408,False
8514,8,0,4,2,wait,1,0,-26.958,wait,1,0,-40.0221,False
8515,8,0,4,3,wait,1,0,-26.5172,wait,1,0,-39.7153,False
8516,8,0,4,4,wait,1,0,-26.4777,wait,1,0,-40.0691,False
8517,8,0,4,5,wait,1,0,-27.2234,wait,1,0,-40.5868,False
8518,8,0,4,6,wait,1,0,-27.4627,wait,1,0,-42.4566,False
8519,8,0,4,7,wait,1,0,-27.8896,wait,1,0,-42.3015,False
8520,8,0,4,8,wait,2,0,-29.6255,wait,2,0,-45.7506,False
8521,8,0,4,9,wait,2,0,-31.66,wait,2,0,-48.2054,False
8522,8,0,4,10,wait,2,0,-33.6176,wait,2,0,-52.3729,False
8523,8,0,4,11,wait,2,0,-37.1285,wait,2,0,-57.5437,False
8524,8,0,4,12,wait,1,0,-41.5427,wait,1,0,-65.7118,False
8525,8,0,4,13,wait,2,0,-47.9944,wait,2,0,-75.6259,False
8526,8,0,4,14,wait,2,0,-88.9215,wait,2,0,-88.5579,False
8527,8,0,4,15,wait,0,0,0.0,wait,0,0,0.0,False
8528,8,0,5,0,wait,1,0,-12.9791,wait,1,0,-21.3809,False
8529,8,0,5,1,wait,1,0,-14.0469,wait,1,0,-23.4904,False
8530,8,0,5,2,wait,1,0,-12.7539,wait,1,0,-20.7092,False
8531,8,0,5,3,wait,1,0,-13.9561,wait,1,0,-22.9854,False
8532,8,0,5,4,wait,1,0,-14.0324,wait,1,0,-22.6656,False
8533,8,0,5,5,wait,1,0,-14.8685,wait,1,0,-25.2467,False
8534,8,0,5,6,wait,1,0,-16.4111,wait,1,0,-26.4004,False
8535,8,0,5,7,wait,1,0,-17.0303,wait,1,0,-28.1578,False
8536,8,0,5,8,wait,2,0,-19.4601,wait,1,0,-32.6747,True
8537,8,0,5,9,wait,2,0,-21.8851,wait,2,0,-36.5804,False
8538,8,0,5,10,wait,2,0,-25.6655,wait,2,0,-43.326,False
8539,8,0,5,11,wait,2,0,-30.2625,wait,2,0,-50.8121,False
8540,8,0,5,12,wait,2,0,-36.2043,wait,2,0,-60.5862,False
8541,8,0,5,13,wait,2,0,-43.022,wait,2,0,-72.2435,False
8542,8,0,5,14,wait,2,0,-88.452,wait,2,0,-88.7989,False
8543,8,0,5,15,wait,0,0,0.0,wait,0,0,0.0,False
8560,8,1,1,0,wait,2,1,-67.8823,wait,2,1,-81.6723,False
8561,8,1,1,1,wait,2,1,-68.3514,wait,2,1,-82.4055,False
8562,8,1,1,2,wait,2,1,-68.4039,wait,1,1,-82.4865,True
8563,8,1,1,3,wait,2,1,-67.8794,wait,2,1,-82.6043,False
8564,8,1,1,4,wait,1,1,-67.7829,wait,1,1,-81.7664,False
8565,8,1,1,5,wait,1,1,-68.0957,wait,2,1,-82.1212,True
8566,8,1,1,6,wait,1,1,-67.7613,wait,1,1,-82.1624,False
8567,8,1,1,7,wait,2,1,-68.0809,wait,1,1,-82.803,True
8568,8,1,1,8,wait,2,1,-68.3063,wait,2,1,-81.4469,False
8569,8,1,1,9,wait,1,1,-68.5704,wait,1,1,-83.4485,False
8570,8,1,1,10,wait,2,1,-67.8299,wait,2,1,-82.6566,False
8571,8,1,1,11,wait,2,1,-69.5077,wait,2,1,-84.256,False
8572,8,1,1,12,wait,2,1,-70.087,wait,2,1,-85.5162,False
8573,8,1,1,13,wait,2,1,-71.3668,wait,2,1,-88.1595,False
8574,8,1,1,14,wait,2,1,-92.4505,wait,2,1,-91.8572,False
8575,8,1,1,15,wait,0,0,0.0,wait,0,0,0.0,False
8576,8,1,2,0,wait,1,1,-45.7796,wait,1,1,-62.1863,False
8577,8,1,2,1,wait,2,1,-45.7964,wait,1,1,-62.9612,True
8578,8,1,2,2,wait,1,1,-45.4366,wait,1,1,-62.1194,False
8579,8,1,2,3,wait,1,1,-45.5808,wait,1,1,-61.7339,False
8580,8,1,2,4,wait,2,1,-45.8383,wait,1,1,-63.1236,True
8581,8,1,2,5,wait,1,1,-46.1937,wait,1,1,-61.4327,False
8582,8,1,2,6,wait,1,1,-45.5203,wait,1,1,-62.4561,False
8583,8,1,2,7,wait,1,1,-45.6714,wait,1,1,-62.4018,False
8584,8,1,2,8,wait,2,1,-46.696,wait,2,1,-64.0305,False
8585,8,1,2,9,wait,2,1,-47.0221,wait,2,1,-64.599,False
8586,8,1,2,10,wait,2,1,-48.2165,wait,2,1,-66.66,False
8587,8,1,2,11,wait,2,1,-50.3169,wait,2,1,-70.241,False
8588,8,1,2,12,wait,2,1,-52.9652,wait,2,1,-74.0486,False
8589,8,1,2,13,wait,2,1,-56.099,wait,2,1,-80.3386,False
8590,8,1,2,14,wait,2,1,-89.4058,wait,2,1,-89.4299,False
8591,8,1,2,15,wait,0,0,0.0,wait,0,0,0.0,False
8592,8,1,3,0,wait,1,1,-25.3079,wait,1,1,-38.7675,False
8593,8,1,3,1,wait,1,1,-26.1927,wait,1,1,-39.7613,False
8594,8,1,3,2,wait,1,1,-26.0634,wait,1,1,-40.2854,False
8595,8,1,3,3,wait,1,1,-26.6403,wait,1,1,-40.7616,False
8596,8,1,3,4,wait,1,1,-26.4033,wait,1,1,-40.9056,False
8597,8,1,3,5,wait,1,1,-26.2407,wait,1,1,-39.9099,False
8598,8,1,3,6,wait,1,1,-26.9021,wait,1,1,-41.3911,False
8599,8,1,3,7,wait,1,1,-26.8643,wait,1,1,-41.6308,False
8600,8,1,3,8,wait,1,1,-28.2058,wait,1,1,-44.4359,False
8601,8,1,3,9,wait,2,1,-31.0168,wait,2,1,-47.8258,False
8602,8,1,3,10,wait,2,1,-32.3571,wait,2,1,-50.9824,False
8603,8,1,3,11,wait,2,1,-35.8644,wait,2,1,-57.398,False
8604,8,1,3,12,wait,2,1,-41.2163,wait,2,1,-65.9689,False
8605,8,1,3,13,wait,2,1,-46.7784,wait,2,1,-75.0994,False
8606,8,1,3,14,wait,2,1,-88.2692,wait,2,1,-89.0415,False
8607,8,1,3,15,wait,0,0,0.0,wait,0,0,0.0,False
8608,8,1,4,0,wait,1,1,-12.1625,wait,1,1,-21.0178,False
8609,8,1,4,1,wait,1,1,-12.5522,wait,1,1,-20.8483,False
8610,8,1,4,2,wait,1,1,-11.862,wait,1,1,-20.4354,False
8611,8,1,4,3,wait,1,1,-12.895,wait,1,1,-22.0409,False
8612,8,1,4,4,wait,1,1,-13.0054,wait,1,1,-22.6032,False
8613,8,1,4,5,wait,1,1,-13.5066,wait,1,1,-23.1328,False
8614,8,1,4,6,wait,1,1,-14.397,wait,1,1,-23.0851,False
8615,8,1,4,7,wait,1,1,-15.918,wait,1,1,-26.9778,False
8616,8,1,4,8,wait,2,1,-18.3201,wait,1,1,-31.8587,True
8617,8,1,4,9,wait,1,1,-21.1532,wait,1,1,-35.6164,False
8618,8,1,4,10,wait,2,1,-24.4654,wait,2,1,-42.1513,False
8619,8,1,4,11,wait,2,1,-28.9448,wait,2,1,-49.2016,False
8620,8,1,4,12,wait,2,1,-35.4269,wait,2,1,-59.7753,False
8621,8,1,4,13,wait,2,1,-42.7178,wait,2,1,-73.0166,False
8622,8,1,4,14,wait,2,1,-87.5835,wait,1,1,-87.3802,True
8623,8,1,4,15,wait,0,0,0.0,wait,0,0,0.0,False
8624,8,1,5,0,wait,1,1,-0.2329,wait,1,1,-3.8978,False
8625,8,1,5,1,wait,1,1,-1.0274,wait,1,1,-5.4086,False
8626,8,1,5,2,wait,1,1,-1.1978,wait,1,1,-4.9897,False
8627,8,1,5,3,wait,1,1,-2.0169,wait,1,1,-6.9326,False
8628,8,1,5,4,wait,1,1,-2.4485,wait,1,1,-7.4981,False
8629,8,1,5,5,wait,1,1,-3.6227,wait,1,1,-9.3818,False
8630,8,1,5,6,wait,1,1,-5.4613,wait,1,1,-12.3217,False
8631,8,1,5,7,wait,1,1,-7.5863,wait,1,1,-16.4662,False
8632,8,1,5,8,wait,2,1,-10.5213,wait,2,1,-21.2873,False
8633,8,1,5,9,wait,2,1,-14.4315,wait,2,1,-27.6272,False
8634,8,1,5,10,wait,2,1,-18.4302,wait,2,1,-35.4173,False
8635,8,1,5,11,wait,2,1,-23.9661,wait,2,1,-44.384,False
8636,8,1,5,12,wait,2,1,-31.4777,wait,2,1,-56.445,False
8637,8,1,5,13,wait,2,1,-39.835,wait,2,1,-70.401,False
8638,8,1,5,14,wait,2,1,-86.4962,wait,2,1,-86.5566,False
8639,8,1,5,15,wait,0,0,0.0,wait,0,0,0.0,False
8656,8,2,1,0,wait,2,2,-45.3969,wait,2,2,-62.5334,False
8657,8,2,1,1,wait,2,2,-45.6469,wait,2,2,-62.104,False
8658,8,2,1,2,wait,2,2,-45.6088,wait,2,2,-62.3154,False
8659,8,2,1,3,wait,2,2,-45.2425,wait,2,2,-62.683,False
8660,8,2,1,4,wait,2,2,-45.4138,wait,2,2,-61.858,False
8661,8,2,1,5,wait,2,2,-45.6642,wait,2,2,-62.7686,False
8662,8,2,1,6,wait,2,2,-45.9105,wait,2,2,-63.2043,False
8663,8,2,1,7,wait,2,2,-46.3301,wait,2,2,-63.8576,False
8664,8,2,1,8,wait,2,2,-46.405,wait,2,2,-63.7808,False
8665,8,2,1,9,wait,2,2,-46.8539,wait,2,2,-64.2754,False
8666,8,2,1,10,wait,2,2,-47.6057,wait,2,2,-66.2574,False
8667,8,2,1,11,wait,2,2,-48.9575,wait,2,2,-68.3164,False
8668,8,2,1,12,wait,2,2,-52.6708,wait,2,2,-74.1222,False
8669,8,2,1,13,wait,2,2,-56.1401,wait,2,2,-79.5558,False
8670,8,2,1,14,wait,2,2,-89.306,wait,2,2,-89.443,False
8671,8,2,1,15,wait,0,0,0.0,wait,0,0,0.0,False
8672,8,2,2,0,wait,2,2,-26.7118,wait,2,2,-42.4116,False
8673,8,2,2,1,wait,2,2,-26.3664,wait,2,2,-41.7144,False
8674,8,2,2,2,wait,2,2,-27.2695,wait,2,2,-42.9494,False
8675,8,2,2,3,wait,2,2,-26.3062,wait,2,2,-41.3762,False
8676,8,2,2,4,wait,2,2,-27.0183,wait,2,2,-43.4551,False
8677,8,2,2,5,wait,2,2,-26.6243,wait,2,2,-42.4182,False
8678,8,2,2,6,wait,2,2,-26.8402,wait,2,2,-42.4555,False
8679,8,2,2,7,wait,2,2,-27.7209,wait,2,2,-43.9399,False
8680,8,2,2,8,wait,2,2,-28.1195,wait,2,2,-44.5134,False
8681,8,2,2,9,wait,2,2,-29.9931,wait,2,2,-47.8326,False
8682,8,2,2,10,wait,2,2,-31.9511,wait,2,2,-51.2352,False
8683,8,2,2,11,wait,2,2,-35.4937,wait,2,2,-56.3177,False
8684,8,2,2,12,wait,2,2,-40.5147,wait,2,2,-65.7229,False
8685,8,2,2,13,wait,2,2,-46.2306,wait,2,2,-74.6108,False
8686,8,2,2,14,wait,2,2,-87.5398,wait,2,2,-88.0279,False
8687,8,2,2,15,wait,0,0,0.0,wait,0,0,0.0,False
8688,8,2,3,0,wait,2,2,-12.8654,wait,2,2,-22.2112,False
8689,8,2,3,1,wait,2,2,-13.1289,wait,2,2,-22.5089,False
8690,8,2,3,2,wait,2,2,-13.4448,wait,2,2,-23.019,False
8691,8,2,3,3,wait,2,2,-13.5025,wait,2,2,-23.292,False
8692,8,2,3,4,wait,2,2,-13.5728,wait,2,2,-23.9168,False
8693,8,2,3,5,wait,2,2,-13.9425,wait,2,2,-24.9685,False
8694,8,2,3,6,wait,2,2,-14.7736,wait,2,2,-25.7472,False
8695,8,2,3,7,wait,2,2,-15.6419,wait,2,2,-27.4789,False
8696,8,2,3,8,wait,2,2,-17.7528,wait,2,2,-30.9674,False
8697,8,2,3,9,wait,2,2,-20.2305,wait,2,2,-35.0763,False
8698,8,2,3,10,wait,2,2,-23.9397,wait,2,2,-41.8988,False
8699,8,2,3,11,wait,2,2,-28.6679,wait,2,2,-48.9741,False
8700,8,2,3,12,wait,2,2,-34.9818,wait,2,2,-59.5394,False
8701,8,2,3,13,wait,2,2,-41.7012,wait,2,2,-71.6699,False
8702,8,2,3,14,wait,2,2,-86.2892,wait,2,2,-86.7721,False
8703,8,2,3,15,wait,0,0,0.0,wait,0,0,0.0,False
8704,8,2,4,0,wait,2,2,-1.0041,wait,2,2,-6.2542,False
8705,8,2,4,1,wait,2,2,-1.1441,wait,2,2,-7.1655,False
8706,8,2,4,2,wait,2,2,-1.5123,wait,2,2,-6.4471,False
8707,8,2,4,3,wait,2,2,-1.8297,wait,2,2,-7.2236,False
8708,8,2,4,4,wait,2,2,-2.8464,wait,2,2,-9.4653,False
8709,8,2,4,5,wait,2,2,-3.4381,wait,2,2,-10.218,False
8710,8,2,4,6,wait,2,2,-4.9325,wait,2,2,-12.6485,False
8711,8,2,4,7,wait,2,2,-6.9444,wait,2,2,-15.3974,False
8712,8,2,4,8,wait,2,2,-9.4359,wait,2,2,-20.1613,False
8713,8,2,4,9,wait,2,2,-13.4389,wait,2,2,-27.2274,False
8714,8,2,4,10,wait,2,2,-17.8891,wait,2,2,-34.2574,False
8715,8,2,4,11,wait,2,2,-23.0783,wait,2,2,-42.0477,False
8716,8,2,4,12,wait,2,2,-31.03,wait,2,2,-56.5865,False
8717,8,2,4,13,wait,2,2,-39.0214,wait,2,2,-69.5144,False
8718,8,2,4,14,wait,2,2,-85.195,wait,2,2,-85.78,False
8719,8,2,4,15,wait,0,0,0.0,wait,0,0,0.0,False
8720,8,2,5,0,wait,1,1,5.1274,wait,1,1,4.6941,False
8721,8,2,5,1,wait,1,1,4.2398,wait,1,1,3.3865,False
8722,8,2,5,2,wait,1,1,3.8427,wait,1,1,2.9396,False
8723,8,2,5,3,wait,2,1,2.5993,wait,1,1,2.8009,True
8724,8,2,5,4,wait,1,1,2.905,wait,1,1,1.6916,False
8725,8,2,5,5,wait,1,1,1.1967,wait,1,1,-1.953,False
8726,8,2,5,6,wait,1,1,-1.3451,wait,1,1,-4.8474,False
8727,8,2,5,7,wait,2,1,-4.1466,wait,2,1,-10.9096,False
8728,8,2,5,8,wait,1,1,-7.4348,wait,1,1,-15.2972,False
8729,8,2,5,9,wait,1,1,-11.2921,wait,1,1,-22.8888,False
8730,8,2,5,10,wait,2,1,-16.6489,wait,2,1,-30.8487,False
8731,8,2,5,11,hunt,2,1,-23.0043,wait,1,1,-42.3361,True
8732,8,2,5,12,wait,1,1,-30.689,wait,1,1,-54.6707,False
8733,8,2,5,13,wait,2,1,-38.944,wait,2,1,-70.101,False
8734,8,2,5,14,wait,2,2,-85.1102,wait,2,2,-85.6445,False
8735,8,2,5,15,wait,0,0,0.0,wait,0,0,0.0,False
8752,8,3,1,0,wait,2,2,-40.6902,wait,2,2,-54.9709,False
8753,8,3,1,1,wait,2,2,-40.1235,wait,2,2,-53.6682,False
8754,8,3,1,2,wait,2,2,-40.0612,wait,2,2,-53.3334,False
8755,8,3,1,3,wait,2,2,-40.8331,wait,2,2,-54.2535,False
8756,8,3,1,4,wait,2,2,-40.9301,wait,2,2,-54.9227,False
8757,8,3,1,5,wait,2,2,-41.4452,wait,2,2,-56.2264,False
8758,8,3,1,6,wait,2,2,-40.6281,wait,2,2,-55.1847,False
8759,8,3,1,7,wait,2,2,-40.7715,wait,2,2,-55.425,False
8760,8,3,1,8,wait,2,2,-41.7304,wait,2,2,-56.0631,False
8761,8,3,1,9,wait,2,2,-42.2728,wait,2,2,-57.0909,False
8762,8,3,1,10,wait,2,2,-44.0346,wait,2,2,-60.5421,False
8763,8,3,1,11,wait,2,2,-47.0417,wait,2,2,-64.7774,False
8764,8,3,1,12,wait,2,2,-50.6956,wait,2,2,-71.0276,False
8765,8,3,1,13,hunt,2,2,-56.0437,hunt,2,2,-80.4549,False
8766,8,3,1,14,wait,2,2,-88.7259,wait,2,2,-88.8792,False
8767,8,3,1,15,wait,0,0,0.0,wait,0,0,0.0,False
8768,8,3,2,0,wait,2,2,-20.2898,wait,2,2,-31.9992,False
8769,8,3,2,1,wait,2,2,-19.9726,wait,2,2,-31.4287,False
8770,8,3,2,2,wait,2,2,-19.4669,wait,2,2,-29.8474,False
8771,8,3,2,3,wait,2,2,-20.5619,wait,2,2,-31.1949,False
8772,8,3,2,4,wait,2,2,-20.159,wait,2,2,-31.2171,False
8773,8,3,2,5,wait,2,2,-20.1928,wait,2,2,-31.296,False
8774,8,3,2,6,wait,2,2,-20.9737,wait,2,2,-31.9913,False
8775,8,3,2,7,wait,2,2,-21.9296,wait,2,2,-34.393,False
8776,8,3,2,8,wait,2,2,-22.656,wait,2,2,-34.8588,False
8777,8,3,2,9,wait,2,2,-24.9475,wait,2,2,-39.1697,False
8778,8,3,2,10,wait,2,2,-28.5212,wait,2,2,-44.328,False
8779,8,3,2,11,wait,2,2,-32.8434,wait,2,2,-51.0668,False
8780,8,3,2,12,wait,2,2,-38.1224,wait,2,2,-61.1164,False
8781,8,3,2,13,wait,2,2,-45.0923,wait,2,2,-73.1525,False
8782,8,3,2,14,hunt,2,2,-87.8699,hunt,2,2,-87.7725,False
8783,8,3,2,15,wait,0,0,0.0,wait,0,0,0.0,False
8784,8,3,3,0,wait,2,2,-6.4375,wait,2,2,-12.6236,False
8785,8,3,3,1,wait,2,2,-6.7843,wait,2,2,-12.3547,False
8786,8,3,3,2,wait,2,2,-6.6712,wait,2,2,-12.1225,False
8787,8,3,3,3,wait,2,2,-7.2109,wait,2,2,-13.5214,False
8788,8,3,3,4,wait,2,2,-7.7906,wait,2,2,-14.1684,False
8789,8,3,3,5,wait,2,2,-8.2167,wait,2,2,-14.7343,False
8790,8,3,3,6,wait,2,2,-9.2589,wait,2,2,-16.6485,False
8791,8,3,3,7,wait,2,2,-11.2326,wait,2,2,-19.6909,False
8792,8,3,3,8,wait,2,2,-13.5901,wait,2,2,-24.2147,False
8793,8,3,3,9,wait,2,2,-17.1437,wait,2,2,-30.9952,False
8794,8,3,3,10,wait,2,2,-21.3655,wait,2,2,-36.3324,False
8795,8,3,3,11,wait,2,2,-26.514,wait,2,2,-45.0567,False
8796,8,3,3,12,wait,2,2,-33.5004,wait,2,2,-57.4029,False
8797,8,3,3,13,wait,2,2,-41.0544,wait,2,2,-70.2026,False
8798,8,3,3,14,wait,2,2,-86.5215,wait,2,2,-86.218,False
8799,8,3,3,15,wait,0,0,0.0,wait,0,0,0.0,False
8800,8,3,4,0,wait,2,2,4.1657,wait,2,2,2.4424,False
8801,8,3,4,1,wait,2,2,4.0046,wait,2,2,1.9192,False
8802,8,3,4,2,wait,2,2,3.7816,wait,2,2,1.6218,False
8803,8,3,4,3,wait,2,2,3.1483,wait,2,2,0.9933,False
8804,8,3,4,4,wait,2,2,2.3942,wait,2,2,-0.4288,False
8805,8,3,4,5,wait,2,2,1.0382,wait,1,1,-2.2583,True
8806,8,3,4,6,wait,2,2,-1.0383,wait,2,2,-6.6423,False
8807,8,3,4,7,wait,2,2,-2.8229,wait,2,2,-9.3814,False
8808,8,3,4,8,wait,2,2,-6.3216,wait,2,2,-15.1538,False
8809,8,3,4,9,wait,2,2,-10.4833,wait,2,2,-21.8826,False
8810,8,3,4,10,wait,2,2,-15.71,wait,2,2,-30.7717,False
8811,8,3,4,11,wait,2,2,-21.6273,wait,2,2,-40.49,False
8812,8,3,4,12,wait,2,2,-29.4083,wait,2,2,-53.1531,False
8813,8,3,4,13,wait,2,2,-37.7213,wait,2,2,-68.155,False
8814,8,3,4,14,wait,2,2,-85.8398,wait,2,2,-86.372,False
8815,8,3,4,15,wait,0,0,0.0,wait,0,0,0.0,False
8816,8,3,5,0,wait,2,2,4.2406,wait,1,1,6.7533,True
8817,8,3,5,1,wait,2,2,4.3404,wait,1,1,6.4011,True
8818,8,3,5,2,wait,2,2,3.9141,wait,1,1,6.5349,True
8819,8,3,5,3,wait,1,1,6.5951,wait,1,1,7.5638,False
8820,8,3,5,4,wait,1,2,3.4529,wait,1,1,5.341,True
8821,8,3,5,5,wait,2,1,3.4714,wait,1,1,4.2836,True
8822,8,3,5,6,wait,1,2,1.179,hunt,1,1,-0.1441,True
8823,8,3,5,7,wait,2,2,-1.9763,wait,1,1,-7.4347,True
8824,8,3,5,8,wait,1,1,-4.8941,wait,1,1,-12.148,False
8825,8,3,5,9,wait,1,1,-9.1567,wait,1,1,-19.1916,False
8826,8,3,5,10,wait,1,1,-14.7589,wait,1,1,-27.7455,False
8827,8,3,5,11,wait,1,1,-20.8542,wait,1,1,-38.3473,False
8828,8,3,5,12,wait,1,1,-28.7952,wait,1,1,-51.4731,False
8829,8,3,5,13,wait,1,2,-38.6828,wait,2,2,-69.099,True
8830,8,3,5,14,wait,2,2,-85.3268,wait,2,2,-86.2298,False
8831,8,3,5,15,wait,0,0,0.0,wait,0,0,0.0,False
8848,8,4,1,0,wait,2,2,-35.959,wait,2,2,-46.764,False
8849,8,4,1,1,wait,2,2,-36.0305,wait,2,2,-46.6872,False
8850,8,4,1,2,wait,2,2,-36.6721,wait,2,2,-47.312,False
8851,8,4,1,3,wait,2,2,-36.1814,wait,2,2,-47.3399,False
8852,8,4,1,4,wait,2,2,-36.4697,wait,2,2,-46.9424,False
8853,8,4,1,5,wait,2,2,-36.8103,wait,2,2,-48.3419,False
8854,8,4,1,6,wait,2,2,-37.4783,wait,2,2,-49.0303,False
8855,8,4,1,7,wait,2,2,-37.3832,wait,2,2,-49.5627,False
8856,8,4,1,8,wait,2,2,-37.4403,wait,2,2,-50.5983,False
8857,8,4,1,9,wait,2,2,-39.0114,wait,2,2,-51.9658,False
8858,8,4,1,10,wait,2,2,-40.8635,wait,2,2,-54.1385,False
8859,8,4,1,11,wait,2,2,-44.5488,wait,2,2,-60.5522,False
8860,8,4,1,12,wait,2,2,-48.9004,wait,2,2,-68.8363,False
8861,8,4,1,13,wait,2,2,-54.0348,wait,2,2,-76.9312,False
8862,8,4,1,14,wait,2,2,-89.6971,wait,2,2,-89.3918,False
8863,8,4,1,15,wait,0,0,0.0,wait,0,0,0.0,False
8864,8,4,2,0,wait,2,2,-14.7682,wait,2,2,-22.3488,False
8865,8,4,2,1,wait,2,2,-15.2486,wait,2,2,-22.4635,False
8866,8,4,2,2,wait,2,2,-15.1046,wait,2,2,-22.7615,False
8867,8,4,2,3,wait,2,2,-15.7398,wait,2,2,-23.4943,False
8868,8,4,2,4,wait,2,2,-16.0384,wait,2,2,-23.0144,False
8869,8,4,2,5,wait,2,2,-16.7798,wait,2,2,-24.8949,False
8870,8,4,2,6,wait,2,2,-17.5509,wait,2,2,-26.5222,False
8871,8,4,2,7,wait,2,2,-17.4993,wait,2,2,-26.662,False
8872,8,4,2,8,wait,2,2,-20.1783,wait,2,2,-30.3765,False
8873,8,4,2,9,wait,2,2,-22.0391,wait,2,2,-33.7299,False
8874,8,4,2,10,wait,2,2,-26.1374,wait,2,2,-41.244,False
8875,8,4,2,11,wait,2,2,-31.2156,wait,2,2,-49.1805,False
8876,8,4,2,12,wait,2,2,-37.7101,wait,2,2,-59.4771,False
8877,8,4,2,13,wait,2,2,-44.9515,wait,2,2,-72.197,False
8878,8,4,2,14,wait,2,2,-87.0989,wait,2,2,-87.6278,False
8879,8,4,2,15,wait,0,0,0.0,wait,0,0,0.0,False
8880,8,4,3,0,wait,2,2,-2.4975,wait,2,2,-5.1098,False
8881,8,4,3,1,wait,2,2,-2.0828,wait,2,2,-5.5251,False
8882,8,4,3,2,wait,2,2,-3.1586,wait,2,2,-6.2264,False
8883,8,4,3,3,wait,2,2,-3.5244,wait,2,2,-7.7903,False
8884,8,4,3,4,wait,2,2,-4.1914,wait,2,2,-7.9744,False
8885,8,4,3,5,wait,2,2,-5.3743,wait,2,2,-9.8634,False
8886,8,4,3,6,wait,2,2,-6.1916,wait,2,2,-11.7538,False
8887,8,4,3,7,wait,2,2,-8.4981,wait,2,2,-14.6572,False
8888,8,4,3,8,wait,2,2,-11.199,wait,2,2,-19.5851,False
8889,8,4,3,9,wait,2,2,-14.641,wait,2,2,-26.2644,False
8890,8,4,3,10,wait,2,2,-19.418,wait,2,2,-33.3676,False
8891,8,4,3,11,wait,2,2,-25.2073,wait,2,2,-43.1779,False
8892,8,4,3,12,wait,2,2,-32.3039,wait,2,2,-55.6134,False
8893,8,4,3,13,wait,2,2,-41.7034,wait,2,2,-70.4445,False
8894,8,4,3,14,hunt,2,2,-86.4776,hunt,2,2,-86.3506,False
8895,8,4,3,15,wait,0,0,0.0,wait,0,0,0.0,False
8896,8,4,4,0,hunt,2,2,5.5749,wait,2,2,6.1866,True
8897,8,4,4,1,hunt,2,2,5.5725,wait,2,2,6.0255,True
8898,8,4,4,2,wait,2,2,7.1178,wait,2,2,7.0287,False
8899,8,4,4,3,hunt,2,2,3.9013,wait,2,2,5.4279,True
8900,8,4,4,4,hunt,2,2,3.6108,wait,2,2,5.2979,True
8901,8,4,4,5,hunt,2,2,1.8673,wait,2,2,3.1289,True
8902,8,4,4,6,wait,2,2,1.4948,wait,1,1,-1.5257,True
8903,8,4,4,7,wait,2,2,-0.9702,wait,2,2,-6.1311,False
8904,8,4,4,8,wait,2,2,-4.87,wait,2,2,-12.7275,False
8905,8,4,4,9,wait,2,2,-9.135,wait,2,2,-20.0339,False
8906,8,4,4,10,wait,2,2,-14.6645,wait,2,2,-28.9945,False
8907,8,4,4,11,wait,2,2,-20.7428,wait,2,2,-38.0731,False
8908,8,4,4,12,hunt,2,2,-28.4662,hunt,2,2,-51.4398,False
8909,8,4,4,13,hunt,2,2,-38.2358,wait,1,0,-63.2266,True
8910,8,4,4,14,wait,2,2,-85.6011,hunt,2,2,-86.0132,True
8911,8,4,4,15,wait,0,0,0.0,wait,0,0,0.0,False
8912,8,4,5,0,wait,1,1,9.6608,wait,1,1,12.438,False
8913,8,4,5,1,wait,1,1,9.5602,wait,1,1,12.5889,False
8914,8,4,5,2,wait,1,1,8.7579,wait,1,1,11.2559,False
8915,8,4,5,3,hunt,1,1,8.0291,hunt,1,1,9.9637,False
8916,8,4,5,4,wait,2,2,5.7497,wait,1,1,7.4661,True
8917,8,4,5,5,wait,1,1,5.8969,wait,1,1,6.58,False
8918,8,4,5,6,wait,2,1,2.7762,wait,1,1,4.1276,True
8919,8,4,5,7,wait,1,1,1.0591,wait,1,1,-2.0318,False
8920,8,4,5,8,wait,1,1,-2.6259,wait,1,1,-8.5291,False
8921,8,4,5,9,wait,1,1,-6.8421,wait,1,1,-14.4857,False
8922,8,4,5,10,wait,1,1,-11.7843,wait,1,1,-22.2575,False
8923,8,4,5,11,wait,1,1,-17.7461,wait,1,0,-32.3672,True
8924,8,4,5,12,wait,1,0,-24.4557,wait,1,0,-40.3235,False
8925,8,4,5,13,wait,1,0,-32.8575,wait,1,0,-52.8801,False
8926,8,4,5,14,hunt,2,1,-85.3318,hunt,2,1,-85.5522,False
8927,8,4,5,15,wait,0,0,0.0,wait,0,0,0.0,False
8944,8,5,1,0,wait,2,2,-33.6694,wait,2,2,-42.7507,False
8945,8,5,1,1,wait,2,2,-34.4518,wait,2,2,-43.8156,False
8946,8,5,1,2,wait,2,2,-33.4712,wait,2,2,-42.7978,False
8947,8,5,1,3,wait,2,2,-33.6264,wait,2,2,-41.8339,False
8948,8,5,1,4,wait,2,2,-33.8983,wait,2,2,-43.5431,False
8949,8,5,1,5,wait,2,2,-33.5325,wait,2,2,-42.8475,False
8950,8,5,1,6,wait,2,2,-35.0047,wait,2,2,-45.1245,False
8951,8,5,1,7,wait,2,2,-34.7293,wait,2,2,-44.4585,False
8952,8,5,1,8,wait,2,2,-36.5904,wait,2,2,-47.4847,False
8953,8,5,1,9,wait,2,2,-37.3425,wait,2,2,-49.2091,False
8954,8,5,1,10,wait,2,2,-40.5457,wait,2,2,-54.613,False
8955,8,5,1,11,wait,2,2,-44.0184,wait,2,2,-59.6008,False
8956,8,5,1,12,wait,2,2,-48.4056,wait,2,2,-68.2008,False
8957,8,5,1,13,hunt,2,2,-54.0779,hunt,2,2,-77.9432,False
8958,8,5,1,14,hunt,2,2,-89.7369,hunt,2,2,-89.7399,False
8959,8,5,1,15,wait,0,0,0.0,wait,0,0,0.0,False
8960,8,5,2,0,wait,2,2,-11.8376,wait,2,2,-16.8374,False
8961,8,5,2,1,wait,2,2,-11.5282,wait,2,2,-17.1732,False
8962,8,5,2,2,wait,2,2,-12.7956,wait,2,2,-18.6243,False
8963,8,5,2,3,wait,2,2,-12.7277,wait,2,2,-18.4537,False
8964,8,5,2,4,wait,2,2,-12.8731,wait,2,2,-19.2745,False
8965,8,5,2,5,wait,2,2,-13.255,wait,2,2,-19.8101,False
8966,8,5,2,6,wait,2,2,-15.0047,wait,2,2,-22.7797,False
8967,8,5,2,7,wait,2,2,-15.0878,wait,2,2,-22.8883,False
8968,8,5,2,8,wait,2,2,-17.596,wait,2,2,-26.7916,False
8969,8,5,2,9,wait,2,2,-20.9271,wait,2,2,-31.5508,False
8970,8,5,2,10,wait,2,2,-25.4521,wait,2,2,-39.8848,False
8971,8,5,2,11,wait,2,2,-30.4539,wait,2,2,-47.7475,False
8972,8,5,2,12,wait,2,2,-37.2347,wait,2,2,-59.1537,False
8973,8,5,2,13,hunt,2,2,-45.0231,hunt,2,2,-72.9468,False
8974,8,5,2,14,wait,2,2,-87.0329,wait,2,2,-86.4513,False
8975,8,5,2,15,wait,0,0,0.0,wait,0,0,0.0,False
8976,8,5,3,0,wait,2,2,1.0322,wait,2,2,0.3789,False
8977,8,5,3,1,wait,2,2,1.0236,wait,2,2,0.5234,False
8978,8,5,3,2,wait,2,2,0.3858,wait,2,2,-1.4233,False
8979,8,5,3,3,wait,2,2,0.1544,wait,2,2,-1.3602,False
8980,8,5,3,4,wait,2,2,0.0352,wait,2,2,-2.1693,False
8981,8,5,3,5,wait,2,2,-2.3332,wait,2,2,-5.1863,False
8982,8,5,3,6,wait,2,2,-4.1868,wait,2,2,-9.0256,False
8983,8,5,3,7,wait,2,2,-5.6536,wait,2,2,-11.2224,False
8984,8,5,3,8,wait,2,2,-9.0923,wait,2,2,-16.7062,False
8985,8,5,3,9,wait,2,2,-13.1877,wait,2,2,-23.5315,False
8986,8,5,3,10,wait,2,2,-18.0942,wait,2,2,-32.1913,False
8987,8,5,3,11,wait,2,2,-24.182,wait,2,2,-41.6816,False
8988,8,5,3,12,wait,2,2,-31.2857,wait,1,1,-52.518,True
8989,8,5,3,13,wait,1,1,-39.6521,wait,1,1,-63.1498,False
8990,8,5,3,14,wait,2,2,-86.2696,wait,2,2,-86.7614,False
8991,8,5,3,15,wait,0,0,0.0,wait,0,0,0.0,False
8992,8,5,4,0,hunt,2,2,8.8024,hunt,2,2,9.9994,False
8993,8,5,4,1,hunt,2,2,8.5795,hunt,2,2,9.9267,False
8994,8,5,4,2,wait,2,2,8.967,wait,2,2,10.3283,False
8995,8,5,4,3,wait,2,2,8.4463,wait,2,2,9.4651,False
8996,8,5,4,4,wait,2,2,7.3952,wait,2,2,7.4023,False
8997,8,5,4,5,hunt,2,2,4.8608,wait,2,2,5.814,True
8998,8,5,4,6,hunt,2,2,2.8766,wait,2,2,4.5717,True
8999,8,5,4,7,wait,2,2,0.7679,hunt,1,1,-3.0976,True
9000,8,5,4,8,wait,2,2,-2.4473,wait,2,2,-8.4129,False
9001,8,5,4,9,wait,2,2,-7.0062,wait,2,2,-16.352,False
9002,8,5,4,10,wait,2,2,-11.7267,wait,1,1,-23.7498,True
9003,8,5,4,11,wait,2,2,-17.7726,wait,1,1,-31.6631,True
9004,8,5,4,12,wait,2,2,-24.4788,wait,1,1,-41.2701,True
9005,8,5,4,13,wait,1,1,-32.0354,wait,1,1,-53.5552,False
9006,8,5,4,14,hunt,2,2,-85.2128,hunt,2,2,-84.595,False
9007,8,5,4,15,wait,0,0,0.0,wait,0,0,0.0,False
9008,8,5,5,0,wait,2,2,9.8626,wait,2,2,11.7503,False
9009,8,5,5,1,wait,2,1,10.0958,wait,2,1,12.7409,False
9010,8,5,5,2,hunt,1,2,9.1713,hunt,1,2,11.3999,False
9011,8,5,5,3,hunt,1,2,8.8698,hunt,1,2,10.3045,False
9012,8,5,5,4,hunt,2,1,8.8808,hunt,2,1,10.6429,False
9013,8,5,5,5,hunt,1,2,5.9384,wait,1,1,9.6007,True
9014,8,5,5,6,hunt,2,2,3.1606,wait,1,1,8.7282,True
9015,8,5,5,7,wait,1,1,5.2029,wait,1,1,5.2282,False
9016,8,5,5,8,wait,1,1,2.6356,hunt,1,1,1.2678,True
9017,8,5,5,9,wait,1,1,-0.1616,wait,1,1,-3.7908,False
9018,8,5,5,10,wait,1,1,-3.6867,wait,1,1,-9.9712,False
9019,8,5,5,11,wait,1,1,-8.1365,wait,1,1,-17.5561,False
9020,8,5,5,12,wait,1,1,-14.057,wait,1,1,-27.709,False
9021,8,5,5,13,wait,1,0,-22.636,wait,1,0,-39.0797,False
9022,8,5,5,14,wait,2,2,-84.8416,wait,2,2,-84.604,False
9023,8,5,5,15,wait,0,0,0.0,wait,0,0,0.0,False
9040,8,6,1,0,wait,2,2,-32.1479,wait,2,2,-40.3194,False
9041,8,6,1,1,wait,2,2,-32.3617,wait,2,2,-40.0955,False
9042,8,6,1,2,wait,2,2,-32.7732,wait,2,2,-41.2126,False
9043,8,6,1,3,wait,2,2,-32.5657,wait,2,2,-41.4761,False
9044,8,6,1,4,wait,2,2,-33.25,wait,2,2,-42.304,False
9045,8,6,1,5,wait,2,2,-33.5207,wait,2,2,-42.5487,False
9046,8,6,1,6,wait,2,2,-32.8566,wait,2,2,-42.5365,False
9047,8,6,1,7,wait,2,2,-34.0424,wait,2,2,-43.3613,False
9048,8,6,1,8,wait,2,2,-34.1091,wait,2,2,-44.17,False
9049,8,6,1,9,wait,2,2,-37.3187,wait,2,2,-49.1651,False
9050,8,6,1,10,wait,2,2,-39.9203,wait,2,2,-53.1375,False
9051,8,6,1,11,hunt,2,2,-44.0666,hunt,2,2,-60.0374,False
9052,8,6,1,12,hunt,2,2,-49.4309,hunt,2,2,-68.6408,False
9053,8,6,1,13,wait,2,2,-54.48,wait,2,2,-77.9353,False
9054,8,6,1,14,wait,2,2,-90.0827,wait,2,2,-89.9739,False
9055,8,6,1,15,wait,0,0,0.0,wait,0,0,0.0,False
9056,8,6,2,0,wait,2,2,-9.5616,wait,2,2,-13.2836,False
9057,8,6,2,1,wait,2,2,-9.9512,wait,2,2,-13.9417,False
9058,8,6,2,2,wait,2,2,-10.3716,wait,2,2,-14.3384,False
9059,8,6,2,3,wait,2,2,-10.3098,wait,2,2,-14.6992,False
9060,8,6,2,4,wait,2,2,-11.4769,wait,2,2,-16.7797,False
9061,8,6,2,5,wait,2,2,-11.9574,wait,2,2,-18.655,False
9062,8,6,2,6,wait,2,2,-13.3368,wait,2,2,-19.8939,False
9063,8,6,2,7,wait,2,2,-14.9429,wait,2,2,-22.0224,False
9064,8,6,2,8,wait,2,2,-17.2528,wait,2,2,-25.8296,False
9065,8,6,2,9,wait,2,2,-20.3662,wait,2,2,-30.8011,False
9066,8,6,2,10,hunt,2,2,-24.9408,hunt,2,2,-39.4025,False
9067,8,6,2,11,hunt,2,2,-29.8229,hunt,2,2,-46.8858,False
9068,8,6,2,12,hunt,2,2,-36.412,wait,2,2,-57.1217,True
9069,8,6,2,13,wait,2,2,-45.7127,wait,2,2,-72.9319,False
9070,8,6,2,14,hunt,2,2,-87.7275,hunt,2,2,-87.9289,False
9071,8,6,2,15,wait,0,0,0.0,wait,0,0,0.0,False
9072,8,6,3,0,wait,2,2,3.7374,wait,2,2,5.0972,False
9073,8,6,3,1,hunt,2,2,1.5553,wait,2,2,3.4849,True
9074,8,6,3,2,wait,2,2,3.184,wait,2,2,3.7795,False
9075,8,6,3,3,wait,2,2,2.059,wait,2,2,2.3202,False
9076,8,6,3,4,wait,2,2,1.1672,wait,2,2,0.618,False
9077,8,6,3,5,wait,2,2,-0.3889,wait,2,2,-1.2109,False
9078,8,6,3,6,wait,2,2,-2.7299,wait,2,2,-5.3052,False
9079,8,6,3,7,wait,2,2,-4.7869,wait,2,2,-9.3132,False
9080,8,6,3,8,wait,2,2,-8.4926,wait,2,2,-15.2094,False
9081,8,6,3,9,wait,2,2,-12.2102,wait,2,2,-21.4341,False
9082,8,6,3,10,wait,2,2,-17.1663,wait,2,2,-29.571,False
9083,8,6,3,11,wait,2,2,-22.3067,wait,2,2,-37.1578,False
9084,8,6,3,12,wait,2,2,-29.1454,wait,1,1,-47.0156,True
9085,8,6,3,13,wait,1,1,-33.3516,wait,1,1,-52.2598,False
9086,8,6,3,14,hunt,2,2,-85.8775,hunt,2,2,-85.5637,False
9087,8,6,3,15,wait,0,0,0.0,wait,0,0,0.0,False
9088,8,6,4,0,wait,2,2,10.7205,wait,2,2,13.3853,False
9089,8,6,4,1,hunt,2,2,10.0326,hunt,2,2,12.421,False
9090,8,6,4,2,hunt,1,1,4.0643,hunt,2,2,9.5911,True
9091,8,6,4,3,hunt,2,2,9.7372,hunt,2,2,11.1346,False
9092,8,6,4,4,wait,2,2,9.596,wait,2,2,11.4406,False
9093,8,6,4,5,hunt,2,2,7.5757,wait,2,2,7.8239,True
9094,8,6,4,6,wait,2,2,5.646,hunt,2,2,5.2588,True
9095,8,6,4,7,hunt,2,2,2.9965,wait,2,2,4.1651,True
9096,8,6,4,8,wait,2,2,0.198,wait,2,2,-4.3227,False
9097,8,6,4,9,wait,2,2,-4.039,wait,2,2,-11.2636,False
9098,8,6,4,10,wait,2,2,-8.8736,wait,1,1,-16.6612,True
9099,8,6,4,11,wait,1,1,-13.0342,wait,1,1,-22.1497,False
9100,8,6,4,12,wait,1,1,-16.4263,wait,1,1,-27.7549,False
9101,8,6,4,13,wait,1,1,-21.6621,wait,1,1,-37.0285,False
9102,8,6,4,14,wait,2,2,-85.3723,wait,2,2,-85.4346,False
9103,8,6,4,15,wait,0,0,0.0,wait,0,0,0.0,False
9104,8,6,5,0,hunt,1,1,12.1452,hunt,1,1,16.5786,False
9105,8,6,5,1,hunt,0,2,4.0131,wait,1,1,12.3636,True
9106,8,6,5,2,wait,0,2,4.8565,wait,1,1,14.2628,True
9107,8,6,5,3,hunt,2,2,9.6632,hunt,1,1,11.8975,True
9108,8,6,5,4,wait,1,2,10.9673,wait,1,2,14.3121,False
9109,8,6,5,5,wait,1,2,9.7898,wait,1,1,12.8683,True
9110,8,6,5,6,wait,1,1,10.5402,wait,1,1,13.9434,False
9111,8,6,5,7,hunt,2,2,2.9955,wait,1,1,9.2503,True
9112,8,6,5,8,wait,1,2,3.1905,wait,1,1,8.061,True
9113,8,6,5,9,hunt,1,1,2.3377,wait,1,1,6.127,True
9114,8,6,5,10,wait,1,1,2.9951,wait,1,1,2.123,False
9115,8,6,5,11,wait,1,1,-0.3634,wait,1,1,-3.9009,False
9116,8,6,5,12,wait,1,1,-3.9943,wait,1,1,-9.1372,False
9117,8,6,5,13,wait,1,1,-12.4775,wait,1,1,-23.7017,False
9118,8,6,5,14,wait,2,1,-85.3905,hunt,2,2,-85.8063,True
9119,8,6,5,15,wait,0,0,0.0,wait,0,0,0.0,False
9136,8,7,1,0,wait,2,2,-30.5417,wait,2,2,-38.6587,False
9137,8,7,1,1,wait,2,2,-30.4475,wait,2,2,-37.4289,False
9138,8,7,1,2,wait,2,2,-31.4155,wait,2,2,-39.4298,False
9139,8,7,1,3,wait,2,2,-31.9501,wait,2,2,-39.4975,False
9140,8,7,1,4,wait,2,2,-31.8104,wait,2,2,-40.0499,False
9141,8,7,1,5,wait,2,2,-31.0256,wait,2,2,-38.4599,False
9142,8,7,1,6,wait,2,2,-32.9216,wait,2,2,-41.0282,False
9143,8,7,1,7,wait,2,2,-33.3319,wait,2,2,-42.1204,False
9144,8,7,1,8,wait,2,2,-34.9012,wait,2,2,-45.2274,False
9145,8,7,1,9,wait,2,2,-36.2613,wait,2,2,-47.7521,False
9146,8,7,1,10,wait,2,2,-40.3613,wait,2,2,-54.2875,False
9147,8,7,1,11,hunt,2,2,-43.1304,hunt,2,2,-58.9818,False
9148,8,7,1,12,hunt,2,2,-48.4736,hunt,2,2,-67.9203,False
9149,8,7,1,13,hunt,2,2,-54.5676,hunt,2,2,-77.3092,False
9150,8,7,1,14,hunt,2,2,-89.3729,hunt,2,2,-89.728,False
9151,8,7,1,15,wait,0,0,0.0,wait,0,0,0.0,False
9152,8,7,2,0,wait,2,2,-7.5683,wait,2,2,-10.4963,False
9153,8,7,2,1,wait,2,2,-7.7379,wait,2,2,-10.6565,False
9154,8,7,2,2,wait,2,2,-8.7186,wait,2,2,-12.0105,False
9155,8,7,2,3,wait,2,2,-8.5424,wait,2,2,-11.9186,False
9156,8,7,2,4,wait,2,2,-9.3351,wait,2,2,-12.5969,False
9157,8,7,2,5,wait,2,2,-10.7477,wait,2,2,-15.358,False
9158,8,7,2,6,wait,2,2,-11.9334,wait,2,2,-16.9007,False
9159,8,7,2,7,wait,2,2,-13.7476,wait,2,2,-20.1029,False
9160,8,7,2,8,wait,2,2,-16.5128,wait,2,2,-24.6405,False
9161,8,7,2,9,hunt,2,2,-19.7462,hunt,2,2,-30.2186,False
9162,8,7,2,10,wait,2,2,-23.8829,wait,2,2,-36.9624,False
9163,8,7,2,11,hunt,2,2,-29.1157,hunt,2,2,-45.689,False
9164,8,7,2,12,hunt,2,2,-33.7449,hunt,2,2,-53.4422,False
9165,8,7,2,13,hunt,2,2,-42.0173,hunt,2,2,-67.4163,False
9166,8,7,2,14,hunt,2,2,-87.8296,hunt,2,2,-87.8593,False
9167,8,7,2,15,wait,0,0,0.0,wait,0,0,0.0,False
9168,8,7,3,0,wait,2,2,4.9846,wait,2,2,7.3113,False
9169,8,7,3,1,hunt,2,2,3.4259,wait,2,2,4.8645,True
9170,8,7,3,2,wait,2,2,4.553,wait,2,2,6.0579,False
9171,8,7,3,3,hunt,2,2,2.8919,wait,2,2,4.5588,True
9172,8,7,3,4,hunt,2,2,2.0501,wait,2,2,4.7293,True
9173,8,7,3,5,wait,2,2,1.2296,wait,2,2,0.5426,False
9174,8,7,3,6,hunt,2,2,-1.4267,hunt,2,2,-3.2433,False
9175,8,7,3,7,wait,2,2,-3.8417,wait,2,2,-7.2089,False
9176,8,7,3,8,hunt,2,2,-7.1822,hunt,2,2,-13.2061,False
9177,8,7,3,9,hunt,2,2,-10.3375,hunt,2,2,-18.9586,False
9178,8,7,3,10,hunt,2,2,-14.2284,hunt,2,2,-24.5799,False
9179,8,7,3,11,hunt,2,2,-19.3816,expedition,0,0,-29.0114,True
9180,8,7,3,12,hunt,2,2,-24.373,expedition,0,0,-29.6176,True
9181,8,7,3,13,expedition,0,0,-30.1385,expedition,0,0,-30.321,False
9182,8,7,3,14,expedition,0,0,-29.7561,expedition,0,0,-28.5093,False
9183,8,7,3,15,wait,0,0,0.0,wait,0,0,0.0,False
9184,8,7,4,0,wait,1,2,6.7192,hunt,2,2,11.2051,True
9185,8,7,4,1,wait,2,2,12.3728,wait,2,2,16.192,False
9186,8,7,4,2,wait,2,2,10.6472,wait,2,2,13.0445,False
9187,8,7,4,3,hunt,2,2,10.7172,hunt,2,2,13.3363,False
9188,8,7,4,4,hunt,2,2,10.9019,hunt,2,2,13.7712,False
9189,8,7,4,5,hunt,2,2,10.0894,hunt,2,2,12.1998,False
9190,8,7,4,6,wait,2,2,7.3859,wait,2,2,7.6886,False
9191,8,7,4,7,wait,2,2,5.0152,hunt,2,2,5.4994,True
9192,8,7,4,8,hunt,2,2,2.871,wait,2,2,2.3594,True
9193,8,7,4,9,hunt,2,2,-0.343,expedition,0,0,-4.5532,True
9194,8,7,4,10,expedition,0,0,-0.6955,expedition,0,0,-0.1335,False
9195,8,7,4,11,expedition,0,0,-0.8809,expedition,0,0,-0.3164,False
9196,8,7,4,12,expedition,0,0,-1.4073,expedition,0,0,-2.3022,False
9197,8,7,4,13,expedition,0,0,-0.4377,expedition,0,0,-2.351,False
9198,8,7,4,14,expedition,0,0,-0.3876,expedition,0,0,0.478,False
9199,8,7,4,15,wait,0,0,0.0,wait,0,0,0.0,False
9200,8,7,5,0,expedition,0,0,21.2466,expedition,0,0,21.7223,False
9201,8,7,5,1,expedition,0,0,22.5666,expedition,0,0,22.384,False
9202,8,7,5,2,hunt,2,1,13.0259,expedition,0,0,18.871,True
9203,8,7,5,3,expedition,0,0,21.9263,expedition,0,0,21.9331,False
9204,8,7,5,4,wait,2,1,11.5664,expedition,0,0,17.2011,True
9205,8,7,5,5,expedition,0,0,22.7202,expedition,0,0,23.1366,False
9206,8,7,5,6,expedition,0,0,21.8234,expedition,0,0,20.9633,False
9207,8,7,5,7,wait,1,2,10.004,expedition,0,0,15.9868,True
9208,8,7,5,8,expedition,0,0,21.6672,expedition,0,0,21.8719,False
9209,8,7,5,9,expedition,0,0,22.9648,expedition,0,0,23.5474,False
9210,8,7,5,10,expedition,0,0,22.0735,expedition,0,0,22.8245,False
9211,8,7,5,11,expedition,0,0,22.931,expedition,0,0,23.1109,False
9212,8,7,5,12,expedition,0,0,22.2926,expedition,0,0,21.7658,False
9213,8,7,5,13,expedition,0,0,22.1962,expedition,0,0,22.9312,False
9214,8,7,5,14,expedition,0,0,20.9837,expedition,0,0,21.0134,False
9215,8,7,5,15,wait,0,0,0.0,wait,0,0,0.0,False
9232,8,8,1,0,wait,2,2,-29.9659,wait,2,2,-37.0937,False
9233,8,8,1,1,wait,2,2,-30.3943,wait,2,2,-36.6766,False
9234,8,8,1,2,wait,2,2,-30.4914,wait,2,2,-38.1853,False
9235,8,8,1,3,wait,2,2,-30.0218,wait,2,2,-36.8856,False
9236,8,8,1,4,hunt,2,2,-31.5515,hunt,2,2,-39.0526,False
9237,8,8,1,5,wait,2,2,-31.0778,wait,2,2,-38.2924,False
9238,8,8,1,6,wait,2,2,-32.5521,wait,2,2,-40.7603,False
9239,8,8,1,7,wait,2,2,-32.6928,wait,2,2,-41.2131,False
9240,8,8,1,8,wait,2,2,-33.1338,wait,2,2,-42.2963,False
9241,8,8,1,9,wait,2,2,-36.9412,wait,2,2,-48.0354,False
9242,8,8,1,10,hunt,2,2,-39.7286,wait,2,2,-53.9001,True
9243,8,8,1,11,hunt,2,2,-43.426,hunt,2,2,-58.7038,False
9244,8,8,1,12,wait,2,2,-48.4189,wait,2,2,-67.4169,False
9245,8,8,1,13,wait,2,2,-53.9089,wait,2,2,-76.9231,False
9246,8,8,1,14,wait,2,2,-89.3405,wait,2,2,-89.1376,False
9247,8,8,1,15,wait,0,0,0.0,wait,0,0,0.0,False
9248,8,8,2,0,wait,2,2,-6.6315,wait,2,2,-7.9404,False
9249,8,8,2,1,wait,2,2,-6.5026,wait,2,2,-8.1566,False
9250,8,8,2,2,wait,2,2,-7.1738,wait,2,2,-9.4822,False
9251,8,8,2,3,wait,2,2,-7.6442,wait,2,2,-10.117,False
9252,8,8,2,4,wait,2,2,-9.1546,wait,2,2,-12.6254,False
9253,8,8,2,5,wait,2,2,-9.8179,wait,2,2,-13.6348,False
9254,8,8,2,6,hunt,2,2,-11.9473,hunt,2,2,-17.5834,False
9255,8,8,2,7,wait,2,2,-13.3037,wait,2,2,-18.7539,False
9256,8,8,2,8,wait,2,2,-15.1774,wait,2,2,-23.9933,False
9257,8,8,2,9,wait,2,2,-19.2855,wait,2,2,-28.8664,False
9258,8,8,2,10,hunt,2,2,-23.377,hunt,2,2,-36.3221,False
9259,8,8,2,11,hunt,2,2,-27.5737,hunt,2,2,-43.5558,False
9260,8,8,2,12,hunt,2,2,-32.6697,hunt,2,2,-51.5791,False
9261,8,8,2,13,hunt,2,2,-39.0858,hunt,2,2,-62.3104,False
9262,8,8,2,14,wait,2,2,-87.9691,wait,2,2,-87.8225,False
9263,8,8,2,15,wait,0,0,0.0,wait,0,0,0.0,False
9264,8,8,3,0,wait,2,2,6.3116,wait,2,2,9.1184,False
9265,8,8,3,1,wait,2,2,6.1584,wait,2,2,9.3626,False
9266,8,8,3,2,hunt,2,2,4.8191,hunt,2,2,7.1622,False
9267,8,8,3,3,wait,2,2,4.5402,wait,2,2,5.9778,False
9268,8,8,3,4,wait,2,2,3.9034,wait,2,2,5.2101,False
9269,8,8,3,5,wait,2,2,1.8314,hunt,2,2,3.6814,True
9270,8,8,3,6,wait,2,2,-0.5572,wait,2,2,-2.3478,False
9271,8,8,3,7,hunt,2,2,-2.6856,hunt,2,2,-5.8764,False
9272,8,8,3,8,hunt,2,2,-6.2376,hunt,2,2,-11.669,False
9273,8,8,3,9,hunt,2,2,-8.0344,hunt,2,2,-14.6762,False
9274,8,8,3,10,hunt,2,2,-11.3065,hunt,2,2,-20.1131,False
9275,8,8,3,11,hunt,2,2,-15.4241,expedition,0,0,-24.453,True
9276,8,8,3,12,hunt,2,2,-20.2261,expedition,0,0,-27.0119,True
9277,8,8,3,13,wait,1,1,-20.3463,expedition,0,0,-27.8078,True
9278,8,8,3,14,expedition,0,0,-28.149,expedition,0,0,-27.9103,False
9279,8,8,3,15,wait,0,0,0.0,wait,0,0,0.0,False
9280,8,8,4,0,hunt,2,2,13.8216,hunt,2,2,18.462,False
9281,8,8,4,1,hunt,2,2,12.8412,hunt,2,2,16.8881,False
9282,8,8,4,2,wait,2,2,11.5443,wait,2,2,14.6663,False
9283,8,8,4,3,hunt,2,2,12.1057,hunt,2,2,16.1161,False
9284,8,8,4,4,hunt,2,2,13.1875,hunt,2,2,17.5836,False
9285,8,8,4,5,hunt,2,2,12.2967,hunt,2,2,15.4303,False
9286,8,8,4,6,wait,2,2,9.3234,wait,2,2,10.7539,False
9287,8,8,4,7,wait,2,2,7.1262,hunt,2,2,7.984,True
9288,8,8,4,8,wait,2,2,4.9736,hunt,2,2,6.6108,True
9289,8,8,4,9,hunt,2,2,3.8777,hunt,2,2,2.1578,False
9290,8,8,4,10,expedition,0,0,2.0293,wait,1,1,1.5503,True
9291,8,8,4,11,expedition,0,0,3.9158,expedition,0,0,4.1697,False
9292,8,8,4,12,expedition,0,0,2.9048,expedition,0,0,3.4072,False
9293,8,8,4,13,expedition,0,0,2.288,expedition,0,0,2.9386,False
9294,8,8,4,14,expedition,0,0,1.1336,expedition,0,0,0.8212,False
9295,8,8,4,15,wait,0,0,0.0,wait,0,0,0.0,False
9296,8,8,5,0,wait,1,2,15.0709,wait,1,2,21.2042,False
9297,8,8,5,1,wait,2,2,13.5049,expedition,0,0,20.3504,True
9298,8,8,5,2,wait,2,2,11.4381,expedition,0,0,18.4126,True
9299,8,8,5,3,expedition,0,0,24.1238,expedition,0,0,24.2001,False
9300,8,8,5,4,expedition,0,0,24.7925,expedition,0,0,23.7181,False
9301,8,8,5,5,wait,1,2,13.259,wait,1,2,18.3344,False
9302,8,8,5,6,hunt,2,1,12.009,expedition,0,0,17.2349,True
9303,8,8,5,7,expedition,0,0,24.0233,expedition,0,0,23.174,False
9304,8,8,5,8,wait,1,2,9.7974,expedition,0,0,17.2738,True
9305,8,8,5,9,expedition,0,0,25.1146,expedition,0,0,25.3691,False
9306,8,8,5,10,expedition,0,0,24.6826,expedition,0,0,23.8748,False
9307,8,8,5,11,expedition,0,0,24.2469,expedition,0,0,24.1147,False
9308,8,8,5,12,expedition,0,0,24.8066,expedition,0,0,26.3665,False
9309,8,8,5,13,expedition,0,0,24.4374,expedition,0,0,25.1061,False
9310,8,8,5,14,expedition,0,0,24.9292,expedition,0,0,25.952,False
9311,8,8,5,15,wait,0,0,0.0,wait,0,0,0.0,False
9328,8,9,1,0,hunt,2,2,-30.623,hunt,2,2,-37.7566,False
9329,8,9,1,1,wait,2,2,-30.0818,wait,2,2,-36.191,False
9330,8,9,1,2,wait,2,2,-29.6951,wait,2,2,-35.492,False
9331,8,9,1,3,wait,2,2,-29.4955,wait,2,2,-36.0663,False
9332,8,9,1,4,hunt,2,2,-31.6159,wait,2,2,-39.3732,True
9333,8,9,1,5,wait,2,2,-31.2268,wait,2,2,-38.5451,False
9334,8,9,1,6,wait,2,2,-32.0677,wait,2,2,-39.6277,False
9335,8,9,1,7,wait,2,2,-32.6307,wait,2,2,-41.8239,False
9336,8,9,1,8,wait,2,2,-34.1348,wait,2,2,-43.121,False
9337,8,9,1,9,hunt,2,2,-36.2611,hunt,2,2,-47.4879,False
9338,8,9,1,10,wait,2,2,-39.5006,wait,2,2,-52.9439,False
9339,8,9,1,11,hunt,2,2,-42.668,hunt,2,2,-57.3295,False
9340,8,9,1,12,hunt,2,2,-48.2655,hunt,2,2,-67.2805,False
9341,8,9,1,13,hunt,2,2,-54.0627,hunt,2,2,-76.5525,False
9342,8,9,1,14,wait,2,2,-90.1013,wait,2,2,-89.166,False
9343,8,9,1,15,wait,0,0,0.0,wait,0,0,0.0,False
9344,8,9,2,0,wait,2,2,-6.2362,wait,2,2,-7.6604,False
9345,8,9,2,1,wait,2,2,-6.0787,wait,2,2,-6.9663,False
9346,8,9,2,2,wait,2,2,-6.4604,wait,2,2,-8.1988,False
9347,8,9,2,3,wait,2,2,-7.2105,wait,2,2,-9.6611,False
9348,8,9,2,4,wait,2,2,-7.8781,wait,2,2,-10.595,False
9349,8,9,2,5,wait,2,2,-9.7548,wait,2,2,-14.4419,False
9350,8,9,2,6,wait,2,2,-11.0923,wait,2,2,-15.7788,False
9351,8,9,2,7,wait,2,2,-12.8505,wait,2,2,-19.6397,False
9352,8,9,2,8,hunt,2,2,-15.3802,hunt,2,2,-23.7449,False
9353,8,9,2,9,hunt,2,2,-18.8578,hunt,2,2,-29.345,False
9354,8,9,2,10,hunt,2,2,-22.7196,hunt,2,2,-34.3447,False
9355,8,9,2,11,hunt,2,2,-26.735,hunt,2,2,-41.5558,False
9356,8,9,2,12,hunt,2,2,-31.1594,hunt,2,2,-49.5953,False
9357,8,9,2,13,hunt,2,2,-38.8879,hunt,2,2,-62.8332,False
9358,8,9,2,14,wait,2,2,-87.8244,wait,2,2,-87.3252,False
9359,8,9,2,15,wait,0,0,0.0,wait,0,0,0.0,False
9360,8,9,3,0,wait,2,2,6.6703,wait,2,2,9.6899,False
9361,8,9,3,1,hunt,2,2,5.4706,hunt,2,2,7.3853,False
9362,8,9,3,2,wait,2,2,6.5553,wait,2,2,8.9077,False
9363,8,9,3,3,hunt,2,2,5.2934,hunt,2,2,7.7468,False
9364,8,9,3,4,hunt,2,2,3.6052,wait,2,2,5.579,True
9365,8,9,3,5,wait,2,2,3.0759,wait,2,2,4.0825,False
9366,8,9,3,6,wait,2,2,0.4714,hunt,2,2,-0.6329,True
9367,8,9,3,7,wait,2,2,-2.0485,wait,2,2,-4.5014,False
9368,8,9,3,8,hunt,2,2,-4.8545,hunt,2,2,-9.7558,False
9369,8,9,3,9,hunt,2,2,-7.0877,hunt,2,2,-13.4012,False
9370,8,9,3,10,hunt,2,2,-9.9914,hunt,2,2,-18.0598,False
9371,8,9,3,11,hunt,2,2,-13.5173,hunt,2,2,-24.2439,False
9372,8,9,3,12,hunt,2,2,-18.268,expedition,0,0,-26.2863,True
9373,8,9,3,13,wait,1,2,-19.852,expedition,0,0,-26.6085,True
9374,8,9,3,14,expedition,0,0,-28.6604,expedition,0,0,-27.2566,False
9375,8,9,3,15,wait,0,0,0.0,wait,0,0,0.0,False
9376,8,9,4,0,hunt,2,2,13.9228,hunt,2,2,18.7971,False
9377,8,9,4,1,wait,2,1,6.5113,wait,2,2,12.9768,True
9378,8,9,4,2,wait,2,2,11.6514,wait,2,2,15.1777,False
9379,8,9,4,3,hunt,2,2,13.0145,hunt,2,2,16.9829,False
9380,8,9,4,4,wait,2,2,12.1986,wait,2,2,16.0737,False
9381,8,9,4,5,wait,2,2,11.9028,wait,2,2,15.0886,False
9382,8,9,4,6,wait,2,2,10.2452,wait,2,2,12.3572,False
9383,8,9,4,7,wait,2,2,8.6502,hunt,2,2,9.5424,True
9384,8,9,4,8,wait,2,2,6.9555,wait,2,2,7.1427,False
9385,8,9,4,9,hunt,2,2,5.7754,hunt,2,2,5.6728,False
9386,8,9,4,10,hunt,2,2,3.1895,wait,1,2,2.3957,True
9387,8,9,4,11,expedition,0,0,1.0311,wait,1,1,0.696,True
9388,8,9,4,12,expedition,0,0,0.4841,wait,1,1,0.2543,True
9389,8,9,4,13,expedition,0,0,2.4786,expedition,0,0,3.2207,False
9390,8,9,4,14,expedition,0,0,1.8196,expedition,0,0,2.9641,False
9391,8,9,4,15,wait,0,0,0.0,wait,0,0,0.0,False
9392,8,9,5,0,hunt,1,2,14.4275,hunt,1,2,20.014,False
9393,8,9,5,1,wait,2,2,14.2825,expedition,0,0,19.9942,True
9394,8,9,5,2,wait,2,2,11.5475,expedition,0,0,20.0918,True
9395,8,9,5,3,wait,1,1,14.2555,wait,1,1,20.9842,False
9396,8,9,5,4,wait,1,1,14.8628,wait,1,1,21.4995,False
9397,8,9,5,5,hunt,2,2,14.1223,expedition,0,0,19.361,True
9398,8,9,5,6,expedition,0,0,25.0056,expedition,0,0,25.7585,False
9399,8,9,5,7,expedition,0,0,23.9486,expedition,0,0,23.902,False
9400,8,9,5,8,hunt,2,1,12.8724,expedition,0,0,17.8973,True
9401,8,9,5,9,hunt,2,2,7.779,expedition,0,0,17.4216,True
9402,8,9,5,10,expedition,0,0,24.837,expedition,0,0,25.7545,False
9403,8,9,5,11,expedition,0,0,24.765,expedition,0,0,26.6126,False
9404,8,9,5,12,expedition,0,0,24.0457,expedition,0,0,23.2297,False
9405,8,9,5,13,expedition,0,0,23.8584,expedition,0,0,24.5449,False
9406,8,9,5,14,expedition,0,0,24.9791,expedition,0,0,24.2393,False
9407,8,9,5,15,wait,0,0,0.0,wait,0,0,0.0,False
9424,8,10,1,0,wait,2,2,-29.49,wait,2,2,-35.3338,False
9425,8,10,1,1,wait,2,2,-29.4685,wait,2,2,-35.4028,False
9426,8,10,1,2,wait,2,2,-28.9525,wait,2,2,-35.3385,False
9427,8,10,1,3,wait,2,2,-29.9878,wait,2,2,-35.2718,False
9428,8,10,1,4,hunt,2,2,-30.7278,hunt,2,2,-38.4303,False
9429,8,10,1,5,wait,2,2,-30.643,wait,2,2,-37.9956,False
9430,8,10,1,6,wait,2,2,-31.114,wait,2,2,-39.4627,False
9431,8,10,1,7,hunt,2,2,-33.0729,hunt,2,2,-41.5486,False
9432,8,10,1,8,wait,2,2,-33.9337,wait,2,2,-43.6056,False
9433,8,10,1,9,hunt,2,2,-36.6071,hunt,2,2,-47.3267,False
9434,8,10,1,10,wait,2,2,-38.5737,wait,2,2,-52.0536,False
9435,8,10,1,11,hunt,2,2,-43.1316,hunt,2,2,-58.7975,False
9436,8,10,1,12,hunt,2,2,-47.935,hunt,2,2,-65.9696,False
9437,8,10,1,13,hunt,2,2,-53.9657,hunt,2,2,-77.967,False
9438,8,10,1,14,hunt,2,2,-90.1031,hunt,2,2,-89.9857,False
9439,8,10,1,15,wait,0,0,0.0,wait,0,0,0.0,False
9440,8,10,2,0,wait,2,2,-4.6641,wait,2,2,-5.6193,False
9441,8,10,2,1,wait,2,2,-5.2163,wait,2,2,-5.7572,False
9442,8,10,2,2,wait,2,2,-6.5283,wait,2,2,-8.8716,False
9443,8,10,2,3,hunt,2,2,-7.0959,hunt,2,2,-9.1568,False
9444,8,10,2,4,hunt,2,2,-8.8192,hunt,2,2,-11.8199,False
9445,8,10,2,5,wait,2,2,-8.9862,wait,2,2,-12.0434,False
9446,8,10,2,6,wait,2,2,-10.5105,wait,2,2,-14.7499,False
9447,8,10,2,7,wait,2,2,-12.8758,wait,2,2,-19.0435,False
9448,8,10,2,8,wait,2,2,-15.1737,wait,2,2,-22.524,False
9449,8,10,2,9,wait,2,2,-18.2088,wait,2,2,-27.9971,False
9450,8,10,2,10,hunt,2,2,-21.233,hunt,2,2,-32.6567,False
9451,8,10,2,11,hunt,2,2,-25.4351,hunt,2,2,-39.6186,False
9452,8,10,2,12,hunt,2,2,-28.3205,hunt,2,2,-45.1638,False
9453,8,10,2,13,hunt,2,2,-32.8827,hunt,2,2,-52.1483,False
9454,8,10,2,14,hunt,2,2,-87.304,hunt,2,2,-86.8048,False
9455,8,10,2,15,wait,0,0,0.0,wait,0,0,0.0,False
9456,8,10,3,0,hunt,2,2,6.9551,hunt,2,2,10.4881,False
9457,8,10,3,1,wait,2,2,6.8377,wait,2,2,10.1098,False
9458,8,10,3,2,wait,2,2,5.9639,wait,2,2,8.6724,False
9459,8,10,3,3,hunt,2,2,5.7906,hunt,2,2,8.336,False
9460,8,10,3,4,wait,2,2,4.7793,wait,2,2,6.8514,False
9461,8,10,3,5,hunt,2,2,3.0354,wait,2,2,3.8127,True
9462,8,10,3,6,wait,2,2,1.3141,wait,2,2,0.5381,False
9463,8,10,3,7,hunt,2,2,-0.5569,hunt,2,2,-3.207,False
9464,8,10,3,8,hunt,2,2,-3.9583,hunt,2,2,-8.1281,False
9465,8,10,3,9,hunt,2,2,-4.5423,hunt,2,2,-9.9792,False
9466,8,10,3,10,hunt,2,2,-7.1502,hunt,2,2,-13.3627,False
9467,8,10,3,11,hunt,2,2,-9.7188,hunt,2,2,-17.3677,False
9468,8,10,3,12,hunt,2,2,-12.2234,hunt,2,2,-22.1627,False
9469,8,10,3,13,hunt,2,2,-17.2303,expedition,0,0,-24.7028,True
9470,8,10,3,14,expedition,0,0,-27.5795,expedition,0,0,-27.5721,False
9471,8,10,3,15,wait,0,0,0.0,wait,0,0,0.0,False
9472,8,10,4,0,wait,2,2,15.6059,wait,2,2,21.5451,False
9473,8,10,4,1,wait,1,2,9.4224,wait,1,2,14.8477,False
9474,8,10,4,2,hunt,2,2,15.0951,hunt,2,2,20.7924,False
9475,8,10,4,3,hunt,2,2,13.7896,hunt,2,2,18.271,False
9476,8,10,4,4,hunt,2,2,15.517,hunt,2,2,21.3974,False
9477,8,10,4,5,hunt,2,2,14.7053,hunt,2,2,19.3395,False
9478,8,10,4,6,wait,2,2,10.2003,wait,2,2,12.2064,False
9479,8,10,4,7,wait,2,2,9.1798,hunt,2,2,11.597,True
9480,8,10,4,8,wait,2,2,7.3802,hunt,2,2,10.2022,True
9481,8,10,4,9,hunt,2,2,10.0163,hunt,2,2,11.7406,False
9482,8,10,4,10,hunt,2,2,8.6962,hunt,2,2,9.9675,False
9483,8,10,4,11,hunt,2,2,6.3517,hunt,2,2,6.5455,False
9484,8,10,4,12,hunt,2,2,4.8268,hunt,2,2,4.8298,False
9485,8,10,4,13,expedition,0,0,2.4887,expedition,0,0,2.5275,False
9486,8,10,4,14,expedition,0,0,2.4807,expedition,0,0,3.0188,False
9487,8,10,4,15,wait,0,0,0.0,wait,0,0,0.0,False
9488,8,10,5,0,expedition,0,0,23.9712,expedition,0,0,24.1051,False
9489,8,10,5,1,hunt,2,2,15.0094,hunt,2,2,20.4821,False
9490,8,10,5,2,hunt,2,1,16.1236,hunt,2,1,22.936,False
9491,8,10,5,3,expedition,0,0,24.9511,expedition,0,0,25.2396,False
9492,8,10,5,4,expedition,0,0,23.447,expedition,0,0,22.8911,False
9493,8,10,5,5,wait,2,2,12.5727,hunt,1,1,18.7844,True
9494,8,10,5,6,wait,1,1,13.2784,expedition,0,0,20.1006,True
9495,8,10,5,7,wait,2,1,12.6619,expedition,0,0,20.2202,True
9496,8,10,5,8,expedition,0,0,24.2389,expedition,0,0,25.0103,False
9497,8,10,5,9,expedition,0,0,25.5857,expedition,0,0,26.0392,False
9498,8,10,5,10,expedition,0,0,23.6805,expedition,0,0,24.0426,False
9499,8,10,5,11,expedition,0,0,23.968,expedition,0,0,23.4519,False
9500,8,10,5,12,hunt,1,2,9.5816,expedition,0,0,17.1866,True
9501,8,10,5,13,expedition,0,0,24.8024,expedition,0,0,25.0547,False
9502,8,10,5,14,expedition,0,0,24.2111,expedition,0,0,24.1761,False
9503,8,10,5,15,wait,0,0,0.0,wait,0,0,0.0,False
9520,9,0,1,0,wait,2,0,-98.8924,wait,2,0,-98.8985,False
9521,9,0,1,1,wait,2,0,-98.8924,wait,2,0,-98.8985,False
9522,9,0,1,2,wait,2,0,-98.8924,wait,2,0,-98.8985,False
9523,9,0,1,3,wait,2,0,-98.8924,wait,2,0,-98.8985,False
9524,9,0,1,4,wait,2,0,-98.8924,wait,2,0,-98.8985,False
9525,9,0,1,5,wait,2,0,-98.8924,wait,2,0,-98.8985,False
9526,9,0,1,6,wait,2,0,-98.8924,wait,2,0,-98.8985,False
9527,9,0,1,7,wait,2,0,-98.8924,wait,2,0,-98.8985,False
9528,9,0,1,8,wait,2,0,-98.8924,wait,2,0,-98.8985,False
9529,9,0,1,9,wait,2,0,-98.8924,wait,2,0,-98.8985,False
9530,9,0,1,10,wait,2,0,-98.8924,wait,2,0,-98.8985,False
9531,9,0,1,11,wait,2,0,-98.8924,wait,2,0,-98.8985,False
9532,9,0,1,12,wait,2,0,-98.8924,wait,2,0,-98.8985,False
9533,9,0,1,13,wait,2,0,-98.8924,wait,2,0,-98.8985,False
9534,9,0,1,14,wait,2,0,-98.8924,wait,2,0,-98.8985,False
9535,9,0,1,15,wait,0,0,0.0,wait,0,0,0.0,False
9536,9,0,2,0,wait,1,0,-68.3854,wait,1,0,-81.4062,False
9537,9,0,2,1,wait,1,0,-68.1103,wait,1,0,-82.0867,False
9538,9,0,2,2,wait,2,0,-68.6547,wait,1,0,-83.0612,True
9539,9,0,2,3,wait,2,0,-68.0776,wait,2,0,-81.944,False
9540,9,0,2,4,wait,2,0,-68.536,wait,2,0,-82.7631,False
9541,9,0,2,5,wait,1,0,-68.122,wait,1,0,-82.1101,False
9542,9,0,2,6,wait,2,0,-68.036,wait,2,0,-82.2997,False
9543,9,0,2,7,wait,2,0,-68.2384,wait,2,0,-82.0738,False
9544,9,0,2,8,wait,2,0,-68.7893,wait,2,0,-83.0416,False
9545,9,0,2,9,wait,2,0,-68.3248,wait,2,0,-82.4685,False
9546,9,0,2,10,wait,2,0,-68.8456,wait,2,0,-82.5958,False
9547,9,0,2,11,wait,2,0,-70.3371,wait,2,0,-85.3414,False
9548,9,0,2,12,wait,2,0,-70.3226,wait,2,0,-86.8517,False
9549,9,0,2,13,wait,2,0,-71.9711,wait,2,0,-89.3479,False
9550,9,0,2,14,wait,2,0,-93.919,wait,1,0,-94.0391,True
9551,9,0,2,15,wait,0,0,0.0,wait,0,0,0.0,False
9552,9,0,3,0,wait,1,0,-45.3818,wait,1,0,-60.9897,False
9553,9,0,3,1,wait,1,0,-45.2666,wait,1,0,-60.6844,False
9554,9,0,3,2,wait,1,0,-45.0833,wait,1,0,-59.9267,False
9555,9,0,3,3,wait,1,0,-45.8647,wait,1,0,-62.0807,False
9556,9,0,3,4,wait,1,0,-45.7703,wait,1,0,-61.0057,False
9557,9,0,3,5,wait,2,0,-45.0785,wait,2,0,-60.7947,False
9558,9,0,3,6,wait,1,0,-46.1108,wait,1,0,-63.1375,False
9559,9,0,3,7,wait,1,0,-45.3714,wait,1,0,-61.4783,False
9560,9,0,3,8,wait,2,0,-46.5037,wait,2,0,-62.5773,False
9561,9,0,3,9,wait,2,0,-46.7948,wait,2,0,-64.0106,False
9562,9,0,3,10,wait,2,0,-49.15,wait,1,0,-67.5486,True
9563,9,0,3,11,wait,2,0,-51.0346,wait,1,0,-70.3857,True
9564,9,0,3,12,wait,2,0,-53.8519,wait,2,0,-74.9605,False
9565,9,0,3,13,wait,2,0,-57.542,wait,2,0,-80.9878,False
9566,9,0,3,14,wait,2,0,-91.1295,wait,2,0,-91.034,False
9567,9,0,3,15,wait,0,0,0.0,wait,0,0,0.0,False
9568,9,0,4,0,wait,1,0,-25.0506,wait,1,0,-38.4771,False
9569,9,0,4,1,wait,1,0,-25.7751,wait,1,0,-39.0929,False
9570,9,0,4,2,wait,1,0,-25.7139,wait,1,0,-38.4635,False
9571,9,0,4,3,wait,1,0,-25.0818,wait,1,0,-37.548,False
9572,9,0,4,4,wait,1,0,-25.911,wait,1,0,-38.1905,False
9573,9,0,4,5,wait,1,0,-26.1208,wait,1,0,-39.8117,False
9574,9,0,4,6,wait,1,0,-26.7108,wait,1,0,-40.2052,False
9575,9,0,4,7,wait,1,0,-27.6536,wait,1,0,-42.1869,False
9576,9,0,4,8,wait,1,0,-28.747,wait,1,0,-44.1867,False
9577,9,0,4,9,wait,1,0,-31.6784,wait,1,0,-48.5172,False
9578,9,0,4,10,wait,2,0,-33.3983,wait,2,0,-51.4459,False
9579,9,0,4,11,wait,2,0,-36.3318,wait,2,0,-56.7395,False
9580,9,0,4,12,wait,2,0,-42.3865,wait,1,0,-66.3346,True
9581,9,0,4,13,wait,2,0,-47.8177,wait,2,0,-75.8634,False
9582,9,0,4,14,wait,1,0,-89.3978,wait,1,0,-88.5392,False
9583,9,0,4,15,wait,0,0,0.0,wait,0,0,0.0,False
9584,9,0,5,0,wait,1,0,-10.8757,wait,1,0,-18.6368,False
9585,9,0,5,1,wait,1,0,-11.857,wait,1,0,-19.4203,False
9586,9,0,5,2,wait,1,0,-11.7647,wait,1,0,-18.5555,False
9587,9,0,5,3,wait,1,0,-11.2218,wait,1,0,-18.836,False
9588,9,0,5,4,wait,1,0,-12.7101,wait,1,0,-19.9857,False
9589,9,0,5,5,wait,1,0,-13.0801,wait,1,0,-21.1522,False
9590,9,0,5,6,wait,1,0,-14.691,wait,1,0,-23.8907,False
9591,9,0,5,7,wait,1,0,-16.3323,wait,1,0,-27.1338,False
9592,9,0,5,8,wait,2,0,-18.9024,wait,2,0,-31.2918,False
9593,9,0,5,9,wait,2,0,-21.5862,wait,2,0,-35.8255,False
9594,9,0,5,10,wait,1,0,-25.5373,wait,2,0,-42.5924,True
9595,9,0,5,11,wait,2,0,-30.4037,wait,2,0,-50.1915,False
9596,9,0,5,12,wait,2,0,-36.0952,wait,2,0,-59.0357,False
9597,9,0,5,13,wait,2,0,-43.5804,wait,2,0,-72.4408,False
9598,9,0,5,14,wait,2,0,-87.9736,wait,2,0,-88.9809,False
9599,9,0,5,15,wait,0,0,0.0,wait,0,0,0.0,False
9616,9,1,1,0,wait,2,1,-67.3313,wait,2,1,-81.8769,False
9617,9,1,1,1,wait,2,1,-67.7835,wait,2,1,-81.6589,False
9618,9,1,1,2,wait,1,1,-68.1307,wait,1,1,-81.124,False
9619,9,1,1,3,wait,2,1,-67.0649,wait,2,1,-81.7809,False
9620,9,1,1,4,wait,2,1,-67.2164,wait,2,1,-81.2824,False
9621,9,1,1,5,wait,1,1,-67.4651,wait,1,1,-82.6499,False
9622,9,1,1,6,wait,1,1,-67.6742,wait,1,1,-80.7718,False
9623,9,1,1,7,wait,2,1,-67.1166,wait,2,1,-81.1946,False
9624,9,1,1,8,wait,2,1,-67.4714,wait,2,1,-81.5321,False
9625,9,1,1,9,wait,1,1,-68.212,wait,1,1,-82.3492,False
9626,9,1,1,10,wait,2,1,-68.6351,wait,2,1,-82.8753,False
9627,9,1,1,11,wait,2,1,-69.1681,wait,2,1,-85.1178,False
9628,9,1,1,12,wait,1,1,-70.3431,wait,1,1,-86.0318,False
9629,9,1,1,13,wait,2,1,-71.7136,wait,2,1,-88.5797,False
9630,9,1,1,14,wait,2,1,-92.4984,wait,2,1,-92.3532,False
9631,9,1,1,15,wait,0,0,0.0,wait,0,0,0.0,False
9632,9,1,2,0,wait,1,1,-44.583,wait,1,1,-60.0418,False
9633,9,1,2,1,wait,1,1,-44.298,wait,1,1,-59.6347,False
9634,9,1,2,2,wait,1,1,-44.5312,wait,1,1,-60.844,False
9635,9,1,2,3,wait,1,1,-44.5274,wait,1,1,-60.3331,False
9636,9,1,2,4,wait,1,1,-44.9792,wait,1,1,-61.5959,False
9637,9,1,2,5,wait,2,1,-44.7253,wait,2,1,-59.9562,False
9638,9,1,2,6,wait,2,1,-45.3447,wait,2,1,-62.1632,False
9639,9,1,2,7,wait,2,1,-45.1656,wait,2,1,-61.4843,False
9640,9,1,2,8,wait,2,1,-44.9735,wait,2,1,-61.5264,False
9641,9,1,2,9,wait,2,1,-47.0072,wait,2,1,-64.6665,False
9642,9,1,2,10,wait,1,1,-48.0536,wait,1,1,-66.1516,False
9643,9,1,2,11,wait,2,1,-50.1639,wait,2,1,-69.6274,False
9644,9,1,2,12,wait,2,1,-52.9715,wait,1,1,-74.5168,True
9645,9,1,2,13,wait,2,1,-56.412,wait,2,1,-80.0558,False
9646,9,1,2,14,wait,2,1,-89.7491,wait,2,1,-89.8467,False
9647,9,1,2,15,wait,0,0,0.0,wait,0,0,0.0,False
9648,9,1,3,0,wait,1,1,-24.0948,wait,1,1,-35.764,False
9649,9,1,3,1,wait,1,1,-24.5448,wait,1,1,-38.307,False
9650,9,1,3,2,wait,1,1,-24.9076,wait,1,1,-38.4186,False
9651,9,1,3,3,wait,1,1,-23.7719,wait,1,1,-35.5157,False
9652,9,1,3,4,wait,1,1,-24.8344,wait,1,1,-38.1457,False
9653,9,1,3,5,wait,2,1,-25.7867,wait,2,1,-39.8734,False
9654,9,1,3,6,wait,1,1,-25.9305,wait,1,1,-39.7491,False
9655,9,1,3,7,wait,1,1,-27.1236,wait,1,1,-42.4766,False
9656,9,1,3,8,wait,2,1,-28.8721,wait,1,1,-45.5147,True
9657,9,1,3,9,wait,2,1,-30.3547,wait,1,1,-47.2007,True
9658,9,1,3,10,wait,1,1,-32.8251,wait,1,1,-51.0189,False
9659,9,1,3,11,wait,2,1,-35.7205,wait,2,1,-56.5621,False
9660,9,1,3,12,wait,2,1,-40.3672,wait,2,1,-64.3969,False
9661,9,1,3,13,wait,2,1,-46.7911,wait,2,1,-74.8995,False
9662,9,1,3,14,wait,1,1,-88.4905,wait,1,1,-87.7521,False
9663,9,1,3,15,wait,0,0,0.0,wait,0,0,0.0,False
9664,9,1,4,0,wait,1,1,-10.0519,wait,1,1,-17.6318,False
9665,9,1,4,1,wait,1,1,-10.8226,wait,1,1,-17.2566,False
9666,9,1,4,2,wait,1,1,-10.3776,wait,1,1,-17.3126,False
9667,9,1,4,3,wait,1,1,-11.3505,wait,1,1,-18.5618,False
9668,9,1,4,4,wait,1,1,-11.3412,wait,1,1,-19.1978,False
9669,9,1,4,5,wait,1,1,-12.6209,wait,1,1,-21.7977,False
9670,9,1,4,6,wait,1,1,-13.6007,wait,1,1,-22.8738,False
9671,9,1,4,7,wait,2,1,-15.1971,wait,2,1,-26.2181,False
9672,9,1,4,8,wait,2,1,-17.6615,wait,2,1,-30.1651,False
9673,9,1,4,9,wait,2,1,-20.2522,wait,2,1,-35.2836,False
9674,9,1,4,10,wait,2,1,-24.2098,wait,2,1,-41.4076,False
9675,9,1,4,11,wait,2,1,-29.0277,wait,2,1,-49.813,False
9676,9,1,4,12,wait,2,1,-34.6332,wait,2,1,-59.0758,False
9677,9,1,4,13,wait,2,1,-42.924,wait,2,1,-72.2358,False
9678,9,1,4,14,wait,2,1,-87.5605,wait,1,1,-88.6314,True
9679,9,1,4,15,wait,0,0,0.0,wait,0,0,0.0,False
9680,9,1,5,0,wait,1,1,0.7586,wait,1,1,-2.3115,False
9681,9,1,5,1,wait,1,1,1.0969,wait,1,1,-1.2042,False
9682,9,1,5,2,wait,1,1,0.7147,wait,1,1,-2.5793,False
9683,9,1,5,3,wait,1,1,0.009,wait,1,1,-3.558,False
9684,9,1,5,4,wait,1,1,-0.0706,wait,1,1,-3.6758,False
9685,9,1,5,5,wait,1,1,-2.6234,wait,1,1,-7.7955,False
9686,9,1,5,6,wait,2,1,-4.8606,wait,1,1,-12.1176,True
9687,9,1,5,7,wait,2,1,-6.7177,wait,2,1,-15.4283,False
9688,9,1,5,8,wait,2,1,-9.3567,wait,2,1,-19.3407,False
9689,9,1,5,9,wait,2,1,-13.1524,wait,2,1,-25.9465,False
9690,9,1,5,10,wait,1,1,-18.4495,wait,1,1,-34.1276,False
9691,9,1,5,11,wait,2,1,-23.6389,wait,2,1,-42.6291,False
9692,9,1,5,12,wait,1,1,-31.516,wait,1,1,-56.0004,False
9693,9,1,5,13,wait,2,1,-39.1935,wait,2,1,-68.3097,False
9694,9,1,5,14,wait,2,1,-85.8573,wait,2,1,-85.9906,False
9695,9,1,5,15,wait,0,0,0.0,wait,0,0,0.0,False
9712,9,2,1,0,wait,2,2,-43.9684,wait,2,2,-60.4706,False
9713,9,2,1,1,wait,2,2,-43.9346,wait,2,2,-60.7277,False
9714,9,2,1,2,wait,2,2,-44.0773,wait,2,2,-60.078,False
9715,9,2,1,3,wait,2,2,-44.4097,wait,2,2,-61.0433,False
9716,9,2,1,4,wait,2,2,-44.6282,wait,2,2,-61.0984,False
9717,9,2,1,5,wait,2,2,-44.3974,wait,2,2,-60.8855,False
9718,9,2,1,6,wait,2,2,-45.1334,wait,2,2,-61.36,False
9719,9,2,1,7,wait,2,2,-44.9239,wait,2,2,-61.9443,False
9720,9,2,1,8,wait,2,2,-45.502,wait,2,2,-62.738,False
9721,9,2,1,9,wait,2,2,-46.5249,wait,2,2,-65.0419,False
9722,9,2,1,10,wait,2,2,-47.2589,wait,2,2,-65.7888,False
9723,9,2,1,11,wait,2,2,-49.577,wait,2,2,-69.7229,False
9724,9,2,1,12,wait,2,2,-52.1326,wait,2,2,-73.733,False
9725,9,2,1,13,wait,2,2,-55.5845,wait,2,2,-79.3978,False
9726,9,2,1,14,wait,2,2,-89.3031,wait,2,2,-89.3016,False
9727,9,2,1,15,wait,0,0,0.0,wait,0,0,0.0,False
9728,9,2,2,0,wait,2,2,-24.1499,wait,2,2,-37.5101,False
9729,9,2,2,1,wait,2,2,-25.1099,wait,2,2,-38.0889,False
9730,9,2,2,2,wait,2,2,-25.0013,wait,2,2,-38.658,False
9731,9,2,2,3,wait,2,2,-24.5605,wait,2,2,-37.7755,False
9732,9,2,2,4,wait,2,2,-24.3845,wait,2,2,-37.9843,False
9733,9,2,2,5,wait,2,2,-25.4996,wait,2,2,-39.5887,False
9734,9,2,2,6,wait,2,2,-26.1977,wait,2,2,-41.3057,False
9735,9,2,2,7,wait,2,2,-26.5503,wait,2,2,-41.4291,False
9736,9,2,2,8,wait,2,2,-27.0917,wait,2,2,-42.7593,False
9737,9,2,2,9,wait,2,2,-29.1846,wait,2,2,-45.8483,False
9738,9,2,2,10,wait,2,2,-31.423,wait,2,2,-49.957,False
9739,9,2,2,11,wait,2,2,-35.9103,wait,2,2,-57.2287,False
9740,9,2,2,12,wait,2,2,-39.755,wait,2,2,-63.7638,False
9741,9,2,2,13,wait,2,2,-45.9303,wait,2,2,-73.635,False
9742,9,2,2,14,wait,2,2,-87.4174,wait,2,2,-87.971,False
9743,9,2,2,15,wait,0,0,0.0,wait,0,0,0.0,False
9744,9,2,3,0,wait,2,2,-10.6403,wait,2,2,-18.4904,False
9745,9,2,3,1,wait,2,2,-10.9625,wait,2,2,-19.5226,False
9746,9,2,3,2,wait,2,2,-10.8109,wait,2,2,-20.5782,False
9747,9,2,3,3,wait,2,2,-11.4566,wait,2,2,-20.343,False
9748,9,2,3,4,wait,2,2,-11.7641,wait,2,2,-21.1245,False
9749,9,2,3,5,wait,2,2,-12.4178,wait,2,2,-21.972,False
9750,9,2,3,6,wait,2,2,-12.9628,wait,2,2,-23.0447,False
9751,9,2,3,7,wait,2,2,-14.7114,wait,2,2,-25.8502,False
9752,9,2,3,8,wait,2,2,-16.9078,wait,2,2,-29.6233,False
9753,9,2,3,9,wait,2,2,-19.4364,wait,2,2,-33.9884,False
9754,9,2,3,10,wait,2,2,-23.0177,wait,2,2,-39.8572,False
9755,9,2,3,11,wait,2,2,-28.3387,wait,2,2,-48.7471,False
9756,9,2,3,12,wait,2,2,-34.2353,wait,2,2,-57.5836,False
9757,9,2,3,13,wait,2,2,-42.3484,wait,2,2,-71.4989,False
9758,9,2,3,14,wait,2,2,-87.5322,wait,2,2,-88.2499,False
9759,9,2,3,15,wait,0,0,0.0,wait,0,0,0.0,False
9760,9,2,4,0,wait,2,2,1.0981,wait,2,2,-2.6478,False
9761,9,2,4,1,wait,2,2,0.6232,wait,2,2,-3.5338,False
9762,9,2,4,2,wait,2,2,0.335,wait,2,2,-3.8564,False
9763,9,2,4,3,wait,2,2,0.13,wait,2,2,-4.246,False
9764,9,2,4,4,wait,2,2,-0.7724,wait,2,2,-6.0911,False
9765,9,2,4,5,wait,2,2,-2.2059,wait,2,2,-8.4575,False
9766,9,2,4,6,wait,2,2,-3.3751,wait,2,2,-10.264,False
9767,9,2,4,7,wait,2,2,-5.9093,wait,2,2,-14.7125,False
9768,9,2,4,8,wait,2,2,-8.675,wait,2,2,-18.7935,False
9769,9,2,4,9,wait,2,2,-12.7354,wait,2,2,-26.351,False
9770,9,2,4,10,wait,2,2,-17.2546,wait,2,2,-33.7399,False
9771,9,2,4,11,wait,2,2,-23.3907,wait,2,2,-43.2562,False
9772,9,2,4,12,wait,2,2,-29.6862,wait,2,2,-54.4277,False
9773,9,2,4,13,wait,2,2,-38.796,wait,2,2,-68.4117,False
9774,9,2,4,14,wait,2,2,-85.1435,wait,2,2,-84.5418,False
9775,9,2,4,15,wait,0,0,0.0,wait,0,0,0.0,False
9776,9,2,5,0,wait,2,1,5.7942,wait,2,1,5.7326,False
9777,9,2,5,1,wait,1,1,5.9695,wait,1,1,6.3318,False
9778,9,2,5,2,wait,1,1,5.7485,wait,1,1,6.2453,False
9779,9,2,5,3,wait,2,1,4.4774,wait,1,1,4.5359,True
9780,9,2,5,4,wait,2,1,3.6918,wait,1,1,3.4863,True
9781,9,2,5,5,wait,1,1,2.4651,wait,2,1,2.3698,True
9782,9,2,5,6,wait,1,1,-0.0032,wait,1,1,-3.9156,False
9783,9,2,5,7,wait,1,1,-3.1243,wait,1,1,-8.8548,False
9784,9,2,5,8,wait,1,1,-6.5775,wait,1,1,-14.7868,False
9785,9,2,5,9,wait,1,1,-11.0446,wait,1,1,-21.9504,False
9786,9,2,5,10,wait,2,1,-15.2319,wait,2,1,-29.3279,False
9787,9,2,5,11,wait,1,1,-21.656,wait,1,1,-40.0433,False
9788,9,2,5,12,wait,1,1,-29.361,wait,1,1,-51.755,False
9789,9,2,5,13,wait,2,1,-39.125,wait,2,1,-69.261,False
9790,9,2,5,14,wait,2,2,-86.4186,hunt,1,1,-87.0053,True
9791,9,2,5,15,wait,0,0,0.0,wait,0,0,0.0,False
9808,9,3,1,0,wait,2,2,-38.4551,wait,2,2,-51.013,False
9809,9,3,1,1,wait,2,2,-38.9594,wait,2,2,-51.3619,False
9810,9,3,1,2,wait,2,2,-38.9183,wait,2,2,-51.3502,False
9811,9,3,1,3,wait,2,2,-39.0623,wait,2,2,-52.0666,False
9812,9,3,1,4,wait,2,2,-39.0432,wait,2,2,-51.5209,False
9813,9,3,1,5,wait,2,2,-39.2541,wait,2,2,-52.2943,False
9814,9,3,1,6,wait,2,2,-39.727,wait,2,2,-53.0876,False
9815,9,3,1,7,wait,2,2,-39.4431,wait,2,2,-53.0662,False
9816,9,3,1,8,wait,2,2,-40.4507,wait,2,2,-54.1846,False
9817,9,3,1,9,wait,2,2,-41.8024,wait,2,2,-56.6647,False
9818,9,3,1,10,wait,2,2,-44.2795,wait,2,2,-60.3335,False
9819,9,3,1,11,wait,2,2,-46.6341,wait,2,2,-64.8641,False
9820,9,3,1,12,wait,2,2,-49.5138,wait,2,2,-69.2625,False
9821,9,3,1,13,wait,2,2,-55.299,wait,2,2,-78.5376,False
9822,9,3,1,14,hunt,2,2,-89.5625,hunt,2,2,-89.8205,False
9823,9,3,1,15,wait,0,0,0.0,wait,0,0,0.0,False
9824,9,3,2,0,wait,2,2,-17.4734,wait,2,2,-26.5854,False
9825,9,3,2,1,wait,2,2,-17.6128,wait,2,2,-27.364,False
9826,9,3,2,2,wait,2,2,-17.8176,wait,2,2,-26.6904,False
9827,9,3,2,3,wait,2,2,-17.2477,wait,2,2,-26.6801,False
9828,9,3,2,4,wait,2,2,-18.0076,wait,2,2,-27.091,False
9829,9,3,2,5,wait,2,2,-18.8618,wait,2,2,-29.0639,False
9830,9,3,2,6,wait,2,2,-19.1013,wait,2,2,-29.5868,False
9831,9,3,2,7,wait,2,2,-20.2111,wait,2,2,-30.5073,False
9832,9,3,2,8,wait,2,2,-22.6392,wait,2,2,-35.1453,False
9833,9,3,2,9,wait,2,2,-24.6433,wait,2,2,-38.9821,False
9834,9,3,2,10,wait,2,2,-28.1708,wait,2,2,-43.9728,False
9835,9,3,2,11,wait,2,2,-33.4645,wait,2,2,-52.8739,False
9836,9,3,2,12,wait,2,2,-38.3038,wait,2,2,-60.2537,False
9837,9,3,2,13,wait,2,2,-45.5713,wait,2,2,-73.3008,False
9838,9,3,2,14,hunt,2,2,-86.2862,hunt,2,2,-85.8399,False
9839,9,3,2,15,wait,0,0,0.0,wait,0,0,0.0,False
9840,9,3,3,0,wait,2,2,-4.023,wait,2,2,-7.8662,False
9841,9,3,3,1,wait,2,2,-4.2731,wait,2,2,-8.4922,False
9842,9,3,3,2,wait,2,2,-4.574,wait,2,2,-8.431,False
9843,9,3,3,3,wait,2,2,-4.8704,wait,2,2,-9.3065,False
9844,9,3,3,4,wait,2,2,-5.4406,wait,2,2,-10.4339,False
9845,9,3,3,5,wait,2,2,-6.0796,wait,2,2,-11.4592,False
9846,9,3,3,6,wait,2,2,-7.6816,wait,2,2,-14.5902,False
9847,9,3,3,7,wait,2,2,-10.0424,wait,2,2,-17.5999,False
9848,9,3,3,8,wait,2,2,-12.7634,wait,2,2,-22.5815,False
9849,9,3,3,9,wait,2,2,-16.6548,wait,2,2,-29.3525,False
9850,9,3,3,10,wait,2,2,-20.5136,wait,2,2,-35.6084,False
9851,9,3,3,11,wait,2,2,-26.1692,wait,2,2,-44.6051,False
9852,9,3,3,12,wait,2,2,-33.0879,wait,2,2,-56.6039,False
9853,9,3,3,13,wait,2,2,-41.5986,wait,2,2,-70.5316,False
9854,9,3,3,14,wait,2,2,-85.9482,wait,2,2,-86.5215,False
9855,9,3,3,15,wait,0,0,0.0,wait,0,0,0.0,False
9856,9,3,4,0,wait,2,2,6.4757,wait,2,2,6.1733,False
9857,9,3,4,1,wait,2,2,5.852,wait,2,2,5.1845,False
9858,9,3,4,2,wait,2,2,5.778,wait,2,2,4.6643,False
9859,9,3,4,3,wait,2,2,5.2465,wait,2,2,4.6579,False
9860,9,3,4,4,wait,2,2,4.5277,wait,2,2,2.859,False
9861,9,3,4,5,wait,2,2,2.8868,wait,2,2,0.4209,False
9862,9,3,4,6,wait,2,2,0.3298,wait,1,1,-3.8089,True
9863,9,3,4,7,wait,2,2,-2.643,wait,2,2,-9.0851,False
9864,9,3,4,8,wait,2,2,-5.4968,wait,2,2,-13.653,False
9865,9,3,4,9,wait,2,2,-10.2423,wait,2,2,-21.7814,False
9866,9,3,4,10,wait,2,2,-14.5136,wait,2,2,-29.1765,False
9867,9,3,4,11,wait,2,2,-21.2977,wait,2,2,-40.2336,False
9868,9,3,4,12,wait,2,2,-28.7736,wait,2,2,-52.0015,False
9869,9,3,4,13,wait,2,2,-38.2759,wait,2,2,-68.1275,False
9870,9,3,4,14,hunt,2,2,-85.5736,hunt,2,2,-85.4156,False
9871,9,3,4,15,wait,0,0,0.0,wait,0,0,0.0,False
9872,9,3,5,0,wait,2,2,6.6945,wait,1,1,8.8684,True
9873,9,3,5,1,wait,2,1,8.053,wait,2,1,9.141,False
9874,9,3,5,2,hunt,2,1,5.3859,wait,1,1,7.8522,True
9875,9,3,5,3,wait,2,2,4.8985,wait,1,1,7.6741,True
9876,9,3,5,4,wait,1,1,7.3335,wait,1,1,8.4186,False
9877,9,3,5,5,wait,2,2,3.1725,wait,1,1,6.4289,True
9878,9,3,5,6,wait,2,1,2.2954,wait,1,1,4.2063,True
9879,9,3,5,7,wait,1,1,0.2486,wait,1,1,-2.7628,False
9880,9,3,5,8,wait,1,1,-2.9047,wait,1,1,-8.5261,False
9881,9,3,5,9,wait,1,1,-6.8755,wait,1,1,-14.8437,False
9882,9,3,5,10,wait,1,1,-12.2,wait,1,1,-23.9024,False
9883,9,3,5,11,wait,1,1,-18.0328,wait,1,1,-33.7121,False
9884,9,3,5,12,wait,1,1,-24.6799,wait,1,1,-44.9545,False
9885,9,3,5,13,wait,1,1,-38.535,wait,2,1,-69.0111,True
9886,9,3,5,14,wait,2,2,-85.1435,wait,2,2,-84.8595,False
9887,9,3,5,15,wait,0,0,0.0,wait,0,0,0.0,False
9904,9,4,1,0,wait,2,2,-34.5941,wait,2,2,-44.8657,False
9905,9,4,1,1,wait,2,2,-34.3241,wait,2,2,-42.984,False
9906,9,4,1,2,wait,2,2,-33.8278,wait,2,2,-43.0124,False
9907,9,4,1,3,wait,2,2,-34.1232,wait,2,2,-43.4889,False
9908,9,4,1,4,wait,2,2,-34.2828,wait,2,2,-44.9273,False
9909,9,4,1,5,wait,2,2,-34.4347,wait,2,2,-43.8416,False
9910,9,4,1,6,wait,2,2,-34.9219,wait,2,2,-45.1029,False
9911,9,4,1,7,wait,2,2,-35.4827,wait,2,2,-46.029,False
9912,9,4,1,8,wait,2,2,-37.4444,wait,2,2,-49.338,False
9913,9,4,1,9,wait,2,2,-38.5632,wait,2,2,-50.428,False
9914,9,4,1,10,wait,2,2,-41.1253,wait,2,2,-55.026,False
9915,9,4,1,11,wait,2,2,-45.0416,wait,2,2,-61.2583,False
9916,9,4,1,12,wait,2,2,-49.4341,wait,2,2,-68.5262,False
9917,9,4,1,13,wait,2,2,-54.561,wait,2,2,-77.8447,False
9918,9,4,1,14,wait,2,2,-89.0236,wait,2,2,-88.0405,False
9919,9,4,1,15,wait,0,0,0.0,wait,0,0,0.0,False
9920,9,4,2,0,wait,2,2,-12.4183,wait,2,2,-18.891,False
9921,9,4,2,1,wait,2,2,-12.8846,wait,2,2,-18.1965,False
9922,9,4,2,2,wait,2,2,-12.1815,wait,2,2,-18.4368,False
9923,9,4,2,3,wait,2,2,-12.767,wait,2,2,-18.9438,False
9924,9,4,2,4,wait,2,2,-13.8734,wait,2,2,-20.7916,False
9925,9,4,2,5,wait,2,2,-13.9254,wait,2,2,-21.0337,False
9926,9,4,2,6,wait,2,2,-14.5151,wait,2,2,-22.1206,False
9927,9,4,2,7,wait,2,2,-16.7345,wait,2,2,-25.8099,False
9928,9,4,2,8,wait,2,2,-18.9043,wait,2,2,-28.9168,False
9929,9,4,2,9,wait,2,2,-21.8958,wait,2,2,-33.79,False
9930,9,4,2,10,wait,2,2,-25.7269,wait,2,2,-40.4615,False
9931,9,4,2,11,wait,2,2,-31.1064,wait,2,2,-48.9999,False
9932,9,4,2,12,wait,2,2,-37.4663,wait,2,2,-60.0132,False
9933,9,4,2,13,wait,2,2,-45.3738,wait,2,2,-72.3909,False
9934,9,4,2,14,wait,2,1,-87.9782,wait,2,2,-88.7162,True
9935,9,4,2,15,wait,0,0,0.0,wait,0,0,0.0,False
9936,9,4,3,0,wait,2,2,0.2887,wait,2,2,-0.3391,False
9937,9,4,3,1,wait,2,2,0.61,wait,2,2,-0.549,False
9938,9,4,3,2,wait,2,2,0.0417,wait,2,2,-1.2765,False
9939,9,4,3,3,wait,2,2,-0.6178,wait,2,2,-2.7312,False
9940,9,4,3,4,wait,2,2,-1.7047,wait,2,2,-4.3102,False
9941,9,4,3,5,wait,2,2,-3.413,wait,2,2,-6.8248,False
9942,9,4,3,6,wait,2,2,-4.4355,wait,2,2,-8.9291,False
9943,9,4,3,7,wait,2,2,-6.8374,wait,2,2,-12.7145,False
9944,9,4,3,8,wait,2,2,-9.9346,wait,2,2,-17.7335,False
9945,9,4,3,9,wait,2,2,-13.9482,wait,2,2,-24.2348,False
9946,9,4,3,10,wait,2,2,-18.9329,wait,2,2,-33.092,False
9947,9,4,3,11,wait,2,2,-25.2356,wait,2,2,-43.2372,False
9948,9,4,3,12,wait,2,2,-32.2485,wait,2,2,-54.217,False
9949,9,4,3,13,wait,2,2,-41.0064,wait,2,2,-69.8116,False
9950,9,4,3,14,wait,2,2,-86.4676,wait,2,2,-86.9837,False
9951,9,4,3,15,wait,0,0,0.0,wait,0,0,0.0,False
9952,9,4,4,0,hunt,2,2,6.7255,wait,2,2,7.765,True
9953,9,4,4,1,wait,2,2,8.755,wait,2,2,9.937,False
9954,9,4,4,2,hunt,2,2,6.2132,wait,2,2,8.1523,True
9955,9,4,4,3,hunt,2,2,5.0388,wait,2,2,7.0747,True
9956,9,4,4,4,hunt,2,2,4.3108,wait,2,2,6.8758,True
9957,9,4,4,5,wait,2,2,5.5861,wait,2,2,4.8849,False
9958,9,4,4,6,wait,2,2,3.2502,wait,2,2,0.7845,False
9959,9,4,4,7,wait,2,2,0.25,wait,2,2,-3.9366,False
9960,9,4,4,8,wait,2,2,-3.29,wait,2,2,-10.3344,False
9961,9,4,4,9,wait,2,2,-7.3264,wait,2,2,-16.751,False
9962,9,4,4,10,wait,2,2,-12.9301,wait,2,2,-25.9973,False
9963,9,4,4,11,wait,2,2,-19.0617,wait,2,2,-36.1154,False
9964,9,4,4,12,wait,2,2,-27.0978,wait,1,1,-47.9914,True
9965,9,4,4,13,wait,2,2,-38.0399,wait,2,0,-63.3642,True
9966,9,4,4,14,hunt,2,2,-84.8371,hunt,2,2,-84.6249,False
9967,9,4,4,15,wait,0,0,0.0,wait,0,0,0.0,False
9968,9,4,5,0,wait,2,0,3.8667,wait,1,2,9.3327,True
9969,9,4,5,1,hunt,2,1,8.9215,hunt,2,1,10.615,False
9970,9,4,5,2,hunt,2,1,8.8564,hunt,2,1,10.4871,False
9971,9,4,5,3,hunt,1,1,8.5816,hunt,1,1,10.8164,False
9972,9,4,5,4,wait,1,1,9.4046,wait,1,1,12.3291,False
9973,9,4,5,5,wait,2,2,5.7553,wait,1,1,8.3408,True
9974,9,4,5,6,wait,2,2,3.2895,wait,1,1,5.9882,True
9975,9,4,5,7,wait,1,1,3.4183,wait,1,1,2.4663,False
9976,9,4,5,8,wait,1,1,0.6204,wait,1,1,-2.2861,False
9977,9,4,5,9,wait,1,1,-3.2419,wait,1,1,-8.8145,False
9978,9,4,5,10,wait,1,1,-7.7738,wait,1,1,-16.8637,False
9979,9,4,5,11,wait,1,1,-13.5819,wait,1,1,-25.7387,False
9980,9,4,5,12,wait,1,1,-20.7908,wait,1,0,-35.6147,True
9981,9,4,5,13,wait,1,0,-32.686,wait,1,0,-54.1352,False
9982,9,4,5,14,wait,1,2,-85.1485,wait,1,2,-85.429,False
9983,9,4,5,15,wait,0,0,0.0,wait,0,0,0.0,False
10000,9,5,1,0,wait,2,2,-31.6067,wait,2,2,-39.5286,False
10001,9,5,1,1,wait,2,2,-31.6322,wait,2,2,-40.1979,False
10002,9,5,1,2,wait,2,2,-31.1453,wait,2,2,-38.84,False
10003,9,5,1,3,wait,2,2,-31.7855,wait,2,2,-39.4169,False
10004,9,5,1,4,wait,2,2,-32.2405,wait,2,2,-40.4723,False
10005,9,5,1,5,wait,2,2,-31.0341,wait,2,2,-38.6687,False
10006,9,5,1,6,wait,2,2,-33.0689,wait,2,2,-42.3371,False
10007,9,5,1,7,wait,2,2,-32.283,wait,2,2,-40.7681,False
10008,9,5,1,8,wait,2,2,-34.7839,wait,2,2,-44.2709,False
10009,9,5,1,9,wait,2,2,-37.0105,wait,2,2,-48.4035,False
10010,9,5,1,10,wait,2,2,-39.8241,wait,2,2,-53.1911,False
10011,9,5,1,11,wait,2,2,-44.4546,wait,2,2,-60.7992,False
10012,9,5,1,12,wait,2,2,-48.7459,wait,2,2,-67.0531,False
10013,9,5,1,13,hunt,2,2,-54.8035,hunt,2,2,-77.6267,False
10014,9,5,1,14,wait,2,2,-89.617,wait,2,2,-89.4695,False
10015,9,5,1,15,wait,0,0,0.0,wait,0,0,0.0,False
10016,9,5,2,0,wait,2,2,-9.0786,wait,2,2,-12.4096,False
10017,9,5,2,1,wait,2,2,-8.7787,wait,2,2,-11.9146,False
10018,9,5,2,2,wait,2,2,-9.4807,wait,2,2,-12.8815,False
10019,9,5,2,3,wait,2,2,-9.9763,wait,2,2,-13.5323,False
10020,9,5,2,4,wait,2,2,-10.4932,wait,2,2,-15.0144,False
10021,9,5,2,5,wait,2,2,-11.5913,wait,2,2,-17.6646,False
10022,9,5,2,6,wait,2,2,-12.4547,wait,2,2,-18.1499,False
10023,9,5,2,7,wait,2,2,-14.4735,wait,2,2,-21.2694,False
10024,9,5,2,8,wait,2,2,-16.9627,wait,2,2,-25.9898,False
10025,9,5,2,9,wait,2,2,-20.145,wait,2,2,-31.9099,False
10026,9,5,2,10,wait,2,2,-25.1233,wait,2,2,-39.1929,False
10027,9,5,2,11,wait,2,2,-30.2488,wait,2,2,-47.2843,False
10028,9,5,2,12,hunt,2,2,-37.0154,hunt,2,2,-59.468,False
10029,9,5,2,13,wait,2,2,-45.1691,wait,2,2,-72.8572,False
10030,9,5,2,14,wait,2,2,-86.792,wait,2,2,-86.4589,False
10031,9,5,2,15,wait,0,0,0.0,wait,0,0,0.0,False
10032,9,5,3,0,wait,2,2,3.5738,wait,2,2,4.5447,False
10033,9,5,3,1,wait,2,2,3.0552,wait,2,2,4.2925,False
10034,9,5,3,2,wait,2,2,3.332,wait,2,2,4.7564,False
10035,9,5,3,3,wait,2,2,2.3153,wait,2,2,2.7899,False
10036,9,5,3,4,wait,2,2,1.3715,wait,2,2,1.3063,False
10037,9,5,3,5,wait,2,2,-0.01,wait,2,2,-1.4743,False
10038,9,5,3,6,wait,2,2,-2.0734,wait,2,2,-4.8059,False
10039,9,5,3,7,wait,2,2,-4.9428,wait,2,2,-9.1378,False
10040,9,5,3,8,wait,2,2,-8.6626,wait,2,2,-15.5157,False
10041,9,5,3,9,wait,2,2,-12.4486,wait,2,2,-22.388,False
10042,9,5,3,10,wait,2,2,-17.2435,wait,2,2,-30.0168,False
10043,9,5,3,11,wait,2,2,-23.434,wait,2,2,-40.4175,False
10044,9,5,3,12,wait,2,2,-29.5928,wait,1,1,-48.712,True
10045,9,5,3,13,wait,2,1,-39.3004,wait,2,1,-61.3627,False
10046,9,5,3,14,hunt,2,2,-86.6026,hunt,2,2,-86.9412,False
10047,9,5,3,15,wait,0,0,0.0,wait,0,0,0.0,False
10048,9,5,4,0,hunt,2,2,9.9323,hunt,2,2,11.7797,False
10049,9,5,4,1,wait,2,2,11.3366,wait,2,2,14.2416,False
10050,9,5,4,2,hunt,2,2,8.7817,hunt,2,2,10.3226,False
10051,9,5,4,3,hunt,2,2,8.5248,hunt,2,2,9.6425,False
10052,9,5,4,4,wait,2,2,7.3805,wait,2,2,10.8769,False
10053,9,5,4,5,hunt,2,2,5.7422,wait,2,2,7.5783,True
10054,9,5,4,6,wait,2,2,5.337,wait,2,2,4.4094,False
10055,9,5,4,7,wait,2,2,2.7197,hunt,2,2,1.6328,True
10056,9,5,4,8,wait,2,2,-0.7534,wait,2,2,-6.0062,False
10057,9,5,4,9,wait,2,2,-5.2927,wait,2,2,-13.4065,False
10058,9,5,4,10,wait,2,2,-10.1945,wait,1,1,-19.6952,True
10059,9,5,4,11,wait,2,2,-16.1337,wait,1,1,-27.7468,True
10060,9,5,4,12,wait,1,1,-19.946,wait,1,1,-33.8356,False
10061,9,5,4,13,wait,1,1,-30.8537,wait,1,0,-52.1889,True
10062,9,5,4,14,wait,2,2,-85.1474,wait,2,2,-83.9528,False
10063,9,5,4,15,wait,0,0,0.0,wait,0,0,0.0,False
10064,9,5,5,0,hunt,2,2,9.8926,wait,1,1,12.7191,True
10065,9,5,5,1,wait,2,1,11.7015,wait,2,1,15.8261,False
10066,9,5,5,2,wait,2,2,10.343,wait,2,2,13.0111,False
10067,9,5,5,3,wait,2,2,10.0988,wait,2,2,12.4634,False
10068,9,5,5,4,wait,2,2,9.3509,wait,1,1,12.9773,True
10069,9,5,5,5,hunt,1,2,6.4861,wait,1,1,12.1123,True
10070,9,5,5,6,wait,1,2,6.1441,wait,1,1,8.7454,True
10071,9,5,5,7,wait,2,2,2.3719,wait,2,1,7.183,True
10072,9,5,5,8,wait,2,1,3.1676,wait,1,1,5.3911,True
10073,9,5,5,9,wait,1,1,2.2329,wait,2,1,0.3852,True
10074,9,5,5,10,wait,1,1,-0.8682,wait,1,1,-4.7763,False
10075,9,5,5,11,wait,1,1,-4.1077,wait,1,1,-9.8402,False
10076,9,5,5,12,wait,1,1,-9.2463,wait,1,1,-18.0923,False
10077,9,5,5,13,wait,1,0,-21.538,wait,1,0,-36.5634,False
10078,9,5,5,14,wait,2,2,-85.6899,wait,2,2,-86.0,False
10079,9,5,5,15,wait,0,0,0.0,wait,0,0,0.0,False
10096,9,6,1,0,wait,2,2,-29.8213,wait,2,2,-35.6534,False
10097,9,6,1,1,wait,2,2,-29.3372,wait,2,2,-35.9369,False
10098,9,6,1,2,wait,2,2,-30.0685,wait,2,2,-37.0474,False
10099,9,6,1,3,wait,2,2,-29.8858,wait,2,2,-36.6424,False
10100,9,6,1,4,wait,2,2,-30.1538,wait,2,2,-37.2517,False
10101,9,6,1,5,wait,2,2,-30.5508,wait,2,2,-37.4516,False
10102,9,6,1,6,wait,2,2,-30.3548,wait,2,2,-38.2032,False
10103,9,6,1,7,wait,2,2,-31.5538,wait,2,2,-39.0765,False
10104,9,6,1,8,wait,2,2,-33.6489,wait,2,2,-42.9538,False
10105,9,6,1,9,wait,2,2,-35.3248,wait,2,2,-45.7002,False
10106,9,6,1,10,wait,2,2,-39.8708,wait,2,2,-52.9352,False
10107,9,6,1,11,wait,2,2,-42.4211,wait,2,2,-57.5403,False
10108,9,6,1,12,wait,2,2,-47.926,wait,2,2,-66.4058,False
10109,9,6,1,13,hunt,2,2,-54.4677,wait,2,2,-77.4045,True
10110,9,6,1,14,wait,2,2,-89.451,wait,2,2,-89.7423,False
10111,9,6,1,15,wait,0,0,0.0,wait,0,0,0.0,False
10112,9,6,2,0,wait,2,2,-5.8061,wait,2,2,-7.5904,False
10113,9,6,2,1,wait,2,2,-6.9518,wait,2,2,-8.7427,False
10114,9,6,2,2,wait,2,2,-6.1926,wait,2,2,-7.8419,False
10115,9,6,2,3,wait,2,2,-6.8848,wait,2,2,-9.0364,False
10116,9,6,2,4,wait,2,2,-8.2774,wait,2,2,-10.8746,False
10117,9,6,2,5,wait,2,2,-9.7243,wait,2,2,-13.8852,False
10118,9,6,2,6,wait,2,2,-11.1392,wait,2,2,-15.2933,False
10119,9,6,2,7,wait,2,2,-13.2386,wait,2,2,-19.2728,False
10120,9,6,2,8,wait,2,2,-16.0469,wait,2,2,-23.6192,False
10121,9,6,2,9,wait,2,2,-18.7523,wait,2,2,-28.4634,False
10122,9,6,2,10,wait,2,2,-22.926,wait,2,2,-35.1785,False
10123,9,6,2,11,wait,2,2,-27.5347,wait,2,2,-42.5133,False
10124,9,6,2,12,wait,2,2,-32.2969,wait,2,2,-51.6655,False
10125,9,6,2,13,wait,2,2,-38.7305,wait,2,2,-60.6879,False
10126,9,6,2,14,wait,2,2,-87.866,wait,2,2,-87.4241,False
10127,9,6,2,15,wait,0,0,0.0,wait,0,0,0.0,False
10128,9,6,3,0,hunt,2,2,3.5512,wait,2,2,6.0697,True
10129,9,6,3,1,hunt,2,2,2.9306,wait,2,2,5.3126,True
10130,9,6,3,2,wait,2,2,5.4744,wait,2,2,7.1671,False
10131,9,6,3,3,wait,2,2,4.3501,wait,2,2,5.721,False
10132,9,6,3,4,wait,2,2,3.7119,wait,2,2,4.313,False
10133,9,6,3,5,wait,2,2,2.0048,wait,2,2,1.8059,False
10134,9,6,3,6,wait,2,2,-0.392,wait,2,2,-1.499,False
10135,9,6,3,7,wait,2,2,-3.52,wait,2,2,-7.0583,False
10136,9,6,3,8,wait,2,2,-6.2069,wait,2,2,-10.9674,False
10137,9,6,3,9,wait,2,2,-9.0453,wait,2,2,-16.9606,False
10138,9,6,3,10,wait,2,2,-12.6414,wait,2,2,-22.0948,False
10139,9,6,3,11,wait,2,2,-16.6256,wait,2,2,-28.6043,False
10140,9,6,3,12,wait,2,2,-22.7947,wait,2,2,-38.9639,False
10141,9,6,3,13,wait,2,2,-30.4245,wait,1,1,-51.3419,True
10142,9,6,3,14,wait,2,2,-86.6429,wait,2,2,-86.2868,False
10143,9,6,3,15,wait,0,0,0.0,wait,0,0,0.0,False
10144,9,6,4,0,wait,2,2,12.8509,wait,2,2,16.6589,False
10145,9,6,4,1,wait,2,2,12.5722,wait,2,2,16.4537,False
10146,9,6,4,2,wait,1,2,5.5555,wait,2,2,11.5484,True
10147,9,6,4,3,hunt,2,1,3.4129,wait,2,2,9.9672,True
10148,9,6,4,4,wait,2,1,4.6802,wait,2,2,9.6571,True
10149,9,6,4,5,wait,2,2,11.0267,wait,2,2,13.8154,False
10150,9,6,4,6,wait,2,2,8.9698,wait,2,2,10.3163,False
10151,9,6,4,7,wait,2,2,6.9676,wait,2,2,7.1482,False
10152,9,6,4,8,wait,2,2,4.3365,wait,2,2,2.5305,False
10153,9,6,4,9,wait,2,2,0.8891,wait,1,1,-2.7789,True
10154,9,6,4,10,wait,2,2,-2.682,wait,2,2,-9.1049,False
10155,9,6,4,11,wait,1,1,-7.3298,wait,1,1,-14.9765,False
10156,9,6,4,12,wait,1,1,-12.3259,wait,1,1,-20.9774,False
10157,9,6,4,13,wait,2,1,-21.0781,wait,2,1,-36.8142,False
10158,9,6,4,14,hunt,2,2,-84.8368,hunt,2,2,-84.1816,False
10159,9,6,4,15,wait,0,0,0.0,wait,0,0,0.0,False
10160,9,6,5,0,hunt,2,2,11.0272,wait,1,1,13.9217,True
10161,9,6,5,1,hunt,2,1,12.1893,hunt,2,1,16.1816,False
10162,9,6,5,2,hunt,2,1,12.0401,hunt,2,1,15.9403,False
10163,9,6,5,3,hunt,2,1,11.3141,hunt,2,1,14.9352,False
10164,9,6,5,4,hunt,1,2,10.693,hunt,1,2,14.0811,False
10165,9,6,5,5,wait,1,1,12.7093,wait,1,1,17.4519,False
10166,9,6,5,6,hunt,1,1,9.5905,wait,2,1,12.9143,True
10167,9,6,5,7,wait,1,2,8.0994,wait,1,1,10.5512,True
10168,9,6,5,8,wait,2,1,8.1667,wait,1,1,11.2598,True
10169,9,6,5,9,wait,2,1,6.0556,wait,1,1,7.6359,True
10170,9,6,5,10,wait,1,1,6.9614,wait,1,1,7.8749,False
10171,9,6,5,11,wait,1,1,3.9783,wait,1,1,3.583,False
10172,9,6,5,12,wait,1,1,1.9298,wait,1,1,-0.3095,False
10173,9,6,5,13,wait,2,1,-11.0,wait,1,1,-22.3928,True
10174,9,6,5,14,wait,2,2,-85.6063,wait,2,2,-85.8573,False
10175,9,6,5,15,wait,0,0,0.0,wait,0,0,0.0,False
10192,9,7,1,0,wait,2,2,-27.8256,wait,2,2,-33.0129,False
10193,9,7,1,1,wait,2,2,-27.2743,wait,2,2,-33.6246,False
10194,9,7,1,2,wait,2,2,-28.2636,wait,2,2,-33.7139,False
10195,9,7,1,3,wait,2,2,-28.6395,wait,2,2,-34.6958,False
10196,9,7,1,4,wait,2,2,-29.0175,wait,2,2,-35.5864,False
10197,9,7,1,5,wait,2,2,-29.2906,wait,2,2,-35.7328,False
10198,9,7,1,6,wait,2,2,-30.1926,wait,2,2,-36.8234,False
10199,9,7,1,7,wait,2,2,-30.8777,wait,2,2,-38.3318,False
10200,9,7,1,8,wait,2,2,-32.6219,wait,2,2,-42.1887,False
10201,9,7,1,9,wait,2,2,-35.881,wait,2,2,-46.1141,False
10202,9,7,1,10,wait,2,2,-38.6049,wait,2,2,-52.0489,False
10203,9,7,1,11,wait,2,2,-42.4458,wait,2,2,-57.1416,False
10204,9,7,1,12,wait,2,2,-47.1501,wait,2,2,-66.1345,False
10205,9,7,1,13,hunt,2,2,-54.8192,hunt,2,2,-78.8257,False
10206,9,7,1,14,hunt,2,2,-89.9307,hunt,2,2,-89.7565,False
10207,9,7,1,15,wait,0,0,0.0,wait,0,0,0.0,False
10208,9,7,2,0,wait,2,2,-4.2947,wait,2,2,-4.8179,False
10209,9,7,2,1,wait,2,2,-5.2295,wait,2,2,-5.979,False
10210,9,7,2,2,wait,2,2,-4.9281,wait,2,2,-5.0355,False
10211,9,7,2,3,wait,2,2,-5.8798,wait,2,2,-7.7463,False
10212,9,7,2,4,wait,2,2,-7.3266,wait,2,2,-9.5221,False
10213,9,7,2,5,wait,2,2,-8.0107,wait,2,2,-10.7697,False
10214,9,7,2,6,wait,2,2,-9.8554,wait,2,2,-12.9792,False
10215,9,7,2,7,wait,2,2,-12.2182,wait,2,2,-17.4548,False
10216,9,7,2,8,wait,2,2,-14.1962,wait,2,2,-21.5849,False
10217,9,7,2,9,wait,2,2,-17.6492,wait,2,2,-27.0817,False
10218,9,7,2,10,wait,2,2,-20.8302,wait,2,2,-31.9837,False
10219,9,7,2,11,wait,2,2,-24.6032,wait,2,2,-39.0908,False
10220,9,7,2,12,wait,2,2,-28.3472,wait,2,2,-44.6112,False
10221,9,7,2,13,wait,2,2,-31.9538,wait,2,2,-50.5142,False
10222,9,7,2,14,wait,2,2,-87.3729,wait,2,2,-88.2788,False
10223,9,7,2,15,wait,0,0,0.0,wait,0,0,0.0,False
10224,9,7,3,0,hunt,2,2,5.1133,hunt,2,2,7.4191,False
10225,9,7,3,1,hunt,2,2,5.5438,hunt,2,2,7.7496,False
10226,9,7,3,2,wait,2,2,5.6472,wait,2,2,8.6972,False
10227,9,7,3,3,hunt,2,2,4.3108,wait,2,2,5.7196,True
10228,9,7,3,4,hunt,2,2,3.2547,wait,2,2,5.9691,True
10229,9,7,3,5,hunt,2,2,1.4283,wait,2,2,4.3676,True
10230,9,7,3,6,wait,2,2,1.8802,wait,2,2,1.2396,False
10231,9,7,3,7,wait,2,2,-1.1332,wait,2,2,-3.7793,False
10232,9,7,3,8,wait,2,2,-3.5893,wait,2,2,-7.2735,False
10233,9,7,3,9,wait,2,2,-6.1559,wait,2,2,-12.2193,False
10234,9,7,3,10,wait,2,2,-7.9514,wait,2,2,-14.8628,False
10235,9,7,3,11,wait,2,2,-11.6974,wait,2,2,-20.9055,False
10236,9,7,3,12,wait,2,2,-15.3298,expedition,0,0,-25.3014,True
10237,9,7,3,13,wait,2,2,-19.9571,expedition,0,0,-30.0677,True
10238,9,7,3,14,expedition,0,0,-28.6994,expedition,0,0,-28.5847,False
10239,9,7,3,15,wait,0,0,0.0,wait,0,0,0.0,False
10240,9,7,4,0,wait,2,2,13.5902,wait,2,2,18.1985,False
10241,9,7,4,1,wait,2,2,13.9971,wait,2,2,18.7134,False
10242,9,7,4,2,wait,2,2,14.8896,wait,2,2,20.4118,False
10243,9,7,4,3,wait,2,2,12.9688,wait,2,2,17.1306,False
10244,9,7,4,4,hunt,2,2,11.9755,hunt,2,2,15.5448,False
10245,9,7,4,5,wait,2,2,13.5696,wait,2,2,18.219,False
10246,9,7,4,6,hunt,2,2,8.3559,wait,2,2,12.6299,True
10247,9,7,4,7,wait,2,2,10.6826,wait,2,2,13.3904,False
10248,9,7,4,8,wait,2,2,8.7419,wait,2,2,9.2315,False
10249,9,7,4,9,wait,2,2,6.9614,wait,2,2,7.2168,False
10250,9,7,4,10,wait,2,2,4.1623,wait,2,2,1.971,False
10251,9,7,4,11,wait,2,2,1.3895,expedition,0,0,-1.5905,True
10252,9,7,4,12,expedition,0,0,1.5157,expedition,0,0,0.77,False
10253,9,7,4,13,expedition,0,0,1.4981,expedition,0,0,-0.1627,False
10254,9,7,4,14,expedition,0,0,2.8093,expedition,0,0,1.8948,False
10255,9,7,4,15,wait,0,0,0.0,wait,0,0,0.0,False
10256,9,7,5,0,hunt,1,1,14.1936,hunt,1,1,20.1453,False
10257,9,7,5,1,hunt,1,2,12.7073,expedition,0,0,20.8723,True
10258,9,7,5,2,hunt,2,2,12.644,expedition,0,0,19.6288,True
10259,9,7,5,3,expedition,0,0,24.2579,expedition,0,0,24.8931,False
10260,9,7,5,4,expedition,0,0,25.1484,expedition,0,0,26.1061,False
10261,9,7,5,5,expedition,0,0,25.7989,expedition,0,0,25.6923,False
10262,9,7,5,6,hunt,2,1,10.9333,expedition,0,0,18.2295,True
10263,9,7,5,7,expedition,0,0,25.3388,expedition,0,0,25.1894,False
10264,9,7,5,8,hunt,1,1,9.8158,expedition,0,0,20.3516,True
10265,9,7,5,9,expedition,0,0,24.736,expedition,0,0,24.5134,False
10266,9,7,5,10,expedition,0,0,24.845,expedition,0,0,25.6628,False
10267,9,7,5,11,expedition,0,0,23.7056,expedition,0,0,23.1715,False
10268,9,7,5,12,expedition,0,0,25.9235,expedition,0,0,26.6433,False
10269,9,7,5,13,expedition,0,0,24.792,expedition,0,0,24.8616,False
10270,9,7,5,14,expedition,0,0,24.43,expedition,0,0,24.2032,False
10271,9,7,5,15,wait,0,0,0.0,wait,0,0,0.0,False
10288,9,8,1,0,wait,2,2,-28.0539,wait,2,2,-32.347,False
10289,9,8,1,1,wait,2,2,-26.9327,wait,2,2,-32.7742,False
10290,9,8,1,2,wait,2,2,-27.374,wait,2,2,-31.5077,False
10291,9,8,1,3,wait,2,2,-27.7648,wait,2,2,-32.9731,False
10292,9,8,1,4,wait,2,2,-27.676,wait,2,2,-32.9773,False
10293,9,8,1,5,wait,2,2,-28.6249,wait,2,2,-34.3951,False
10294,9,8,1,6,wait,2,2,-30.0406,wait,2,2,-36.744,False
10295,9,8,1,7,wait,2,2,-30.873,wait,2,2,-38.3077,False
10296,9,8,1,8,wait,2,2,-33.2927,wait,2,2,-42.2246,False
10297,9,8,1,9,wait,2,2,-36.3573,wait,2,2,-47.6528,False
10298,9,8,1,10,wait,2,2,-38.7536,wait,2,2,-51.4899,False
10299,9,8,1,11,wait,2,2,-41.5963,wait,2,2,-56.0055,False
10300,9,8,1,12,wait,2,2,-46.689,wait,2,2,-64.7277,False
10301,9,8,1,13,hunt,2,2,-54.524,hunt,2,2,-77.4409,False
10302,9,8,1,14,hunt,2,2,-89.2962,hunt,2,2,-88.7302,False
10303,9,8,1,15,wait,0,0,0.0,wait,0,0,0.0,False
10304,9,8,2,0,wait,2,2,-2.3345,wait,2,2,-1.4221,False
10305,9,8,2,1,wait,2,2,-3.859,wait,2,2,-4.0258,False
10306,9,8,2,2,wait,2,2,-3.4615,wait,2,2,-3.2098,False
10307,9,8,2,3,wait,2,2,-4.6564,wait,2,2,-5.5005,False
10308,9,8,2,4,wait,2,2,-6.1969,wait,2,2,-8.4249,False
10309,9,8,2,5,wait,2,2,-7.735,wait,2,2,-10.1571,False
10310,9,8,2,6,wait,2,2,-8.9042,wait,2,2,-12.088,False
10311,9,8,2,7,wait,2,2,-10.8437,wait,2,2,-15.9003,False
10312,9,8,2,8,wait,2,2,-12.9202,wait,2,2,-19.5553,False
10313,9,8,2,9,wait,2,2,-17.0284,wait,2,2,-24.8978,False
10314,9,8,2,10,wait,2,2,-21.1419,wait,2,2,-32.0779,False
10315,9,8,2,11,wait,2,2,-23.8901,wait,2,2,-37.3691,False
10316,9,8,2,12,wait,2,2,-28.3241,wait,2,2,-44.8683,False
10317,9,8,2,13,wait,2,2,-31.4845,wait,2,2,-50.6931,False
10318,9,8,2,14,hunt,2,2,-87.4775,hunt,2,2,-87.1941,False
10319,9,8,2,15,wait,0,0,0.0,wait,0,0,0.0,False
10320,9,8,3,0,hunt,2,2,6.6683,hunt,2,2,9.8505,False
10321,9,8,3,1,hunt,2,2,6.1768,hunt,2,2,8.9391,False
10322,9,8,3,2,wait,2,2,6.5001,wait,2,2,9.9827,False
10323,9,8,3,3,hunt,2,2,5.4537,hunt,2,2,8.2777,False
10324,9,8,3,4,wait,2,2,5.6381,wait,2,2,8.5817,False
10325,9,8,3,5,wait,2,2,5.032,wait,2,2,7.0325,False
10326,9,8,3,6,wait,2,2,3.1431,wait,2,2,3.2638,False
10327,9,8,3,7,wait,2,2,0.0492,wait,2,2,-1.884,False
10328,9,8,3,8,wait,2,2,-2.7469,wait,2,2,-5.5313,False
10329,9,8,3,9,wait,2,2,-5.6072,wait,2,2,-10.5189,False
10330,9,8,3,10,wait,2,2,-6.9741,wait,2,2,-12.7073,False
10331,9,8,3,11,wait,2,2,-8.7136,wait,2,2,-16.6513,False
10332,9,8,3,12,wait,2,2,-12.2983,wait,2,2,-22.834,False
10333,9,8,3,13,wait,1,1,-19.1743,expedition,0,0,-24.9489,True
10334,9,8,3,14,expedition,0,0,-25.8548,expedition,0,0,-26.4349,False
10335,9,8,3,15,wait,0,0,0.0,wait,0,0,0.0,False
10336,9,8,4,0,wait,2,2,16.0212,wait,2,2,21.9249,False
10337,9,8,4,1,wait,2,2,15.9515,wait,2,2,21.639,False
10338,9,8,4,2,wait,2,2,15.0487,wait,2,2,20.6403,False
10339,9,8,4,3,expedition,0,0,4.087,wait,2,2,11.8696,True
10340,9,8,4,4,wait,2,2,13.3317,wait,2,2,17.2547,False
10341,9,8,4,5,wait,2,2,13.9867,wait,2,2,19.0837,False
10342,9,8,4,6,hunt,2,2,10.3257,hunt,2,2,12.8837,False
10343,9,8,4,7,expedition,0,0,4.4551,wait,2,2,10.8152,True
10344,9,8,4,8,hunt,2,2,7.9876,wait,2,2,9.8698,True
10345,9,8,4,9,expedition,0,0,5.9198,wait,2,2,8.6962,True
10346,9,8,4,10,wait,2,2,7.9235,wait,2,2,8.087,False
10347,9,8,4,11,wait,2,2,5.4695,expedition,0,0,6.4133,True
10348,9,8,4,12,expedition,0,0,4.139,expedition,0,0,5.5297,False
10349,9,8,4,13,expedition,0,0,4.5763,expedition,0,0,4.9288,False
10350,9,8,4,14,expedition,0,0,4.2824,expedition,0,0,4.3482,False
10351,9,8,4,15,wait,0,0,0.0,wait,0,0,0.0,False
10352,9,8,5,0,hunt,2,2,14.4457,hunt,2,2,19.8507,False
10353,9,8,5,1,hunt,1,1,14.8424,expedition,0,0,22.3319,True
10354,9,8,5,2,hunt,2,2,13.8364,expedition,0,0,21.0331,True
10355,9,8,5,3,wait,1,2,16.283,wait,1,2,23.1299,False
10356,9,8,5,4,expedition,0,0,27.4866,expedition,0,0,27.3626,False
10357,9,8,5,5,expedition,0,0,27.3954,expedition,0,0,27.2228,False
10358,9,8,5,6,expedition,0,0,26.5673,expedition,0,0,27.1234,False
10359,9,8,5,7,hunt,1,2,12.3059,expedition,0,0,23.1272,True
10360,9,8,5,8,hunt,1,2,11.1217,expedition,0,0,21.6457,True
10361,9,8,5,9,hunt,2,1,9.1913,expedition,0,0,21.1321,True
10362,9,8,5,10,hunt,1,1,10.8505,expedition,0,0,20.1048,True
10363,9,8,5,11,expedition,0,0,26.96,expedition,0,0,26.849,False
10364,9,8,5,12,expedition,0,0,26.5332,expedition,0,0,26.2892,False
10365,9,8,5,13,expedition,0,0,27.3185,expedition,0,0,26.4152,False
10366,9,8,5,14,expedition,0,0,28.342,expedition,0,0,28.9279,False
10367,9,8,5,15,wait,0,0,0.0,wait,0,0,0.0,False
10384,9,9,1,0,wait,2,2,-26.41,wait,2,2,-30.4623,False
10385,9,9,1,1,wait,2,2,-26.2263,wait,2,2,-31.4862,False
10386,9,9,1,2,wait,2,2,-27.2124,wait,2,2,-31.7934,False
10387,9,9,1,3,wait,2,2,-27.4198,wait,2,2,-32.9447,False
10388,9,9,1,4,wait,2,2,-27.9897,wait,2,2,-33.3379,False
10389,9,9,1,5,wait,2,2,-29.0363,wait,2,2,-34.302,False
10390,9,9,1,6,wait,2,2,-29.7242,wait,2,2,-35.5759,False
10391,9,9,1,7,wait,2,2,-31.1568,wait,2,2,-37.9032,False
10392,9,9,1,8,wait,2,2,-33.2214,wait,2,2,-42.3161,False
10393,9,9,1,9,wait,2,2,-35.8056,wait,2,2,-46.0037,False
10394,9,9,1,10,hunt,2,2,-39.1327,wait,2,2,-51.6109,True
10395,9,9,1,11,wait,2,2,-41.8886,hunt,2,2,-57.0124,True
10396,9,9,1,12,wait,2,2,-45.7607,wait,2,2,-62.4553,False
10397,9,9,1,13,hunt,2,2,-53.8749,hunt,2,2,-76.8869,False
10398,9,9,1,14,hunt,2,2,-89.0825,hunt,2,2,-89.048,False
10399,9,9,1,15,wait,0,0,0.0,wait,0,0,0.0,False
10400,9,9,2,0,wait,2,2,-2.2791,wait,2,2,-1.8669,False
10401,9,9,2,1,hunt,2,2,-3.3302,wait,2,2,-3.3532,True
10402,9,9,2,2,wait,2,2,-2.4849,wait,2,2,-1.669,False
10403,9,9,2,3,wait,2,2,-3.7461,wait,2,2,-3.3442,False
10404,9,9,2,4,wait,2,2,-5.7142,wait,2,2,-7.5979,False
10405,9,9,2,5,wait,2,2,-7.1706,wait,2,2,-8.4755,False
10406,9,9,2,6,wait,2,2,-8.4421,wait,2,2,-11.8875,False
10407,9,9,2,7,wait,2,2,-10.4271,wait,2,2,-14.7133,False
10408,9,9,2,8,wait,2,2,-13.5785,wait,2,2,-19.3602,False
10409,9,9,2,9,wait,2,2,-15.7967,wait,2,2,-23.9549,False
10410,9,9,2,10,wait,2,2,-19.015,wait,2,2,-28.7465,False
10411,9,9,2,11,wait,2,2,-18.973,wait,2,2,-28.6978,False
10412,9,9,2,12,wait,2,2,-19.849,wait,2,2,-30.6664,False
10413,9,9,2,13,wait,2,2,-19.6995,wait,2,2,-29.8974,False
10414,9,9,2,14,wait,2,2,-87.6933,wait,2,2,-87.9713,False
10415,9,9,2,15,wait,0,0,0.0,wait,0,0,0.0,False
10416,9,9,3,0,wait,2,2,8.577,wait,2,2,12.8865,False
10417,9,9,3,1,wait,2,2,8.3603,wait,2,2,12.7241,False
10418,9,9,3,2,wait,2,2,7.2077,wait,2,2,10.8156,False
10419,9,9,3,3,wait,2,2,7.4841,wait,2,2,10.666,False
10420,9,9,3,4,hunt,2,2,5.841,hunt,2,2,8.658,False
10421,9,9,3,5,wait,2,2,4.9161,wait,2,2,6.8119,False
10422,9,9,3,6,wait,2,2,4.7185,wait,2,2,6.6305,False
10423,9,9,3,7,wait,2,2,1.8192,wait,2,2,1.338,False
10424,9,9,3,8,wait,2,2,-0.2619,wait,2,2,-1.3211,False
10425,9,9,3,9,wait,2,2,-0.1764,wait,2,2,-2.1892,False
10426,9,9,3,10,wait,2,2,0.6914,wait,2,2,-0.1159,False
10427,9,9,3,11,wait,2,2,0.4714,wait,2,2,-1.1102,False
10428,9,9,3,12,wait,2,2,0.598,wait,2,2,-0.1843,False
10429,9,9,3,13,wait,2,2,0.5552,wait,2,2,-1.1009,False
10430,9,9,3,14,expedition,0,0,-23.2225,expedition,0,0,-23.2034,False
10431,9,9,3,15,wait,0,0,0.0,wait,0,0,0.0,False
10432,9,9,4,0,hunt,2,2,14.4327,hunt,2,2,19.3712,False
10433,9,9,4,1,wait,2,2,16.4492,wait,2,2,23.0331,False
10434,9,9,4,2,wait,2,2,17.7656,wait,2,2,24.9526,False
10435,9,9,4,3,expedition,0,0,6.5312,wait,2,2,12.5458,True
10436,9,9,4,4,expedition,0,0,7.3322,hunt,2,2,14.0963,True
10437,9,9,4,5,wait,2,2,17.6098,wait,2,2,24.2323,False
10438,9,9,4,6,wait,2,2,17.2532,wait,2,2,23.9356,False
10439,9,9,4,7,hunt,2,2,11.7835,wait,2,2,17.5727,True
10440,9,9,4,8,expedition,0,0,6.0171,wait,2,2,16.0636,True
10441,9,9,4,9,wait,2,2,17.5979,wait,2,2,25.184,False
10442,9,9,4,10,expedition,0,0,6.0784,wait,2,2,16.1157,True
10443,9,9,4,11,expedition,0,0,6.9286,wait,2,2,17.8563,True
10444,9,9,4,12,wait,2,2,17.2087,wait,2,2,25.1862,False
10445,9,9,4,13,expedition,0,0,8.2643,wait,2,2,16.8109,True
10446,9,9,4,14,expedition,0,0,7.3216,expedition,0,0,7.4613,False
10447,9,9,4,15,wait,0,0,0.0,wait,0,0,0.0,False
10448,9,9,5,0,expedition,0,0,28.8686,expedition,0,0,27.8559,False
10449,9,9,5,1,expedition,0,0,29.9673,expedition,0,0,29.7716,False
10450,9,9,5,2,expedition,0,0,29.5551,expedition,0,0,29.2001,False
10451,9,9,5,3,hunt,2,1,15.5272,hunt,2,1,21.9157,False
10452,9,9,5,4,hunt,2,1,15.1696,hunt,2,1,21.2949,False
10453,9,9,5,5,expedition,0,0,28.4925,expedition,0,0,27.8921,False
10454,9,9,5,6,wait,2,1,15.5687,expedition,0,0,22.5981,True
10455,9,9,5,7,wait,2,2,17.9606,wait,2,2,24.4614,False
10456,9,9,5,8,hunt,1,2,13.2109,expedition,0,0,22.1184,True
10457,9,9,5,9,hunt,1,1,16.5912,expedition,0,0,26.3,True
10458,9,9,5,10,hunt,1,1,17.6268,hunt,1,1,26.4319,False
10459,9,9,5,11,expedition,0,0,29.4345,expedition,0,0,31.1405,False
10460,9,9,5,12,expedition,0,0,29.2498,expedition,0,0,28.5125,False
10461,9,9,5,13,hunt,1,1,18.0992,hunt,1,1,27.1807,False
10462,9,9,5,14,expedition,0,0,29.3696,expedition,0,0,30.0849,False
10463,9,9,5,15,wait,0,0,0.0,wait,0,0,0.0,False
10480,9,10,1,0,wait,2,2,-26.7192,wait,2,2,-31.2037,False
10481,9,10,1,1,wait,2,2,-26.2092,wait,2,2,-31.4076,False
10482,9,10,1,2,wait,2,2,-27.1762,wait,2,2,-31.5571,False
10483,9,10,1,3,wait,2,2,-27.6073,wait,2,2,-32.2584,False
10484,9,10,1,4,wait,2,2,-27.4678,wait,2,2,-31.9779,False
10485,9,10,1,5,wait,2,2,-28.3295,wait,2,2,-34.4123,False
10486,9,10,1,6,wait,2,2,-29.1207,wait,2,2,-37.0295,False
10487,9,10,1,7,wait,2,2,-31.3242,wait,2,2,-39.472,False
10488,9,10,1,8,wait,2,2,-32.2571,wait,2,2,-39.7694,False
10489,9,10,1,9,wait,2,2,-35.3158,wait,2,2,-45.9984,False
10490,9,10,1,10,wait,2,2,-37.6633,wait,2,2,-48.7073,False
10491,9,10,1,11,wait,2,2,-40.3498,wait,2,2,-54.3399,False
10492,9,10,1,12,wait,2,2,-44.437,wait,2,2,-61.2174,False
10493,9,10,1,13,hunt,2,2,-54.7191,hunt,2,2,-77.176,False
10494,9,10,1,14,wait,2,2,-90.0828,wait,2,2,-90.3906,False
10495,9,10,1,15,wait,0,0,0.0,wait,0,0,0.0,False
10496,9,10,2,0,wait,2,2,-2.3648,wait,2,2,-1.2402,False
10497,9,10,2,1,wait,2,2,-2.2176,wait,2,2,-1.2928,False
10498,9,10,2,2,wait,2,2,-2.3487,wait,2,2,-1.1237,False
10499,9,10,2,3,wait,2,2,-4.3109,wait,2,2,-5.1446,False
10500,9,10,2,4,wait,2,2,-4.7062,wait,2,2,-6.3464,False
10501,9,10,2,5,wait,2,2,-6.0806,wait,2,2,-7.9488,False
10502,9,10,2,6,wait,2,2,-8.1348,wait,2,2,-11.9091,False
10503,9,10,2,7,wait,2,2,-10.2025,wait,2,2,-14.7433,False
10504,9,10,2,8,wait,2,2,-11.836,wait,2,2,-18.1679,False
10505,9,10,2,9,wait,2,2,-14.6704,wait,2,2,-22.5065,False
10506,9,10,2,10,wait,2,2,-17.0385,wait,2,2,-26.2435,False
10507,9,10,2,11,wait,2,2,-18.7509,wait,2,2,-28.8897,False
10508,9,10,2,12,wait,2,2,-19.2182,wait,2,2,-29.7206,False
10509,9,10,2,13,wait,2,2,-18.8549,wait,2,2,-30.1696,False
10510,9,10,2,14,wait,2,2,-87.2897,wait,2,2,-86.7038,False
10511,9,10,2,15,wait,0,0,0.0,wait,0,0,0.0,False
10512,9,10,3,0,hunt,2,2,7.8712,hunt,2,2,12.8424,False
10513,9,10,3,1,hunt,2,2,7.5871,hunt,2,2,11.6566,False
10514,9,10,3,2,wait,2,2,6.5288,wait,2,2,9.4741,False
10515,9,10,3,3,wait,2,2,8.1596,wait,2,2,12.8673,False
10516,9,10,3,4,wait,2,2,7.6844,wait,2,2,12.1446,False
10517,9,10,3,5,hunt,2,2,3.8607,wait,2,2,7.1598,True
10518,9,10,3,6,hunt,2,2,2.1213,wait,2,2,6.3322,True
10519,9,10,3,7,wait,2,2,2.7965,wait,2,2,2.8512,False
10520,9,10,3,8,wait,2,2,0.6814,wait,2,2,0.0252,False
10521,9,10,3,9,wait,2,2,-0.6057,wait,2,2,-2.2877,False
10522,9,10,3,10,wait,2,2,0.8281,wait,2,2,0.284,False
10523,9,10,3,11,wait,2,2,1.1577,wait,2,2,-0.2016,False
10524,9,10,3,12,wait,2,2,1.1569,wait,2,2,0.0692,False
10525,9,10,3,13,wait,2,2,0.7461,wait,2,2,-1.1191,False
10526,9,10,3,14,expedition,0,0,-21.557,expedition,0,0,-21.0114,False
10527,9,10,3,15,wait,0,0,0.0,wait,0,0,0.0,False
10528,9,10,4,0,wait,2,2,18.3392,wait,2,2,25.4248,False
10529,9,10,4,1,wait,2,2,17.1499,wait,2,2,23.7204,False
10530,9,10,4,2,expedition,0,0,6.2179,wait,2,2,18.1295,True
10531,9,10,4,3,hunt,2,2,14.577,hunt,2,2,19.7981,False
10532,9,10,4,4,hunt,2,2,16.228,hunt,2,2,22.4788,False
10533,9,10,4,5,wait,1,1,6.8285,wait,2,2,17.5097,True
10534,9,10,4,6,hunt,2,2,12.9551,wait,2,2,17.7781,True
10535,9,10,4,7,expedition,0,0,7.1674,wait,2,2,14.0203,True
10536,9,10,4,8,wait,2,2,17.2213,wait,2,2,24.185,False
10537,9,10,4,9,hunt,2,2,12.7536,wait,2,2,16.2403,True
10538,9,10,4,10,hunt,2,2,11.4494,hunt,2,2,15.2083,False
10539,9,10,4,11,expedition,0,0,8.2506,wait,2,2,17.2181,True
10540,9,10,4,12,hunt,2,2,6.3576,wait,2,2,17.8612,True
10541,9,10,4,13,expedition,0,0,6.8883,wait,2,2,16.2984,True
10542,9,10,4,14,expedition,0,0,6.1321,expedition,0,0,5.7855,False
10543,9,10,4,15,wait,0,0,0.0,wait,0,0,0.0,False
10544,9,10,5,0,expedition,0,0,28.8017,expedition,0,0,27.9458,False
10545,9,10,5,1,hunt,2,2,15.525,expedition,0,0,23.2319,True
10546,9,10,5,2,expedition,0,0,29.6195,expedition,0,0,30.1399,False
10547,9,10,5,3,hunt,2,1,16.6847,hunt,2,1,23.4467,False
10548,9,10,5,4,expedition,0,0,29.256,expedition,0,0,29.7782,False
10549,9,10,5,5,expedition,0,0,29.325,expedition,0,0,29.2095,False
10550,9,10,5,6,expedition,0,0,30.2637,expedition,0,0,31.0174,False
10551,9,10,5,7,wait,2,1,15.9409,wait,2,1,22.1196,False
10552,9,10,5,8,hunt,1,2,18.124,hunt,1,2,26.4879,False
10553,9,10,5,9,expedition,0,0,28.4576,expedition,0,0,27.8068,False
10554,9,10,5,10,expedition,0,0,29.4815,expedition,0,0,29.2813,False
10555,9,10,5,11,hunt,2,2,11.2577,expedition,0,0,23.357,True
10556,9,10,5,12,expedition,0,0,28.0788,expedition,0,0,27.8592,False
10557,9,10,5,13,expedition,0,0,28.9594,expedition,0,0,29.2508,False
10558,9,10,5,14,expedition,0,0,29.2967,expedition,0,0,28.617,False
10559,9,10,5,15,wait,0,0,0.0,wait,0,0,0.0,False
10576,10,0,1,0,wait,2,0,-98.8924,wait,2,0,-98.8985,False
10577,10,0,1,1,wait,2,0,-98.8924,wait,2,0,-98.8985,False
10578,10,0,1,2,wait,2,0,-98.8924,wait,2,0,-98.8985,False
10579,10,0,1,3,wait,2,0,-98.8924,wait,2,0,-98.8985,False
10580,10,0,1,4,wait,2,0,-98.8924,wait,2,0,-98.8985,False
10581,10,0,1,5,wait,2,0,-98.8924,wait,2,0,-98.8985,False
10582,10,0,1,6,wait,2,0,-98.8924,wait,2,0,-98.8985,False
10583,10,0,1,7,wait,2,0,-98.8924,wait,2,0,-98.8985,False
10584,10,0,1,8,wait,2,0,-98.8924,wait,2,0,-98.8985,False
10585,10,0,1,9,wait,2,0,-98.8924,wait,2,0,-98.8985,False
10586,10,0,1,10,wait,2,0,-98.8924,wait,2,0,-98.8985,False
10587,10,0,1,11,wait,2,0,-98.8924,wait,2,0,-98.8985,False
10588,10,0,1,12,wait,2,0,-98.8924,wait,2,0,-98.8985,False
10589,10,0,1,13,wait,2,0,-98.8924,wait,2,0,-98.8985,False
10590,10,0,1,14,wait,2,0,-98.8924,wait,2,0,-98.8985,False
10591,10,0,1,15,wait,0,0,0.0,wait,0,0,0.0,False
10592,10,0,2,0,wait,2,0,-68.0914,wait,1,0,-81.7454,True
10593,10,0,2,1,wait,2,0,-67.6561,wait,2,0,-80.9993,False
10594,10,0,2,2,wait,2,0,-68.1115,wait,2,0,-81.9441,False
10595,10,0,2,3,wait,1,0,-68.5422,wait,2,0,-81.9167,True
10596,10,0,2,4,wait,2,0,-68.0576,wait,2,0,-81.6826,False
10597,10,0,2,5,wait,2,0,-67.9012,wait,2,0,-81.507,False
10598,10,0,2,6,wait,1,0,-67.9733,wait,1,0,-81.7901,False
10599,10,0,2,7,wait,2,0,-68.5457,wait,1,0,-82.3727,True
10600,10,0,2,8,wait,1,0,-68.2223,wait,1,0,-82.441,False
10601,10,0,2,9,wait,2,0,-68.8171,wait,2,0,-82.756,False
10602,10,0,2,10,wait,2,0,-68.8958,wait,2,0,-82.625,False
10603,10,0,2,11,wait,1,0,-69.4134,wait,1,0,-84.4853,False
10604,10,0,2,12,wait,2,0,-71.3452,wait,2,0,-86.8819,False
10605,10,0,2,13,wait,2,0,-72.225,wait,2,0,-88.8111,False
10606,10,0,2,14,wait,2,0,-93.4405,wait,2,0,-93.7254,False
10607,10,0,2,15,wait,0,0,0.0,wait,0,0,0.0,False
10608,10,0,3,0,wait,2,0,-44.9369,wait,1,0,-60.1633,True
10609,10,0,3,1,wait,2,0,-44.7615,wait,2,0,-60.2552,False
10610,10,0,3,2,wait,1,0,-43.7851,wait,1,0,-58.9451,False
10611,10,0,3,3,wait,1,0,-44.943,wait,1,0,-60.1679,False
10612,10,0,3,4,wait,1,0,-44.7706,wait,1,0,-60.399,False
10613,10,0,3,5,wait,1,0,-45.1005,wait,2,0,-60.188,True
10614,10,0,3,6,wait,2,0,-44.7957,wait,1,0,-61.5569,True
10615,10,0,3,7,wait,2,0,-45.2091,wait,2,0,-62.2404,False
10616,10,0,3,8,wait,2,0,-46.1654,wait,2,0,-63.1216,False
10617,10,0,3,9,wait,1,0,-48.2279,wait,2,0,-65.542,True
10618,10,0,3,10,wait,2,0,-48.7012,wait,2,0,-66.5076,False
10619,10,0,3,11,wait,2,0,-50.891,wait,2,0,-70.6668,False
10620,10,0,3,12,wait,2,0,-53.75,wait,2,0,-74.8132,False
10621,10,0,3,13,wait,2,0,-57.4478,wait,2,0,-81.389,False
10622,10,0,3,14,wait,2,0,-90.5396,wait,2,0,-90.4458,False
10623,10,0,3,15,wait,0,0,0.0,wait,0,0,0.0,False
10624,10,0,4,0,wait,1,0,-23.4586,wait,1,0,-35.2954,False
10625,10,0,4,1,wait,1,0,-23.6535,wait,1,0,-35.001,False
10626,10,0,4,2,wait,1,0,-23.5093,wait,1,0,-35.3137,False
10627,10,0,4,3,wait,1,0,-24.1564,wait,1,0,-36.2032,False
10628,10,0,4,4,wait,1,0,-24.5701,wait,1,0,-36.4996,False
10629,10,0,4,5,wait,1,0,-25.0409,wait,1,0,-37.9155,False
10630,10,0,4,6,wait,1,0,-25.9433,wait,1,0,-38.9288,False
10631,10,0,4,7,wait,1,0,-26.955,wait,1,0,-40.9318,False
10632,10,0,4,8,wait,2,0,-28.5558,wait,2,0,-44.5039,False
10633,10,0,4,9,wait,2,0,-30.7708,wait,2,0,-47.2506,False
10634,10,0,4,10,wait,2,0,-33.5813,wait,2,0,-51.881,False
10635,10,0,4,11,wait,2,0,-37.1088,wait,2,0,-57.9559,False
10636,10,0,4,12,wait,2,0,-41.7824,wait,1,0,-65.7722,True
10637,10,0,4,13,wait,1,0,-48.0258,wait,2,0,-76.0376,True
10638,10,0,4,14,wait,2,0,-88.9963,wait,1,0,-89.2684,True
10639,10,0,4,15,wait,0,0,0.0,wait,0,0,0.0,False
10640,10,0,5,0,wait,1,0,-9.838,wait,1,0,-16.5051,False
10641,10,0,5,1,wait,1,0,-10.1219,wait,1,0,-16.4023,False
10642,10,0,5,2,wait,1,0,-10.4126,wait,1,0,-16.7714,False
10643,10,0,5,3,wait,1,0,-10.6889,wait,1,0,-17.5813,False
10644,10,0,5,4,wait,2,0,-11.9346,wait,1,0,-19.6764,True
10645,10,0,5,5,wait,1,0,-12.4627,wait,1,0,-20.2682,False
10646,10,0,5,6,wait,2,0,-13.898,wait,2,0,-23.0131,False
10647,10,0,5,7,wait,2,0,-16.0617,wait,1,0,-26.169,True
10648,10,0,5,8,wait,2,0,-17.8518,wait,2,0,-30.0283,False
10649,10,0,5,9,wait,2,0,-20.8774,wait,2,0,-34.7269,False
10650,10,0,5,10,wait,2,0,-25.0625,wait,2,0,-42.3733,False
10651,10,0,5,11,wait,2,0,-29.6272,wait,2,0,-50.1576,False
10652,10,0,5,12,wait,1,0,-36.9416,wait,1,0,-61.7312,False
10653,10,0,5,13,wait,2,0,-43.8574,wait,2,0,-73.3942,False
10654,10,0,5,14,wait,2,0,-88.1638,wait,2,0,-88.8353,False
10655,10,0,5,15,wait,0,0,0.0,wait,0,0,0.0,False
10672,10,1,1,0,wait,2,1,-67.0042,wait,2,1,-80.5098,False
10673,10,1,1,1,wait,2,1,-67.8362,wait,2,1,-81.3864,False
10674,10,1,1,2,wait,2,1,-67.6052,wait,2,1,-81.8804,False
10675,10,1,1,3,wait,2,1,-67.3482,wait,2,1,-80.7432,False
10676,10,1,1,4,wait,2,1,-67.8387,wait,2,1,-81.9332,False
10677,10,1,1,5,wait,2,1,-67.4318,wait,1,1,-81.7483,True
10678,10,1,1,6,wait,2,1,-67.4754,wait,1,1,-81.432,True
10679,10,1,1,7,wait,2,1,-67.9734,wait,2,1,-81.8446,False
10680,10,1,1,8,wait,1,1,-66.7441,wait,1,1,-80.9298,False
10681,10,1,1,9,wait,2,1,-67.8419,wait,2,1,-81.7768,False
10682,10,1,1,10,wait,2,1,-69.01,wait,2,1,-83.1955,False
10683,10,1,1,11,wait,2,1,-69.2644,wait,2,1,-84.7961,False
10684,10,1,1,12,wait,1,1,-70.5755,wait,2,1,-86.2723,True
10685,10,1,1,13,wait,2,1,-71.7952,wait,2,1,-87.686,False
10686,10,1,1,14,wait,2,1,-92.9585,wait,2,1,-92.6961,False
10687,10,1,1,15,wait,0,0,0.0,wait,0,0,0.0,False
10688,10,1,2,0,wait,1,1,-43.173,wait,1,1,-58.3406,False
10689,10,1,2,1,wait,1,1,-43.6394,wait,1,1,-59.143,False
10690,10,1,2,2,wait,2,1,-44.3754,wait,2,1,-60.7649,False
10691,10,1,2,3,wait,1,1,-44.0263,wait,1,1,-58.8159,False
10692,10,1,2,4,wait,1,1,-44.0522,wait,1,1,-59.4721,False
10693,10,1,2,5,wait,1,1,-43.8662,wait,1,1,-58.6921,False
10694,10,1,2,6,wait,1,1,-43.2349,wait,1,1,-58.8502,False
10695,10,1,2,7,wait,2,1,-44.4862,wait,2,1,-60.2925,False
10696,10,1,2,8,wait,2,1,-45.411,wait,2,1,-62.822,False
10697,10,1,2,9,wait,2,1,-46.5926,wait,2,1,-64.3204,False
10698,10,1,2,10,wait,2,1,-48.1572,wait,2,1,-65.6932,False
10699,10,1,2,11,wait,1,1,-50.6323,wait,1,1,-70.3962,False
10700,10,1,2,12,wait,2,1,-52.8759,wait,2,1,-74.5545,False
10701,10,1,2,13,wait,2,1,-56.1228,wait,2,1,-79.4627,False
10702,10,1,2,14,wait,2,1,-90.2752,wait,2,1,-90.177,False
10703,10,1,2,15,wait,0,0,0.0,wait,0,0,0.0,False
10704,10,1,3,0,wait,1,1,-23.17,wait,1,1,-34.6606,False
10705,10,1,3,1,wait,1,1,-22.9516,wait,1,1,-35.8363,False
10706,10,1,3,2,wait,1,1,-23.8914,wait,1,1,-35.9927,False
10707,10,1,3,3,wait,1,1,-23.4541,wait,1,1,-35.3463,False
10708,10,1,3,4,wait,1,1,-23.3589,wait,1,1,-35.9271,False
10709,10,1,3,5,wait,1,1,-24.3502,wait,1,1,-37.9668,False
10710,10,1,3,6,wait,1,1,-25.1934,wait,1,1,-37.988,False
10711,10,1,3,7,wait,2,1,-26.054,wait,2,1,-40.0232,False
10712,10,1,3,8,wait,2,1,-27.2894,wait,2,1,-43.1197,False
10713,10,1,3,9,wait,2,1,-29.9155,wait,2,1,-46.5108,False
10714,10,1,3,10,wait,2,1,-32.8724,wait,2,1,-51.2785,False
10715,10,1,3,11,wait,2,1,-36.0956,wait,2,1,-56.9421,False
10716,10,1,3,12,wait,2,1,-40.3063,wait,2,1,-64.1154,False
10717,10,1,3,13,wait,2,1,-46.7797,wait,2,1,-75.3743,False
10718,10,1,3,14,wait,2,1,-88.1158,wait,2,1,-88.1284,False
10719,10,1,3,15,wait,0,0,0.0,wait,0,0,0.0,False
10720,10,1,4,0,wait,1,1,-8.967,wait,1,1,-15.7332,False
10721,10,1,4,1,wait,1,1,-9.1186,wait,1,1,-15.8836,False
10722,10,1,4,2,wait,1,1,-8.829,wait,1,1,-14.8512,False
10723,10,1,4,3,wait,1,1,-9.6607,wait,1,1,-15.8478,False
10724,10,1,4,4,wait,1,1,-10.3149,wait,1,1,-18.0486,False
10725,10,1,4,5,wait,1,1,-11.3704,wait,1,1,-18.6749,False
10726,10,1,4,6,wait,1,1,-12.9599,wait,1,1,-22.6819,False
10727,10,1,4,7,wait,2,1,-15.0476,wait,2,1,-25.8835,False
10728,10,1,4,8,wait,2,1,-16.6205,wait,2,1,-28.712,False
10729,10,1,4,9,wait,1,1,-20.4961,wait,1,1,-34.5257,False
10730,10,1,4,10,wait,2,1,-24.0515,wait,2,1,-40.5949,False
10731,10,1,4,11,wait,2,1,-29.2859,wait,2,1,-49.2435,False
10732,10,1,4,12,wait,2,1,-34.7716,wait,2,1,-58.3567,False
10733,10,1,4,13,wait,2,1,-42.8686,wait,2,1,-72.4599,False
10734,10,1,4,14,wait,2,1,-87.2903,wait,2,1,-87.581,False
10735,10,1,4,15,wait,0,0,0.0,wait,0,0,0.0,False
10736,10,1,5,0,wait,1,1,2.4954,wait,1,1,0.0878,False
10737,10,1,5,1,wait,1,1,1.8645,wait,1,1,0.0046,False
10738,10,1,5,2,wait,1,1,1.6914,wait,1,1,-0.3598,False
10739,10,1,5,3,wait,1,1,1.4027,wait,1,1,-1.036,False
10740,10,1,5,4,wait,1,1,0.9648,wait,1,1,-1.7512,False
10741,10,1,5,5,wait,1,1,-0.7911,wait,1,1,-4.7353,False
10742,10,1,5,6,wait,2,1,-3.554,wait,1,1,-9.941,True
10743,10,1,5,7,wait,2,1,-6.1104,wait,2,1,-14.0159,False
10744,10,1,5,8,wait,1,1,-8.5834,wait,1,1,-18.1477,False
10745,10,1,5,9,wait,1,1,-12.9688,wait,1,1,-24.8132,False
10746,10,1,5,10,wait,1,1,-17.4856,wait,1,1,-32.9414,False
10747,10,1,5,11,wait,1,1,-23.1363,wait,1,1,-41.8485,False
10748,10,1,5,12,wait,2,1,-31.0381,wait,2,1,-55.8193,False
10749,10,1,5,13,wait,2,1,-39.7372,wait,2,1,-69.9614,False
10750,10,1,5,14,wait,2,1,-85.9743,wait,2,1,-86.0592,False
10751,10,1,5,15,wait,0,0,0.0,wait,0,0,0.0,False
10768,10,2,1,0,wait,2,2,-42.9835,wait,2,2,-59.0133,False
10769,10,2,1,1,wait,2,2,-44.0366,wait,2,2,-60.0448,False
10770,10,2,1,2,wait,2,2,-44.0691,wait,2,2,-59.799,False
10771,10,2,1,3,wait,2,2,-43.5818,wait,2,2,-59.9066,False
10772,10,2,1,4,wait,2,2,-43.7489,wait,2,2,-59.302,False
10773,10,2,1,5,wait,2,2,-43.884,wait,2,2,-60.8399,False
10774,10,2,1,6,wait,2,2,-43.8782,wait,2,2,-60.0945,False
10775,10,2,1,7,wait,2,2,-44.1075,wait,2,2,-60.0416,False
10776,10,2,1,8,wait,2,2,-45.3162,wait,2,2,-62.6558,False
10777,10,2,1,9,wait,2,2,-45.7229,wait,2,2,-63.4633,False
10778,10,2,1,10,wait,2,2,-47.9233,wait,2,2,-66.4919,False
10779,10,2,1,11,wait,2,2,-49.8784,wait,2,2,-69.8667,False
10780,10,2,1,12,wait,2,2,-52.2236,wait,2,2,-73.4726,False
10781,10,2,1,13,wait,2,2,-55.6988,wait,2,2,-80.1642,False
10782,10,2,1,14,wait,2,2,-89.6587,wait,2,2,-89.8518,False
10783,10,2,1,15,wait,0,0,0.0,wait,0,0,0.0,False
10784,10,2,2,0,wait,2,2,-22.4305,wait,2,2,-34.2583,False
10785,10,2,2,1,wait,2,2,-23.2655,wait,2,2,-36.9483,False
10786,10,2,2,2,wait,2,2,-23.6269,wait,2,2,-36.3118,False
10787,10,2,2,3,wait,2,2,-22.5992,wait,2,2,-34.9875,False
10788,10,2,2,4,wait,2,2,-24.1085,wait,2,2,-37.553,False
10789,10,2,2,5,wait,2,2,-24.4012,wait,2,2,-38.188,False
10790,10,2,2,6,wait,2,2,-24.5056,wait,2,2,-37.9695,False
10791,10,2,2,7,wait,2,2,-25.8719,wait,2,2,-39.9005,False
10792,10,2,2,8,wait,2,2,-26.9983,wait,2,2,-42.3013,False
10793,10,2,2,9,wait,2,2,-28.9588,wait,2,2,-45.9851,False
10794,10,2,2,10,wait,2,2,-31.2266,wait,2,2,-49.5015,False
10795,10,2,2,11,wait,2,2,-35.2222,wait,2,2,-55.9805,False
10796,10,2,2,12,wait,2,2,-39.9943,wait,2,2,-64.1133,False
10797,10,2,2,13,wait,2,2,-46.3403,wait,2,2,-74.6079,False
10798,10,2,2,14,wait,2,2,-87.8956,wait,2,2,-87.041,False
10799,10,2,2,15,wait,0,0,0.0,wait,0,0,0.0,False
10800,10,2,3,0,wait,2,2,-8.4974,wait,2,2,-15.0183,False
10801,10,2,3,1,wait,2,2,-8.9765,wait,2,2,-16.6084,False
10802,10,2,3,2,wait,2,2,-9.5317,wait,2,2,-16.0706,False
10803,10,2,3,3,wait,2,2,-9.4323,wait,2,2,-17.1727,False
10804,10,2,3,4,wait,2,2,-10.2606,wait,2,2,-17.7295,False
10805,10,2,3,5,wait,2,2,-10.7214,wait,2,2,-19.6177,False
10806,10,2,3,6,wait,2,2,-12.6657,wait,2,2,-21.5124,False
10807,10,2,3,7,wait,2,2,-13.9464,wait,2,2,-24.6835,False
10808,10,2,3,8,wait,2,2,-16.9446,wait,2,2,-29.8508,False
10809,10,2,3,9,wait,2,2,-19.7988,wait,2,2,-33.7789,False
10810,10,2,3,10,wait,2,2,-23.2826,wait,2,2,-40.3614,False
10811,10,2,3,11,wait,2,2,-28.9142,wait,2,2,-49.2176,False
10812,10,2,3,12,wait,2,2,-34.6359,wait,2,2,-58.6529,False
10813,10,2,3,13,wait,2,2,-41.8455,wait,2,2,-70.953,False
10814,10,2,3,14,wait,2,2,-85.7335,wait,2,2,-85.0719,False
10815,10,2,3,15,wait,0,0,0.0,wait,0,0,0.0,False
10816,10,2,4,0,wait,2,2,2.4737,wait,2,2,-0.2536,False
10817,10,2,4,1,wait,2,2,2.3249,wait,2,2,-1.0866,False
10818,10,2,4,2,wait,2,2,2.1299,wait,2,2,-0.9086,False
10819,10,2,4,3,wait,2,2,1.5241,wait,2,2,-2.1043,False
10820,10,2,4,4,wait,2,2,0.6619,wait,2,2,-3.3665,False
10821,10,2,4,5,wait,2,2,-0.8125,wait,2,2,-6.0301,False
10822,10,2,4,6,wait,2,2,-3.0233,wait,2,2,-9.6632,False
10823,10,2,4,7,wait,2,2,-5.0678,wait,2,2,-13.5996,False
10824,10,2,4,8,wait,2,2,-8.3224,wait,2,2,-18.116,False
10825,10,2,4,9,wait,2,2,-12.2362,wait,2,2,-24.6849,False
10826,10,2,4,10,wait,2,2,-17.1509,wait,2,2,-33.568,False
10827,10,2,4,11,wait,2,2,-23.0223,wait,2,2,-43.4264,False
10828,10,2,4,12,wait,2,2,-30.0317,wait,2,2,-54.358,False
10829,10,2,4,13,wait,2,2,-38.784,wait,2,2,-69.4175,False
10830,10,2,4,14,wait,2,2,-85.4985,wait,2,2,-85.9546,False
10831,10,2,4,15,wait,0,0,0.0,wait,0,0,0.0,False
10832,10,2,5,0,wait,1,2,3.5764,wait,1,1,7.4191,True
10833,10,2,5,1,wait,2,1,7.0525,wait,2,1,7.8086,False
10834,10,2,5,2,wait,2,1,6.6575,wait,2,1,7.1901,False
10835,10,2,5,3,wait,2,1,5.758,wait,1,1,7.4763,True
10836,10,2,5,4,wait,2,1,4.772,wait,1,1,5.1308,True
10837,10,2,5,5,wait,2,1,3.2175,wait,1,1,3.5678,True
10838,10,2,5,6,wait,1,1,1.1999,wait,1,1,-1.4803,False
10839,10,2,5,7,wait,1,1,-1.2457,wait,1,1,-5.9261,False
10840,10,2,5,8,wait,1,1,-4.7513,wait,1,1,-11.4224,False
10841,10,2,5,9,wait,1,1,-9.0361,wait,1,1,-18.978,False
10842,10,2,5,10,wait,1,1,-14.1194,wait,1,1,-27.6701,False
10843,10,2,5,11,wait,1,1,-20.4871,wait,1,1,-36.5869,False
10844,10,2,5,12,wait,2,1,-28.744,wait,2,1,-51.7185,False
10845,10,2,5,13,wait,2,1,-38.9089,wait,2,1,-68.9984,False
10846,10,2,5,14,wait,2,2,-85.7941,wait,2,2,-85.9654,False
10847,10,2,5,15,wait,0,0,0.0,wait,0,0,0.0,False
10864,10,3,1,0,wait,2,2,-38.1125,wait,2,2,-49.1662,False
10865,10,3,1,1,wait,2,2,-37.2091,wait,2,2,-48.4301,False
10866,10,3,1,2,wait,2,2,-37.5657,wait,2,2,-49.9372,False
10867,10,3,1,3,wait,2,2,-38.1714,wait,2,2,-50.6271,False
10868,10,3,1,4,wait,2,2,-38.5288,wait,2,2,-50.9287,False
10869,10,3,1,5,wait,2,2,-37.6273,wait,2,2,-48.9321,False
10870,10,3,1,6,wait,2,2,-37.8849,wait,2,2,-50.2381,False
10871,10,3,1,7,wait,2,2,-38.7284,wait,2,2,-51.8855,False
10872,10,3,1,8,wait,2,2,-39.8258,wait,2,2,-53.6204,False
10873,10,3,1,9,wait,2,2,-41.0972,wait,2,2,-54.6177,False
10874,10,3,1,10,wait,2,2,-43.543,wait,2,2,-59.2477,False
10875,10,3,1,11,wait,2,2,-46.6909,wait,2,2,-64.4345,False
10876,10,3,1,12,wait,2,2,-50.4067,wait,2,2,-70.5281,False
10877,10,3,1,13,wait,2,2,-55.4339,wait,2,2,-78.7952,False
10878,10,3,1,14,hunt,2,2,-89.3791,hunt,2,2,-89.046,False
10879,10,3,1,15,wait,0,0,0.0,wait,0,0,0.0,False
10880,10,3,2,0,wait,2,2,-15.4094,wait,2,2,-23.352,False
10881,10,3,2,1,wait,2,2,-15.8103,wait,2,2,-23.2384,False
10882,10,3,2,2,wait,2,2,-16.362,wait,2,2,-25.2142,False
10883,10,3,2,3,wait,2,2,-16.2405,wait,2,2,-25.0964,False
10884,10,3,2,4,wait,2,2,-16.671,wait,2,2,-25.2239,False
10885,10,3,2,5,wait,2,2,-17.3195,wait,2,2,-26.6537,False
10886,10,3,2,6,wait,2,2,-17.8973,wait,2,2,-27.3036,False
10887,10,3,2,7,wait,2,2,-19.7453,wait,2,2,-29.9894,False
10888,10,3,2,8,wait,2,2,-22.1238,wait,2,2,-34.3768,False
10889,10,3,2,9,wait,2,2,-24.8066,wait,2,2,-38.2304,False
10890,10,3,2,10,wait,2,2,-28.3063,wait,2,2,-45.0325,False
10891,10,3,2,11,wait,2,2,-32.865,wait,2,2,-52.3502,False
10892,10,3,2,12,wait,2,2,-38.5536,wait,2,2,-61.164,False
10893,10,3,2,13,wait,2,2,-45.6887,wait,2,2,-74.2256,False
10894,10,3,2,14,hunt,2,2,-87.6596,hunt,2,2,-87.2158,False
10895,10,3,2,15,wait,0,0,0.0,wait,0,0,0.0,False
10896,10,3,3,0,wait,2,2,-2.785,wait,2,2,-5.7169,False
10897,10,3,3,1,wait,2,2,-2.1979,wait,2,2,-5.1367,False
10898,10,3,3,2,wait,2,2,-2.5532,wait,2,2,-5.6095,False
10899,10,3,3,3,wait,2,2,-3.045,wait,2,2,-6.3971,False
10900,10,3,3,4,wait,2,2,-3.9501,wait,2,2,-8.2758,False
10901,10,3,3,5,wait,2,2,-5.0782,wait,2,2,-9.5754,False
10902,10,3,3,6,wait,2,2,-6.4519,wait,2,2,-11.5487,False
10903,10,3,3,7,wait,2,2,-9.5587,wait,2,2,-17.7824,False
10904,10,3,3,8,wait,2,2,-11.9889,wait,2,2,-21.7053,False
10905,10,3,3,9,wait,2,2,-16.0203,wait,2,2,-28.577,False
10906,10,3,3,10,wait,2,2,-20.3093,wait,2,2,-35.1001,False
10907,10,3,3,11,wait,2,2,-26.4342,wait,2,2,-44.8247,False
10908,10,3,3,12,wait,2,2,-32.652,wait,2,2,-56.3022,False
10909,10,3,3,13,wait,2,2,-41.8746,wait,2,2,-71.3869,False
10910,10,3,3,14,wait,2,2,-86.4059,wait,2,2,-85.8844,False
10911,10,3,3,15,wait,0,0,0.0,wait,0,0,0.0,False
10912,10,3,4,0,wait,2,2,7.8062,wait,2,2,8.6847,False
10913,10,3,4,1,wait,2,2,7.75,wait,2,2,8.3788,False
10914,10,3,4,2,wait,2,2,7.2749,wait,2,2,7.1885,False
10915,10,3,4,3,wait,2,2,6.8391,wait,2,2,6.6494,False
10916,10,3,4,4,wait,2,2,5.9263,wait,2,2,4.6639,False
10917,10,3,4,5,wait,2,2,4.3135,wait,2,2,2.6902,False
10918,10,3,4,6,wait,2,2,1.3271,wait,1,1,-1.0977,True
10919,10,3,4,7,wait,2,2,-1.4076,wait,2,2,-7.2744,False
10920,10,3,4,8,wait,2,2,-4.8506,wait,2,2,-12.9353,False
10921,10,3,4,9,wait,2,2,-9.1985,wait,2,2,-20.2393,False
10922,10,3,4,10,wait,2,2,-13.6404,wait,2,2,-27.4188,False
10923,10,3,4,11,wait,2,2,-19.9877,wait,2,2,-37.7574,False
10924,10,3,4,12,wait,2,2,-27.8379,wait,2,2,-50.7766,False
10925,10,3,4,13,wait,2,2,-38.0413,wait,2,2,-67.772,False
10926,10,3,4,14,wait,2,2,-85.6702,wait,2,2,-86.3038,False
10927,10,3,4,15,wait,0,0,0.0,wait,0,0,0.0,False
10928,10,3,5,0,wait,1,2,8.0074,wait,1,1,10.3611,True
10929,10,3,5,1,wait,2,2,7.647,wait,2,1,9.173,True
10930,10,3,5,2,wait,1,1,9.6067,wait,1,1,12.4364,False
10931,10,3,5,3,wait,1,1,9.6748,wait,1,1,12.7074,False
10932,10,3,5,4,wait,2,2,5.6754,wait,1,1,8.0095,True
10933,10,3,5,5,wait,1,1,5.9073,wait,1,1,6.6113,False
10934,10,3,5,6,wait,2,1,3.6912,wait,1,1,4.4604,True
10935,10,3,5,7,wait,1,1,1.6247,wait,1,1,-0.7061,False
10936,10,3,5,8,wait,1,1,-1.4335,wait,1,1,-6.0491,False
10937,10,3,5,9,wait,1,1,-5.2558,wait,1,1,-12.21,False
10938,10,3,5,10,wait,1,1,-9.6952,wait,1,1,-19.662,False
10939,10,3,5,11,wait,1,1,-15.8661,wait,1,1,-30.1407,False
10940,10,3,5,12,wait,2,1,-23.7833,wait,2,1,-44.0461,False
10941,10,3,5,13,wait,2,2,-38.1383,wait,2,2,-67.3058,False
10942,10,3,5,14,hunt,2,2,-85.7651,hunt,2,2,-86.0456,False
10943,10,3,5,15,wait,0,0,0.0,wait,0,0,0.0,False
10960,10,4,1,0,wait,2,2,-31.8235,wait,2,2,-39.2758,False
10961,10,4,1,1,wait,2,2,-32.9923,wait,2,2,-41.6034,False
10962,10,4,1,2,wait,2,2,-31.994,wait,2,2,-40.0457,False
10963,10,4,1,3,wait,2,2,-32.6871,wait,2,2,-41.3427,False
10964,10,4,1,4,wait,2,2,-32.2991,wait,2,2,-40.936,False
10965,10,4,1,5,wait,2,2,-33.238,wait,2,2,-41.8984,False
10966,10,4,1,6,wait,2,2,-32.6969,wait,2,2,-41.0867,False
10967,10,4,1,7,wait,2,2,-34.3511,wait,2,2,-43.5644,False
10968,10,4,1,8,wait,2,2,-35.7529,wait,2,2,-45.9172,False
10969,10,4,1,9,wait,2,2,-37.6165,wait,2,2,-49.7657,False
10970,10,4,1,10,wait,2,2,-40.7694,wait,2,2,-54.6683,False
10971,10,4,1,11,wait,2,2,-45.0282,wait,2,2,-61.612,False
10972,10,4,1,12,wait,2,2,-48.7818,wait,2,2,-68.0261,False
10973,10,4,1,13,hunt,2,2,-55.4254,wait,2,2,-79.5636,True
10974,10,4,1,14,hunt,2,2,-90.0435,hunt,2,2,-90.0185,False
10975,10,4,1,15,wait,0,0,0.0,wait,0,0,0.0,False
10976,10,4,2,0,wait,2,2,-10.1547,wait,2,2,-14.7759,False
10977,10,4,2,1,wait,2,2,-9.8942,wait,2,2,-13.7318,False
10978,10,4,2,2,wait,2,2,-10.3445,wait,2,2,-15.0939,False
10979,10,4,2,3,wait,2,2,-10.7402,wait,2,2,-15.2788,False
10980,10,4,2,4,wait,2,2,-11.4323,wait,2,2,-16.6564,False
10981,10,4,2,5,wait,2,2,-12.6103,wait,2,2,-17.998,False
10982,10,4,2,6,wait,2,2,-13.9012,wait,2,2,-19.6094,False
10983,10,4,2,7,wait,2,2,-15.3683,wait,2,2,-22.8147,False
10984,10,4,2,8,wait,2,2,-17.8753,wait,2,2,-27.2024,False
10985,10,4,2,9,wait,2,2,-22.0838,wait,2,2,-33.3023,False
10986,10,4,2,10,wait,2,2,-25.2807,wait,2,2,-39.896,False
10987,10,4,2,11,wait,2,2,-30.8879,wait,2,2,-48.3639,False
10988,10,4,2,12,wait,2,2,-36.3454,wait,2,2,-58.4318,False
10989,10,4,2,13,wait,2,2,-44.3442,wait,2,2,-72.4439,False
10990,10,4,2,14,hunt,2,2,-87.7427,hunt,2,2,-87.6108,False
10991,10,4,2,15,wait,0,0,0.0,wait,0,0,0.0,False
10992,10,4,3,0,wait,2,2,2.5529,wait,2,2,2.5578,False
10993,10,4,3,1,wait,2,2,2.7561,wait,2,2,2.9802,False
10994,10,4,3,2,wait,2,2,2.3176,wait,2,2,2.4302,False
10995,10,4,3,3,wait,2,2,1.2336,wait,2,2,1.1595,False
10996,10,4,3,4,wait,2,2,-0.0017,wait,2,2,-1.0005,False
10997,10,4,3,5,wait,2,2,-0.5005,wait,2,2,-2.6784,False
10998,10,4,3,6,wait,2,2,-3.5844,wait,2,2,-6.9636,False
10999,10,4,3,7,wait,2,2,-6.125,wait,2,2,-10.9954,False
11000,10,4,3,8,wait,2,2,-9.1115,wait,2,2,-16.4617,False
11001,10,4,3,9,wait,2,2,-13.3697,wait,2,2,-23.0858,False
11002,10,4,3,10,wait,2,2,-17.8026,wait,2,2,-30.7237,False
11003,10,4,3,11,wait,2,2,-23.8314,wait,2,2,-41.3259,False
11004,10,4,3,12,wait,2,2,-30.3159,wait,2,2,-51.394,False
11005,10,4,3,13,wait,2,2,-41.2574,wait,2,2,-68.8199,False
11006,10,4,3,14,wait,2,2,-86.2971,wait,2,2,-86.4088,False
11007,10,4,3,15,wait,0,0,0.0,wait,0,0,0.0,False
11008,10,4,4,0,wait,2,2,11.1338,wait,2,2,13.928,False
11009,10,4,4,1,wait,2,2,10.4694,wait,2,2,12.9056,False
11010,10,4,4,2,wait,2,2,10.3338,wait,2,2,12.6264,False
11011,10,4,4,3,wait,2,2,9.626,wait,2,2,11.561,False
11012,10,4,4,4,wait,2,2,8.5247,wait,2,2,9.4122,False
11013,10,4,4,5,hunt,2,2,3.8544,wait,2,2,7.3353,True
11014,10,4,4,6,wait,2,2,4.5833,wait,2,2,2.9989,False
11015,10,4,4,7,wait,2,2,1.6856,wait,1,1,-1.4671,True
11016,10,4,4,8,wait,2,2,-1.4849,wait,2,2,-6.5756,False
11017,10,4,4,9,wait,2,2,-5.8283,wait,2,2,-14.194,False
11018,10,4,4,10,wait,2,2,-10.6362,wait,2,2,-22.4741,False
11019,10,4,4,11,wait,2,2,-16.5991,wait,2,2,-32.0957,False
11020,10,4,4,12,wait,2,2,-23.017,wait,2,2,-43.3367,False
11021,10,4,4,13,wait,2,2,-37.9896,wait,2,0,-63.692,True
11022,10,4,4,14,wait,2,2,-85.2385,wait,2,2,-84.9506,False
11023,10,4,4,15,wait,0,0,0.0,wait,0,0,0.0,False
11024,10,4,5,0,hunt,2,2,7.6528,wait,1,1,11.3558,True
11025,10,4,5,1,wait,1,2,11.003,wait,1,2,13.9761,False
11026,10,4,5,2,wait,1,2,10.4396,wait,1,2,13.4163,False
11027,10,4,5,3,wait,1,2,10.1087,wait,1,2,12.7496,False
11028,10,4,5,4,hunt,2,1,7.3966,wait,1,1,10.0185,True
11029,10,4,5,5,wait,2,1,8.9759,wait,2,1,10.8495,False
11030,10,4,5,6,wait,2,2,4.731,wait,1,1,7.2324,True
11031,10,4,5,7,wait,1,2,2.6119,wait,1,1,4.8834,True
11032,10,4,5,8,wait,2,1,1.5863,wait,1,2,0.3519,True
11033,10,4,5,9,wait,1,1,-0.5469,wait,1,1,-4.8268,False
11034,10,4,5,10,wait,1,1,-4.2134,wait,1,1,-10.7008,False
11035,10,4,5,11,wait,1,1,-8.9961,wait,1,1,-18.6738,False
11036,10,4,5,12,wait,2,1,-19.687,wait,1,0,-33.4831,True
11037,10,4,5,13,wait,2,0,-32.0577,wait,2,0,-53.7668,False
11038,10,4,5,14,hunt,2,2,-85.1769,hunt,2,2,-85.55,False
11039,10,4,5,15,wait,0,0,0.0,wait,0,0,0.0,False
11056,10,5,1,0,wait,2,2,-29.2771,wait,2,2,-34.9454,False
11057,10,5,1,1,wait,2,2,-28.6643,wait,2,2,-34.7143,False
11058,10,5,1,2,wait,2,2,-28.8844,wait,2,2,-35.5032,False
11059,10,5,1,3,wait,2,2,-29.2418,wait,2,2,-35.8701,False
11060,10,5,1,4,wait,2,2,-29.1813,wait,2,2,-35.2858,False
11061,10,5,1,5,wait,2,2,-30.7412,wait,2,2,-37.4593,False
11062,10,5,1,6,wait,2,2,-31.6843,wait,2,2,-38.9862,False
11063,10,5,1,7,wait,2,2,-31.5662,wait,2,2,-39.7525,False
11064,10,5,1,8,wait,2,2,-34.0323,wait,2,2,-42.837,False
11065,10,5,1,9,wait,2,2,-36.7893,wait,2,2,-48.2747,False
11066,10,5,1,10,wait,2,2,-40.5552,wait,2,2,-53.5276,False
11067,10,5,1,11,wait,2,2,-42.9823,wait,2,2,-58.9457,False
11068,10,5,1,12,wait,2,2,-48.905,wait,2,2,-67.8157,False
11069,10,5,1,13,wait,2,2,-54.3842,wait,2,2,-77.3128,False
11070,10,5,1,14,wait,2,2,-89.477,wait,2,2,-89.2448,False
11071,10,5,1,15,wait,0,0,0.0,wait,0,0,0.0,False
11072,10,5,2,0,wait,2,2,-5.6877,wait,2,2,-7.4056,False
11073,10,5,2,1,wait,2,2,-6.8454,wait,2,2,-9.2536,False
11074,10,5,2,2,wait,2,2,-7.2014,wait,2,2,-8.7857,False
11075,10,5,2,3,wait,2,2,-7.4294,wait,2,2,-9.7019,False
11076,10,5,2,4,wait,2,2,-8.6182,wait,2,2,-11.9951,False
11077,10,5,2,5,wait,2,2,-9.5772,wait,2,2,-13.1258,False
11078,10,5,2,6,wait,2,2,-11.3392,wait,2,2,-16.2711,False
11079,10,5,2,7,wait,2,2,-12.961,wait,2,2,-19.2806,False
11080,10,5,2,8,wait,2,2,-16.316,wait,2,2,-25.1986,False
11081,10,5,2,9,wait,2,2,-20.0367,wait,2,2,-30.6619,False
11082,10,5,2,10,wait,2,2,-23.8215,wait,2,2,-37.9074,False
11083,10,5,2,11,wait,2,2,-30.0242,wait,2,2,-47.1763,False
11084,10,5,2,12,wait,2,2,-33.5568,wait,2,2,-52.4214,False
11085,10,5,2,13,hunt,2,2,-44.543,hunt,2,2,-71.6756,False
11086,10,5,2,14,wait,2,2,-87.5795,wait,2,2,-86.8458,False
11087,10,5,2,15,wait,0,0,0.0,wait,0,0,0.0,False
11088,10,5,3,0,wait,2,2,5.1155,wait,2,2,8.3355,False
11089,10,5,3,1,wait,2,2,3.7047,wait,2,2,5.5703,False
11090,10,5,3,2,wait,2,2,4.4547,wait,2,2,6.9791,False
11091,10,5,3,3,wait,2,2,4.0672,wait,2,2,5.7082,False
11092,10,5,3,4,wait,2,2,3.0058,wait,2,2,3.8846,False
11093,10,5,3,5,wait,2,2,1.771,wait,2,2,1.6755,False
11094,10,5,3,6,wait,2,2,-0.5304,wait,2,2,-2.4304,False
11095,10,5,3,7,wait,2,2,-3.7847,wait,2,2,-7.3776,False
11096,10,5,3,8,wait,2,2,-7.0703,wait,2,2,-13.1323,False
11097,10,5,3,9,wait,2,2,-10.7604,wait,2,2,-20.6433,False
11098,10,5,3,10,wait,2,2,-15.0624,wait,2,2,-27.1471,False
11099,10,5,3,11,wait,2,2,-19.9968,wait,2,2,-34.1139,False
11100,10,5,3,12,wait,2,2,-26.7509,wait,2,2,-46.2403,False
11101,10,5,3,13,wait,2,1,-38.5412,wait,2,1,-60.5523,False
11102,10,5,3,14,wait,2,2,-86.4366,wait,2,2,-86.0857,False
11103,10,5,3,15,wait,0,0,0.0,wait,0,0,0.0,False
11104,10,5,4,0,wait,1,1,7.8512,wait,1,1,11.6672,False
11105,10,5,4,1,wait,2,2,11.8024,wait,2,2,15.2113,False
11106,10,5,4,2,hunt,2,1,3.2729,wait,2,2,10.127,True
11107,10,5,4,3,wait,2,2,11.4601,wait,2,2,14.7187,False
11108,10,5,4,4,wait,2,2,10.7747,wait,2,2,13.5212,False
11109,10,5,4,5,wait,2,2,10.0002,wait,2,2,11.925,False
11110,10,5,4,6,hunt,2,2,3.9473,wait,2,2,6.6726,True
11111,10,5,4,7,wait,2,2,4.9778,wait,2,2,3.988,False
11112,10,5,4,8,wait,2,2,2.7115,wait,2,2,-0.3694,False
11113,10,5,4,9,wait,2,2,-1.6964,wait,2,2,-7.3192,False
11114,10,5,4,10,wait,2,2,-5.9471,wait,2,2,-14.754,False
11115,10,5,4,11,wait,2,2,-11.2146,wait,1,1,-22.8949,True
11116,10,5,4,12,wait,2,1,-19.3597,wait,2,1,-32.9979,False
11117,10,5,4,13,wait,1,1,-30.891,wait,1,0,-51.3247,True
11118,10,5,4,14,hunt,2,2,-84.988,hunt,2,2,-85.4486,False
11119,10,5,4,15,wait,0,0,0.0,wait,0,0,0.0,False
11120,10,5,5,0,hunt,1,1,11.3128,hunt,1,1,15.4499,False
11121,10,5,5,1,hunt,2,1,11.0166,hunt,2,1,13.9712,False
11122,10,5,5,2,wait,2,0,5.9735,wait,1,1,13.3907,True
11123,10,5,5,3,wait,2,2,11.5533,wait,1,1,14.8592,True
11124,10,5,5,4,wait,2,1,12.1977,wait,2,1,16.5332,False
11125,10,5,5,5,wait,1,1,11.0116,wait,1,1,14.746,False
11126,10,5,5,6,hunt,1,1,6.0548,wait,1,1,11.0858,True
11127,10,5,5,7,wait,2,2,4.728,wait,1,1,8.8478,True
11128,10,5,5,8,wait,1,2,2.9829,wait,1,1,6.9808,True
11129,10,5,5,9,wait,2,1,3.3774,wait,1,1,4.6099,True
11130,10,5,5,10,wait,1,1,2.1087,wait,1,1,-0.1693,False
11131,10,5,5,11,wait,1,1,-0.7645,wait,1,1,-4.2504,False
11132,10,5,5,12,wait,1,1,-8.5987,wait,1,1,-17.7344,False
11133,10,5,5,13,wait,2,0,-21.4957,wait,2,0,-35.577,False
11134,10,5,5,14,wait,1,2,-85.2582,wait,1,2,-85.4684,False
11135,10,5,5,15,wait,0,0,0.0,wait,0,0,0.0,False
11152,10,6,1,0,wait,2,2,-26.8756,wait,2,2,-31.8532,False
11153,10,6,1,1,wait,2,2,-27.3301,wait,2,2,-31.6929,False
11154,10,6,1,2,wait,2,2,-26.705,wait,2,2,-32.2099,False
11155,10,6,1,3,wait,2,2,-28.0474,wait,2,2,-33.015,False
11156,10,6,1,4,wait,2,2,-27.8187,wait,2,2,-33.4194,False
11157,10,6,1,5,wait,2,2,-28.0473,wait,2,2,-32.8318,False
11158,10,6,1,6,wait,2,2,-29.9001,wait,2,2,-35.2488,False
11159,10,6,1,7,wait,2,2,-30.5414,wait,2,2,-38.6749,False
11160,10,6,1,8,wait,2,2,-33.1648,wait,2,2,-41.1545,False
11161,10,6,1,9,wait,2,2,-35.6063,wait,2,2,-45.7389,False
11162,10,6,1,10,wait,2,2,-38.5472,wait,2,2,-51.725,False
11163,10,6,1,11,wait,2,2,-42.8616,wait,2,2,-57.8867,False
11164,10,6,1,12,wait,2,2,-47.9024,wait,2,2,-67.0567,False
11165,10,6,1,13,wait,2,2,-54.8077,wait,2,2,-77.8729,False
11166,10,6,1,14,hunt,2,2,-89.7474,hunt,2,2,-89.2158,False
11167,10,6,1,15,wait,0,0,0.0,wait,0,0,0.0,False
11168,10,6,2,0,wait,2,2,-4.0873,wait,2,2,-5.0868,False
11169,10,6,2,1,wait,2,2,-3.6266,wait,2,2,-3.7966,False
11170,10,6,2,2,wait,2,2,-4.8318,wait,2,2,-6.0043,False
11171,10,6,2,3,wait,2,2,-5.0188,wait,2,2,-6.1796,False
11172,10,6,2,4,wait,2,2,-6.975,wait,2,2,-8.3402,False
11173,10,6,2,5,wait,2,2,-6.9313,wait,2,2,-9.1129,False
11174,10,6,2,6,wait,2,2,-9.2297,wait,2,2,-12.2769,False
11175,10,6,2,7,wait,2,2,-11.9207,wait,2,2,-17.0778,False
11176,10,6,2,8,wait,2,2,-14.0223,wait,2,2,-21.5044,False
11177,10,6,2,9,wait,2,2,-18.4414,wait,2,2,-28.271,False
11178,10,6,2,10,wait,2,2,-22.6619,wait,2,2,-34.9119,False
11179,10,6,2,11,wait,2,2,-26.2067,wait,2,2,-41.3499,False
11180,10,6,2,12,wait,2,2,-30.2935,wait,2,2,-47.343,False
11181,10,6,2,13,wait,2,2,-38.5601,wait,2,2,-60.6711,False
11182,10,6,2,14,hunt,2,2,-87.5346,hunt,2,2,-87.6972,False
11183,10,6,2,15,wait,0,0,0.0,wait,0,0,0.0,False
11184,10,6,3,0,wait,2,2,7.3238,wait,2,2,10.4755,False
11185,10,6,3,1,wait,2,2,6.8238,wait,2,2,10.1194,False
11186,10,6,3,2,hunt,2,2,3.5753,wait,2,2,5.3639,True
11187,10,6,3,3,wait,2,2,5.8151,wait,2,2,9.0608,False
11188,10,6,3,4,hunt,2,2,2.5059,wait,2,2,4.9435,True
11189,10,6,3,5,wait,2,2,3.1653,wait,2,2,3.8394,False
11190,10,6,3,6,wait,2,2,1.5022,wait,2,2,1.2682,False
11191,10,6,3,7,wait,2,2,-1.4558,wait,2,2,-3.5779,False
11192,10,6,3,8,wait,2,2,-5.0328,wait,2,2,-10.573,False
11193,10,6,3,9,wait,2,2,-7.0335,wait,2,2,-13.6604,False
11194,10,6,3,10,wait,2,2,-10.6401,wait,2,2,-18.904,False
11195,10,6,3,11,wait,2,2,-14.3893,wait,2,2,-25.939,False
11196,10,6,3,12,wait,2,2,-18.9951,wait,2,2,-32.2735,False
11197,10,6,3,13,wait,2,2,-30.1418,wait,1,1,-50.3659,True
11198,10,6,3,14,hunt,2,2,-86.7193,hunt,2,2,-87.1974,False
11199,10,6,3,15,wait,0,0,0.0,wait,0,0,0.0,False
11200,10,6,4,0,wait,2,2,15.0119,wait,2,2,20.4824,False
11201,10,6,4,1,wait,1,2,7.3253,wait,2,2,13.9631,True
11202,10,6,4,2,wait,1,1,6.6652,wait,2,2,14.1447,True
11203,10,6,4,3,wait,2,2,12.8129,wait,2,2,16.9166,False
11204,10,6,4,4,wait,1,2,6.1318,wait,2,2,13.4933,True
11205,10,6,4,5,wait,2,2,12.9096,wait,2,2,16.4964,False
11206,10,6,4,6,hunt,2,2,6.4741,wait,2,2,9.5603,True
11207,10,6,4,7,hunt,2,2,4.2094,wait,2,2,8.6534,True
11208,10,6,4,8,wait,2,2,6.2637,wait,2,2,6.0305,False
11209,10,6,4,9,wait,2,2,3.2929,wait,2,2,0.7466,False
11210,10,6,4,10,wait,2,2,0.7346,wait,2,2,-2.926,False
11211,10,6,4,11,wait,2,2,-1.6966,wait,2,2,-7.1081,False
11212,10,6,4,12,wait,2,2,-7.5552,wait,2,2,-17.0338,False
11213,10,6,4,13,wait,2,1,-20.4166,wait,2,1,-35.0967,False
11214,10,6,4,14,hunt,2,2,-84.2245,hunt,2,2,-84.3141,False
11215,10,6,4,15,wait,0,0,0.0,wait,0,0,0.0,False
11216,10,6,5,0,hunt,2,2,11.6575,hunt,2,2,14.918,False
11217,10,6,5,1,hunt,2,1,12.8955,hunt,2,1,17.596,False
11218,10,6,5,2,hunt,2,2,11.302,wait,2,1,15.7272,True
11219,10,6,5,3,hunt,2,2,10.9378,wait,1,1,15.7134,True
11220,10,6,5,4,wait,2,1,14.1338,wait,2,1,19.3961,False
11221,10,6,5,5,wait,2,1,13.5965,wait,2,1,17.381,False
11222,10,6,5,6,hunt,1,2,6.987,wait,1,1,13.4587,True
11223,10,6,5,7,hunt,1,2,5.286,wait,2,1,10.8218,True
11224,10,6,5,8,wait,2,1,11.454,wait,2,1,14.9103,False
11225,10,6,5,9,wait,1,2,5.8005,wait,2,1,8.5927,True
11226,10,6,5,10,wait,1,1,9.2611,wait,1,1,11.8876,False
11227,10,6,5,11,wait,1,1,7.079,wait,1,1,8.7768,False
11228,10,6,5,12,wait,1,1,2.9962,wait,2,1,2.0902,True
11229,10,6,5,13,wait,1,1,-10.863,wait,1,1,-21.1997,False
11230,10,6,5,14,wait,2,2,-84.8913,wait,2,2,-83.7396,False
11231,10,6,5,15,wait,0,0,0.0,wait,0,0,0.0,False
11248,10,7,1,0,wait,2,2,-24.8218,wait,2,2,-28.2052,False
11249,10,7,1,1,wait,2,2,-25.3083,wait,2,2,-28.3792,False
11250,10,7,1,2,wait,2,2,-26.1223,wait,2,2,-29.9561,False
11251,10,7,1,3,wait,2,2,-26.6392,wait,2,2,-31.4267,False
11252,10,7,1,4,wait,2,2,-26.3921,wait,2,2,-31.4215,False
11253,10,7,1,5,wait,2,2,-27.1661,wait,2,2,-32.7198,False
11254,10,7,1,6,wait,2,2,-29.8108,wait,2,2,-35.3794,False
11255,10,7,1,7,wait,2,2,-29.7744,wait,2,2,-36.03,False
11256,10,7,1,8,wait,2,2,-32.7278,wait,2,2,-41.1974,False
11257,10,7,1,9,wait,2,2,-35.5611,wait,2,2,-45.0674,False
11258,10,7,1,10,wait,2,2,-37.7885,wait,2,2,-49.0601,False
11259,10,7,1,11,wait,2,2,-41.9484,wait,2,2,-56.6874,False
11260,10,7,1,12,wait,2,2,-47.1936,wait,2,2,-64.8831,False
11261,10,7,1,13,hunt,2,2,-55.1051,hunt,2,2,-78.9074,False
11262,10,7,1,14,hunt,2,2,-89.4141,hunt,2,2,-88.673,False
11263,10,7,1,15,wait,0,0,0.0,wait,0,0,0.0,False
11264,10,7,2,0,wait,2,2,-2.0489,wait,2,2,-0.6556,False
11265,10,7,2,1,wait,2,2,-2.0148,wait,2,2,-0.747,False
11266,10,7,2,2,wait,2,2,-3.0365,wait,2,2,-2.4276,False
11267,10,7,2,3,wait,2,2,-2.8798,wait,2,2,-2.5307,False
11268,10,7,2,4,wait,2,2,-4.8712,wait,2,2,-4.4907,False
11269,10,7,2,5,wait,2,2,-6.9397,wait,2,2,-9.7218,False
11270,10,7,2,6,wait,2,2,-8.5584,wait,2,2,-11.5097,False
11271,10,7,2,7,wait,2,2,-10.4296,wait,2,2,-15.4417,False
11272,10,7,2,8,wait,2,2,-13.6389,wait,2,2,-19.2502,False
11273,10,7,2,9,wait,2,2,-16.8584,wait,2,2,-25.6721,False
11274,10,7,2,10,wait,2,2,-20.3188,wait,2,2,-30.863,False
11275,10,7,2,11,wait,2,2,-23.4376,wait,2,2,-35.9632,False
11276,10,7,2,12,wait,2,2,-26.4667,wait,2,2,-40.9103,False
11277,10,7,2,13,wait,2,2,-31.3201,wait,2,2,-50.3744,False
11278,10,7,2,14,wait,2,2,-87.7747,wait,2,2,-88.5429,False
11279,10,7,2,15,wait,0,0,0.0,wait,0,0,0.0,False
11280,10,7,3,0,hunt,2,2,6.8644,hunt,2,2,9.8159,False
11281,10,7,3,1,wait,2,2,8.1576,wait,2,2,12.0044,False
11282,10,7,3,2,wait,2,2,8.1144,wait,2,2,12.3932,False
11283,10,7,3,3,hunt,2,2,5.2435,hunt,2,2,7.6962,False
11284,10,7,3,4,wait,2,2,7.1592,wait,2,2,10.4938,False
11285,10,7,3,5,hunt,2,2,2.3265,wait,2,2,6.0169,True
11286,10,7,3,6,wait,2,2,2.9352,wait,2,2,3.5864,False
11287,10,7,3,7,wait,2,2,1.1258,wait,2,2,0.4813,False
11288,10,7,3,8,wait,2,2,-2.6463,wait,2,2,-5.8371,False
11289,10,7,3,9,wait,2,2,-3.2847,wait,2,2,-8.2773,False
11290,10,7,3,10,wait,2,2,-6.0402,wait,2,2,-11.2823,False
11291,10,7,3,11,wait,2,2,-8.0699,wait,2,2,-15.0421,False
11292,10,7,3,12,wait,2,2,-10.9766,wait,2,2,-20.2327,False
11293,10,7,3,13,wait,2,2,-19.2615,expedition,0,0,-26.3746,True
11294,10,7,3,14,expedition,0,0,-26.7568,expedition,0,0,-26.4518,False
11295,10,7,3,15,wait,0,0,0.0,wait,0,0,0.0,False
11296,10,7,4,0,wait,2,2,15.7593,wait,2,2,21.5881,False
11297,10,7,4,1,wait,2,2,14.6634,wait,2,2,20.1063,False
11298,10,7,4,2,hunt,2,2,13.6426,hunt,2,2,18.2648,False
11299,10,7,4,3,wait,2,2,14.9219,wait,2,2,20.318,False
11300,10,7,4,4,hunt,2,2,12.3598,hunt,2,2,16.2192,False
11301,10,7,4,5,hunt,2,2,12.0495,hunt,2,2,15.6186,False
11302,10,7,4,6,wait,2,2,13.5698,wait,2,2,18.0362,False
11303,10,7,4,7,hunt,2,2,8.2305,wait,2,2,12.0652,True
11304,10,7,4,8,wait,2,2,11.902,wait,2,2,16.0755,False
11305,10,7,4,9,wait,2,2,10.9236,wait,2,2,13.4467,False
11306,10,7,4,10,wait,2,2,8.4658,wait,2,2,9.1088,False
11307,10,7,4,11,wait,2,2,6.229,wait,2,2,5.5266,False
11308,10,7,4,12,wait,2,2,3.4259,wait,2,2,1.5097,False
11309,10,7,4,13,expedition,0,0,2.4719,expedition,0,0,3.113,False
11310,10,7,4,14,expedition,0,0,2.7978,expedition,0,0,2.6972,False
11311,10,7,4,15,wait,0,0,0.0,wait,0,0,0.0,False
11312,10,7,5,0,hunt,2,2,14.012,expedition,0,0,19.5099,True
11313,10,7,5,1,expedition,0,0,25.1944,expedition,0,0,25.8167,False
11314,10,7,5,2,expedition,0,0,26.4773,expedition,0,0,25.4484,False
11315,10,7,5,3,hunt,1,1,14.8907,hunt,1,1,21.6417,False
11316,10,7,5,4,wait,2,2,14.8329,wait,2,2,20.1144,False
11317,10,7,5,5,expedition,0,0,25.6668,expedition,0,0,25.4036,False
11318,10,7,5,6,hunt,1,2,10.7728,expedition,0,0,19.6534,True
11319,10,7,5,7,expedition,0,0,25.108,expedition,0,0,24.0501,False
11320,10,7,5,8,hunt,2,1,10.008,expedition,0,0,20.7892,True
11321,10,7,5,9,expedition,0,0,25.3016,expedition,0,0,26.2708,False
11322,10,7,5,10,expedition,0,0,16.8366,expedition,0,0,23.2317,False
11323,10,7,5,11,expedition,0,0,25.5934,expedition,0,0,26.8619,False
11324,10,7,5,12,expedition,0,0,24.8964,expedition,0,0,23.4329,False
11325,10,7,5,13,expedition,0,0,24.6683,expedition,0,0,24.0966,False
11326,10,7,5,14,expedition,0,0,25.4946,expedition,0,0,25.4802,False
11327,10,7,5,15,wait,0,0,0.0,wait,0,0,0.0,False
11344,10,8,1,0,wait,2,2,-24.8712,wait,2,2,-28.5329,False
11345,10,8,1,1,wait,2,2,-24.5425,wait,2,2,-27.4069,False
11346,10,8,1,2,wait,2,2,-24.4319,wait,2,2,-27.8775,False
11347,10,8,1,3,wait,2,2,-25.6615,wait,2,2,-29.9638,False
11348,10,8,1,4,wait,2,2,-26.0859,wait,2,2,-29.9547,False
11349,10,8,1,5,wait,2,2,-27.0223,wait,2,2,-31.7557,False
11350,10,8,1,6,wait,2,2,-27.8275,wait,2,2,-32.8433,False
11351,10,8,1,7,wait,2,2,-29.8365,wait,2,2,-36.4438,False
11352,10,8,1,8,wait,2,2,-32.0466,wait,2,2,-39.7255,False
11353,10,8,1,9,wait,2,2,-34.8583,wait,2,2,-43.878,False
11354,10,8,1,10,hunt,2,2,-38.1621,hunt,2,2,-50.5558,False
11355,10,8,1,11,wait,2,2,-41.335,wait,2,2,-56.3799,False
11356,10,8,1,12,wait,2,2,-46.9759,wait,2,2,-64.5864,False
11357,10,8,1,13,hunt,2,2,-54.4044,hunt,2,2,-78.29,False
11358,10,8,1,14,wait,2,2,-89.7512,wait,2,2,-89.3713,False
11359,10,8,1,15,wait,0,0,0.0,wait,0,0,0.0,False
11360,10,8,2,0,hunt,2,2,-1.9001,wait,2,2,-0.702,True
11361,10,8,2,1,wait,2,2,-1.5248,wait,2,2,0.2936,False
11362,10,8,2,2,wait,2,2,-1.5411,wait,2,2,0.0834,False
11363,10,8,2,3,wait,2,2,-2.5442,wait,2,2,-2.1805,False
11364,10,8,2,4,wait,2,2,-3.1005,wait,2,2,-2.7163,False
11365,10,8,2,5,wait,2,2,-6.0281,wait,2,2,-8.4453,False
11366,10,8,2,6,wait,2,2,-7.6384,wait,2,2,-10.4538,False
11367,10,8,2,7,wait,2,2,-10.2759,wait,2,2,-14.4238,False
11368,10,8,2,8,wait,2,2,-12.6609,wait,2,2,-18.5958,False
11369,10,8,2,9,wait,2,2,-16.0089,wait,2,2,-24.8239,False
11370,10,8,2,10,wait,2,2,-19.0198,wait,2,2,-28.5143,False
11371,10,8,2,11,wait,2,2,-21.0911,wait,2,2,-33.1923,False
11372,10,8,2,12,wait,2,2,-22.8081,wait,2,2,-35.6464,False
11373,10,8,2,13,hunt,2,2,-31.5859,hunt,2,2,-49.4513,False
11374,10,8,2,14,wait,2,2,-88.468,wait,2,2,-89.0601,False
11375,10,8,2,15,wait,0,0,0.0,wait,0,0,0.0,False
11376,10,8,3,0,hunt,2,2,8.0106,hunt,2,2,11.9825,False
11377,10,8,3,1,wait,2,2,8.3551,wait,2,2,12.9185,False
11378,10,8,3,2,hunt,2,2,7.325,hunt,2,2,11.0115,False
11379,10,8,3,3,hunt,2,2,6.3647,hunt,2,2,9.8342,False
11380,10,8,3,4,hunt,2,2,5.7148,hunt,2,2,8.369,False
11381,10,8,3,5,hunt,2,2,4.1365,wait,2,2,7.7277,True
11382,10,8,3,6,hunt,2,2,2.1293,wait,2,2,6.208,True
11383,10,8,3,7,wait,2,2,2.3334,wait,2,2,3.2872,False
11384,10,8,3,8,wait,2,2,-0.0788,wait,2,2,-1.43,False
11385,10,8,3,9,wait,2,2,-1.6505,wait,2,2,-4.4048,False
11386,10,8,3,10,wait,2,2,-2.5644,wait,2,2,-5.6135,False
11387,10,8,3,11,wait,2,2,-4.4902,wait,2,2,-9.094,False
11388,10,8,3,12,wait,2,2,-6.4476,wait,2,2,-11.8056,False
11389,10,8,3,13,wait,1,1,-17.4309,expedition,0,0,-23.5976,True
11390,10,8,3,14,expedition,0,0,-24.3332,expedition,0,0,-26.2924,False
11391,10,8,3,15,wait,0,0,0.0,wait,0,0,0.0,False
11392,10,8,4,0,expedition,0,0,6.6112,hunt,2,2,13.8125,True
11393,10,8,4,1,wait,2,2,15.2955,wait,2,2,20.7751,False
11394,10,8,4,2,hunt,2,2,15.2351,hunt,2,2,20.962,False
11395,10,8,4,3,wait,2,2,17.4083,wait,2,2,24.2246,False
11396,10,8,4,4,hunt,2,2,14.5171,hunt,2,2,19.7243,False
11397,10,8,4,5,expedition,0,0,6.008,wait,2,2,14.8256,True
11398,10,8,4,6,expedition,0,0,6.9921,wait,2,2,15.8397,True
11399,10,8,4,7,expedition,0,0,6.7703,hunt,2,2,11.8727,True
11400,10,8,4,8,expedition,0,0,6.3702,wait,2,2,14.1186,True
11401,10,8,4,9,hunt,2,2,8.6947,wait,2,2,10.7931,True
11402,10,8,4,10,hunt,2,2,6.3439,wait,2,2,13.4348,True
11403,10,8,4,11,expedition,0,0,6.2581,wait,2,2,10.3825,True
11404,10,8,4,12,expedition,0,0,6.045,wait,2,2,6.2144,True
11405,10,8,4,13,expedition,0,0,6.7807,expedition,0,0,7.0266,False
11406,10,8,4,14,expedition,0,0,6.2327,expedition,0,0,4.6838,False
11407,10,8,4,15,wait,0,0,0.0,wait,0,0,0.0,False
11408,10,8,5,0,expedition,0,0,28.4728,expedition,0,0,28.2198,False
11409,10,8,5,1,expedition,0,0,29.0292,expedition,0,0,28.6967,False
11410,10,8,5,2,expedition,0,0,28.3404,expedition,0,0,27.9193,False
11411,10,8,5,3,expedition,0,0,28.772,expedition,0,0,27.862,False
11412,10,8,5,4,wait,2,1,17.1014,wait,2,1,24.3063,False
11413,10,8,5,5,hunt,2,2,14.6138,expedition,0,0,21.1832,True
11414,10,8,5,6,wait,1,2,14.9957,wait,1,2,20.988,False
11415,10,8,5,7,hunt,2,1,12.4023,expedition,0,0,22.9601,True
11416,10,8,5,8,wait,1,1,18.2993,wait,1,1,27.1889,False
11417,10,8,5,9,hunt,2,1,11.4104,expedition,0,0,22.3121,True
11418,10,8,5,10,wait,1,2,14.0107,expedition,0,0,21.9558,True
11419,10,8,5,11,expedition,0,0,28.6055,expedition,0,0,28.8899,False
11420,10,8,5,12,wait,1,1,18.753,wait,1,1,27.8429,False
11421,10,8,5,13,expedition,0,0,28.1913,expedition,0,0,28.9452,False
11422,10,8,5,14,expedition,0,0,28.8136,expedition,0,0,28.9438,False
11423,10,8,5,15,wait,0,0,0.0,wait,0,0,0.0,False
11440,10,9,1,0,wait,2,2,-23.9068,wait,2,2,-26.561,False
11441,10,9,1,1,wait,2,2,-24.1192,wait,2,2,-27.2106,False
11442,10,9,1,2,wait,2,2,-23.9882,wait,2,2,-27.7082,False
11443,10,9,1,3,wait,2,2,-25.1214,wait,2,2,-28.3431,False
11444,10,9,1,4,wait,2,2,-25.5627,wait,2,2,-28.7267,False
11445,10,9,1,5,wait,2,2,-27.3028,wait,2,2,-32.4639,False
11446,10,9,1,6,wait,2,2,-28.1118,wait,2,2,-33.4475,False
11447,10,9,1,7,wait,2,2,-29.2782,wait,2,2,-35.1735,False
11448,10,9,1,8,wait,2,2,-31.8256,wait,2,2,-40.2705,False
11449,10,9,1,9,wait,2,2,-34.4052,wait,2,2,-43.7929,False
11450,10,9,1,10,wait,2,2,-37.4834,wait,2,2,-48.9138,False
11451,10,9,1,11,wait,2,2,-41.3235,wait,2,2,-55.4435,False
11452,10,9,1,12,wait,2,2,-46.5428,wait,2,2,-64.0755,False
11453,10,9,1,13,wait,2,2,-55.0436,wait,2,2,-78.1071,False
11454,10,9,1,14,hunt,2,2,-89.9043,hunt,2,2,-90.0059,False
11455,10,9,1,15,wait,0,0,0.0,wait,0,0,0.0,False
11456,10,9,2,0,wait,2,2,-0.4925,wait,2,2,1.5909,False
11457,10,9,2,1,wait,2,2,-0.9961,wait,2,2,0.8763,False
11458,10,9,2,2,wait,2,2,-1.2442,wait,2,2,0.4,False
11459,10,9,2,3,wait,2,2,-1.3396,wait,2,2,0.3629,False
11460,10,9,2,4,wait,2,2,-3.0718,wait,2,2,-2.7217,False
11461,10,9,2,5,wait,2,2,-5.3613,wait,2,2,-6.3707,False
11462,10,9,2,6,wait,2,2,-6.7182,wait,2,2,-8.5589,False
11463,10,9,2,7,wait,2,2,-9.4086,wait,2,2,-13.4568,False
11464,10,9,2,8,wait,2,2,-11.5506,wait,2,2,-17.0519,False
11465,10,9,2,9,wait,2,2,-15.0739,wait,2,2,-22.4584,False
11466,10,9,2,10,wait,2,2,-16.7911,wait,2,2,-24.3795,False
11467,10,9,2,11,wait,2,2,-17.2974,wait,2,2,-26.0667,False
11468,10,9,2,12,wait,2,2,-17.3954,wait,2,2,-26.5225,False
11469,10,9,2,13,wait,2,2,-18.0309,wait,2,2,-27.2682,False
11470,10,9,2,14,hunt,2,2,-87.423,hunt,2,2,-87.3928,False
11471,10,9,2,15,wait,0,0,0.0,wait,0,0,0.0,False
11472,10,9,3,0,wait,2,2,10.5165,wait,2,2,15.8077,False
11473,10,9,3,1,hunt,2,2,7.9413,hunt,2,2,12.5776,False
11474,10,9,3,2,wait,2,2,9.4136,wait,2,2,14.4099,False
11475,10,9,3,3,wait,2,2,9.6543,wait,2,2,15.5746,False
11476,10,9,3,4,wait,2,2,9.104,wait,2,2,14.0583,False
11477,10,9,3,5,hunt,2,2,4.6748,wait,2,2,6.8852,True
11478,10,9,3,6,hunt,2,2,3.2878,wait,2,2,4.6987,True
11479,10,9,3,7,wait,2,2,3.9049,wait,2,2,5.3723,False
11480,10,9,3,8,wait,2,2,0.9143,wait,2,2,0.1355,False
11481,10,9,3,9,wait,2,2,2.5483,wait,2,2,2.1433,False
11482,10,9,3,10,wait,2,2,2.6672,wait,2,2,3.2444,False
11483,10,9,3,11,wait,2,2,2.2513,wait,2,2,1.9467,False
11484,10,9,3,12,wait,2,2,2.266,wait,2,2,2.5746,False
11485,10,9,3,13,wait,2,2,2.2294,wait,2,2,2.4671,False
11486,10,9,3,14,expedition,0,0,-20.2918,expedition,0,0,-19.8565,False
11487,10,9,3,15,wait,0,0,0.0,wait,0,0,0.0,False
11488,10,9,4,0,expedition,0,0,8.5124,wait,2,2,16.7194,True
11489,10,9,4,1,expedition,0,0,8.9402,wait,2,2,14.9633,True
11490,10,9,4,2,wait,2,2,19.0456,wait,2,2,27.2472,False
11491,10,9,4,3,expedition,0,0,8.9896,wait,2,2,17.5357,True
11492,10,9,4,4,wait,2,2,17.1484,wait,2,2,24.4907,False
11493,10,9,4,5,expedition,0,0,8.792,wait,2,2,16.6872,True
11494,10,9,4,6,wait,2,2,17.4386,wait,2,2,24.1703,False
11495,10,9,4,7,expedition,0,0,9.4342,wait,2,2,14.936,True
11496,10,9,4,8,hunt,2,2,12.9993,wait,2,2,19.3015,True
11497,10,9,4,9,expedition,0,0,8.8868,wait,2,2,15.5844,True
11498,10,9,4,10,hunt,2,2,10.102,wait,2,2,20.7864,True
11499,10,9,4,11,wait,2,2,18.915,wait,2,2,27.4601,False
11500,10,9,4,12,hunt,2,2,5.0549,wait,2,2,18.8678,True
11501,10,9,4,13,expedition,0,0,7.7386,wait,2,2,18.1797,True
11502,10,9,4,14,expedition,0,0,9.0706,expedition,0,0,9.755,False
11503,10,9,4,15,wait,0,0,0.0,wait,0,0,0.0,False
11504,10,9,5,0,expedition,0,0,31.0857,expedition,0,0,29.3887,False
11505,10,9,5,1,wait,2,2,16.7249,expedition,0,0,23.4221,True
11506,10,9,5,2,expedition,0,0,31.1135,expedition,0,0,31.3477,False
11507,10,9,5,3,hunt,2,1,16.3599,hunt,2,1,22.9821,False
11508,10,9,5,4,expedition,0,0,31.3767,expedition,0,0,31.0751,False
11509,10,9,5,5,hunt,2,2,15.5116,expedition,0,0,21.0843,True
11510,10,9,5,6,wait,1,2,18.8701,wait,1,2,27.562,False
11511,10,9,5,7,hunt,1,2,14.101,expedition,0,0,21.9588,True
11512,10,9,5,8,expedition,0,0,31.5709,expedition,0,0,30.2143,False
11513,10,9,5,9,wait,2,1,19.2439,wait,2,1,28.1381,False
11514,10,9,5,10,wait,1,1,19.9113,wait,1,1,30.0002,False
11515,10,9,5,11,hunt,1,1,18.3962,hunt,1,1,27.4541,False
11516,10,9,5,12,wait,1,2,19.7404,wait,1,2,28.9864,False
11517,10,9,5,13,wait,2,2,18.8531,wait,2,2,27.1394,False
11518,10,9,5,14,expedition,0,0,30.9688,expedition,0,0,31.562,False
11519,10,9,5,15,wait,0,0,0.0,wait,0,0,0.0,False
11536,10,10,1,0,wait,2,2,-23.1717,wait,2,2,-25.5728,False
11537,10,10,1,1,wait,2,2,-22.6889,wait,2,2,-24.187,False
11538,10,10,1,2,wait,2,2,-24.3053,wait,2,2,-26.4677,False
11539,10,10,1,3,wait,2,2,-25.3406,wait,2,2,-29.0853,False
11540,10,10,1,4,wait,2,2,-24.9472,wait,2,2,-28.0026,False
11541,10,10,1,5,wait,2,2,-26.673,wait,2,2,-31.5723,False
11542,10,10,1,6,wait,2,2,-27.7336,wait,2,2,-32.6598,False
11543,10,10,1,7,wait,2,2,-29.3928,wait,2,2,-36.1801,False
11544,10,10,1,8,wait,2,2,-31.4661,wait,2,2,-38.1104,False
11545,10,10,1,9,wait,2,2,-33.573,wait,2,2,-42.7865,False
11546,10,10,1,10,wait,2,2,-37.2447,wait,2,2,-49.3121,False
11547,10,10,1,11,wait,2,2,-40.0757,wait,2,2,-54.5011,False
11548,10,10,1,12,wait,2,2,-44.3479,wait,2,2,-60.7512,False
11549,10,10,1,13,hunt,2,2,-53.991,hunt,2,2,-77.8162,False
11550,10,10,1,14,hunt,2,2,-89.9429,hunt,2,2,-90.3637,False
11551,10,10,1,15,wait,0,0,0.0,wait,0,0,0.0,False
11552,10,10,2,0,wait,2,2,0.5349,wait,2,2,4.2125,False
11553,10,10,2,1,wait,2,2,-0.5892,wait,2,2,1.1037,False
11554,10,10,2,2,wait,2,2,-0.2824,wait,2,2,1.3596,False
11555,10,10,2,3,wait,2,2,-0.9636,wait,2,2,0.7379,False
11556,10,10,2,4,wait,2,2,-2.0541,wait,2,2,-1.0709,False
11557,10,10,2,5,wait,2,2,-5.1563,wait,2,2,-5.7116,False
11558,10,10,2,6,wait,2,2,-6.1655,wait,2,2,-7.6619,False
11559,10,10,2,7,wait,2,2,-9.1664,wait,2,2,-13.4851,False
11560,10,10,2,8,wait,2,2,-11.0414,wait,2,2,-15.1775,False
11561,10,10,2,9,wait,2,2,-13.1174,wait,2,2,-19.0201,False
11562,10,10,2,10,wait,2,2,-15.4888,wait,2,2,-22.807,False
11563,10,10,2,11,wait,2,2,-16.9184,wait,2,2,-26.4146,False
11564,10,10,2,12,wait,2,2,-17.6507,wait,2,2,-26.8756,False
11565,10,10,2,13,wait,2,2,-17.5573,wait,2,2,-26.5059,False
11566,10,10,2,14,hunt,2,2,-87.2996,hunt,2,2,-87.598,False
11567,10,10,2,15,wait,0,0,0.0,wait,0,0,0.0,False
11568,10,10,3,0,wait,2,2,10.1813,wait,2,2,15.562,False
11569,10,10,3,1,wait,2,2,9.1089,wait,2,2,13.996,False
11570,10,10,3,2,wait,2,2,9.9223,wait,2,2,15.2812,False
11571,10,10,3,3,wait,2,2,10.4295,wait,2,2,16.6742,False
11572,10,10,3,4,hunt,2,2,6.9166,hunt,2,2,9.1846,False
11573,10,10,3,5,hunt,2,2,5.375,wait,2,2,9.0543,True
11574,10,10,3,6,wait,2,2,6.5537,wait,2,2,9.7005,False
11575,10,10,3,7,wait,2,2,5.0375,wait,2,2,7.0671,False
11576,10,10,3,8,wait,2,2,3.0852,wait,2,2,3.9658,False
11577,10,10,3,9,wait,2,2,2.9756,wait,2,2,3.2095,False
11578,10,10,3,10,wait,2,2,4.0804,wait,2,2,5.2183,False
11579,10,10,3,11,wait,2,2,3.5442,wait,2,2,4.9571,False
11580,10,10,3,12,wait,2,2,3.2715,wait,2,2,4.9836,False
11581,10,10,3,13,wait,2,2,2.8619,wait,2,2,2.7559,False
11582,10,10,3,14,expedition,0,0,-19.6602,expedition,0,0,-21.4606,False
11583,10,10,3,15,wait,0,0,0.0,wait,0,0,0.0,False
11584,10,10,4,0,expedition,0,0,9.8432,hunt,2,2,17.1025,True
11585,10,10,4,1,expedition,0,0,11.5567,wait,1,1,16.7894,True
11586,10,10,4,2,expedition,0,0,10.8626,wait,2,2,21.4521,True
11587,10,10,4,3,wait,2,2,20.1222,wait,2,2,28.6222,False
11588,10,10,4,4,wait,2,2,16.2763,wait,2,2,22.8011,False
11589,10,10,4,5,expedition,0,0,10.0937,hunt,2,2,19.5252,True
11590,10,10,4,6,hunt,2,2,15.898,hunt,2,2,22.0805,False
11591,10,10,4,7,expedition,0,0,10.6615,hunt,2,2,16.713,True
11592,10,10,4,8,wait,2,2,19.8667,wait,2,2,28.3884,False
11593,10,10,4,9,wait,2,2,19.8726,wait,2,2,28.5607,False
11594,10,10,4,10,expedition,0,0,10.9341,wait,2,2,21.1652,True
11595,10,10,4,11,wait,2,2,19.4376,wait,2,2,28.7242,False
11596,10,10,4,12,expedition,0,0,9.0331,wait,2,2,18.8375,True
11597,10,10,4,13,expedition,0,0,12.2572,wait,2,2,19.6457,True
11598,10,10,4,14,expedition,0,0,12.392,expedition,0,0,13.0686,False
11599,10,10,4,15,wait,0,0,0.0,wait,0,0,0.0,False
11600,10,10,5,0,hunt,1,1,16.3919,expedition,0,0,24.6018,True
11601,10,10,5,1,expedition,0,0,33.5151,expedition,0,0,33.3861,False
11602,10,10,5,2,wait,1,2,18.1187,wait,1,2,26.1644,False
11603,10,10,5,3,expedition,0,0,33.6145,expedition,0,0,33.4884,False
11604,10,10,5,4,hunt,2,2,17.8191,expedition,0,0,25.5831,True
11605,10,10,5,5,expedition,0,0,33.6601,expedition,0,0,33.523,False
11606,10,10,5,6,wait,1,2,18.2648,wait,1,2,26.3043,False
11607,10,10,5,7,expedition,0,0,33.8376,expedition,0,0,34.2616,False
11608,10,10,5,8,expedition,0,0,33.5243,expedition,0,0,34.5421,False
11609,10,10,5,9,wait,2,2,19.712,wait,2,2,28.7197,False
11610,10,10,5,10,wait,1,2,20.2161,wait,1,2,29.885,False
11611,10,10,5,11,expedition,0,0,34.2625,expedition,0,0,35.0738,False
11612,10,10,5,12,expedition,0,0,33.524,expedition,0,0,33.5366,False
11613,10,10,5,13,hunt,2,2,17.7529,hunt,2,2,25.3053,False
11614,10,10,5,14,expedition,0,0,33.5202,expedition,0,0,33.4641,False
11615,10,10,5,15,wait,0,0,0.0,wait,0,0,0.0,False
