batch,action_idx,action,Q,W
55000,0,"('wait', 0, 0)",-11.572277069091797,-44.42460250854492
55000,1,"('wait', 0, 1)",-8.778244972229004,-31.466337203979492
55000,2,"('wait', 0, 2)",-8.665260314941406,-31.047279357910156
55000,3,"('wait', 1, 0)",-9.54723834991455,-35.97409439086914
55000,4,"('wait', 1, 1)",-5.99761962890625,-17.2795352935791
55000,5,"('wait', 1, 2)",-6.392947673797607,-19.296598434448242
55000,6,"('wait', 2, 0)",-9.465397834777832,-39.72243118286133
55000,7,"('wait', 2, 1)",-6.7356390953063965,-25.27177619934082
55000,8,"('wait', 2, 2)",-5.203003883361816,-11.472474098205566
55000,9,"('hunt', 0, 0)",-11.967029571533203,-45.075767517089844
55000,10,"('hunt', 0, 1)",-8.561935424804688,-29.42557716369629
55000,11,"('hunt', 0, 2)",-8.435627937316895,-29.66216278076172
55000,12,"('hunt', 1, 0)",-9.251697540283203,-33.99697494506836
55000,13,"('hunt', 1, 1)",-5.825082302093506,-15.52285385131836
55000,14,"('hunt', 1, 2)",-6.0371222496032715,-17.00335693359375
55000,15,"('hunt', 2, 0)",-8.997177124023438,-37.176918029785156
55000,16,"('hunt', 2, 1)",-6.889170169830322,-24.544780731201172
55000,17,"('hunt', 2, 2)",-4.785401821136475,-9.513065338134766
55000,18,"('expedition', 0, 0)",,
55200,0,"('wait', 0, 0)",-11.572277069091797,-44.42460250854492
55200,1,"('wait', 0, 1)",-8.804323196411133,-31.554946899414062
55200,2,"('wait', 0, 2)",-8.665260314941406,-31.047279357910156
55200,3,"('wait', 1, 0)",-9.55339241027832,-35.978084564208984
55200,4,"('wait', 1, 1)",-5.999514102935791,-17.280698776245117
55200,5,"('wait', 1, 2)",-6.392947673797607,-19.296598434448242
55200,6,"('wait', 2, 0)",-9.465397834777832,-39.72243118286133
55200,7,"('wait', 2, 1)",-6.739550590515137,-25.2778263092041
55200,8,"('wait', 2, 2)",-5.203003883361816,-11.472474098205566
55200,9,"('hunt', 0, 0)",-11.995964050292969,-45.14784622192383
55200,10,"('hunt', 0, 1)",-8.566529273986816,-29.405488967895508
55200,11,"('hunt', 0, 2)",-8.44490909576416,-29.690921783447266
55200,12,"('hunt', 1, 0)",-9.251697540283203,-33.99697494506836
55200,13,"('hunt', 1, 1)",-5.826519966125488,-15.541614532470703
55200,14,"('hunt', 1, 2)",-6.038788318634033,-16.984661102294922
55200,15,"('hunt', 2, 0)",-8.997177124023438,-37.176918029785156
55200,16,"('hunt', 2, 1)",-6.889170169830322,-24.544780731201172
55200,17,"('hunt', 2, 2)",-4.826940536499023,-9.630807876586914
55200,18,"('expedition', 0, 0)",,
55400,0,"('wait', 0, 0)",-11.600968360900879,-44.49691390991211
55400,1,"('wait', 0, 1)",-8.814536094665527,-31.54780387878418
55400,2,"('wait', 0, 2)",-8.665260314941406,-31.047279357910156
55400,3,"('wait', 1, 0)",-9.55339241027832,-35.978084564208984
55400,4,"('wait', 1, 1)",-5.999514102935791,-17.280698776245117
55400,5,"('wait', 1, 2)",-6.392947673797607,-19.296598434448242
55400,6,"('wait', 2, 0)",-9.465397834777832,-39.72243118286133
55400,7,"('wait', 2, 1)",-6.739550590515137,-25.2778263092041
55400,8,"('wait', 2, 2)",-5.20325231552124,-11.471463203430176
55400,9,"('hunt', 0, 0)",-12.0038423538208,-45.16921615600586
55400,10,"('hunt', 0, 1)",-8.580178260803223,-29.41543197631836
55400,11,"('hunt', 0, 2)",-8.44490909576416,-29.690921783447266
55400,12,"('hunt', 1, 0)",-9.251697540283203,-33.99697494506836
55400,13,"('hunt', 1, 1)",-5.827939033508301,-15.523101806640625
55400,14,"('hunt', 1, 2)",-6.031653881072998,-16.911928176879883
55400,15,"('hunt', 2, 0)",-9.038028717041016,-37.27913284301758
55400,16,"('hunt', 2, 1)",-6.889170169830322,-24.544780731201172
55400,17,"('hunt', 2, 2)",-4.836055278778076,-9.296743392944336
55400,18,"('expedition', 0, 0)",,
55600,0,"('wait', 0, 0)",-11.600968360900879,-44.49691390991211
55600,1,"('wait', 0, 1)",-8.814536094665527,-31.54780387878418
55600,2,"('wait', 0, 2)",-8.665260314941406,-31.047279357910156
55600,3,"('wait', 1, 0)",-9.55339241027832,-35.978084564208984
55600,4,"('wait', 1, 1)",-6.00137996673584,-17.281858444213867
55600,5,"('wait', 1, 2)",-6.392947673797607,-19.296598434448242
55600,6,"('wait', 2, 0)",-9.465397834777832,-39.72243118286133
55600,7,"('wait', 2, 1)",-6.743407249450684,-25.28373908996582
55600,8,"('wait', 2, 2)",-5.203375339508057,-11.471080780029297
55600,9,"('hunt', 0, 0)",-12.009088516235352,-45.03826141357422
55600,10,"('hunt', 0, 1)",-8.609953880310059,-29.4853458404541
55600,11,"('hunt', 0, 2)",-8.454094886779785,-29.687253952026367
55600,12,"('hunt', 1, 0)",-9.251697540283203,-33.99697494506836
55600,13,"('hunt', 1, 1)",-5.827939033508301,-15.523101806640625
55600,14,"('hunt', 1, 2)",-6.034926891326904,-16.947689056396484
55600,15,"('hunt', 2, 0)",-9.038028717041016,-37.27913284301758
55600,16,"('hunt', 2, 1)",-6.8927083015441895,-24.524240493774414
55600,17,"('hunt', 2, 2)",-4.737333297729492,-8.638691902160645
55600,18,"('expedition', 0, 0)",,
55800,0,"('wait', 0, 0)",-11.600968360900879,-44.49691390991211
55800,1,"('wait', 0, 1)",-8.814536094665527,-31.54780387878418
55800,2,"('wait', 0, 2)",-8.665260314941406,-31.047279357910156
55800,3,"('wait', 1, 0)",-9.580094337463379,-36.05961608886719
55800,4,"('wait', 1, 1)",-6.005102634429932,-17.28382110595703
55800,5,"('wait', 1, 2)",-6.392947673797607,-19.296598434448242
55800,6,"('wait', 2, 0)",-9.507402420043945,-39.82218551635742
55800,7,"('wait', 2, 1)",-6.747243404388428,-25.290008544921875
55800,8,"('wait', 2, 2)",-5.203619480133057,-11.468998908996582
55800,9,"('hunt', 0, 0)",-12.009088516235352,-45.03826141357422
55800,10,"('hunt', 0, 1)",-8.609953880310059,-29.4853458404541
55800,11,"('hunt', 0, 2)",-8.458632469177246,-29.66912078857422
55800,12,"('hunt', 1, 0)",-9.257267951965332,-34.015647888183594
55800,13,"('hunt', 1, 1)",-5.827939033508301,-15.523101806640625
55800,14,"('hunt', 1, 2)",-6.029506206512451,-16.8586483001709
55800,15,"('hunt', 2, 0)",-9.04464054107666,-37.312191009521484
55800,16,"('hunt', 2, 1)",-6.896237850189209,-24.550291061401367
55800,17,"('hunt', 2, 2)",-4.658669948577881,-8.526535034179688
55800,18,"('expedition', 0, 0)",,
56000,0,"('wait', 0, 0)",-11.608686447143555,-44.50732421875
56000,1,"('wait', 0, 1)",-8.845029830932617,-31.63121223449707
56000,2,"('wait', 0, 2)",-8.665260314941406,-31.047279357910156
56000,3,"('wait', 1, 0)",-9.612518310546875,-36.145381927490234
56000,4,"('wait', 1, 1)",-6.006954193115234,-17.284238815307617
56000,5,"('wait', 1, 2)",-6.392947673797607,-19.296598434448242
56000,6,"('wait', 2, 0)",-9.518342018127441,-39.727088928222656
56000,7,"('wait', 2, 1)",-6.7510600090026855,-25.296520233154297
56000,8,"('wait', 2, 2)",-5.203619480133057,-11.468998908996582
56000,9,"('hunt', 0, 0)",-12.009088516235352,-45.03826141357422
56000,10,"('hunt', 0, 1)",-8.614418983459473,-29.465736389160156
56000,11,"('hunt', 0, 2)",-8.458632469177246,-29.66912078857422
56000,12,"('hunt', 1, 0)",-9.262805938720703,-33.99890899658203
56000,13,"('hunt', 1, 1)",-5.827939033508301,-15.523101806640625
56000,14,"('hunt', 1, 2)",-6.029506206512451,-16.8586483001709
56000,15,"('hunt', 2, 0)",-9.04464054107666,-37.312191009521484
56000,16,"('hunt', 2, 1)",-6.920212268829346,-24.64356803894043
56000,17,"('hunt', 2, 2)",-4.640506267547607,-8.68978214263916
56000,18,"('expedition', 0, 0)",,
56200,0,"('wait', 0, 0)",-11.608686447143555,-44.50732421875
56200,1,"('wait', 0, 1)",-8.845029830932617,-31.63121223449707
56200,2,"('wait', 0, 2)",-8.665260314941406,-31.047279357910156
56200,3,"('wait', 1, 0)",-9.612518310546875,-36.145381927490234
56200,4,"('wait', 1, 1)",-6.006954193115234,-17.284238815307617
56200,5,"('wait', 1, 2)",-6.395082950592041,-19.294116973876953
56200,6,"('wait', 2, 0)",-9.518342018127441,-39.727088928222656
56200,7,"('wait', 2, 1)",-6.7510600090026855,-25.296520233154297
56200,8,"('wait', 2, 2)",-5.203739166259766,-11.467827796936035
56200,9,"('hunt', 0, 0)",-12.009088516235352,-45.03826141357422
56200,10,"('hunt', 0, 1)",-8.639214515686035,-29.554317474365234
56200,11,"('hunt', 0, 2)",-8.467592239379883,-29.634445190429688
56200,12,"('hunt', 1, 0)",-9.288738250732422,-34.082008361816406
56200,13,"('hunt', 1, 1)",-5.827939033508301,-15.523101806640625
56200,14,"('hunt', 1, 2)",-6.020890712738037,-16.770549774169922
56200,15,"('hunt', 2, 0)",-9.040963172912598,-37.199615478515625
56200,16,"('hunt', 2, 1)",-6.920212268829346,-24.64356803894043
56200,17,"('hunt', 2, 2)",-4.64794397354126,-9.030316352844238
56200,18,"('expedition', 0, 0)",,
56400,0,"('wait', 0, 0)",-11.616324424743652,-44.51737976074219
56400,1,"('wait', 0, 1)",-8.875274658203125,-31.713743209838867
56400,2,"('wait', 0, 2)",-8.665260314941406,-31.047279357910156
56400,3,"('wait', 1, 0)",-9.612518310546875,-36.145381927490234
56400,4,"('wait', 1, 1)",-6.01059627532959,-17.283342361450195
56400,5,"('wait', 1, 2)",-6.397211074829102,-19.2923526763916
56400,6,"('wait', 2, 0)",-9.518342018127441,-39.727088928222656
56400,7,"('wait', 2, 1)",-6.754836559295654,-25.302349090576172
56400,8,"('wait', 2, 2)",-5.203977108001709,-11.4669771194458
56400,9,"('hunt', 0, 0)",-12.009088516235352,-45.03826141357422
56400,10,"('hunt', 0, 1)",-8.648080825805664,-29.54842758178711
56400,11,"('hunt', 0, 2)",-8.467592239379883,-29.634445190429688
56400,12,"('hunt', 1, 0)",-9.325400352478027,-34.20001220703125
56400,13,"('hunt', 1, 1)",-5.827939033508301,-15.523101806640625
56400,14,"('hunt', 1, 2)",-6.022434234619141,-16.75192642211914
56400,15,"('hunt', 2, 0)",-9.040963172912598,-37.199615478515625
56400,16,"('hunt', 2, 1)",-6.92371129989624,-24.670238494873047
56400,17,"('hunt', 2, 2)",-4.5501813888549805,-8.516158103942871
56400,18,"('expedition', 0, 0)",,
56600,0,"('wait', 0, 0)",-11.64399242401123,-44.58698272705078
56600,1,"('wait', 0, 1)",-8.875274658203125,-31.713743209838867
56600,2,"('wait', 0, 2)",-8.67002010345459,-31.04601287841797
56600,3,"('wait', 1, 0)",-9.61844253540039,-36.14976501464844
56600,4,"('wait', 1, 1)",-6.014225482940674,-17.28200340270996
56600,5,"('wait', 1, 2)",-6.389233589172363,-19.202102661132812
56600,6,"('wait', 2, 0)",-9.525299072265625,-39.73798751831055
56600,7,"('wait', 2, 1)",-6.754836559295654,-25.302349090576172
56600,8,"('wait', 2, 2)",-5.203977108001709,-11.4669771194458
56600,9,"('hunt', 0, 0)",-12.036764144897461,-45.10733413696289
56600,10,"('hunt', 0, 1)",-8.648080825805664,-29.54842758178711
56600,11,"('hunt', 0, 2)",-8.47203540802002,-29.649045944213867
56600,12,"('hunt', 1, 0)",-9.330886840820312,-34.21841049194336
56600,13,"('hunt', 1, 1)",-5.8494648933410645,-15.62696361541748
56600,14,"('hunt', 1, 2)",-6.023965835571289,-16.733549118041992
56600,15,"('hunt', 2, 0)",-9.073996543884277,-37.30921936035156
56600,16,"('hunt', 2, 1)",-6.947397232055664,-24.762155532836914
56600,17,"('hunt', 2, 2)",-4.4641900062561035,-8.159452438354492
56600,18,"('expedition', 0, 0)",,
56800,0,"('wait', 0, 0)",-11.651556015014648,-44.595741271972656
56800,1,"('wait', 0, 1)",-8.875274658203125,-31.713743209838867
56800,2,"('wait', 0, 2)",-8.67002010345459,-31.04601287841797
56800,3,"('wait', 1, 0)",-9.61844253540039,-36.14976501464844
56800,4,"('wait', 1, 1)",-6.014225482940674,-17.28200340270996
56800,5,"('wait', 1, 2)",-6.389233589172363,-19.202102661132812
56800,6,"('wait', 2, 0)",-9.549116134643555,-39.69799041748047
56800,7,"('wait', 2, 1)",-6.754836559295654,-25.302349090576172
56800,8,"('wait', 2, 2)",-5.203977108001709,-11.4669771194458
56800,9,"('hunt', 0, 0)",-12.036764144897461,-45.10733413696289
56800,10,"('hunt', 0, 1)",-8.648080825805664,-29.54842758178711
56800,11,"('hunt', 0, 2)",-8.47203540802002,-29.649045944213867
56800,12,"('hunt', 1, 0)",-9.330886840820312,-34.21841049194336
56800,13,"('hunt', 1, 1)",-5.8494648933410645,-15.62696361541748
56800,14,"('hunt', 1, 2)",-6.025493144989014,-16.751995086669922
56800,15,"('hunt', 2, 0)",-9.080423355102539,-37.34146499633789
56800,16,"('hunt', 2, 1)",-6.947397232055664,-24.762155532836914
56800,17,"('hunt', 2, 2)",-4.313692092895508,-7.3620524406433105
56800,18,"('expedition', 0, 0)",,
57000,0,"('wait', 0, 0)",-11.686424255371094,-44.67304229736328
57000,1,"('wait', 0, 1)",-8.875274658203125,-31.713743209838867
57000,2,"('wait', 0, 2)",-8.67002010345459,-31.04601287841797
57000,3,"('wait', 1, 0)",-9.635988235473633,-36.163902282714844
57000,4,"('wait', 1, 1)",-6.014225482940674,-17.28200340270996
57000,5,"('wait', 1, 2)",-6.391299724578857,-19.200807571411133
57000,6,"('wait', 2, 0)",-9.549116134643555,-39.69799041748047
57000,7,"('wait', 2, 1)",-6.782166481018066,-25.397045135498047
57000,8,"('wait', 2, 2)",-5.224078178405762,-11.572885513305664
57000,9,"('hunt', 0, 0)",-12.041736602783203,-44.98283004760742
57000,10,"('hunt', 0, 1)",-8.672375679016113,-29.63509178161621
57000,11,"('hunt', 0, 2)",-8.525028228759766,-29.835554122924805
57000,12,"('hunt', 1, 0)",-9.330886840820312,-34.21841049194336
57000,13,"('hunt', 1, 1)",-5.8494648933410645,-15.62696361541748
57000,14,"('hunt', 1, 2)",-6.025493144989014,-16.751995086669922
57000,15,"('hunt', 2, 0)",-9.080423355102539,-37.34146499633789
57000,16,"('hunt', 2, 1)",-6.950850009918213,-24.742996215820312
57000,17,"('hunt', 2, 2)",-4.29397439956665,-7.791201591491699
57000,18,"('expedition', 0, 0)",,
57200,0,"('wait', 0, 0)",-11.701354026794434,-44.689788818359375
57200,1,"('wait', 0, 1)",-8.909704208374023,-31.789621353149414
57200,2,"('wait', 0, 2)",-8.67002010345459,-31.04601287841797
57200,3,"('wait', 1, 0)",-9.661648750305176,-36.241981506347656
57200,4,"('wait', 1, 1)",-6.014225482940674,-17.28200340270996
57200,5,"('wait', 1, 2)",-6.391299724578857,-19.200807571411133
57200,6,"('wait', 2, 0)",-9.549116134643555,-39.69799041748047
57200,7,"('wait', 2, 1)",-6.78586483001709,-25.4023380279541
57200,8,"('wait', 2, 2)",-5.224353790283203,-11.573907852172852
57200,9,"('hunt', 0, 0)",-12.041736602783203,-44.98283004760742
57200,10,"('hunt', 0, 1)",-8.676719665527344,-29.615644454956055
57200,11,"('hunt', 0, 2)",-8.529403686523438,-29.818876266479492
57200,12,"('hunt', 1, 0)",-9.330886840820312,-34.21841049194336
57200,13,"('hunt', 1, 1)",-5.852198123931885,-15.62612247467041
57200,14,"('hunt', 1, 2)",-6.027005672454834,-16.77158546447754
57200,15,"('hunt', 2, 0)",-9.093073844909668,-37.31959533691406
57200,16,"('hunt', 2, 1)",-6.954273223876953,-24.769485473632812
57200,17,"('hunt', 2, 2)",-4.220423698425293,-7.648728370666504
57200,18,"('expedition', 0, 0)",,
57400,0,"('wait', 0, 0)",-11.728559494018555,-44.75799560546875
57400,1,"('wait', 0, 1)",-8.914557456970215,-31.78651237487793
57400,2,"('wait', 0, 2)",-8.67002010345459,-31.04601287841797
57400,3,"('wait', 1, 0)",-9.661648750305176,-36.241981506347656
57400,4,"('wait', 1, 1)",-6.014225482940674,-17.28200340270996
57400,5,"('wait', 1, 2)",-6.391299724578857,-19.200807571411133
57400,6,"('wait', 2, 0)",-9.555879592895508,-39.70934295654297
57400,7,"('wait', 2, 1)",-6.78586483001709,-25.4023380279541
57400,8,"('wait', 2, 2)",-5.224491119384766,-11.574450492858887
57400,9,"('hunt', 0, 0)",-12.041736602783203,-44.98283004760742
57400,10,"('hunt', 0, 1)",-8.681035995483398,-29.627750396728516
57400,11,"('hunt', 0, 2)",-8.529403686523438,-29.818876266479492
57400,12,"('hunt', 1, 0)",-9.336241722106934,-34.201412200927734
57400,13,"('hunt', 1, 1)",-5.853566646575928,-15.644271850585938
57400,14,"('hunt', 1, 2)",-6.030006408691406,-16.734590530395508
57400,15,"('hunt', 2, 0)",-9.099347114562988,-37.309112548828125
57400,16,"('hunt', 2, 1)",-6.954273223876953,-24.769485473632812
57400,17,"('hunt', 2, 2)",-4.132476329803467,-7.596362590789795
57400,18,"('expedition', 0, 0)",,
57600,0,"('wait', 0, 0)",-11.755573272705078,-44.82562255859375
57600,1,"('wait', 0, 1)",-8.914557456970215,-31.78651237487793
57600,2,"('wait', 0, 2)",-8.679265022277832,-31.041629791259766
57600,3,"('wait', 1, 0)",-9.687019348144531,-36.319053649902344
57600,4,"('wait', 1, 1)",-6.014225482940674,-17.28200340270996
57600,5,"('wait', 1, 2)",-6.391299724578857,-19.200807571411133
57600,6,"('wait', 2, 0)",-9.555879592895508,-39.70934295654297
57600,7,"('wait', 2, 1)",-6.793188571929932,-25.412927627563477
57600,8,"('wait', 2, 2)",-5.24426794052124,-11.678407669067383
57600,9,"('hunt', 0, 0)",-12.041736602783203,-44.98283004760742
57600,10,"('hunt', 0, 1)",-8.681035995483398,-29.627750396728516
57600,11,"('hunt', 0, 2)",-8.547922134399414,-29.804012298583984
57600,12,"('hunt', 1, 0)",-9.336241722106934,-34.201412200927734
57600,13,"('hunt', 1, 1)",-5.853566646575928,-15.644271850585938
57600,14,"('hunt', 1, 2)",-6.032978057861328,-16.733867645263672
57600,15,"('hunt', 2, 0)",-9.099347114562988,-37.309112548828125
57600,16,"('hunt', 2, 1)",-6.977221488952637,-24.858367919921875
57600,17,"('hunt', 2, 2)",-4.210575103759766,-7.932868480682373
57600,18,"('expedition', 0, 0)",,
57800,0,"('wait', 0, 0)",-11.755573272705078,-44.82562255859375
57800,1,"('wait', 0, 1)",-8.919355392456055,-31.783044815063477
57800,2,"('wait', 0, 2)",-8.688438415527344,-31.03651237487793
57800,3,"('wait', 1, 0)",-9.69276237487793,-36.32265090942383
57800,4,"('wait', 1, 1)",-6.014225482940674,-17.28200340270996
57800,5,"('wait', 1, 2)",-6.395350933074951,-19.198524475097656
57800,6,"('wait', 2, 0)",-9.582140922546387,-39.78135681152344
57800,7,"('wait', 2, 1)",-6.793188571929932,-25.412927627563477
57800,8,"('wait', 2, 2)",-5.24426794052124,-11.678407669067383
57800,9,"('hunt', 0, 0)",-12.095276832580566,-45.11665344238281
57800,10,"('hunt', 0, 1)",-8.681035995483398,-29.627750396728516
57800,11,"('hunt', 0, 2)",-8.57177734375,-29.888111114501953
57800,12,"('hunt', 1, 0)",-9.336241722106934,-34.201412200927734
57800,13,"('hunt', 1, 1)",-5.8562750816345215,-15.644596099853516
57800,14,"('hunt', 1, 2)",-6.032978057861328,-16.733867645263672
57800,15,"('hunt', 2, 0)",-9.099347114562988,-37.309112548828125
57800,16,"('hunt', 2, 1)",-6.977221488952637,-24.858367919921875
57800,17,"('hunt', 2, 2)",-4.180009365081787,-8.198697090148926
57800,18,"('expedition', 0, 0)",,
58000,0,"('wait', 0, 0)",-11.755573272705078,-44.82562255859375
58000,1,"('wait', 0, 1)",-8.919355392456055,-31.783044815063477
58000,2,"('wait', 0, 2)",-8.688438415527344,-31.03651237487793
58000,3,"('wait', 1, 0)",-9.698478698730469,-36.326866149902344
58000,4,"('wait', 1, 1)",-6.014225482940674,-17.28200340270996
58000,5,"('wait', 1, 2)",-6.389660835266113,-19.110437393188477
58000,6,"('wait', 2, 0)",-9.5888032913208,-39.791664123535156
58000,7,"('wait', 2, 1)",-6.793188571929932,-25.412927627563477
58000,8,"('wait', 2, 2)",-5.244578838348389,-11.677450180053711
58000,9,"('hunt', 0, 0)",-12.095276832580566,-45.11665344238281
58000,10,"('hunt', 0, 1)",-8.689531326293945,-29.650331497192383
58000,11,"('hunt', 0, 2)",-8.580328941345215,-29.85352325439453
58000,12,"('hunt', 1, 0)",-9.360883712768555,-34.280059814453125
58000,13,"('hunt', 1, 1)",-5.857625961303711,-15.662315368652344
58000,14,"('hunt', 1, 2)",-6.034449100494385,-16.750633239746094
58000,15,"('hunt', 2, 0)",-9.099347114562988,-37.309112548828125
58000,16,"('hunt', 2, 1)",-6.999942779541016,-24.94620704650879
58000,17,"('hunt', 2, 2)",-4.121486186981201,-7.747686386108398
58000,18,"('expedition', 0, 0)",,
58200,0,"('wait', 0, 0)",-11.770156860351562,-44.841224670410156
58200,1,"('wait', 0, 1)",-8.919355392456055,-31.783044815063477
58200,2,"('wait', 0, 2)",-8.692983627319336,-31.033843994140625
58200,3,"('wait', 1, 0)",-9.698478698730469,-36.326866149902344
58200,4,"('wait', 1, 1)",-6.014225482940674,-17.28200340270996
58200,5,"('wait', 1, 2)",-6.381979465484619,-19.024295806884766
58200,6,"('wait', 2, 0)",-9.614720344543457,-39.862613677978516
58200,7,"('wait', 2, 1)",-6.796789169311523,-25.41809844970703
58200,8,"('wait', 2, 2)",-5.2447333335876465,-11.676836967468262
58200,9,"('hunt', 0, 0)",-12.095276832580566,-45.11665344238281
58200,10,"('hunt', 0, 1)",-8.689531326293945,-29.650331497192383
58200,11,"('hunt', 0, 2)",-8.580328941345215,-29.85352325439453
58200,12,"('hunt', 1, 0)",-9.36612606048584,-34.29719543457031
58200,13,"('hunt', 1, 1)",-5.857625961303711,-15.662315368652344
58200,14,"('hunt', 1, 2)",-6.035912990570068,-16.733293533325195
58200,15,"('hunt', 2, 0)",-9.099347114562988,-37.309112548828125
58200,16,"('hunt', 2, 1)",-7.003314018249512,-24.971052169799805
58200,17,"('hunt', 2, 2)",-4.097285747528076,-8.614043235778809
58200,18,"('expedition', 0, 0)",,
58400,0,"('wait', 0, 0)",-11.770156860351562,-44.841224670410156
58400,1,"('wait', 0, 1)",-8.919355392456055,-31.783044815063477
58400,2,"('wait', 0, 2)",-8.692983627319336,-31.033843994140625
58400,3,"('wait', 1, 0)",-9.704123497009277,-36.33087158203125
58400,4,"('wait', 1, 1)",-6.00632381439209,-17.198938369750977
58400,5,"('wait', 1, 2)",-6.381979465484619,-19.024295806884766
58400,6,"('wait', 2, 0)",-9.614720344543457,-39.862613677978516
58400,7,"('wait', 2, 1)",-6.796789169311523,-25.41809844970703
58400,8,"('wait', 2, 2)",-5.244886875152588,-11.676858901977539
58400,9,"('hunt', 0, 0)",-12.095276832580566,-45.11665344238281
58400,10,"('hunt', 0, 1)",-8.689531326293945,-29.650331497192383
58400,11,"('hunt', 0, 2)",-8.6079740524292,-29.946945190429688
58400,12,"('hunt', 1, 0)",-9.386155128479004,-34.27304458618164
58400,13,"('hunt', 1, 1)",-5.858967304229736,-15.680087089538574
58400,14,"('hunt', 1, 2)",-6.037357807159424,-16.717042922973633
58400,15,"('hunt', 2, 0)",-9.099347114562988,-37.309112548828125
58400,16,"('hunt', 2, 1)",-7.003314018249512,-24.971052169799805
58400,17,"('hunt', 2, 2)",-4.130159854888916,-8.451828002929688
58400,18,"('expedition', 0, 0)",,
58600,0,"('wait', 0, 0)",-11.796475410461426,-44.90700149536133
58600,1,"('wait', 0, 1)",-8.943191528320312,-31.86358642578125
58600,2,"('wait', 0, 2)",-8.697469711303711,-31.031383514404297
58600,3,"('wait', 1, 0)",-9.704123497009277,-36.33087158203125
58600,4,"('wait', 1, 1)",-6.008023738861084,-17.200660705566406
58600,5,"('wait', 1, 2)",-6.381979465484619,-19.024295806884766
58600,6,"('wait', 2, 0)",-9.62128734588623,-39.872806549072266
58600,7,"('wait', 2, 1)",-6.803919315338135,-25.426424026489258
58600,8,"('wait', 2, 2)",-5.245192050933838,-11.67642879486084
58600,9,"('hunt', 0, 0)",-12.128634452819824,-45.199951171875
58600,10,"('hunt', 0, 1)",-8.689531326293945,-29.650331497192383
58600,11,"('hunt', 0, 2)",-8.63131046295166,-30.029003143310547
58600,12,"('hunt', 1, 0)",-9.386155128479004,-34.27304458618164
58600,13,"('hunt', 1, 1)",-5.858967304229736,-15.680087089538574
58600,14,"('hunt', 1, 2)",-6.0388054847717285,-16.73358726501465
58600,15,"('hunt', 2, 0)",-9.099347114562988,-37.309112548828125
58600,16,"('hunt', 2, 1)",-7.003314018249512,-24.971052169799805
58600,17,"('hunt', 2, 2)",-4.087152481079102,-8.20695686340332
58600,18,"('expedition', 0, 0)",,
58800,0,"('wait', 0, 0)",-11.796475410461426,-44.90700149536133
58800,1,"('wait', 0, 1)",-8.94786262512207,-31.86154556274414
58800,2,"('wait', 0, 2)",-8.701923370361328,-31.028656005859375
58800,3,"('wait', 1, 0)",-9.71530818939209,-36.34056091308594
58800,4,"('wait', 1, 1)",-6.0259175300598145,-17.219255447387695
58800,5,"('wait', 1, 2)",-6.4029083251953125,-19.117448806762695
58800,6,"('wait', 2, 0)",-9.62128734588623,-39.872806549072266
58800,7,"('wait', 2, 1)",-6.807459831237793,-25.43100929260254
58800,8,"('wait', 2, 2)",-5.2454938888549805,-11.674637794494629
58800,9,"('hunt', 0, 0)",-12.128634452819824,-45.199951171875
58800,10,"('hunt', 0, 1)",-8.689531326293945,-29.650331497192383
58800,11,"('hunt', 0, 2)",-8.63550853729248,-30.01166534423828
58800,12,"('hunt', 1, 0)",-9.391298294067383,-34.28812026977539
58800,13,"('hunt', 1, 1)",-5.861604690551758,-15.6461763381958
58800,14,"('hunt', 1, 2)",-6.0388054847717285,-16.73358726501465
58800,15,"('hunt', 2, 0)",-9.099347114562988,-37.309112548828125
58800,16,"('hunt', 2, 1)",-7.006639003753662,-24.995378494262695
58800,17,"('hunt', 2, 2)",-4.159219741821289,-8.344541549682617
58800,18,"('expedition', 0, 0)",,
59000,0,"('wait', 0, 0)",-11.796475410461426,-44.90700149536133
59000,1,"('wait', 0, 1)",-8.97143268585205,-31.941064834594727
59000,2,"('wait', 0, 2)",-8.701923370361328,-31.028656005859375
59000,3,"('wait', 1, 0)",-9.720853805541992,-36.34537887573242
59000,4,"('wait', 1, 1)",-6.049889087677002,-17.31605339050293
59000,5,"('wait', 1, 2)",-6.404844284057617,-19.1166934967041
59000,6,"('wait', 2, 0)",-9.62128734588623,-39.872806549072266
59000,7,"('wait', 2, 1)",-6.81098747253418,-25.435518264770508
59000,8,"('wait', 2, 2)",-5.2454938888549805,-11.674637794494629
59000,9,"('hunt', 0, 0)",-12.128634452819824,-45.199951171875
59000,10,"('hunt', 0, 1)",-8.697835922241211,-29.67317008972168
59000,11,"('hunt', 0, 2)",-8.63550853729248,-30.01166534423828
59000,12,"('hunt', 1, 0)",-9.391298294067383,-34.28812026977539
59000,13,"('hunt', 1, 1)",-5.861604690551758,-15.6461763381958
59000,14,"('hunt', 1, 2)",-6.041675567626953,-16.765209197998047
59000,15,"('hunt', 2, 0)",-9.099347114562988,-37.309112548828125
59000,16,"('hunt', 2, 1)",-7.009950637817383,-25.019182205200195
59000,17,"('hunt', 2, 2)",-4.051929473876953,-7.759744167327881
59000,18,"('expedition', 0, 0)",,
59200,0,"('wait', 0, 0)",-11.80360221862793,-44.91440963745117
59200,1,"('wait', 0, 1)",-8.97143268585205,-31.941064834594727
59200,2,"('wait', 0, 2)",-8.701923370361328,-31.028656005859375
59200,3,"('wait', 1, 0)",-9.722494125366211,-36.24779510498047
59200,4,"('wait', 1, 1)",-6.051572322845459,-17.3171329498291
59200,5,"('wait', 1, 2)",-6.406768321990967,-19.11507797241211
59200,6,"('wait', 2, 0)",-9.627769470214844,-39.88340377807617
59200,7,"('wait', 2, 1)",-6.81098747253418,-25.435518264770508
59200,8,"('wait', 2, 2)",-5.245643138885498,-11.673927307128906
59200,9,"('hunt', 0, 0)",-12.154473304748535,-45.264278411865234
59200,10,"('hunt', 0, 1)",-8.697835922241211,-29.67317008972168
59200,11,"('hunt', 0, 2)",-8.658473014831543,-30.092323303222656
59200,12,"('hunt', 1, 0)",-9.396397590637207,-34.27076721191406
59200,13,"('hunt', 1, 1)",-5.864223957061768,-15.681313514709473
59200,14,"('hunt', 1, 2)",-6.041675567626953,-16.765209197998047
59200,15,"('hunt', 2, 0)",-9.10536003112793,-37.30027389526367
59200,16,"('hunt', 2, 1)",-7.013253688812256,-24.999954223632812
59200,17,"('hunt', 2, 2)",-3.9956440925598145,-8.135578155517578
59200,18,"('expedition', 0, 0)",,
59400,0,"('wait', 0, 0)",-11.836503028869629,-44.98642349243164
59400,1,"('wait', 0, 1)",-9.004037857055664,-32.01652526855469
59400,2,"('wait', 0, 2)",-8.70630931854248,-31.025102615356445
59400,3,"('wait', 1, 0)",-9.752181053161621,-36.32622528076172
59400,4,"('wait', 1, 1)",-6.051572322845459,-17.3171329498291
59400,5,"('wait', 1, 2)",-6.406768321990967,-19.11507797241211
59400,6,"('wait', 2, 0)",-9.634230613708496,-39.894065856933594
59400,7,"('wait', 2, 1)",-6.81098747253418,-25.435518264770508
59400,8,"('wait', 2, 2)",-5.245791435241699,-11.6737060546875
59400,9,"('hunt', 0, 0)",-12.20604133605957,-45.39238739013672
59400,10,"('hunt', 0, 1)",-8.701942443847656,-29.655866622924805
59400,11,"('hunt', 0, 2)",-8.681361198425293,-30.172576904296875
59400,12,"('hunt', 1, 0)",-9.401469230651855,-34.287078857421875
59400,13,"('hunt', 1, 1)",-5.8561692237854,-15.602473258972168
59400,14,"('hunt', 1, 2)",-6.041675567626953,-16.765209197998047
59400,15,"('hunt', 2, 0)",-9.12999439239502,-37.371910095214844
59400,16,"('hunt', 2, 1)",-7.019796848297119,-24.962055206298828
59400,17,"('hunt', 2, 2)",-4.094424724578857,-8.319442749023438
59400,18,"('expedition', 0, 0)",,
59600,0,"('wait', 0, 0)",-11.869195938110352,-45.057071685791016
59600,1,"('wait', 0, 1)",-9.013237953186035,-32.013221740722656
59600,2,"('wait', 0, 2)",-8.710676193237305,-31.0214900970459
59600,3,"('wait', 1, 0)",-9.752181053161621,-36.32622528076172
59600,4,"('wait', 1, 1)",-6.051572322845459,-17.3171329498291
59600,5,"('wait', 1, 2)",-6.410573959350586,-19.11209487915039
59600,6,"('wait', 2, 0)",-9.634230613708496,-39.894065856933594
59600,7,"('wait', 2, 1)",-6.81098747253418,-25.435518264770508
59600,8,"('wait', 2, 2)",-5.236621379852295,-11.59785270690918
59600,9,"('hunt', 0, 0)",-12.213037490844727,-45.38473129272461
59600,10,"('hunt', 0, 1)",-8.706018447875977,-29.638185501098633
59600,11,"('hunt', 0, 2)",-8.681361198425293,-30.172576904296875
59600,12,"('hunt', 1, 0)",-9.401469230651855,-34.287078857421875
59600,13,"('hunt', 1, 1)",-5.8561692237854,-15.602473258972168
59600,14,"('hunt', 1, 2)",-6.044510364532471,-16.764699935913086
59600,15,"('hunt', 2, 0)",-9.15719223022461,-37.33190155029297
59600,16,"('hunt', 2, 1)",-7.0230326652526855,-24.943763732910156
59600,17,"('hunt', 2, 2)",-4.109373569488525,-8.564809799194336
59600,18,"('expedition', 0, 0)",,
59800,0,"('wait', 0, 0)",-11.894723892211914,-45.12059020996094
59800,1,"('wait', 0, 1)",-9.013237953186035,-32.013221740722656
59800,2,"('wait', 0, 2)",-8.710676193237305,-31.0214900970459
59800,3,"('wait', 1, 0)",-9.752181053161621,-36.32622528076172
59800,4,"('wait', 1, 1)",-6.051572322845459,-17.3171329498291
59800,5,"('wait', 1, 2)",-6.40317440032959,-19.029207229614258
59800,6,"('wait', 2, 0)",-9.64062786102295,-39.905128479003906
59800,7,"('wait', 2, 1)",-6.81098747253418,-25.435518264770508
59800,8,"('wait', 2, 2)",-5.236751079559326,-11.59718132019043
59800,9,"('hunt', 0, 0)",-12.213037490844727,-45.38473129272461
59800,10,"('hunt', 0, 1)",-8.706018447875977,-29.638185501098633
59800,11,"('hunt', 0, 2)",-8.681361198425293,-30.172576904296875
59800,12,"('hunt', 1, 0)",-9.406505584716797,-34.30293273925781
59800,13,"('hunt', 1, 1)",-5.857448577880859,-15.61978530883789
59800,14,"('hunt', 1, 2)",-6.044510364532471,-16.764699935913086
59800,15,"('hunt', 2, 0)",-9.15719223022461,-37.33190155029297
59800,16,"('hunt', 2, 1)",-7.0230326652526855,-24.943763732910156
59800,17,"('hunt', 2, 2)",-4.104743480682373,-8.565519332885742
59800,18,"('expedition', 0, 0)",,
60000,0,"('wait', 0, 0)",-11.894723892211914,-45.12059020996094
60000,1,"('wait', 0, 1)",-9.036277770996094,-32.09074020385742
60000,2,"('wait', 0, 2)",-8.715004920959473,-31.01800537109375
60000,3,"('wait', 1, 0)",-9.752181053161621,-36.32622528076172
60000,4,"('wait', 1, 1)",-6.051572322845459,-17.3171329498291
60000,5,"('wait', 1, 2)",-6.425374507904053,-19.118867874145508
60000,6,"('wait', 2, 0)",-9.64062786102295,-39.905128479003906
60000,7,"('wait', 2, 1)",-6.81098747253418,-25.435518264770508
60000,8,"('wait', 2, 2)",-5.236751079559326,-11.59718132019043
60000,9,"('hunt', 0, 0)",-12.238350868225098,-45.447509765625
60000,10,"('hunt', 0, 1)",-8.71005916595459,-29.65020179748535
60000,11,"('hunt', 0, 2)",-8.707996368408203,-30.234132766723633
60000,12,"('hunt', 1, 0)",-9.411502838134766,-34.28629684448242
60000,13,"('hunt', 1, 1)",-5.858722686767578,-15.63810920715332
60000,14,"('hunt', 1, 2)",-6.044510364532471,-16.764699935913086
60000,15,"('hunt', 2, 0)",-9.15719223022461,-37.33190155029297
60000,16,"('hunt', 2, 1)",-7.0230326652526855,-24.943763732910156
60000,17,"('hunt', 2, 2)",-4.179758548736572,-8.701330184936523
60000,18,"('expedition', 0, 0)",,
60200,0,"('wait', 0, 0)",-11.945341110229492,-45.24627685546875
60200,1,"('wait', 0, 1)",-9.040806770324707,-32.08793258666992
60200,2,"('wait', 0, 2)",-8.742018699645996,-31.092878341674805
60200,3,"('wait', 1, 0)",-9.752181053161621,-36.32622528076172
60200,4,"('wait', 1, 1)",-6.051572322845459,-17.3171329498291
60200,5,"('wait', 1, 2)",-6.425374507904053,-19.118867874145508
60200,6,"('wait', 2, 0)",-9.67160701751709,-39.98284912109375
60200,7,"('wait', 2, 1)",-6.81098747253418,-25.435518264770508
60200,8,"('wait', 2, 2)",-5.2552313804626465,-11.694303512573242
60200,9,"('hunt', 0, 0)",-12.238350868225098,-45.447509765625
60200,10,"('hunt', 0, 1)",-8.71005916595459,-29.65020179748535
60200,11,"('hunt', 0, 2)",-8.71208667755127,-30.246585845947266
60200,12,"('hunt', 1, 0)",-9.416485786437988,-34.301937103271484
60200,13,"('hunt', 1, 1)",-5.852040767669678,-15.578465461730957
60200,14,"('hunt', 1, 2)",-6.047314167022705,-16.79661750793457
60200,15,"('hunt', 2, 0)",-9.205639839172363,-37.47269821166992
60200,16,"('hunt', 2, 1)",-7.0230326652526855,-24.943763732910156
60200,17,"('hunt', 2, 2)",-4.212050437927246,-8.519947052001953
60200,18,"('expedition', 0, 0)",,
60400,0,"('wait', 0, 0)",-11.945341110229492,-45.24627685546875
60400,1,"('wait', 0, 1)",-9.040806770324707,-32.08793258666992
60400,2,"('wait', 0, 2)",-8.742018699645996,-31.092878341674805
60400,3,"('wait', 1, 0)",-9.752181053161621,-36.32622528076172
60400,4,"('wait', 1, 1)",-6.07151460647583,-17.409439086914062
60400,5,"('wait', 1, 2)",-6.440112113952637,-19.126928329467773
60400,6,"('wait', 2, 0)",-9.696215629577637,-40.04996109008789
60400,7,"('wait', 2, 1)",-6.817813873291016,-25.4449520111084
60400,8,"('wait', 2, 2)",-5.255523204803467,-11.693482398986816
60400,9,"('hunt', 0, 0)",-12.238350868225098,-45.447509765625
60400,10,"('hunt', 0, 1)",-8.71405029296875,-29.663114547729492
60400,11,"('hunt', 0, 2)",-8.71208667755127,-30.246585845947266
60400,12,"('hunt', 1, 0)",-9.42636489868164,-34.2686767578125
60400,13,"('hunt', 1, 1)",-5.852040767669678,-15.578465461730957
60400,14,"('hunt', 1, 2)",-6.047314167022705,-16.79661750793457
60400,15,"('hunt', 2, 0)",-9.208098411560059,-37.36159133911133
60400,16,"('hunt', 2, 1)",-7.0230326652526855,-24.943763732910156
60400,17,"('hunt', 2, 2)",-4.272001266479492,-8.51906967163086
60400,18,"('expedition', 0, 0)",,
60600,0,"('wait', 0, 0)",-11.959153175354004,-45.26023864746094
60600,1,"('wait', 0, 1)",-9.045295715332031,-32.084564208984375
60600,2,"('wait', 0, 2)",-8.742018699645996,-31.092878341674805
60600,3,"('wait', 1, 0)",-9.752181053161621,-36.32622528076172
60600,4,"('wait', 1, 1)",-6.067350387573242,-17.32994842529297
60600,5,"('wait', 1, 2)",-6.440112113952637,-19.126928329467773
60600,6,"('wait', 2, 0)",-9.696215629577637,-40.04996109008789
60600,7,"('wait', 2, 1)",-6.821207523345947,-25.450407028198242
60600,8,"('wait', 2, 2)",-5.2556681632995605,-11.692961692810059
60600,9,"('hunt', 0, 0)",-12.252038955688477,-45.48110580444336
60600,10,"('hunt', 0, 1)",-8.71405029296875,-29.663114547729492
60600,11,"('hunt', 0, 2)",-8.716143608093262,-30.259441375732422
60600,12,"('hunt', 1, 0)",-9.42636489868164,-34.2686767578125
60600,13,"('hunt', 1, 1)",-5.871433734893799,-15.671965599060059
60600,14,"('hunt', 1, 2)",-6.047314167022705,-16.79661750793457
60600,15,"('hunt', 2, 0)",-9.237796783447266,-37.46183395385742
60600,16,"('hunt', 2, 1)",-7.029354572296143,-24.94976043701172
60600,17,"('hunt', 2, 2)",-4.290149211883545,-8.381599426269531
60600,18,"('expedition', 0, 0)",,
60800,0,"('wait', 0, 0)",-11.966008186340332,-45.26835250854492
60800,1,"('wait', 0, 1)",-9.049765586853027,-32.08140182495117
60800,2,"('wait', 0, 2)",-8.750516891479492,-31.087303161621094
60800,3,"('wait', 1, 0)",-9.757487297058105,-36.328975677490234
60800,4,"('wait', 1, 1)",-6.06896448135376,-17.33013153076172
60800,5,"('wait', 1, 2)",-6.440112113952637,-19.126928329467773
60800,6,"('wait', 2, 0)",-9.702466011047363,-40.05928039550781
60800,7,"('wait', 2, 1)",-6.8279619216918945,-25.46059226989746
60800,8,"('wait', 2, 2)",-5.25581169128418,-11.692296981811523
60800,9,"('hunt', 0, 0)",-12.27690601348877,-45.54264831542969
60800,10,"('hunt', 0, 1)",-8.71405029296875,-29.663114547729492
60800,11,"('hunt', 0, 2)",-8.742317199707031,-30.31986427307129
60800,12,"('hunt', 1, 0)",-9.431246757507324,-34.251888275146484
60800,13,"('hunt', 1, 1)",-5.871433734893799,-15.671965599060059
60800,14,"('hunt', 1, 2)",-6.050082206726074,-16.796066284179688
60800,15,"('hunt', 2, 0)",-9.237796783447266,-37.46183395385742
60800,16,"('hunt', 2, 1)",-7.035643577575684,-24.91463851928711
60800,17,"('hunt', 2, 2)",-4.272327423095703,-8.690457344055176
60800,18,"('expedition', 0, 0)",,
61000,0,"('wait', 0, 0)",-11.966008186340332,-45.26835250854492
61000,1,"('wait', 0, 1)",-9.049640655517578,-31.98520278930664
61000,2,"('wait', 0, 2)",-8.754737854003906,-31.085464477539062
61000,3,"('wait', 1, 0)",-9.786028861999512,-36.40195083618164
61000,4,"('wait', 1, 1)",-6.070570468902588,-17.330610275268555
61000,5,"('wait', 1, 2)",-6.440112113952637,-19.126928329467773
61000,6,"('wait', 2, 0)",-9.708681106567383,-40.068782806396484
61000,7,"('wait', 2, 1)",-6.8279619216918945,-25.46059226989746
61000,8,"('wait', 2, 2)",-5.25581169128418,-11.692296981811523
61000,9,"('hunt', 0, 0)",-12.333133697509766,-45.65738296508789
61000,10,"('hunt', 0, 1)",-8.739909172058105,-29.723379135131836
61000,11,"('hunt', 0, 2)",-8.742317199707031,-30.31986427307129
61000,12,"('hunt', 1, 0)",-9.431246757507324,-34.251888275146484
61000,13,"('hunt', 1, 1)",-5.871433734893799,-15.671965599060059
61000,14,"('hunt', 1, 2)",-6.050082206726074,-16.796066284179688
61000,15,"('hunt', 2, 0)",-9.237796783447266,-37.46183395385742
61000,16,"('hunt', 2, 1)",-7.041868209838867,-24.880966186523438
61000,17,"('hunt', 2, 2)",-4.246042728424072,-8.553178787231445
61000,18,"('expedition', 0, 0)",,
61200,0,"('wait', 0, 0)",-11.966008186340332,-45.26835250854492
61200,1,"('wait', 0, 1)",-9.054027557373047,-31.982465744018555
61200,2,"('wait', 0, 2)",-8.758935928344727,-31.083871841430664
61200,3,"('wait', 1, 0)",-9.787555694580078,-36.30705261230469
61200,4,"('wait', 1, 1)",-6.070570468902588,-17.330610275268555
61200,5,"('wait', 1, 2)",-6.440112113952637,-19.126928329467773
61200,6,"('wait', 2, 0)",-9.739006996154785,-40.14390563964844
61200,7,"('wait', 2, 1)",-6.849283695220947,-25.541467666625977
61200,8,"('wait', 2, 2)",-5.274144172668457,-11.785637855529785
61200,9,"('hunt', 0, 0)",-12.355513572692871,-45.61103439331055
61200,10,"('hunt', 0, 1)",-8.739909172058105,-29.723379135131836
61200,11,"('hunt', 0, 2)",-8.742317199707031,-30.31986427307129
61200,12,"('hunt', 1, 0)",-9.431246757507324,-34.251888275146484
61200,13,"('hunt', 1, 1)",-5.86613130569458,-15.563406944274902
61200,14,"('hunt', 1, 2)",-6.050082206726074,-16.796066284179688
61200,15,"('hunt', 2, 0)",-9.237796783447266,-37.46183395385742
61200,16,"('hunt', 2, 1)",-7.041868209838867,-24.880966186523438
61200,17,"('hunt', 2, 2)",-4.234255313873291,-8.698566436767578
61200,18,"('expedition', 0, 0)",,
61400,0,"('wait', 0, 0)",-11.966008186340332,-45.26835250854492
61400,1,"('wait', 0, 1)",-9.080620765686035,-32.054073333740234
61400,2,"('wait', 0, 2)",-8.807188034057617,-31.2327938079834
61400,3,"('wait', 1, 0)",-9.787555694580078,-36.30705261230469
61400,4,"('wait', 1, 1)",-6.070570468902588,-17.330610275268555
61400,5,"('wait', 1, 2)",-6.440112113952637,-19.126928329467773
61400,6,"('wait', 2, 0)",-9.739006996154785,-40.14390563964844
61400,7,"('wait', 2, 1)",-6.870429039001465,-25.621540069580078
61400,8,"('wait', 2, 2)",-5.29249382019043,-11.878912925720215
61400,9,"('hunt', 0, 0)",-12.380026817321777,-45.67158508300781
61400,10,"('hunt', 0, 1)",-8.739909172058105,-29.723379135131836
61400,11,"('hunt', 0, 2)",-8.746299743652344,-30.332773208618164
61400,12,"('hunt', 1, 0)",-9.431246757507324,-34.251888275146484
61400,13,"('hunt', 1, 1)",-5.86733865737915,-15.547018051147461
61400,14,"('hunt', 1, 2)",-6.054159164428711,-16.77949333190918
61400,15,"('hunt', 2, 0)",-9.243488311767578,-37.491973876953125
61400,16,"('hunt', 2, 1)",-7.041868209838867,-24.880966186523438
61400,17,"('hunt', 2, 2)",-4.2419939041137695,-8.681140899658203
61400,18,"('expedition', 0, 0)",,
61600,0,"('wait', 0, 0)",-11.990527153015137,-45.32909393310547
61600,1,"('wait', 0, 1)",-9.107157707214355,-32.12526321411133
61600,2,"('wait', 0, 2)",-8.807188034057617,-31.2327938079834
61600,3,"('wait', 1, 0)",-9.787555694580078,-36.30705261230469
61600,4,"('wait', 1, 1)",-6.073740005493164,-17.33367156982422
61600,5,"('wait', 1, 2)",-6.440112113952637,-19.126928329467773
61600,6,"('wait', 2, 0)",-9.751296043395996,-40.1622314453125
61600,7,"('wait', 2, 1)",-6.877118110656738,-25.6329402923584
61600,8,"('wait', 2, 2)",-5.292668342590332,-11.878473281860352
61600,9,"('hunt', 0, 0)",-12.428812026977539,-45.79185104370117
61600,10,"('hunt', 0, 1)",-8.739909172058105,-29.723379135131836
61600,11,"('hunt', 0, 2)",-8.750271797180176,-30.315998077392578
61600,12,"('hunt', 1, 0)",-9.43603515625,-34.23543167114258
61600,13,"('hunt', 1, 1)",-5.869725704193115,-15.514497756958008
61600,14,"('hunt', 1, 2)",-6.055514335632324,-16.79526138305664
61600,15,"('hunt', 2, 0)",-9.243488311767578,-37.491973876953125
61600,16,"('hunt', 2, 1)",-7.044925689697266,-24.864120483398438
61600,17,"('hunt', 2, 2)",-4.34205961227417,-8.943264961242676
61600,18,"('expedition', 0, 0)",,
61800,0,"('wait', 0, 0)",-11.990527153015137,-45.32909393310547
61800,1,"('wait', 0, 1)",-9.107157707214355,-32.12526321411133
61800,2,"('wait', 0, 2)",-8.80249309539795,-31.14171600341797
61800,3,"('wait', 1, 0)",-9.810385704040527,-36.37645721435547
61800,4,"('wait', 1, 1)",-6.073740005493164,-17.33367156982422
61800,5,"('wait', 1, 2)",-6.465054988861084,-19.21180534362793
61800,6,"('wait', 2, 0)",-9.757411003112793,-40.171417236328125
61800,7,"('wait', 2, 1)",-6.877118110656738,-25.6329402923584
61800,8,"('wait', 2, 2)",-5.293015003204346,-11.876873970031738
61800,9,"('hunt', 0, 0)",-12.45311450958252,-45.85164260864258
61800,10,"('hunt', 0, 1)",-8.739909172058105,-29.723379135131836
61800,11,"('hunt', 0, 2)",-8.750271797180176,-30.315998077392578
61800,12,"('hunt', 1, 0)",-9.43603515625,-34.23543167114258
61800,13,"('hunt', 1, 1)",-5.870915412902832,-15.530198097229004
61800,14,"('hunt', 1, 2)",-6.055514335632324,-16.79526138305664
61800,15,"('hunt', 2, 0)",-9.249133110046387,-37.52189254760742
61800,16,"('hunt', 2, 1)",-7.047967433929443,-24.84769058227539
61800,17,"('hunt', 2, 2)",-4.470067024230957,-9.47972583770752
61800,18,"('expedition', 0, 0)",,
62000,0,"('wait', 0, 0)",-12.01477336883545,-45.38908004760742
62000,1,"('wait', 0, 1)",-9.137757301330566,-32.19169616699219
62000,2,"('wait', 0, 2)",-8.824193000793457,-31.21590805053711
62000,3,"('wait', 1, 0)",-9.815518379211426,-36.37763214111328
62000,4,"('wait', 1, 1)",-6.073740005493164,-17.33367156982422
62000,5,"('wait', 1, 2)",-6.458024024963379,-19.13289451599121
62000,6,"('wait', 2, 0)",-9.757411003112793,-40.171417236328125
62000,7,"('wait', 2, 1)",-6.877118110656738,-25.6329402923584
62000,8,"('wait', 2, 2)",-5.293015003204346,-11.876873970031738
62000,9,"('hunt', 0, 0)",-12.477309226989746,-45.91109085083008
62000,10,"('hunt', 0, 1)",-8.751503944396973,-29.76070213317871
62000,11,"('hunt', 0, 2)",-8.754202842712402,-30.328475952148438
62000,12,"('hunt', 1, 0)",-9.43603515625,-34.23543167114258
62000,13,"('hunt', 1, 1)",-5.870915412902832,-15.530198097229004
62000,14,"('hunt', 1, 2)",-6.074467658996582,-16.884056091308594
62000,15,"('hunt', 2, 0)",-9.26034927368164,-37.54167175292969
62000,16,"('hunt', 2, 1)",-7.047967433929443,-24.84769058227539
62000,17,"('hunt', 2, 2)",-4.457143306732178,-9.301511764526367
62000,18,"('expedition', 0, 0)",,
62200,0,"('wait', 0, 0)",-12.01477336883545,-45.38908004760742
62200,1,"('wait', 0, 1)",-9.137757301330566,-32.19169616699219
62200,2,"('wait', 0, 2)",-8.82829761505127,-31.21379280090332
62200,3,"('wait', 1, 0)",-9.825736999511719,-36.38197326660156
62200,4,"('wait', 1, 1)",-6.078436374664307,-17.34032440185547
62200,5,"('wait', 1, 2)",-6.4597954750061035,-19.1329345703125
62200,6,"('wait', 2, 0)",-9.757411003112793,-40.171417236328125
62200,7,"('wait', 2, 1)",-6.877118110656738,-25.6329402923584
62200,8,"('wait', 2, 2)",-5.293527603149414,-11.873777389526367
62200,9,"('hunt', 0, 0)",-12.501404762268066,-45.970218658447266
62200,10,"('hunt', 0, 1)",-8.751503944396973,-29.76070213317871
62200,11,"('hunt', 0, 2)",-8.754202842712402,-30.328475952148438
62200,12,"('hunt', 1, 0)",-9.467777252197266,-34.340396881103516
62200,13,"('hunt', 1, 1)",-5.870915412902832,-15.530198097229004
62200,14,"('hunt', 1, 2)",-6.074467658996582,-16.884056091308594
62200,15,"('hunt', 2, 0)",-9.26034927368164,-37.54167175292969
62200,16,"('hunt', 2, 1)",-7.047967433929443,-24.84769058227539
62200,17,"('hunt', 2, 2)",-4.4915242195129395,-9.579565048217773
62200,18,"('expedition', 0, 0)",,
62400,0,"('wait', 0, 0)",-12.038830757141113,-45.448524475097656
62400,1,"('wait', 0, 1)",-9.142048835754395,-32.18791198730469
62400,2,"('wait', 0, 2)",-8.82829761505127,-31.21379280090332
62400,3,"('wait', 1, 0)",-9.875869750976562,-36.52070236206055
62400,4,"('wait', 1, 1)",-6.081548690795898,-17.343425750732422
62400,5,"('wait', 1, 2)",-6.479024887084961,-19.21843910217285
62400,6,"('wait', 2, 0)",-9.760746002197266,-40.080135345458984
62400,7,"('wait', 2, 1)",-6.883668899536133,-25.641996383666992
62400,8,"('wait', 2, 2)",-5.293527603149414,-11.873777389526367
62400,9,"('hunt', 0, 0)",-12.525409698486328,-46.029048919677734
62400,10,"('hunt', 0, 1)",-8.759167671203613,-29.75532341003418
62400,11,"('hunt', 0, 2)",-8.754202842712402,-30.328475952148438
62400,12,"('hunt', 1, 0)",-9.477191925048828,-34.30782699584961
62400,13,"('hunt', 1, 1)",-5.873252868652344,-15.49821949005127
62400,14,"('hunt', 1, 2)",-6.075809001922607,-16.86777687072754
62400,15,"('hunt', 2, 0)",-9.26034927368164,-37.54167175292969
62400,16,"('hunt', 2, 1)",-7.047967433929443,-24.84769058227539
62400,17,"('hunt', 2, 2)",-4.484310626983643,-9.468994140625
62400,18,"('expedition', 0, 0)",,
62600,0,"('wait', 0, 0)",-12.052029609680176,-45.4625129699707
62600,1,"('wait', 0, 1)",-9.142048835754395,-32.18791198730469
62600,2,"('wait', 0, 2)",-8.849780082702637,-31.287137985229492
62600,3,"('wait', 1, 0)",-9.875869750976562,-36.52070236206055
62600,4,"('wait', 1, 1)",-6.08310079574585,-17.345003128051758
62600,5,"('wait', 1, 2)",-6.480795860290527,-19.21772575378418
62600,6,"('wait', 2, 0)",-9.760746002197266,-40.080135345458984
62600,7,"('wait', 2, 1)",-6.886937618255615,-25.64633560180664
62600,8,"('wait', 2, 2)",-5.28499174118042,-11.802681922912598
62600,9,"('hunt', 0, 0)",-12.555841445922852,-46.078731536865234
62600,10,"('hunt', 0, 1)",-8.759167671203613,-29.75532341003418
62600,11,"('hunt', 0, 2)",-8.761940002441406,-30.3253116607666
62600,12,"('hunt', 1, 0)",-9.477191925048828,-34.30782699584961
62600,13,"('hunt', 1, 1)",-5.873252868652344,-15.49821949005127
62600,14,"('hunt', 1, 2)",-6.077147483825684,-16.882633209228516
62600,15,"('hunt', 2, 0)",-9.265888214111328,-37.531124114990234
62600,16,"('hunt', 2, 1)",-7.047967433929443,-24.84769058227539
62600,17,"('hunt', 2, 2)",-4.5028276443481445,-9.308324813842773
62600,18,"('expedition', 0, 0)",,
62800,0,"('wait', 0, 0)",-12.058598518371582,-45.470664978027344
62800,1,"('wait', 0, 1)",-9.146309852600098,-32.18429946899414
62800,2,"('wait', 0, 2)",-8.853841781616211,-31.284786224365234
62800,3,"('wait', 1, 0)",-9.875869750976562,-36.52070236206055
62800,4,"('wait', 1, 1)",-6.08310079574585,-17.345003128051758
62800,5,"('wait', 1, 2)",-6.482559680938721,-19.216773986816406
62800,6,"('wait', 2, 0)",-9.789990425109863,-40.15169906616211
62800,7,"('wait', 2, 1)",-6.886937618255615,-25.64633560180664
62800,8,"('wait', 2, 2)",-5.285145282745361,-11.801097869873047
62800,9,"('hunt', 0, 0)",-12.579614639282227,-46.13686752319336
62800,10,"('hunt', 0, 1)",-8.762953758239746,-29.767229080200195
62800,11,"('hunt', 0, 2)",-8.765795707702637,-30.336469650268555
62800,12,"('hunt', 1, 0)",-9.499187469482422,-34.37802505493164
62800,13,"('hunt', 1, 1)",-5.874412536621094,-15.513726234436035
62800,14,"('hunt', 1, 2)",-6.078479290008545,-16.898107528686523
62800,15,"('hunt', 2, 0)",-9.27139949798584,-37.559844970703125
62800,16,"('hunt', 2, 1)",-7.050937652587891,-24.830829620361328
62800,17,"('hunt', 2, 2)",-4.479049205780029,-8.685004234313965
62800,18,"('expedition', 0, 0)",,
63000,0,"('wait', 0, 0)",-12.058598518371582,-45.470664978027344
63000,1,"('wait', 0, 1)",-9.167778015136719,-32.25639343261719
63000,2,"('wait', 0, 2)",-8.86193561553955,-31.279386520385742
63000,3,"('wait', 1, 0)",-9.880914688110352,-36.52311706542969
63000,4,"('wait', 1, 1)",-6.08310079574585,-17.345003128051758
63000,5,"('wait', 1, 2)",-6.482559680938721,-19.216773986816406
63000,6,"('wait', 2, 0)",-9.801849365234375,-40.16832733154297
63000,7,"('wait', 2, 1)",-6.886937618255615,-25.64633560180664
63000,8,"('wait', 2, 2)",-5.285145282745361,-11.801097869873047
63000,9,"('hunt', 0, 0)",-12.579614639282227,-46.13686752319336
63000,10,"('hunt', 0, 1)",-8.762953758239746,-29.767229080200195
63000,11,"('hunt', 0, 2)",-8.765795707702637,-30.336469650268555
63000,12,"('hunt', 1, 0)",-9.499187469482422,-34.37802505493164
63000,13,"('hunt', 1, 1)",-5.874412536621094,-15.513726234436035
63000,14,"('hunt', 1, 2)",-6.078479290008545,-16.898107528686523
63000,15,"('hunt', 2, 0)",-9.27139949798584,-37.559844970703125
63000,16,"('hunt', 2, 1)",-7.053888320922852,-24.813093185424805
63000,17,"('hunt', 2, 2)",-4.440804958343506,-8.583097457885742
63000,18,"('expedition', 0, 0)",,
63200,0,"('wait', 0, 0)",-12.080206871032715,-45.42685317993164
63200,1,"('wait', 0, 1)",-9.189142227172852,-32.32802963256836
63200,2,"('wait', 0, 2)",-8.86193561553955,-31.279386520385742
63200,3,"('wait', 1, 0)",-9.880914688110352,-36.52311706542969
63200,4,"('wait', 1, 1)",-6.086162090301514,-17.34695053100586
63200,5,"('wait', 1, 2)",-6.482559680938721,-19.216773986816406
63200,6,"('wait', 2, 0)",-9.801849365234375,-40.16832733154297
63200,7,"('wait', 2, 1)",-6.890160083770752,-25.64959716796875
63200,8,"('wait', 2, 2)",-5.30262565612793,-11.890904426574707
63200,9,"('hunt', 0, 0)",-12.579614639282227,-46.13686752319336
63200,10,"('hunt', 0, 1)",-8.783834457397461,-29.841466903686523
63200,11,"('hunt', 0, 2)",-8.765795707702637,-30.336469650268555
63200,12,"('hunt', 1, 0)",-9.520960807800293,-34.44741439819336
63200,13,"('hunt', 1, 1)",-5.87556266784668,-15.5295991897583
63200,14,"('hunt', 1, 2)",-6.078479290008545,-16.898107528686523
63200,15,"('hunt', 2, 0)",-9.27139949798584,-37.559844970703125
63200,16,"('hunt', 2, 1)",-7.05683708190918,-24.83481788635254
63200,17,"('hunt', 2, 2)",-4.535491466522217,-9.382631301879883
63200,18,"('expedition', 0, 0)",,
63400,0,"('wait', 0, 0)",-12.103716850280762,-45.48495101928711
63400,1,"('wait', 0, 1)",-9.189142227172852,-32.32802963256836
63400,2,"('wait', 0, 2)",-8.86193561553955,-31.279386520385742
63400,3,"('wait', 1, 0)",-9.880914688110352,-36.52311706542969
63400,4,"('wait', 1, 1)",-6.0876851081848145,-17.3481502532959
63400,5,"('wait', 1, 2)",-6.48429536819458,-19.215425491333008
63400,6,"('wait', 2, 0)",-9.801849365234375,-40.16832733154297
63400,7,"('wait', 2, 1)",-6.890160083770752,-25.64959716796875
63400,8,"('wait', 2, 2)",-5.302958011627197,-11.888784408569336
63400,9,"('hunt', 0, 0)",-12.586057662963867,-46.1539421081543
63400,10,"('hunt', 0, 1)",-8.787590980529785,-29.824092864990234
63400,11,"('hunt', 0, 2)",-8.765795707702637,-30.336469650268555
63400,12,"('hunt', 1, 0)",-9.525575637817383,-34.43166732788086
63400,13,"('hunt', 1, 1)",-5.877859592437744,-15.529417991638184
63400,14,"('hunt', 1, 2)",-6.078479290008545,-16.898107528686523
63400,15,"('hunt', 2, 0)",-9.27139949798584,-37.559844970703125
63400,16,"('hunt', 2, 1)",-7.059775352478027,-24.856325149536133
63400,17,"('hunt', 2, 2)",-4.491382122039795,-9.315340042114258
63400,18,"('expedition', 0, 0)",,
63600,0,"('wait', 0, 0)",-12.110175132751465,-45.49262237548828
63600,1,"('wait', 0, 1)",-9.189142227172852,-32.32802963256836
63600,2,"('wait', 0, 2)",-8.86193561553955,-31.279386520385742
63600,3,"('wait', 1, 0)",-9.890880584716797,-36.53053665161133
63600,4,"('wait', 1, 1)",-6.0876851081848145,-17.3481502532959
63600,5,"('wait', 1, 2)",-6.477508068084717,-19.139320373535156
63600,6,"('wait', 2, 0)",-9.824747085571289,-40.2306022644043
63600,7,"('wait', 2, 1)",-6.890160083770752,-25.64959716796875
63600,8,"('wait', 2, 2)",-5.302958011627197,-11.888784408569336
63600,9,"('hunt', 0, 0)",-12.586057662963867,-46.1539421081543
63600,10,"('hunt', 0, 1)",-8.787590980529785,-29.824092864990234
63600,11,"('hunt', 0, 2)",-8.765795707702637,-30.336469650268555
63600,12,"('hunt', 1, 0)",-9.547163963317871,-34.50040054321289
63600,13,"('hunt', 1, 1)",-5.877859592437744,-15.529417991638184
63600,14,"('hunt', 1, 2)",-6.078479290008545,-16.898107528686523
63600,15,"('hunt', 2, 0)",-9.293816566467285,-37.62477493286133
63600,16,"('hunt', 2, 1)",-7.057121753692627,-24.79603385925293
63600,17,"('hunt', 2, 2)",-4.519869327545166,-9.29431438446045
63600,18,"('expedition', 0, 0)",,
63800,0,"('wait', 0, 0)",-12.116593360900879,-45.500614166259766
63800,1,"('wait', 0, 1)",-9.214486122131348,-32.39506530761719
63800,2,"('wait', 0, 2)",-8.86193561553955,-31.279386520385742
63800,3,"('wait', 1, 0)",-9.91766357421875,-36.599388122558594
63800,4,"('wait', 1, 1)",-6.080728530883789,-17.275075912475586
63800,5,"('wait', 1, 2)",-6.472448348999023,-19.06273651123047
63800,6,"('wait', 2, 0)",-9.830599784851074,-40.2380485534668
63800,7,"('wait', 2, 1)",-6.8933491706848145,-25.653791427612305
63800,8,"('wait', 2, 2)",-5.302958011627197,-11.888784408569336
63800,9,"('hunt', 0, 0)",-12.586057662963867,-46.1539421081543
63800,10,"('hunt', 0, 1)",-8.791301727294922,-29.807039260864258
63800,11,"('hunt', 0, 2)",-8.769573211669922,-30.32210350036621
63800,12,"('hunt', 1, 0)",-9.551734924316406,-34.48484802246094
63800,13,"('hunt', 1, 1)",-5.877859592437744,-15.529417991638184
63800,14,"('hunt', 1, 2)",-6.078479290008545,-16.898107528686523
63800,15,"('hunt', 2, 0)",-9.29923152923584,-37.652462005615234
63800,16,"('hunt', 2, 1)",-7.060024261474609,-24.817649841308594
63800,17,"('hunt', 2, 2)",-4.534082889556885,-8.86994743347168
63800,18,"('expedition', 0, 0)",,
64000,0,"('wait', 0, 0)",-12.116593360900879,-45.500614166259766
64000,1,"('wait', 0, 1)",-9.214486122131348,-32.39506530761719
64000,2,"('wait', 0, 2)",-8.882747650146484,-31.35036849975586
64000,3,"('wait', 1, 0)",-9.922606468200684,-36.60173797607422
64000,4,"('wait', 1, 1)",-6.083703994750977,-17.27827262878418
64000,5,"('wait', 1, 2)",-6.472448348999023,-19.06273651123047
64000,6,"('wait', 2, 0)",-9.850652694702148,-40.20339584350586
64000,7,"('wait', 2, 1)",-6.896513938903809,-25.657453536987305
64000,8,"('wait', 2, 2)",-5.303121566772461,-11.887243270874023
64000,9,"('hunt', 0, 0)",-12.609240531921387,-46.210540771484375
64000,10,"('hunt', 0, 1)",-8.811874389648438,-29.880146026611328
64000,11,"('hunt', 0, 2)",-8.780817985534668,-30.304309844970703
64000,12,"('hunt', 1, 0)",-9.577733993530273,-34.53786087036133
64000,13,"('hunt', 1, 1)",-5.898130893707275,-15.586297035217285
64000,14,"('hunt', 1, 2)",-6.078479290008545,-16.898107528686523
64000,15,"('hunt', 2, 0)",-9.29923152923584,-37.652462005615234
64000,16,"('hunt', 2, 1)",-7.060024261474609,-24.817649841308594
64000,17,"('hunt', 2, 2)",-4.543015480041504,-8.507390975952148
64000,18,"('expedition', 0, 0)",,
64200,0,"('wait', 0, 0)",-12.175607681274414,-45.632102966308594
64200,1,"('wait', 0, 1)",-9.218505859375,-32.30080795288086
64200,2,"('wait', 0, 2)",-8.890655517578125,-31.34610939025879
64200,3,"('wait', 1, 0)",-9.932438850402832,-36.60606384277344
64200,4,"('wait', 1, 1)",-6.088142395019531,-17.282451629638672
64200,5,"('wait', 1, 2)",-6.477464199066162,-19.058128356933594
64200,6,"('wait', 2, 0)",-9.86218547821045,-40.220367431640625
64200,7,"('wait', 2, 1)",-6.896513938903809,-25.657453536987305
64200,8,"('wait', 2, 2)",-5.303121566772461,-11.887243270874023
64200,9,"('hunt', 0, 0)",-12.615588188171387,-46.227725982666016
64200,10,"('hunt', 0, 1)",-8.811874389648438,-29.880146026611328
64200,11,"('hunt', 0, 2)",-8.805041313171387,-30.38713264465332
64200,12,"('hunt', 1, 0)",-9.577733993530273,-34.53786087036133
64200,13,"('hunt', 1, 1)",-5.898130893707275,-15.586297035217285
64200,14,"('hunt', 1, 2)",-6.079776287078857,-16.913549423217773
64200,15,"('hunt', 2, 0)",-9.29923152923584,-37.652462005615234
64200,16,"('hunt', 2, 1)",-7.060024261474609,-24.817649841308594
64200,17,"('hunt', 2, 2)",-4.528919696807861,-8.466032981872559
64200,18,"('expedition', 0, 0)",,
64400,0,"('wait', 0, 0)",-12.175607681274414,-45.632102966308594
64400,1,"('wait', 0, 1)",-9.230826377868652,-32.289878845214844
64400,2,"('wait', 0, 2)",-8.890655517578125,-31.34610939025879
64400,3,"('wait', 1, 0)",-9.932438850402832,-36.60606384277344
64400,4,"('wait', 1, 1)",-6.088142395019531,-17.282451629638672
64400,5,"('wait', 1, 2)",-6.479125499725342,-19.056365966796875
64400,6,"('wait', 2, 0)",-9.873674392700195,-40.23618698120117
64400,7,"('wait', 2, 1)",-6.896513938903809,-25.657453536987305
64400,8,"('wait', 2, 2)",-5.303121566772461,-11.887243270874023
64400,9,"('hunt', 0, 0)",-12.615588188171387,-46.227725982666016
64400,10,"('hunt', 0, 1)",-8.811874389648438,-29.880146026611328
64400,11,"('hunt', 0, 2)",-8.805041313171387,-30.38713264465332
64400,12,"('hunt', 1, 0)",-9.577733993530273,-34.53786087036133
64400,13,"('hunt', 1, 1)",-5.898130893707275,-15.586297035217285
64400,14,"('hunt', 1, 2)",-6.079776287078857,-16.913549423217773
64400,15,"('hunt', 2, 0)",-9.304583549499512,-37.6796989440918
64400,16,"('hunt', 2, 1)",-7.079611301422119,-24.893600463867188
64400,17,"('hunt', 2, 2)",-4.5651655197143555,-8.788054466247559
64400,18,"('expedition', 0, 0)",,
64600,0,"('wait', 0, 0)",-12.188258171081543,-45.64896011352539
64600,1,"('wait', 0, 1)",-9.238999366760254,-32.28304672241211
64600,2,"('wait', 0, 2)",-8.894573211669922,-31.3436336517334
64600,3,"('wait', 1, 0)",-9.954005241394043,-36.67127227783203
64600,4,"('wait', 1, 1)",-6.088142395019531,-17.282451629638672
64600,5,"('wait', 1, 2)",-6.479125499725342,-19.056365966796875
64600,6,"('wait', 2, 0)",-9.873674392700195,-40.23618698120117
64600,7,"('wait', 2, 1)",-6.896513938903809,-25.657453536987305
64600,8,"('wait', 2, 2)",-5.303121566772461,-11.887243270874023
64600,9,"('hunt', 0, 0)",-12.615588188171387,-46.227725982666016
64600,10,"('hunt', 0, 1)",-8.811874389648438,-29.880146026611328
64600,11,"('hunt', 0, 2)",-8.805041313171387,-30.38713264465332
64600,12,"('hunt', 1, 0)",-9.577733993530273,-34.53786087036133
64600,13,"('hunt', 1, 1)",-5.898130893707275,-15.586297035217285
64600,14,"('hunt', 1, 2)",-6.081069469451904,-16.929174423217773
64600,15,"('hunt', 2, 0)",-9.309914588928223,-37.67017364501953
64600,16,"('hunt', 2, 1)",-7.079611301422119,-24.893600463867188
64600,17,"('hunt', 2, 2)",-4.518178462982178,-8.31367015838623
64600,18,"('expedition', 0, 0)",,
64800,0,"('wait', 0, 0)",-12.194548606872559,-45.65672302246094
64800,1,"('wait', 0, 1)",-9.243058204650879,-32.27936553955078
64800,2,"('wait', 0, 2)",-8.898468971252441,-31.341552734375
64800,3,"('wait', 1, 0)",-9.958855628967285,-36.67333221435547
64800,4,"('wait', 1, 1)",-6.088142395019531,-17.282451629638672
64800,5,"('wait', 1, 2)",-6.479125499725342,-19.056365966796875
64800,6,"('wait', 2, 0)",-9.895956039428711,-40.2967529296875
64800,7,"('wait', 2, 1)",-6.896513938903809,-25.657453536987305
64800,8,"('wait', 2, 2)",-5.303121566772461,-11.887243270874023
64800,9,"('hunt', 0, 0)",-12.615588188171387,-46.227725982666016
64800,10,"('hunt', 0, 1)",-8.811874389648438,-29.880146026611328
64800,11,"('hunt', 0, 2)",-8.805041313171387,-30.38713264465332
64800,12,"('hunt', 1, 0)",-9.5822172164917,-34.55280303955078
64800,13,"('hunt', 1, 1)",-5.899245738983154,-15.571280479431152
64800,14,"('hunt', 1, 2)",-6.081069469451904,-16.929174423217773
64800,15,"('hunt', 2, 0)",-9.309914588928223,-37.67017364501953
64800,16,"('hunt', 2, 1)",-7.085312366485596,-24.89801025390625
64800,17,"('hunt', 2, 2)",-4.580089569091797,-8.704590797424316
64800,18,"('expedition', 0, 0)",,
65000,0,"('wait', 0, 0)",-12.194548606872559,-45.65672302246094
65000,1,"('wait', 0, 1)",-9.267655372619629,-32.344547271728516
65000,2,"('wait', 0, 2)",-8.9227294921875,-31.408815383911133
65000,3,"('wait', 1, 0)",-9.96369743347168,-36.67532730102539
65000,4,"('wait', 1, 1)",-6.088142395019531,-17.282451629638672
65000,5,"('wait', 1, 2)",-6.479125499725342,-19.056365966796875
65000,6,"('wait', 2, 0)",-9.923831939697266,-40.36536407470703
65000,7,"('wait', 2, 1)",-6.896513938903809,-25.657453536987305
65000,8,"('wait', 2, 2)",-5.303121566772461,-11.887243270874023
65000,9,"('hunt', 0, 0)",-12.638357162475586,-46.28322219848633
65000,10,"('hunt', 0, 1)",-8.811874389648438,-29.880146026611328
65000,11,"('hunt', 0, 2)",-8.808725357055664,-30.37247657775879
65000,12,"('hunt', 1, 0)",-9.59117317199707,-34.552391052246094
65000,13,"('hunt', 1, 1)",-5.900353908538818,-15.555961608886719
65000,14,"('hunt', 1, 2)",-6.081069469451904,-16.929174423217773
65000,15,"('hunt', 2, 0)",-9.31519889831543,-37.69688034057617
65000,16,"('hunt', 2, 1)",-7.090983867645264,-24.865877151489258
65000,17,"('hunt', 2, 2)",-4.635897636413574,-8.805636405944824
65000,18,"('expedition', 0, 0)",,
65200,0,"('wait', 0, 0)",-12.239886283874512,-45.76817321777344
65200,1,"('wait', 0, 1)",-9.296228408813477,-32.406219482421875
65200,2,"('wait', 0, 2)",-8.946942329406738,-31.47550392150879
65200,3,"('wait', 1, 0)",-9.96369743347168,-36.67532730102539
65200,4,"('wait', 1, 1)",-6.088142395019531,-17.282451629638672
65200,5,"('wait', 1, 2)",-6.479125499725342,-19.056365966796875
65200,6,"('wait', 2, 0)",-9.923831939697266,-40.36536407470703
65200,7,"('wait', 2, 1)",-6.899601936340332,-25.661609649658203
65200,8,"('wait', 2, 2)",-5.303440093994141,-11.887716293334961
65200,9,"('hunt', 0, 0)",-12.638357162475586,-46.28322219848633
65200,10,"('hunt', 0, 1)",-8.811874389648438,-29.880146026611328
65200,11,"('hunt', 0, 2)",-8.808725357055664,-30.37247657775879
65200,12,"('hunt', 1, 0)",-9.59117317199707,-34.552391052246094
65200,13,"('hunt', 1, 1)",-5.901451587677002,-15.540804862976074
65200,14,"('hunt', 1, 2)",-6.081069469451904,-16.929174423217773
65200,15,"('hunt', 2, 0)",-9.31519889831543,-37.69688034057617
65200,16,"('hunt', 2, 1)",-7.090983867645264,-24.865877151489258
65200,17,"('hunt', 2, 2)",-4.652045726776123,-9.229589462280273
65200,18,"('expedition', 0, 0)",,
65400,0,"('wait', 0, 0)",-12.239886283874512,-45.76817321777344
65400,1,"('wait', 0, 1)",-9.296228408813477,-32.406219482421875
65400,2,"('wait', 0, 2)",-8.954660415649414,-31.47063446044922
65400,3,"('wait', 1, 0)",-9.96369743347168,-36.67532730102539
65400,4,"('wait', 1, 1)",-6.089585781097412,-17.284282684326172
65400,5,"('wait', 1, 2)",-6.48075532913208,-19.055715560913086
65400,6,"('wait', 2, 0)",-9.923831939697266,-40.36536407470703
65400,7,"('wait', 2, 1)",-6.899601936340332,-25.661609649658203
65400,8,"('wait', 2, 2)",-5.303598880767822,-11.887737274169922
65400,9,"('hunt', 0, 0)",-12.6609525680542,-46.33823013305664
65400,10,"('hunt', 0, 1)",-8.811874389648438,-29.880146026611328
65400,11,"('hunt', 0, 2)",-8.836019515991211,-30.438331604003906
65400,12,"('hunt', 1, 0)",-9.616414070129395,-34.632972717285156
65400,13,"('hunt', 1, 1)",-5.901451587677002,-15.540804862976074
65400,14,"('hunt', 1, 2)",-6.083612442016602,-16.92731475830078
65400,15,"('hunt', 2, 0)",-9.320440292358398,-37.723854064941406
65400,16,"('hunt', 2, 1)",-7.090983867645264,-24.865877151489258
65400,17,"('hunt', 2, 2)",-4.559791564941406,-8.524079322814941
65400,18,"('expedition', 0, 0)",,
65600,0,"('wait', 0, 0)",-12.26245403289795,-45.82354736328125
65600,1,"('wait', 0, 1)",-9.316563606262207,-32.474308013916016
65600,2,"('wait', 0, 2)",-8.954660415649414,-31.47063446044922
65600,3,"('wait', 1, 0)",-9.968478202819824,-36.677772521972656
65600,4,"('wait', 1, 1)",-6.091025352478027,-17.285451889038086
65600,5,"('wait', 1, 2)",-6.482377529144287,-19.055641174316406
65600,6,"('wait', 2, 0)",-9.923831939697266,-40.36536407470703
65600,7,"('wait', 2, 1)",-6.899601936340332,-25.661609649658203
65600,8,"('wait', 2, 2)",-5.3037567138671875,-11.887285232543945
65600,9,"('hunt', 0, 0)",-12.68342113494873,-46.392860412597656
65600,10,"('hunt', 0, 1)",-8.826189041137695,-29.84056282043457
65600,11,"('hunt', 0, 2)",-8.895874977111816,-30.64674186706543
65600,12,"('hunt', 1, 0)",-9.620832443237305,-34.64775848388672
65600,13,"('hunt', 1, 1)",-5.901451587677002,-15.540804862976074
65600,14,"('hunt', 1, 2)",-6.083612442016602,-16.92731475830078
65600,15,"('hunt', 2, 0)",-9.325653076171875,-37.71543502807617
65600,16,"('hunt', 2, 1)",-7.093770980834961,-24.849781036376953
65600,17,"('hunt', 2, 2)",-4.556841850280762,-8.356563568115234
65600,18,"('expedition', 0, 0)",,
65800,0,"('wait', 0, 0)",-12.26245403289795,-45.82354736328125
65800,1,"('wait', 0, 1)",-9.316563606262207,-32.474308013916016
65800,2,"('wait', 0, 2)",-8.954660415649414,-31.47063446044922
65800,3,"('wait', 1, 0)",-9.965096473693848,-36.589054107666016
65800,4,"('wait', 1, 1)",-6.091025352478027,-17.285451889038086
65800,5,"('wait', 1, 2)",-6.482377529144287,-19.055641174316406
65800,6,"('wait', 2, 0)",-9.945666313171387,-40.42455291748047
65800,7,"('wait', 2, 1)",-6.902655124664307,-25.665023803710938
65800,8,"('wait', 2, 2)",-5.3037567138671875,-11.887285232543945
65800,9,"('hunt', 0, 0)",-12.68342113494873,-46.392860412597656
65800,10,"('hunt', 0, 1)",-8.826189041137695,-29.84056282043457
65800,11,"('hunt', 0, 2)",-8.895874977111816,-30.64674186706543
65800,12,"('hunt', 1, 0)",-9.629636764526367,-34.617706298828125
65800,13,"('hunt', 1, 1)",-5.903629302978516,-15.573647499084473
65800,14,"('hunt', 1, 2)",-6.083612442016602,-16.92731475830078
65800,15,"('hunt', 2, 0)",-9.373800277709961,-37.83089065551758
65800,16,"('hunt', 2, 1)",-7.093770980834961,-24.849781036376953
65800,17,"('hunt', 2, 2)",-4.4895339012146,-8.304450035095215
65800,18,"('expedition', 0, 0)",,
66000,0,"('wait', 0, 0)",-12.26245403289795,-45.82354736328125
66000,1,"('wait', 0, 1)",-9.344728469848633,-32.536258697509766
66000,2,"('wait', 0, 2)",-8.97467041015625,-31.538658142089844
66000,3,"('wait', 1, 0)",-9.96982479095459,-36.591880798339844
66000,4,"('wait', 1, 1)",-6.092451095581055,-17.287084579467773
66000,5,"('wait', 1, 2)",-6.485594749450684,-19.05611228942871
66000,6,"('wait', 2, 0)",-9.95682144165039,-40.442466735839844
66000,7,"('wait', 2, 1)",-6.902655124664307,-25.665023803710938
66000,8,"('wait', 2, 2)",-5.3037567138671875,-11.887285232543945
66000,9,"('hunt', 0, 0)",-12.705767631530762,-46.44712829589844
66000,10,"('hunt', 0, 1)",-8.845946311950684,-29.910762786865234
66000,11,"('hunt', 0, 2)",-8.895874977111816,-30.64674186706543
66000,12,"('hunt', 1, 0)",-9.634017944335938,-34.60285568237305
66000,13,"('hunt', 1, 1)",-5.920924663543701,-15.657157897949219
66000,14,"('hunt', 1, 2)",-6.083612442016602,-16.92731475830078
66000,15,"('hunt', 2, 0)",-9.378990173339844,-37.822322845458984
66000,16,"('hunt', 2, 1)",-7.096546173095703,-24.86992073059082
66000,17,"('hunt', 2, 2)",-4.472943305969238,-7.857882976531982
66000,18,"('expedition', 0, 0)",,
66200,0,"('wait', 0, 0)",-12.26245403289795,-45.82354736328125
66200,1,"('wait', 0, 1)",-9.344728469848633,-32.536258697509766
66200,2,"('wait', 0, 2)",-8.97467041015625,-31.538658142089844
66200,3,"('wait', 1, 0)",-9.96982479095459,-36.591880798339844
66200,4,"('wait', 1, 1)",-6.0938720703125,-17.288082122802734
66200,5,"('wait', 1, 2)",-6.487195014953613,-19.056461334228516
66200,6,"('wait', 2, 0)",-9.954296112060547,-40.34993362426758
66200,7,"('wait', 2, 1)",-6.9248948097229,-25.73975944519043
66200,8,"('wait', 2, 2)",-5.303913116455078,-11.886950492858887
66200,9,"('hunt', 0, 0)",-12.727996826171875,-46.50104904174805
66200,10,"('hunt', 0, 1)",-8.845946311950684,-29.910762786865234
66200,11,"('hunt', 0, 2)",-8.903114318847656,-30.616928100585938
66200,12,"('hunt', 1, 0)",-9.658912658691406,-34.6821403503418
66200,13,"('hunt', 1, 1)",-5.922016620635986,-15.64242172241211
66200,14,"('hunt', 1, 2)",-6.084858417510986,-16.91144561767578
66200,15,"('hunt', 2, 0)",-9.378990173339844,-37.822322845458984
66200,16,"('hunt', 2, 1)",-7.096546173095703,-24.86992073059082
66200,17,"('hunt', 2, 2)",-4.407320499420166,-7.627481460571289
66200,18,"('expedition', 0, 0)",,
66400,0,"('wait', 0, 0)",-12.26245403289795,-45.82354736328125
66400,1,"('wait', 0, 1)",-9.348691940307617,-32.53313064575195
66400,2,"('wait', 0, 2)",-8.97467041015625,-31.538658142089844
66400,3,"('wait', 1, 0)",-9.96982479095459,-36.591880798339844
66400,4,"('wait', 1, 1)",-6.11138391494751,-17.36928939819336
66400,5,"('wait', 1, 2)",-6.4887919425964355,-19.05678939819336
66400,6,"('wait', 2, 0)",-9.954296112060547,-40.34993362426758
66400,7,"('wait', 2, 1)",-6.92792272567749,-25.742080688476562
66400,8,"('wait', 2, 2)",-5.303913116455078,-11.886950492858887
66400,9,"('hunt', 0, 0)",-12.734094619750977,-46.494598388671875
66400,10,"('hunt', 0, 1)",-8.849475860595703,-29.92262840270996
66400,11,"('hunt', 0, 2)",-8.92281436920166,-30.685388565063477
66400,12,"('hunt', 1, 0)",-9.683716773986816,-34.7611198425293
66400,13,"('hunt', 1, 1)",-5.922016620635986,-15.64242172241211
66400,14,"('hunt', 1, 2)",-6.084858417510986,-16.91144561767578
66400,15,"('hunt', 2, 0)",-9.38414478302002,-37.84855270385742
66400,16,"('hunt', 2, 1)",-7.099302291870117,-24.889850616455078
66400,17,"('hunt', 2, 2)",-4.404234409332275,-8.124981880187988
66400,18,"('expedition', 0, 0)",,
66600,0,"('wait', 0, 0)",-12.28455638885498,-45.877716064453125
66600,1,"('wait', 0, 1)",-9.348691940307617,-32.53313064575195
66600,2,"('wait', 0, 2)",-8.982216835021973,-31.533166885375977
66600,3,"('wait', 1, 0)",-9.96982479095459,-36.591880798339844
66600,4,"('wait', 1, 1)",-6.11138391494751,-17.36928939819336
66600,5,"('wait', 1, 2)",-6.490382194519043,-19.057472229003906
66600,6,"('wait', 2, 0)",-9.954296112060547,-40.34993362426758
66600,7,"('wait', 2, 1)",-6.92792272567749,-25.742080688476562
66600,8,"('wait', 2, 2)",-5.304067611694336,-11.886750221252441
66600,9,"('hunt', 0, 0)",-12.740171432495117,-46.50859451293945
66600,10,"('hunt', 0, 1)",-8.849475860595703,-29.92262840270996
66600,11,"('hunt', 0, 2)",-8.92640209197998,-30.694992065429688
66600,12,"('hunt', 1, 0)",-9.692404747009277,-34.76141357421875
66600,13,"('hunt', 1, 1)",-5.922016620635986,-15.64242172241211
66600,14,"('hunt', 1, 2)",-6.079314231872559,-16.826738357543945
66600,15,"('hunt', 2, 0)",-9.41554069519043,-37.960697174072266
66600,16,"('hunt', 2, 1)",-7.099302291870117,-24.889850616455078
66600,17,"('hunt', 2, 2)",-4.468743324279785,-8.654471397399902
66600,18,"('expedition', 0, 0)",,
66800,0,"('wait', 0, 0)",-12.28455638885498,-45.877716064453125
66800,1,"('wait', 0, 1)",-9.352472305297852,-32.44293212890625
66800,2,"('wait', 0, 2)",-8.982216835021973,-31.533166885375977
66800,3,"('wait', 1, 0)",-9.96982479095459,-36.591880798339844
66800,4,"('wait', 1, 1)",-6.11138391494751,-17.36928939819336
66800,5,"('wait', 1, 2)",-6.493542671203613,-19.058835983276367
66800,6,"('wait', 2, 0)",-9.959781646728516,-40.3580436706543
66800,7,"('wait', 2, 1)",-6.92792272567749,-25.742080688476562
66800,8,"('wait', 2, 2)",-5.304222106933594,-11.886740684509277
66800,9,"('hunt', 0, 0)",-12.740171432495117,-46.50859451293945
66800,10,"('hunt', 0, 1)",-8.852983474731445,-29.933717727661133
66800,11,"('hunt', 0, 2)",-8.92198371887207,-30.613189697265625
66800,12,"('hunt', 1, 0)",-9.69672679901123,-34.747291564941406
66800,13,"('hunt', 1, 1)",-5.922016620635986,-15.64242172241211
66800,14,"('hunt', 1, 2)",-6.08172607421875,-16.7960147857666
66800,15,"('hunt', 2, 0)",-9.41554069519043,-37.960697174072266
66800,16,"('hunt', 2, 1)",-7.102033615112305,-24.874879837036133
66800,17,"('hunt', 2, 2)",-4.497197151184082,-9.10816478729248
66800,18,"('expedition', 0, 0)",,
67000,0,"('wait', 0, 0)",-12.28455638885498,-45.877716064453125
67000,1,"('wait', 0, 1)",-9.352472305297852,-32.44293212890625
67000,2,"('wait', 0, 2)",-8.985960006713867,-31.53050422668457
67000,3,"('wait', 1, 0)",-9.96982479095459,-36.591880798339844
67000,4,"('wait', 1, 1)",-6.11279296875,-17.36907196044922
67000,5,"('wait', 1, 2)",-6.487156867980957,-18.987834930419922
67000,6,"('wait', 2, 0)",-9.96524715423584,-40.36581802368164
67000,7,"('wait', 2, 1)",-6.930914878845215,-25.74549102783203
67000,8,"('wait', 2, 2)",-5.304375648498535,-11.886825561523438
67000,9,"('hunt', 0, 0)",-12.740171432495117,-46.50859451293945
67000,10,"('hunt', 0, 1)",-8.872336387634277,-30.002349853515625
67000,11,"('hunt', 0, 2)",-8.964415550231934,-30.758338928222656
67000,12,"('hunt', 1, 0)",-9.716924667358398,-34.8112678527832
67000,13,"('hunt', 1, 1)",-5.922016620635986,-15.64242172241211
67000,14,"('hunt', 1, 2)",-6.084115505218506,-16.766460418701172
67000,15,"('hunt', 2, 0)",-9.436572074890137,-38.0211067199707
67000,16,"('hunt', 2, 1)",-7.102033615112305,-24.874879837036133
67000,17,"('hunt', 2, 2)",-4.4490647315979,-8.713918685913086
67000,18,"('expedition', 0, 0)",,
67200,0,"('wait', 0, 0)",-12.28455638885498,-45.877716064453125
67200,1,"('wait', 0, 1)",-9.356341361999512,-32.440040588378906
67200,2,"('wait', 0, 2)",-8.989684104919434,-31.52849006652832
67200,3,"('wait', 1, 0)",-9.971099853515625,-36.5076789855957
67200,4,"('wait', 1, 1)",-6.115602970123291,-17.36937713623047
67200,5,"('wait', 1, 2)",-6.487156867980957,-18.987834930419922
67200,6,"('wait', 2, 0)",-9.976114273071289,-40.381996154785156
67200,7,"('wait', 2, 1)",-6.930914878845215,-25.74549102783203
67200,8,"('wait', 2, 2)",-5.304375648498535,-11.886825561523438
67200,9,"('hunt', 0, 0)",-12.811715126037598,-46.66071701049805
67200,10,"('hunt', 0, 1)",-8.879281044006348,-29.97042465209961
67200,11,"('hunt', 0, 2)",-8.96796703338623,-30.768259048461914
67200,12,"('hunt', 1, 0)",-9.737078666687012,-34.87501907348633
67200,13,"('hunt', 1, 1)",-5.922016620635986,-15.64242172241211
67200,14,"('hunt', 1, 2)",-6.085299491882324,-16.75202178955078
67200,15,"('hunt', 2, 0)",-9.46766185760498,-38.06330108642578
67200,16,"('hunt', 2, 1)",-7.099522590637207,-24.78388023376465
67200,17,"('hunt', 2, 2)",-4.458939075469971,-8.64734935760498
67200,18,"('expedition', 0, 0)",,
67400,0,"('wait', 0, 0)",-12.28455638885498,-45.877716064453125
67400,1,"('wait', 0, 1)",-9.356341361999512,-32.440040588378906
67400,2,"('wait', 0, 2)",-8.993398666381836,-31.526687622070312
67400,3,"('wait', 1, 0)",-9.980245590209961,-36.51291275024414
67400,4,"('wait', 1, 1)",-6.119802474975586,-17.369354248046875
67400,5,"('wait', 1, 2)",-6.48870325088501,-18.98780632019043
67400,6,"('wait', 2, 0)",-9.976114273071289,-40.381996154785156
67400,7,"('wait', 2, 1)",-6.930914878845215,-25.74549102783203
67400,8,"('wait', 2, 2)",-5.304375648498535,-11.886825561523438
67400,9,"('hunt', 0, 0)",-12.833474159240723,-46.71326446533203
67400,10,"('hunt', 0, 1)",-8.879281044006348,-29.97042465209961
67400,11,"('hunt', 0, 2)",-8.990825653076172,-30.845003128051758
67400,12,"('hunt', 1, 0)",-9.741358757019043,-34.86015701293945
67400,13,"('hunt', 1, 1)",-5.922016620635986,-15.64242172241211
67400,14,"('hunt', 1, 2)",-6.086472988128662,-16.737483978271484
67400,15,"('hunt', 2, 0)",-9.477821350097656,-38.114418029785156
67400,16,"('hunt', 2, 1)",-7.099522590637207,-24.78388023376465
67400,17,"('hunt', 2, 2)",-4.454889297485352,-9.179454803466797
67400,18,"('expedition', 0, 0)",,
67600,0,"('wait', 0, 0)",-12.28455638885498,-45.877716064453125
67600,1,"('wait', 0, 1)",-9.375935554504395,-32.505672454833984
67600,2,"('wait', 0, 2)",-8.997087478637695,-31.524662017822266
67600,3,"('wait', 1, 0)",-9.980245590209961,-36.51291275024414
67600,4,"('wait', 1, 1)",-6.121197700500488,-17.369951248168945
67600,5,"('wait', 1, 2)",-6.48870325088501,-18.98780632019043
67600,6,"('wait', 2, 0)",-9.997235298156738,-40.43928146362305
67600,7,"('wait', 2, 1)",-6.930914878845215,-25.74549102783203
67600,8,"('wait', 2, 2)",-5.296656131744385,-11.82251262664795
67600,9,"('hunt', 0, 0)",-12.833474159240723,-46.71326446533203
67600,10,"('hunt', 0, 1)",-8.882721900939941,-29.954750061035156
67600,11,"('hunt', 0, 2)",-8.990825653076172,-30.845003128051758
67600,12,"('hunt', 1, 0)",-9.741358757019043,-34.86015701293945
67600,13,"('hunt', 1, 1)",-5.923077583312988,-15.627815246582031
67600,14,"('hunt', 1, 2)",-6.086472988128662,-16.737483978271484
67600,15,"('hunt', 2, 0)",-9.482877731323242,-38.13962173461914
67600,16,"('hunt', 2, 1)",-7.1048583984375,-24.788949966430664
67600,17,"('hunt', 2, 2)",-4.532095432281494,-9.617486000061035
67600,18,"('expedition', 0, 0)",,
67800,0,"('wait', 0, 0)",-12.28455638885498,-45.877716064453125
67800,1,"('wait', 0, 1)",-9.375935554504395,-32.505672454833984
67800,2,"('wait', 0, 2)",-9.000771522521973,-31.522621154785156
67800,3,"('wait', 1, 0)",-9.984784126281738,-36.514747619628906
67800,4,"('wait', 1, 1)",-6.121197700500488,-17.369951248168945
67800,5,"('wait', 1, 2)",-6.490242004394531,-18.987234115600586
67800,6,"('wait', 2, 0)",-9.997235298156738,-40.43928146362305
67800,7,"('wait', 2, 1)",-6.933861255645752,-25.749755859375
67800,8,"('wait', 2, 2)",-5.296656131744385,-11.82251262664795
67800,9,"('hunt', 0, 0)",-12.833474159240723,-46.71326446533203
67800,10,"('hunt', 0, 1)",-8.882721900939941,-29.954750061035156
67800,11,"('hunt', 0, 2)",-8.990825653076172,-30.845003128051758
67800,12,"('hunt', 1, 0)",-9.745611190795898,-34.87351989746094
67800,13,"('hunt', 1, 1)",-5.940848350524902,-15.693069458007812
67800,14,"('hunt', 1, 2)",-6.086472988128662,-16.737483978271484
67800,15,"('hunt', 2, 0)",-9.482877731323242,-38.13962173461914
67800,16,"('hunt', 2, 1)",-7.1048583984375,-24.788949966430664
67800,17,"('hunt', 2, 2)",-4.534463882446289,-9.52016544342041
67800,18,"('expedition', 0, 0)",,
68000,0,"('wait', 0, 0)",-12.327632904052734,-45.98310089111328
68000,1,"('wait', 0, 1)",-9.375935554504395,-32.505672454833984
68000,2,"('wait', 0, 2)",-9.00443172454834,-31.521202087402344
68000,3,"('wait', 1, 0)",-9.993818283081055,-36.519325256347656
68000,4,"('wait', 1, 1)",-6.123960018157959,-17.370248794555664
68000,5,"('wait', 1, 2)",-6.491772174835205,-18.986597061157227
68000,6,"('wait', 2, 0)",-9.997235298156738,-40.43928146362305
68000,7,"('wait', 2, 1)",-6.936801910400391,-25.75389289855957
68000,8,"('wait', 2, 2)",-5.296656131744385,-11.82251262664795
68000,9,"('hunt', 0, 0)",-12.833474159240723,-46.71326446533203
68000,10,"('hunt', 0, 1)",-8.882721900939941,-29.954750061035156
68000,11,"('hunt', 0, 2)",-8.994335174560547,-30.8301944732666
68000,12,"('hunt', 1, 0)",-9.749846458435059,-34.887794494628906
68000,13,"('hunt', 1, 1)",-5.957537651062012,-15.773475646972656
68000,14,"('hunt', 1, 2)",-6.086472988128662,-16.737483978271484
68000,15,"('hunt', 2, 0)",-9.487908363342285,-38.13143539428711
68000,16,"('hunt', 2, 1)",-7.1048583984375,-24.788949966430664
68000,17,"('hunt', 2, 2)",-4.62558650970459,-9.91236686706543
68000,18,"('expedition', 0, 0)",,
68200,0,"('wait', 0, 0)",-12.333563804626465,-45.98945236206055
68200,1,"('wait', 0, 1)",-9.375935554504395,-32.505672454833984
68200,2,"('wait', 0, 2)",-9.00443172454834,-31.521202087402344
68200,3,"('wait', 1, 0)",-10.022883415222168,-36.58441162109375
68200,4,"('wait', 1, 1)",-6.126710891723633,-17.370676040649414
68200,5,"('wait', 1, 2)",-6.494821548461914,-18.98508071899414
68200,6,"('wait', 2, 0)",-9.997235298156738,-40.43928146362305
68200,7,"('wait', 2, 1)",-6.936801910400391,-25.75389289855957
68200,8,"('wait', 2, 2)",-5.296656131744385,-11.82251262664795
68200,9,"('hunt', 0, 0)",-12.833474159240723,-46.71326446533203
68200,10,"('hunt', 0, 1)",-8.882721900939941,-29.954750061035156
68200,11,"('hunt', 0, 2)",-9.013385772705078,-30.896141052246094
68200,12,"('hunt', 1, 0)",-9.754064559936523,-34.87361526489258
68200,13,"('hunt', 1, 1)",-5.958608627319336,-15.78840446472168
68200,14,"('hunt', 1, 2)",-6.08879280090332,-16.737882614135742
68200,15,"('hunt', 2, 0)",-9.487908363342285,-38.13143539428711
68200,16,"('hunt', 2, 1)",-7.099719524383545,-24.714080810546875
68200,17,"('hunt', 2, 2)",-4.680319309234619,-9.660603523254395
68200,18,"('expedition', 0, 0)",,
68400,0,"('wait', 0, 0)",-12.345365524291992,-46.002159118652344
68400,1,"('wait', 0, 1)",-9.375935554504395,-32.505672454833984
68400,2,"('wait', 0, 2)",-9.000313758850098,-31.441158294677734
68400,3,"('wait', 1, 0)",-10.042875289916992,-36.6450080871582
68400,4,"('wait', 1, 1)",-6.128078937530518,-17.370285034179688
68400,5,"('wait', 1, 2)",-6.496337413787842,-18.98395347595215
68400,6,"('wait', 2, 0)",-9.997235298156738,-40.43928146362305
68400,7,"('wait', 2, 1)",-6.955199241638184,-25.823305130004883
68400,8,"('wait', 2, 2)",-5.296793460845947,-11.821531295776367
68400,9,"('hunt', 0, 0)",-12.833474159240723,-46.71326446533203
68400,10,"('hunt', 0, 1)",-8.882721900939941,-29.954750061035156
68400,11,"('hunt', 0, 2)",-9.032388687133789,-30.961830139160156
68400,12,"('hunt', 1, 0)",-9.754064559936523,-34.87361526489258
68400,13,"('hunt', 1, 1)",-5.977326393127441,-15.86866283416748
68400,14,"('hunt', 1, 2)",-6.08879280090332,-16.737882614135742
68400,15,"('hunt', 2, 0)",-9.487908363342285,-38.13143539428711
68400,16,"('hunt', 2, 1)",-7.102340221405029,-24.733318328857422
68400,17,"('hunt', 2, 2)",-4.61946964263916,-9.07005786895752
68400,18,"('expedition', 0, 0)",,
68600,0,"('wait', 0, 0)",-12.345365524291992,-46.002159118652344
68600,1,"('wait', 0, 1)",-9.375935554504395,-32.505672454833984
68600,2,"('wait', 0, 2)",-9.000313758850098,-31.441158294677734
68600,3,"('wait', 1, 0)",-10.062779426574707,-36.70526123046875
68600,4,"('wait', 1, 1)",-6.129443645477295,-17.370363235473633
68600,5,"('wait', 1, 2)",-6.496337413787842,-18.98395347595215
68600,6,"('wait', 2, 0)",-9.997235298156738,-40.43928146362305
68600,7,"('wait', 2, 1)",-6.955199241638184,-25.823305130004883
68600,8,"('wait', 2, 2)",-5.296793460845947,-11.821531295776367
68600,9,"('hunt', 0, 0)",-12.860576629638672,-46.75785827636719
68600,10,"('hunt', 0, 1)",-8.886109352111816,-29.96495819091797
68600,11,"('hunt', 0, 2)",-9.035871505737305,-30.971054077148438
68600,12,"('hunt', 1, 0)",-9.754064559936523,-34.87361526489258
68600,13,"('hunt', 1, 1)",-5.977326393127441,-15.86866283416748
68600,14,"('hunt', 1, 2)",-6.08879280090332,-16.737882614135742
68600,15,"('hunt', 2, 0)",-9.492877960205078,-38.156307220458984
68600,16,"('hunt', 2, 1)",-7.102340221405029,-24.733318328857422
68600,17,"('hunt', 2, 2)",-4.5968241691589355,-9.049982070922852
68600,18,"('expedition', 0, 0)",,
68800,0,"('wait', 0, 0)",-12.355228424072266,-45.923828125
68800,1,"('wait', 0, 1)",-9.387228965759277,-32.49921417236328
68800,2,"('wait', 0, 2)",-9.000313758850098,-31.441158294677734
68800,3,"('wait', 1, 0)",-10.062779426574707,-36.70526123046875
68800,4,"('wait', 1, 1)",-6.129443645477295,-17.370363235473633
68800,5,"('wait', 1, 2)",-6.497842311859131,-18.982698440551758
68800,6,"('wait', 2, 0)",-10.002513885498047,-40.4465446472168
68800,7,"('wait', 2, 1)",-6.955199241638184,-25.823305130004883
68800,8,"('wait', 2, 2)",-5.296793460845947,-11.821531295776367
68800,9,"('hunt', 0, 0)",-12.860576629638672,-46.75785827636719
68800,10,"('hunt', 0, 1)",-8.886109352111816,-29.96495819091797
68800,11,"('hunt', 0, 2)",-9.039334297180176,-30.956254959106445
68800,12,"('hunt', 1, 0)",-9.754064559936523,-34.87361526489258
68800,13,"('hunt', 1, 1)",-5.977326393127441,-15.86866283416748
68800,14,"('hunt', 1, 2)",-6.089934349060059,-16.724143981933594
68800,15,"('hunt', 2, 0)",-9.513182640075684,-38.21440124511719
68800,16,"('hunt', 2, 1)",-7.104933261871338,-24.719789505004883
68800,17,"('hunt', 2, 2)",-4.600360870361328,-8.81472396850586
68800,18,"('expedition', 0, 0)",,
69000,0,"('wait', 0, 0)",-12.361042022705078,-45.930301666259766
69000,1,"('wait', 0, 1)",-9.4063138961792,-32.563079833984375
69000,2,"('wait', 0, 2)",-8.996227264404297,-31.362123489379883
69000,3,"('wait', 1, 0)",-10.062779426574707,-36.70526123046875
69000,4,"('wait', 1, 1)",-6.130799770355225,-17.370223999023438
69000,5,"('wait', 1, 2)",-6.5008344650268555,-18.97981834411621
69000,6,"('wait', 2, 0)",-10.002513885498047,-40.4465446472168
69000,7,"('wait', 2, 1)",-6.958094120025635,-25.82731819152832
69000,8,"('wait', 2, 2)",-5.297064781188965,-11.820219039916992
69000,9,"('hunt', 0, 0)",-12.88171100616455,-46.80879592895508
69000,10,"('hunt', 0, 1)",-8.886109352111816,-29.96495819091797
69000,11,"('hunt', 0, 2)",-9.046244621276855,-30.950756072998047
69000,12,"('hunt', 1, 0)",-9.758216857910156,-34.86017990112305
69000,13,"('hunt', 1, 1)",-5.978391170501709,-15.854586601257324
69000,14,"('hunt', 1, 2)",-6.0910749435424805,-16.73809814453125
69000,15,"('hunt', 2, 0)",-9.53347110748291,-38.272377014160156
69000,16,"('hunt', 2, 1)",-7.107512950897217,-24.705974578857422
69000,17,"('hunt', 2, 2)",-4.553114891052246,-8.368886947631836
69000,18,"('expedition', 0, 0)",,
69200,0,"('wait', 0, 0)",-12.361042022705078,-45.930301666259766
69200,1,"('wait', 0, 1)",-9.410057067871094,-32.560569763183594
69200,2,"('wait', 0, 2)",-8.996227264404297,-31.362123489379883
69200,3,"('wait', 1, 0)",-10.063985824584961,-36.62491989135742
69200,4,"('wait', 1, 1)",-6.130799770355225,-17.370223999023438
69200,5,"('wait', 1, 2)",-6.5008344650268555,-18.97981834411621
69200,6,"('wait', 2, 0)",-10.013020515441895,-40.461944580078125
69200,7,"('wait', 2, 1)",-6.958094120025635,-25.82731819152832
69200,8,"('wait', 2, 2)",-5.297064781188965,-11.820219039916992
69200,9,"('hunt', 0, 0)",-12.88171100616455,-46.80879592895508
69200,10,"('hunt', 0, 1)",-8.886109352111816,-29.96495819091797
69200,11,"('hunt', 0, 2)",-9.046244621276855,-30.950756072998047
69200,12,"('hunt', 1, 0)",-9.762354850769043,-34.87446212768555
69200,13,"('hunt', 1, 1)",-5.980520248413086,-15.883831024169922
69200,14,"('hunt', 1, 2)",-6.0910749435424805,-16.73809814453125
69200,15,"('hunt', 2, 0)",-9.553658485412598,-38.32999038696289
69200,16,"('hunt', 2, 1)",-7.11522102355957,-24.697446823120117
69200,17,"('hunt', 2, 2)",-4.522239685058594,-8.570206642150879
69200,18,"('expedition', 0, 0)",,
69400,0,"('wait', 0, 0)",-12.366819381713867,-45.93632125854492
69400,1,"('wait', 0, 1)",-9.410057067871094,-32.560569763183594
69400,2,"('wait', 0, 2)",-8.996227264404297,-31.362123489379883
69400,3,"('wait', 1, 0)",-10.068397521972656,-36.62799835205078
69400,4,"('wait', 1, 1)",-6.130799770355225,-17.370223999023438
69400,5,"('wait', 1, 2)",-6.503809928894043,-18.977855682373047
69400,6,"('wait', 2, 0)",-10.018250465393066,-40.46932601928711
69400,7,"('wait', 2, 1)",-6.958094120025635,-25.82731819152832
69400,8,"('wait', 2, 2)",-5.297199249267578,-11.819881439208984
69400,9,"('hunt', 0, 0)",-12.9085111618042,-46.85282897949219
69400,10,"('hunt', 0, 1)",-8.886109352111816,-29.96495819091797
69400,11,"('hunt', 0, 2)",-9.046244621276855,-30.950756072998047
69400,12,"('hunt', 1, 0)",-9.762354850769043,-34.87446212768555
69400,13,"('hunt', 1, 1)",-5.981581211090088,-15.869996070861816
69400,14,"('hunt', 1, 2)",-6.0910749435424805,-16.73809814453125
69400,15,"('hunt', 2, 0)",-9.578679084777832,-38.37870407104492
69400,16,"('hunt', 2, 1)",-7.11522102355957,-24.697446823120117
69400,17,"('hunt', 2, 2)",-4.551156044006348,-8.770090103149414
69400,18,"('expedition', 0, 0)",,
69600,0,"('wait', 0, 0)",-12.37257194519043,-45.942283630371094
69600,1,"('wait', 0, 1)",-9.410057067871094,-32.560569763183594
69600,2,"('wait', 0, 2)",-9.021992683410645,-31.422412872314453
69600,3,"('wait', 1, 0)",-10.068397521972656,-36.62799835205078
69600,4,"('wait', 1, 1)",-6.132139205932617,-17.369701385498047
69600,5,"('wait', 1, 2)",-6.5052900314331055,-18.977191925048828
69600,6,"('wait', 2, 0)",-10.038599967956543,-40.52442932128906
69600,7,"('wait', 2, 1)",-6.958094120025635,-25.82731819152832
69600,8,"('wait', 2, 2)",-5.297199249267578,-11.819881439208984
69600,9,"('hunt', 0, 0)",-12.935216903686523,-46.91551971435547
69600,10,"('hunt', 0, 1)",-8.886109352111816,-29.96495819091797
69600,11,"('hunt', 0, 2)",-9.068215370178223,-31.000106811523438
69600,12,"('hunt', 1, 0)",-9.75886344909668,-34.793243408203125
69600,13,"('hunt', 1, 1)",-5.981581211090088,-15.869996070861816
69600,14,"('hunt', 1, 2)",-6.0922040939331055,-16.753393173217773
69600,15,"('hunt', 2, 0)",-9.578679084777832,-38.37870407104492
69600,16,"('hunt', 2, 1)",-7.11522102355957,-24.697446823120117
69600,17,"('hunt', 2, 2)",-4.5429463386535645,-8.577215194702148
69600,18,"('expedition', 0, 0)",,
69800,0,"('wait', 0, 0)",-12.37257194519043,-45.942283630371094
69800,1,"('wait', 0, 1)",-9.410057067871094,-32.560569763183594
69800,2,"('wait', 0, 2)",-9.044142723083496,-31.48381233215332
69800,3,"('wait', 1, 0)",-10.068397521972656,-36.62799835205078
69800,4,"('wait', 1, 1)",-6.133475303649902,-17.369062423706055
69800,5,"('wait', 1, 2)",-6.5052900314331055,-18.977191925048828
69800,6,"('wait', 2, 0)",-10.043804168701172,-40.531612396240234
69800,7,"('wait', 2, 1)",-6.9742302894592285,-25.824926376342773
69800,8,"('wait', 2, 2)",-5.297466278076172,-11.820368766784668
69800,9,"('hunt', 0, 0)",-12.956088066101074,-46.965660095214844
69800,10,"('hunt', 0, 1)",-8.886109352111816,-29.96495819091797
69800,11,"('hunt', 0, 2)",-9.068215370178223,-31.000106811523438
69800,12,"('hunt', 1, 0)",-9.786172866821289,-34.82735061645508
69800,13,"('hunt', 1, 1)",-5.982627868652344,-15.85634994506836
69800,14,"('hunt', 1, 2)",-6.0922040939331055,-16.753393173217773
69800,15,"('hunt', 2, 0)",-9.578679084777832,-38.37870407104492
69800,16,"('hunt', 2, 1)",-7.117753505706787,-24.68400001525879
69800,17,"('hunt', 2, 2)",-4.549689769744873,-8.526689529418945
69800,18,"('expedition', 0, 0)",,
70000,0,"('wait', 0, 0)",-12.37257194519043,-45.942283630371094
70000,1,"('wait', 0, 1)",-9.410057067871094,-32.560569763183594
70000,2,"('wait', 0, 2)",-9.06270694732666,-31.54701805114746
70000,3,"('wait', 1, 0)",-10.068397521972656,-36.62799835205078
70000,4,"('wait', 1, 1)",-6.133475303649902,-17.369062423706055
70000,5,"('wait', 1, 2)",-6.521808624267578,-19.05103302001953
70000,6,"('wait', 2, 0)",-10.054159164428711,-40.54499816894531
70000,7,"('wait', 2, 1)",-6.982739448547363,-25.835590362548828
70000,8,"('wait', 2, 2)",-5.297466278076172,-11.820368766784668
70000,9,"('hunt', 0, 0)",-12.997660636901855,-47.06536102294922
70000,10,"('hunt', 0, 1)",-8.889405250549316,-29.95038414001465
70000,11,"('hunt', 0, 2)",-9.068215370178223,-31.000106811523438
70000,12,"('hunt', 1, 0)",-9.805832862854004,-34.794281005859375
70000,13,"('hunt', 1, 1)",-5.983675003051758,-15.870798110961914
70000,14,"('hunt', 1, 2)",-6.09332275390625,-16.739471435546875
70000,15,"('hunt', 2, 0)",-9.578679084777832,-38.37870407104492
70000,16,"('hunt', 2, 1)",-7.117753505706787,-24.68400001525879
70000,17,"('hunt', 2, 2)",-4.493881702423096,-8.232787132263184
70000,18,"('expedition', 0, 0)",,
70200,0,"('wait', 0, 0)",-12.37825870513916,-45.94828796386719
70200,1,"('wait', 0, 1)",-9.410057067871094,-32.560569763183594
70200,2,"('wait', 0, 2)",-9.06270694732666,-31.54701805114746
70200,3,"('wait', 1, 0)",-10.068397521972656,-36.62799835205078
70200,4,"('wait', 1, 1)",-6.1361236572265625,-17.36869239807129
70200,5,"('wait', 1, 2)",-6.521808624267578,-19.05103302001953
70200,6,"('wait', 2, 0)",-10.054159164428711,-40.54499816894531
70200,7,"('wait', 2, 1)",-6.982739448547363,-25.835590362548828
70200,8,"('wait', 2, 2)",-5.297466278076172,-11.820368766784668
70200,9,"('hunt', 0, 0)",-12.997660636901855,-47.06536102294922
70200,10,"('hunt', 0, 1)",-8.925986289978027,-30.08007049560547
70200,11,"('hunt', 0, 2)",-9.068215370178223,-31.000106811523438
70200,12,"('hunt', 1, 0)",-9.809860229492188,-34.781166076660156
70200,13,"('hunt', 1, 1)",-5.9847235679626465,-15.884965896606445
70200,14,"('hunt', 1, 2)",-6.09332275390625,-16.739471435546875
70200,15,"('hunt', 2, 0)",-9.578679084777832,-38.37870407104492
70200,16,"('hunt', 2, 1)",-7.117753505706787,-24.68400001525879
70200,17,"('hunt', 2, 2)",-4.45529317855835,-8.129714965820312
70200,18,"('expedition', 0, 0)",,
70400,0,"('wait', 0, 0)",-12.383925437927246,-45.95402145385742
70400,1,"('wait', 0, 1)",-9.410057067871094,-32.560569763183594
70400,2,"('wait', 0, 2)",-9.06270694732666,-31.54701805114746
70400,3,"('wait', 1, 0)",-10.068397521972656,-36.62799835205078
70400,4,"('wait', 1, 1)",-6.1361236572265625,-17.36869239807129
70400,5,"('wait', 1, 2)",-6.521808624267578,-19.05103302001953
70400,6,"('wait', 2, 0)",-10.054159164428711,-40.54499816894531
70400,7,"('wait', 2, 1)",-6.985560894012451,-25.839542388916016
70400,8,"('wait', 2, 2)",-5.297730445861816,-11.820911407470703
70400,9,"('hunt', 0, 0)",-13.018327713012695,-47.114845275878906
70400,10,"('hunt', 0, 1)",-8.932544708251953,-30.05071449279785
70400,11,"('hunt', 0, 2)",-9.078329086303711,-31.00480079650879
70400,12,"('hunt', 1, 0)",-9.809860229492188,-34.781166076660156
70400,13,"('hunt', 1, 1)",-5.985763072967529,-15.870702743530273
70400,14,"('hunt', 1, 2)",-6.094429969787598,-16.725770950317383
70400,15,"('hunt', 2, 0)",-9.58350944519043,-38.36977767944336
70400,16,"('hunt', 2, 1)",-7.117753505706787,-24.68400001525879
70400,17,"('hunt', 2, 2)",-4.517838001251221,-8.603299140930176
70400,18,"('expedition', 0, 0)",,
70600,0,"('wait', 0, 0)",-12.383925437927246,-45.95402145385742
70600,1,"('wait', 0, 1)",-9.417346954345703,-32.554439544677734
70600,2,"('wait', 0, 2)",-9.06270694732666,-31.54701805114746
70600,3,"('wait', 1, 0)",-10.068397521972656,-36.62799835205078
70600,4,"('wait', 1, 1)",-6.1361236572265625,-17.36869239807129
70600,5,"('wait', 1, 2)",-6.523275375366211,-19.05051612854004
70600,6,"('wait', 2, 0)",-10.054159164428711,-40.54499816894531
70600,7,"('wait', 2, 1)",-7.003300189971924,-25.906389236450195
70600,8,"('wait', 2, 2)",-5.2979936599731445,-11.8207368850708
70600,9,"('hunt', 0, 0)",-13.018327713012695,-47.114845275878906
70600,10,"('hunt', 0, 1)",-8.950728416442871,-30.11510467529297
70600,11,"('hunt', 0, 2)",-9.078329086303711,-31.00480079650879
70600,12,"('hunt', 1, 0)",-9.828746795654297,-34.841068267822266
70600,13,"('hunt', 1, 1)",-5.987844467163086,-15.8991060256958
70600,14,"('hunt', 1, 2)",-6.094429969787598,-16.725770950317383
70600,15,"('hunt', 2, 0)",-9.58350944519043,-38.36977767944336
70600,16,"('hunt', 2, 1)",-7.117753505706787,-24.68400001525879
70600,17,"('hunt', 2, 2)",-4.514626502990723,-8.419410705566406
70600,18,"('expedition', 0, 0)",,
70800,0,"('wait', 0, 0)",-12.383925437927246,-45.95402145385742
70800,1,"('wait', 0, 1)",-9.417346954345703,-32.554439544677734
70800,2,"('wait', 0, 2)",-9.081035614013672,-31.609338760375977
70800,3,"('wait', 1, 0)",-10.076988220214844,-36.6326904296875
70800,4,"('wait', 1, 1)",-6.131312370300293,-17.304304122924805
70800,5,"('wait', 1, 2)",-6.523275375366211,-19.05051612854004
70800,6,"('wait', 2, 0)",-10.054159164428711,-40.54499816894531
70800,7,"('wait', 2, 1)",-7.006105422973633,-25.910266876220703
70800,8,"('wait', 2, 2)",-5.2979936599731445,-11.8207368850708
70800,9,"('hunt', 0, 0)",-13.03882122039795,-47.16386032104492
70800,10,"('hunt', 0, 1)",-8.950728416442871,-30.11510467529297
70800,11,"('hunt', 0, 2)",-9.103203773498535,-31.062992095947266
70800,12,"('hunt', 1, 0)",-9.828746795654297,-34.841068267822266
70800,13,"('hunt', 1, 1)",-5.981447696685791,-15.83622932434082
70800,14,"('hunt', 1, 2)",-6.095533847808838,-16.739566802978516
70800,15,"('hunt', 2, 0)",-9.603157997131348,-38.425758361816406
70800,16,"('hunt', 2, 1)",-7.117753505706787,-24.68400001525879
70800,17,"('hunt', 2, 2)",-4.453399658203125,-7.973760604858398
70800,18,"('expedition', 0, 0)",,
71000,0,"('wait', 0, 0)",-12.445134162902832,-46.103633880615234
71000,1,"('wait', 0, 1)",-9.417346954345703,-32.554439544677734
71000,2,"('wait', 0, 2)",-9.081035614013672,-31.609338760375977
71000,3,"('wait', 1, 0)",-10.076988220214844,-36.6326904296875
71000,4,"('wait', 1, 1)",-6.131312370300293,-17.304304122924805
71000,5,"('wait', 1, 2)",-6.527633190155029,-19.04977798461914
71000,6,"('wait', 2, 0)",-10.071720123291016,-40.513919830322266
71000,7,"('wait', 2, 1)",-7.02371072769165,-25.97651481628418
71000,8,"('wait', 2, 2)",-5.290826320648193,-11.7600736618042
71000,9,"('hunt', 0, 0)",-13.064896583557129,-47.20697021484375
71000,10,"('hunt', 0, 1)",-8.9539794921875,-30.124881744384766
71000,11,"('hunt', 0, 2)",-9.124716758728027,-31.112504959106445
71000,12,"('hunt', 1, 0)",-9.828746795654297,-34.841068267822266
71000,13,"('hunt', 1, 1)",-5.981447696685791,-15.83622932434082
71000,14,"('hunt', 1, 2)",-6.095533847808838,-16.739566802978516
71000,15,"('hunt', 2, 0)",-9.603157997131348,-38.425758361816406
71000,16,"('hunt', 2, 1)",-7.117753505706787,-24.68400001525879
71000,17,"('hunt', 2, 2)",-4.311708450317383,-7.256283283233643
71000,18,"('expedition', 0, 0)",,
71200,0,"('wait', 0, 0)",-12.450748443603516,-46.10887145996094
71200,1,"('wait', 0, 1)",-9.4209566116333,-32.551063537597656
71200,2,"('wait', 0, 2)",-9.081035614013672,-31.609338760375977
71200,3,"('wait', 1, 0)",-10.096014976501465,-36.690345764160156
71200,4,"('wait', 1, 1)",-6.131312370300293,-17.304304122924805
71200,5,"('wait', 1, 2)",-6.527633190155029,-19.04977798461914
71200,6,"('wait', 2, 0)",-10.091545104980469,-40.56758499145508
71200,7,"('wait', 2, 1)",-7.02371072769165,-25.97651481628418
71200,8,"('wait', 2, 2)",-5.290826320648193,-11.7600736618042
71200,9,"('hunt', 0, 0)",-13.08530330657959,-47.25568389892578
71200,10,"('hunt', 0, 1)",-8.957223892211914,-30.109668731689453
71200,11,"('hunt', 0, 2)",-9.128044128417969,-31.121400833129883
71200,12,"('hunt', 1, 0)",-9.828746795654297,-34.841068267822266
71200,13,"('hunt', 1, 1)",-5.982464790344238,-15.822344779968262
71200,14,"('hunt', 1, 2)",-6.095533847808838,-16.739566802978516
71200,15,"('hunt', 2, 0)",-9.632192611694336,-38.495758056640625
71200,16,"('hunt', 2, 1)",-7.117753505706787,-24.68400001525879
71200,17,"('hunt', 2, 2)",-4.2732744216918945,-7.340024948120117
71200,18,"('expedition', 0, 0)",,
71400,0,"('wait', 0, 0)",-12.45633602142334,-46.11357498168945
71400,1,"('wait', 0, 1)",-9.42455005645752,-32.547691345214844
71400,2,"('wait', 0, 2)",-9.081035614013672,-31.609338760375977
71400,3,"('wait', 1, 0)",-10.096014976501465,-36.690345764160156
71400,4,"('wait', 1, 1)",-6.131312370300293,-17.304304122924805
71400,5,"('wait', 1, 2)",-6.545257568359375,-19.121501922607422
71400,6,"('wait', 2, 0)",-10.091545104980469,-40.56758499145508
71400,7,"('wait', 2, 1)",-7.026494979858398,-25.97918701171875
71400,8,"('wait', 2, 2)",-5.290826320648193,-11.7600736618042
71400,9,"('hunt', 0, 0)",-13.105618476867676,-47.30412673950195
71400,10,"('hunt', 0, 1)",-8.957223892211914,-30.109668731689453
71400,11,"('hunt', 0, 2)",-9.128044128417969,-31.121400833129883
71400,12,"('hunt', 1, 0)",-9.828746795654297,-34.841068267822266
71400,13,"('hunt', 1, 1)",-5.983481407165527,-15.835229873657227
71400,14,"('hunt', 1, 2)",-6.096629619598389,-16.753061294555664
71400,15,"('hunt', 2, 0)",-9.632192611694336,-38.495758056640625
71400,16,"('hunt', 2, 1)",-7.117753505706787,-24.68400001525879
71400,17,"('hunt', 2, 2)",-4.2721943855285645,-7.827761650085449
71400,18,"('expedition', 0, 0)",,
71600,0,"('wait', 0, 0)",-12.476554870605469,-46.162879943847656
71600,1,"('wait', 0, 1)",-9.446343421936035,-32.60527038574219
71600,2,"('wait', 0, 2)",-9.084473609924316,-31.608549118041992
71600,3,"('wait', 1, 0)",-10.096014976501465,-36.690345764160156
71600,4,"('wait', 1, 1)",-6.133870601654053,-17.303955078125
71600,5,"('wait', 1, 2)",-6.545257568359375,-19.121501922607422
71600,6,"('wait', 2, 0)",-10.116238594055176,-40.62619400024414
71600,7,"('wait', 2, 1)",-7.026494979858398,-25.97918701171875
71600,8,"('wait', 2, 2)",-5.29106330871582,-11.759675979614258
71600,9,"('hunt', 0, 0)",-13.166401863098145,-47.44875717163086
71600,10,"('hunt', 0, 1)",-8.957223892211914,-30.109668731689453
71600,11,"('hunt', 0, 2)",-9.131345748901367,-31.10784339904785
71600,12,"('hunt', 1, 0)",-9.829290390014648,-34.777931213378906
71600,13,"('hunt', 1, 1)",-5.984497547149658,-15.847805976867676
71600,14,"('hunt', 1, 2)",-6.096629619598389,-16.753061294555664
71600,15,"('hunt', 2, 0)",-9.632192611694336,-38.495758056640625
71600,16,"('hunt', 2, 1)",-7.12022066116333,-24.70264434814453
71600,17,"('hunt', 2, 2)",-4.2511444091796875,-7.833438873291016
71600,18,"('expedition', 0, 0)",,
71800,0,"('wait', 0, 0)",-12.482105255126953,-46.1678581237793
71800,1,"('wait', 0, 1)",-9.446343421936035,-32.60527038574219
71800,2,"('wait', 0, 2)",-9.087891578674316,-31.60746955871582
71800,3,"('wait', 1, 0)",-10.100244522094727,-36.6931037902832
71800,4,"('wait', 1, 1)",-6.136422634124756,-17.302568435668945
71800,5,"('wait', 1, 2)",-6.5467000007629395,-19.120363235473633
71800,6,"('wait', 2, 0)",-10.116238594055176,-40.62619400024414
71800,7,"('wait', 2, 1)",-7.026494979858398,-25.97918701171875
71800,8,"('wait', 2, 2)",-5.29106330871582,-11.759675979614258
71800,9,"('hunt', 0, 0)",-13.171985626220703,-47.442928314208984
71800,10,"('hunt', 0, 1)",-8.978262901306152,-30.1825008392334
71800,11,"('hunt', 0, 2)",-9.149263381958008,-31.16958236694336
71800,12,"('hunt', 1, 0)",-9.829290390014648,-34.777931213378906
71800,13,"('hunt', 1, 1)",-5.984497547149658,-15.847805976867676
71800,14,"('hunt', 1, 2)",-6.099870681762695,-16.712818145751953
71800,15,"('hunt', 2, 0)",-9.636914253234863,-38.48683166503906
71800,16,"('hunt', 2, 1)",-7.122681140899658,-24.721019744873047
71800,17,"('hunt', 2, 2)",-4.252364635467529,-8.04806900024414
71800,18,"('expedition', 0, 0)",,
72000,0,"('wait', 0, 0)",-12.482105255126953,-46.1678581237793
72000,1,"('wait', 0, 1)",-9.446343421936035,-32.60527038574219
72000,2,"('wait', 0, 2)",-9.087891578674316,-31.60746955871582
72000,3,"('wait', 1, 0)",-10.104458808898926,-36.69599151611328
72000,4,"('wait', 1, 1)",-6.136422634124756,-17.302568435668945
72000,5,"('wait', 1, 2)",-6.548137187957764,-19.11901092529297
72000,6,"('wait', 2, 0)",-10.116238594055176,-40.62619400024414
72000,7,"('wait', 2, 1)",-7.029254913330078,-25.981657028198242
72000,8,"('wait', 2, 2)",-5.291415214538574,-11.7568998336792
72000,9,"('hunt', 0, 0)",-13.192137718200684,-47.49079132080078
72000,10,"('hunt', 0, 1)",-8.978262901306152,-30.1825008392334
72000,11,"('hunt', 0, 2)",-9.149263381958008,-31.16958236694336
72000,12,"('hunt', 1, 0)",-9.847765922546387,-34.8365592956543
72000,13,"('hunt', 1, 1)",-5.984497547149658,-15.847805976867676
72000,14,"('hunt', 1, 2)",-6.10094690322876,-16.72613525390625
72000,15,"('hunt', 2, 0)",-9.660886764526367,-38.564971923828125
72000,16,"('hunt', 2, 1)",-7.122681140899658,-24.721019744873047
72000,17,"('hunt', 2, 2)",-4.218765735626221,-8.281142234802246
72000,18,"('expedition', 0, 0)",,
72200,0,"('wait', 0, 0)",-12.502147674560547,-46.216678619384766
72200,1,"('wait', 0, 1)",-9.471484184265137,-32.659873962402344
72200,2,"('wait', 0, 2)",-9.094679832458496,-31.606054306030273
72200,3,"('wait', 1, 0)",-10.104458808898926,-36.69599151611328
72200,4,"('wait', 1, 1)",-6.1376872062683105,-17.301815032958984
72200,5,"('wait', 1, 2)",-6.548137187957764,-19.11901092529297
72200,6,"('wait', 2, 0)",-10.121227264404297,-40.63246154785156
72200,7,"('wait', 2, 1)",-7.032009601593018,-25.98422622680664
72200,8,"('wait', 2, 2)",-5.291647434234619,-11.75432300567627
72200,9,"('hunt', 0, 0)",-13.192137718200684,-47.49079132080078
72200,10,"('hunt', 0, 1)",-8.981461524963379,-30.191818237304688
72200,11,"('hunt', 0, 2)",-9.149263381958008,-31.16958236694336
72200,12,"('hunt', 1, 0)",-9.87008285522461,-34.908843994140625
72200,13,"('hunt', 1, 1)",-5.985499858856201,-15.833209991455078
72200,14,"('hunt', 1, 2)",-6.102017402648926,-16.712589263916016
72200,15,"('hunt', 2, 0)",-9.660886764526367,-38.564971923828125
72200,16,"('hunt', 2, 1)",-7.139645099639893,-24.787063598632812
72200,17,"('hunt', 2, 2)",-4.263909339904785,-8.474010467529297
72200,18,"('expedition', 0, 0)",,
72400,0,"('wait', 0, 0)",-12.502147674560547,-46.216678619384766
72400,1,"('wait', 0, 1)",-9.471484184265137,-32.659873962402344
72400,2,"('wait', 0, 2)",-9.094679832458496,-31.606054306030273
72400,3,"('wait', 1, 0)",-10.127334594726562,-36.754844665527344
72400,4,"('wait', 1, 1)",-6.138947010040283,-17.30107307434082
72400,5,"('wait', 1, 2)",-6.54956579208374,-19.11767578125
72400,6,"('wait', 2, 0)",-10.121227264404297,-40.63246154785156
72400,7,"('wait', 2, 1)",-7.032009601593018,-25.98422622680664
72400,8,"('wait', 2, 2)",-5.291647434234619,-11.75432300567627
72400,9,"('hunt', 0, 0)",-13.197660446166992,-47.48476028442383
72400,10,"('hunt', 0, 1)",-8.981461524963379,-30.191818237304688
72400,11,"('hunt', 0, 2)",-9.149263381958008,-31.16958236694336
72400,12,"('hunt', 1, 0)",-9.873973846435547,-34.922119140625
72400,13,"('hunt', 1, 1)",-5.985499858856201,-15.833209991455078
72400,14,"('hunt', 1, 2)",-6.103081703186035,-16.699115753173828
72400,15,"('hunt', 2, 0)",-9.703924179077148,-38.696407318115234
72400,16,"('hunt', 2, 1)",-7.142089366912842,-24.80547332763672
72400,17,"('hunt', 2, 2)",-4.190875053405762,-8.08525562286377
72400,18,"('expedition', 0, 0)",,
72600,0,"('wait', 0, 0)",-12.552938461303711,-46.32217788696289
72600,1,"('wait', 0, 1)",-9.471484184265137,-32.659873962402344
72600,2,"('wait', 0, 2)",-9.094679832458496,-31.606054306030273
72600,3,"('wait', 1, 0)",-10.145962715148926,-36.811161041259766
72600,4,"('wait', 1, 1)",-6.140203475952148,-17.300302505493164
72600,5,"('wait', 1, 2)",-6.553829193115234,-19.11202621459961
72600,6,"('wait', 2, 0)",-10.126179695129395,-40.639163970947266
72600,7,"('wait', 2, 1)",-7.04465389251709,-25.97807502746582
72600,8,"('wait', 2, 2)",-5.291647434234619,-11.75432300567627
72600,9,"('hunt', 0, 0)",-13.223125457763672,-47.52588653564453
72600,10,"('hunt', 0, 1)",-8.984634399414062,-30.177684783935547
72600,11,"('hunt', 0, 2)",-9.149263381958008,-31.16958236694336
72600,12,"('hunt', 1, 0)",-9.881719589233398,-34.921932220458984
72600,13,"('hunt', 1, 1)",-5.9864959716796875,-15.845025062561035
72600,14,"('hunt', 1, 2)",-6.1041388511657715,-16.686368942260742
72600,15,"('hunt', 2, 0)",-9.708609580993652,-38.68759536743164
72600,16,"('hunt', 2, 1)",-7.142089366912842,-24.80547332763672
72600,17,"('hunt', 2, 2)",-4.174530506134033,-8.176251411437988
72600,18,"('expedition', 0, 0)",,
72800,0,"('wait', 0, 0)",-12.552938461303711,-46.32217788696289
72800,1,"('wait', 0, 1)",-9.489361763000488,-32.71954345703125
72800,2,"('wait', 0, 2)",-9.115802764892578,-31.665813446044922
72800,3,"('wait', 1, 0)",-10.14708423614502,-36.734981536865234
72800,4,"('wait', 1, 1)",-6.141454696655273,-17.299875259399414
72800,5,"('wait', 1, 2)",-6.555243492126465,-19.110137939453125
72800,6,"('wait', 2, 0)",-10.136059761047363,-40.653507232666016
72800,7,"('wait', 2, 1)",-7.04465389251709,-25.97807502746582
72800,8,"('wait', 2, 2)",-5.291761875152588,-11.753246307373047
72800,9,"('hunt', 0, 0)",-13.27387523651123,-47.60713195800781
72800,10,"('hunt', 0, 1)",-8.990960121154785,-30.196273803710938
72800,11,"('hunt', 0, 2)",-9.149263381958008,-31.16958236694336
72800,12,"('hunt', 1, 0)",-9.881719589233398,-34.921932220458984
72800,13,"('hunt', 1, 1)",-5.9864959716796875,-15.845025062561035
72800,14,"('hunt', 1, 2)",-6.105194091796875,-16.699453353881836
72800,15,"('hunt', 2, 0)",-9.708609580993652,-38.68759536743164
72800,16,"('hunt', 2, 1)",-7.142089366912842,-24.80547332763672
72800,17,"('hunt', 2, 2)",-4.224035263061523,-8.760149955749512
72800,18,"('expedition', 0, 0)",,
73000,0,"('wait', 0, 0)",-12.552938461303711,-46.32217788696289
73000,1,"('wait', 0, 1)",-9.492876052856445,-32.71647262573242
73000,2,"('wait', 0, 2)",-9.115802764892578,-31.665813446044922
73000,3,"('wait', 1, 0)",-10.151226043701172,-36.73781967163086
73000,4,"('wait', 1, 1)",-6.158316612243652,-17.371992111206055
73000,5,"('wait', 1, 2)",-6.555243492126465,-19.110137939453125
73000,6,"('wait', 2, 0)",-10.155285835266113,-40.70541000366211
73000,7,"('wait', 2, 1)",-7.061689853668213,-26.042116165161133
73000,8,"('wait', 2, 2)",-5.291761875152588,-11.753246307373047
73000,9,"('hunt', 0, 0)",-13.279352188110352,-47.61899185180664
73000,10,"('hunt', 0, 1)",-9.000426292419434,-30.20087432861328
73000,11,"('hunt', 0, 2)",-9.149263381958008,-31.16958236694336
73000,12,"('hunt', 1, 0)",-9.899895668029785,-34.97944259643555
73000,13,"('hunt', 1, 1)",-5.987484455108643,-15.831358909606934
73000,14,"('hunt', 1, 2)",-6.105194091796875,-16.699453353881836
73000,15,"('hunt', 2, 0)",-9.727612495422363,-38.74138259887695
73000,16,"('hunt', 2, 1)",-7.142089366912842,-24.80547332763672
73000,17,"('hunt', 2, 2)",-4.250656604766846,-8.654566764831543
73000,18,"('expedition', 0, 0)",,
73200,0,"('wait', 0, 0)",-12.552938461303711,-46.32217788696289
73200,1,"('wait', 0, 1)",-9.492876052856445,-32.71647262573242
73200,2,"('wait', 0, 2)",-9.115802764892578,-31.665813446044922
73200,3,"('wait', 1, 0)",-10.188077926635742,-36.849266052246094
73200,4,"('wait', 1, 1)",-6.158316612243652,-17.371992111206055
73200,5,"('wait', 1, 2)",-6.555243492126465,-19.110137939453125
73200,6,"('wait', 2, 0)",-10.160199165344238,-40.711978912353516
73200,7,"('wait', 2, 1)",-7.061689853668213,-26.042116165161133
73200,8,"('wait', 2, 2)",-5.291761875152588,-11.753246307373047
73200,9,"('hunt', 0, 0)",-13.279352188110352,-47.61899185180664
73200,10,"('hunt', 0, 1)",-9.000426292419434,-30.20087432861328
73200,11,"('hunt', 0, 2)",-9.152496337890625,-31.17841339111328
73200,12,"('hunt', 1, 0)",-9.91800308227539,-35.03666687011719
73200,13,"('hunt', 1, 1)",-5.98846435546875,-15.8176908493042
73200,14,"('hunt', 1, 2)",-6.106247425079346,-16.71278190612793
73200,15,"('hunt', 2, 0)",-9.732256889343262,-38.732784271240234
73200,16,"('hunt', 2, 1)",-7.144507884979248,-24.824392318725586
73200,17,"('hunt', 2, 2)",-4.261054515838623,-8.6195650100708
73200,18,"('expedition', 0, 0)",,
73400,0,"('wait', 0, 0)",-12.578004837036133,-46.375240325927734
73400,1,"('wait', 0, 1)",-9.506832122802734,-32.706050872802734
73400,2,"('wait', 0, 2)",-9.119141578674316,-31.664852142333984
73400,3,"('wait', 1, 0)",-10.188077926635742,-36.849266052246094
73400,4,"('wait', 1, 1)",-6.158316612243652,-17.371992111206055
73400,5,"('wait', 1, 2)",-6.558040142059326,-19.10663604736328
73400,6,"('wait', 2, 0)",-10.160199165344238,-40.711978912353516
73400,7,"('wait', 2, 1)",-7.061689853668213,-26.042116165161133
73400,8,"('wait', 2, 2)",-5.291987895965576,-11.751341819763184
73400,9,"('hunt', 0, 0)",-13.284797668457031,-47.611934661865234
73400,10,"('hunt', 0, 1)",-9.003554344177246,-30.187416076660156
73400,11,"('hunt', 0, 2)",-9.155715942382812,-31.187551498413086
73400,12,"('hunt', 1, 0)",-9.91800308227539,-35.03666687011719
73400,13,"('hunt', 1, 1)",-5.989444255828857,-15.830779075622559
73400,14,"('hunt', 1, 2)",-6.108335971832275,-16.68840980529785
73400,15,"('hunt', 2, 0)",-9.751099586486816,-38.78607940673828
73400,16,"('hunt', 2, 1)",-7.144507884979248,-24.824392318725586
73400,17,"('hunt', 2, 2)",-4.209192276000977,-8.190384864807129
73400,18,"('expedition', 0, 0)",,
73600,0,"('wait', 0, 0)",-12.578004837036133,-46.375240325927734
73600,1,"('wait', 0, 1)",-9.524528503417969,-32.765079498291016
73600,2,"('wait', 0, 2)",-9.122467041015625,-31.6640682220459
73600,3,"('wait', 1, 0)",-10.188077926635742,-36.849266052246094
73600,4,"('wait', 1, 1)",-6.160804748535156,-17.371686935424805
73600,5,"('wait', 1, 2)",-6.558040142059326,-19.10663604736328
73600,6,"('wait', 2, 0)",-10.162825584411621,-40.63714599609375
73600,7,"('wait', 2, 1)",-7.061689853668213,-26.042116165161133
73600,8,"('wait', 2, 2)",-5.29221248626709,-11.748942375183105
73600,9,"('hunt', 0, 0)",-13.309823036193848,-47.66986846923828
73600,10,"('hunt', 0, 1)",-9.003554344177246,-30.187416076660156
73600,11,"('hunt', 0, 2)",-9.158921241760254,-31.174448013305664
73600,12,"('hunt', 1, 0)",-9.91800308227539,-35.03666687011719
73600,13,"('hunt', 1, 1)",-5.99042272567749,-15.843667030334473
73600,14,"('hunt', 1, 2)",-6.108335971832275,-16.68840980529785
73600,15,"('hunt', 2, 0)",-9.774496078491211,-38.830963134765625
73600,16,"('hunt', 2, 1)",-7.161083698272705,-24.88878059387207
73600,17,"('hunt', 2, 2)",-4.155206680297852,-7.8668951988220215
73600,18,"('expedition', 0, 0)",,
73800,0,"('wait', 0, 0)",-12.59753704071045,-46.42261505126953
73800,1,"('wait', 0, 1)",-9.524528503417969,-32.765079498291016
73800,2,"('wait', 0, 2)",-9.122467041015625,-31.6640682220459
73800,3,"('wait', 1, 0)",-10.192182540893555,-36.85158920288086
73800,4,"('wait', 1, 1)",-6.162046432495117,-17.371444702148438
73800,5,"('wait', 1, 2)",-6.558040142059326,-19.10663604736328
73800,6,"('wait', 2, 0)",-10.162825584411621,-40.63714599609375
73800,7,"('wait', 2, 1)",-7.061689853668213,-26.042116165161133
73800,8,"('wait', 2, 2)",-5.292323589324951,-11.747522354125977
73800,9,"('hunt', 0, 0)",-13.309823036193848,-47.66986846923828
73800,10,"('hunt', 0, 1)",-9.00665283203125,-30.173606872558594
73800,11,"('hunt', 0, 2)",-9.162118911743164,-31.18336296081543
73800,12,"('hunt', 1, 0)",-9.91800308227539,-35.03666687011719
73800,13,"('hunt', 1, 1)",-5.991401672363281,-15.856858253479004
73800,14,"('hunt', 1, 2)",-6.109369277954102,-16.676183700561523
73800,15,"('hunt', 2, 0)",-9.774496078491211,-38.830963134765625
73800,16,"('hunt', 2, 1)",-7.163492679595947,-24.907880783081055
73800,17,"('hunt', 2, 2)",-4.160987854003906,-8.15005874633789
73800,18,"('expedition', 0, 0)",,
74000,0,"('wait', 0, 0)",-12.617012023925781,-46.46979904174805
74000,1,"('wait', 0, 1)",-9.524528503417969,-32.765079498291016
74000,2,"('wait', 0, 2)",-9.122467041015625,-31.6640682220459
74000,3,"('wait', 1, 0)",-10.207371711730957,-36.82926940917969
74000,4,"('wait', 1, 1)",-6.1632843017578125,-17.371646881103516
74000,5,"('wait', 1, 2)",-6.560810565948486,-19.104461669921875
74000,6,"('wait', 2, 0)",-10.167659759521484,-40.64379119873047
74000,7,"('wait', 2, 1)",-7.061689853668213,-26.042116165161133
74000,8,"('wait', 2, 2)",-5.292434215545654,-11.746081352233887
74000,9,"('hunt', 0, 0)",-13.334721565246582,-47.70970153808594
74000,10,"('hunt', 0, 1)",-9.009743690490723,-30.159753799438477
74000,11,"('hunt', 0, 2)",-9.162118911743164,-31.18336296081543
74000,12,"('hunt', 1, 0)",-9.935918807983398,-35.09321594238281
74000,13,"('hunt', 1, 1)",-5.993344783782959,-15.82972526550293
74000,14,"('hunt', 1, 2)",-6.109369277954102,-16.676183700561523
74000,15,"('hunt', 2, 0)",-9.779085159301758,-38.85314178466797
74000,16,"('hunt', 2, 1)",-7.1658935546875,-24.9268856048584
74000,17,"('hunt', 2, 2)",-4.124459266662598,-7.997961521148682
74000,18,"('expedition', 0, 0)",,
74200,0,"('wait', 0, 0)",-12.636423110961914,-46.51677703857422
74200,1,"('wait', 0, 1)",-9.524528503417969,-32.765079498291016
74200,2,"('wait', 0, 2)",-9.139842987060547,-31.723037719726562
74200,3,"('wait', 1, 0)",-10.225502967834473,-36.884056091308594
74200,4,"('wait', 1, 1)",-6.179812431335449,-17.4426212310791
74200,5,"('wait', 1, 2)",-6.576240539550781,-19.173295974731445
74200,6,"('wait', 2, 0)",-10.167659759521484,-40.64379119873047
74200,7,"('wait', 2, 1)",-7.078414440155029,-26.104904174804688
74200,8,"('wait', 2, 2)",-5.292434215545654,-11.746081352233887
74200,9,"('hunt', 0, 0)",-13.334721565246582,-47.70970153808594
74200,10,"('hunt', 0, 1)",-9.009743690490723,-30.159753799438477
74200,11,"('hunt', 0, 2)",-9.162118911743164,-31.18336296081543
74200,12,"('hunt', 1, 0)",-9.935918807983398,-35.09321594238281
74200,13,"('hunt', 1, 1)",-6.008401870727539,-15.902105331420898
74200,14,"('hunt', 1, 2)",-6.11039400100708,-16.664005279541016
74200,15,"('hunt', 2, 0)",-9.779085159301758,-38.85314178466797
74200,16,"('hunt', 2, 1)",-7.1895318031311035,-24.981487274169922
74200,17,"('hunt', 2, 2)",-4.12594747543335,-8.048115730285645
74200,18,"('expedition', 0, 0)",,
74400,0,"('wait', 0, 0)",-12.655811309814453,-46.56365203857422
74400,1,"('wait', 0, 1)",-9.527965545654297,-32.76280975341797
74400,2,"('wait', 0, 2)",-9.143126487731934,-31.721710205078125
74400,3,"('wait', 1, 0)",-10.225502967834473,-36.884056091308594
74400,4,"('wait', 1, 1)",-6.19631814956665,-17.513425827026367
74400,5,"('wait', 1, 2)",-6.5776262283325195,-19.171733856201172
74400,6,"('wait', 2, 0)",-10.172467231750488,-40.65032958984375
74400,7,"('wait', 2, 1)",-7.078414440155029,-26.104904174804688
74400,8,"('wait', 2, 2)",-5.292543888092041,-11.745124816894531
74400,9,"('hunt', 0, 0)",-13.35409927368164,-47.7554931640625
74400,10,"('hunt', 0, 1)",-9.009743690490723,-30.159753799438477
74400,11,"('hunt', 0, 2)",-9.165285110473633,-31.17119789123535
74400,12,"('hunt', 1, 0)",-9.935918807983398,-35.09321594238281
74400,13,"('hunt', 1, 1)",-6.0234150886535645,-15.974164962768555
74400,14,"('hunt', 1, 2)",-6.1114182472229,-16.675800323486328
74400,15,"('hunt', 2, 0)",-9.779085159301758,-38.85314178466797
74400,16,"('hunt', 2, 1)",-7.194324493408203,-25.01922035217285
74400,17,"('hunt', 2, 2)",-4.088974952697754,-7.7417378425598145
74400,18,"('expedition', 0, 0)",,
74600,0,"('wait', 0, 0)",-12.675106048583984,-46.61025619506836
74600,1,"('wait', 0, 1)",-9.527965545654297,-32.76280975341797
74600,2,"('wait', 0, 2)",-9.143126487731934,-31.721710205078125
74600,3,"('wait', 1, 0)",-10.225502967834473,-36.884056091308594
74600,4,"('wait', 1, 1)",-6.19631814956665,-17.513425827026367
74600,5,"('wait', 1, 2)",-6.5776262283325195,-19.171733856201172
74600,6,"('wait', 2, 0)",-10.172467231750488,-40.65032958984375
74600,7,"('wait', 2, 1)",-7.081069469451904,-26.107515335083008
74600,8,"('wait', 2, 2)",-5.29287052154541,-11.743008613586426
74600,9,"('hunt', 0, 0)",-13.35409927368164,-47.7554931640625
74600,10,"('hunt', 0, 1)",-9.009743690490723,-30.159753799438477
74600,11,"('hunt', 0, 2)",-9.165285110473633,-31.17119789123535
74600,12,"('hunt', 1, 0)",-9.935918807983398,-35.09321594238281
74600,13,"('hunt', 1, 1)",-6.024397850036621,-15.987385749816895
74600,14,"('hunt', 1, 2)",-6.1114182472229,-16.675800323486328
74600,15,"('hunt', 2, 0)",-9.783624649047852,-38.8447265625
74600,16,"('hunt', 2, 1)",-7.199102878570557,-25.02402114868164
74600,17,"('hunt', 2, 2)",-4.081428050994873,-7.9418864250183105
74600,18,"('expedition', 0, 0)",,
74800,0,"('wait', 0, 0)",-12.694390296936035,-46.65678405761719
74800,1,"('wait', 0, 1)",-9.531380653381348,-32.76026153564453
74800,2,"('wait', 0, 2)",-9.143126487731934,-31.721710205078125
74800,3,"('wait', 1, 0)",-10.229538917541504,-36.88656997680664
74800,4,"('wait', 1, 1)",-6.197556018829346,-17.514028549194336
74800,5,"('wait', 1, 2)",-6.5789995193481445,-19.169940948486328
74800,6,"('wait', 2, 0)",-10.182003021240234,-40.661869049072266
74800,7,"('wait', 2, 1)",-7.081069469451904,-26.107515335083008
74800,8,"('wait', 2, 2)",-5.2860002517700195,-11.686100006103516
74800,9,"('hunt', 0, 0)",-13.359423637390137,-47.74929428100586
74800,10,"('hunt', 0, 1)",-9.009743690490723,-30.159753799438477
74800,11,"('hunt', 0, 2)",-9.16843032836914,-31.179569244384766
74800,12,"('hunt', 1, 0)",-9.935918807983398,-35.09321594238281
74800,13,"('hunt', 1, 1)",-6.0263590812683105,-15.985909461975098
74800,14,"('hunt', 1, 2)",-6.1114182472229,-16.675800323486328
74800,15,"('hunt', 2, 0)",-9.783624649047852,-38.8447265625
74800,16,"('hunt', 2, 1)",-7.215403079986572,-25.087078094482422
74800,17,"('hunt', 2, 2)",-4.020369052886963,-7.84392786026001
74800,18,"('expedition', 0, 0)",,
75000,0,"('wait', 0, 0)",-12.694390296936035,-46.65678405761719
75000,1,"('wait', 0, 1)",-9.534786224365234,-32.75780487060547
75000,2,"('wait', 0, 2)",-9.143126487731934,-31.721710205078125
75000,3,"('wait', 1, 0)",-10.23355484008789,-36.89020919799805
75000,4,"('wait', 1, 1)",-6.200026988983154,-17.514680862426758
75000,5,"('wait', 1, 2)",-6.5803680419921875,-19.168365478515625
75000,6,"('wait', 2, 0)",-10.182003021240234,-40.661869049072266
75000,7,"('wait', 2, 1)",-7.081069469451904,-26.107515335083008
75000,8,"('wait', 2, 2)",-5.286098957061768,-11.685819625854492
75000,9,"('hunt', 0, 0)",-13.359423637390137,-47.74929428100586
75000,10,"('hunt', 0, 1)",-9.029751777648926,-30.205726623535156
75000,11,"('hunt', 0, 2)",-9.185466766357422,-31.238203048706055
75000,12,"('hunt', 1, 0)",-9.935918807983398,-35.09321594238281
75000,13,"('hunt', 1, 1)",-6.027332782745361,-15.971470832824707
75000,14,"('hunt', 1, 2)",-6.1114182472229,-16.675800323486328
75000,15,"('hunt', 2, 0)",-9.783624649047852,-38.8447265625
75000,16,"('hunt', 2, 1)",-7.215403079986572,-25.087078094482422
75000,17,"('hunt', 2, 2)",-4.01674222946167,-7.876070976257324
75000,18,"('expedition', 0, 0)",,
75200,0,"('wait', 0, 0)",-12.713563919067383,-46.702999114990234
75200,1,"('wait', 0, 1)",-9.534786224365234,-32.75780487060547
75200,2,"('wait', 0, 2)",-9.143126487731934,-31.721710205078125
75200,3,"('wait', 1, 0)",-10.23355484008789,-36.89020919799805
75200,4,"('wait', 1, 1)",-6.201256275177002,-17.515098571777344
75200,5,"('wait', 1, 2)",-6.5803680419921875,-19.168365478515625
75200,6,"('wait', 2, 0)",-10.182003021240234,-40.661869049072266
75200,7,"('wait', 2, 1)",-7.086337089538574,-26.113210678100586
75200,8,"('wait', 2, 2)",-5.286197185516357,-11.685638427734375
75200,9,"('hunt', 0, 0)",-13.359423637390137,-47.74929428100586
75200,10,"('hunt', 0, 1)",-9.032792091369629,-30.214445114135742
75200,11,"('hunt', 0, 2)",-9.188591957092285,-31.22597312927246
75200,12,"('hunt', 1, 0)",-9.935918807983398,-35.09321594238281
75200,13,"('hunt', 1, 1)",-6.0282979011535645,-15.957437515258789
75200,14,"('hunt', 1, 2)",-6.112427234649658,-16.663776397705078
75200,15,"('hunt', 2, 0)",-9.788132667541504,-38.83628845214844
75200,16,"('hunt', 2, 1)",-7.215403079986572,-25.087078094482422
75200,17,"('hunt', 2, 2)",-4.123342037200928,-8.64219856262207
75200,18,"('expedition', 0, 0)",,
75400,0,"('wait', 0, 0)",-12.713563919067383,-46.702999114990234
75400,1,"('wait', 0, 1)",-9.555350303649902,-32.8123893737793
75400,2,"('wait', 0, 2)",-9.143126487731934,-31.721710205078125
75400,3,"('wait', 1, 0)",-10.237552642822266,-36.89314651489258
75400,4,"('wait', 1, 1)",-6.201256275177002,-17.515098571777344
75400,5,"('wait', 1, 2)",-6.595531463623047,-19.23592758178711
75400,6,"('wait', 2, 0)",-10.182003021240234,-40.661869049072266
75400,7,"('wait', 2, 1)",-7.0915846824646,-26.1184139251709
75400,8,"('wait', 2, 2)",-5.286197185516357,-11.685638427734375
75400,9,"('hunt', 0, 0)",-13.359423637390137,-47.74929428100586
75400,10,"('hunt', 0, 1)",-9.032792091369629,-30.214445114135742
75400,11,"('hunt', 0, 2)",-9.208662986755371,-31.292673110961914
75400,12,"('hunt', 1, 0)",-9.939644813537598,-35.10548400878906
75400,13,"('hunt', 1, 1)",-6.0282979011535645,-15.957437515258789
75400,14,"('hunt', 1, 2)",-6.113430023193359,-16.651844024658203
75400,15,"('hunt', 2, 0)",-9.794655799865723,-38.77202606201172
75400,16,"('hunt', 2, 1)",-7.220146656036377,-25.12384605407715
75400,17,"('hunt', 2, 2)",-4.155545234680176,-8.849740982055664
75400,18,"('expedition', 0, 0)",,
75600,0,"('wait', 0, 0)",-12.718828201293945,-46.707950592041016
75600,1,"('wait', 0, 1)",-9.555350303649902,-32.8123893737793
75600,2,"('wait', 0, 2)",-9.143126487731934,-31.721710205078125
75600,3,"('wait', 1, 0)",-10.241535186767578,-36.89566421508789
75600,4,"('wait', 1, 1)",-6.201256275177002,-17.515098571777344
75600,5,"('wait', 1, 2)",-6.595531463623047,-19.23592758178711
75600,6,"('wait', 2, 0)",-10.182003021240234,-40.661869049072266
75600,7,"('wait', 2, 1)",-7.094202995300293,-26.121049880981445
75600,8,"('wait', 2, 2)",-5.286294937133789,-11.685611724853516
75600,9,"('hunt', 0, 0)",-13.378443717956543,-47.79420852661133
75600,10,"('hunt', 0, 1)",-9.035808563232422,-30.223100662231445
75600,11,"('hunt', 0, 2)",-9.208662986755371,-31.292673110961914
75600,12,"('hunt', 1, 0)",-9.960884094238281,-35.172576904296875
75600,13,"('hunt', 1, 1)",-6.0282979011535645,-15.957437515258789
75600,14,"('hunt', 1, 2)",-6.114426136016846,-16.639976501464844
75600,15,"('hunt', 2, 0)",-9.794655799865723,-38.77202606201172
75600,16,"('hunt', 2, 1)",-7.224884986877441,-25.1287841796875
75600,17,"('hunt', 2, 2)",-4.154396057128906,-8.877779960632324
75600,18,"('expedition', 0, 0)",,
75800,0,"('wait', 0, 0)",-12.75678825378418,-46.79930114746094
75800,1,"('wait', 0, 1)",-9.555350303649902,-32.8123893737793
75800,2,"('wait', 0, 2)",-9.146344184875488,-31.720714569091797
75800,3,"('wait', 1, 0)",-10.241535186767578,-36.89566421508789
75800,4,"('wait', 1, 1)",-6.201256275177002,-17.515098571777344
75800,5,"('wait', 1, 2)",-6.598254680633545,-19.235876083374023
75800,6,"('wait', 2, 0)",-10.182003021240234,-40.661869049072266
75800,7,"('wait', 2, 1)",-7.096811771392822,-26.12366485595703
75800,8,"('wait', 2, 2)",-5.2863922119140625,-11.685505867004395
75800,9,"('hunt', 0, 0)",-13.378443717956543,-47.79420852661133
75800,10,"('hunt', 0, 1)",-9.035808563232422,-30.223100662231445
75800,11,"('hunt', 0, 2)",-9.208662986755371,-31.292673110961914
75800,12,"('hunt', 1, 0)",-9.968302726745605,-35.17229461669922
75800,13,"('hunt', 1, 1)",-6.022390842437744,-15.899332046508789
75800,14,"('hunt', 1, 2)",-6.108549118041992,-16.580764770507812
75800,15,"('hunt', 2, 0)",-9.799093246459961,-38.76338577270508
75800,16,"('hunt', 2, 1)",-7.224884986877441,-25.1287841796875
75800,17,"('hunt', 2, 2)",-4.217848777770996,-8.980249404907227
75800,18,"('expedition', 0, 0)",,
76000,0,"('wait', 0, 0)",-12.75678825378418,-46.79930114746094
76000,1,"('wait', 0, 1)",-9.555350303649902,-32.8123893737793
76000,2,"('wait', 0, 2)",-9.146344184875488,-31.720714569091797
76000,3,"('wait', 1, 0)",-10.241535186767578,-36.89566421508789
76000,4,"('wait', 1, 1)",-6.216184616088867,-17.58409881591797
76000,5,"('wait', 1, 2)",-6.600968360900879,-19.23577880859375
76000,6,"('wait', 2, 0)",-10.182003021240234,-40.661869049072266
76000,7,"('wait', 2, 1)",-7.102011680603027,-26.12808609008789
76000,8,"('wait', 2, 2)",-5.286489009857178,-11.68482780456543
76000,9,"('hunt', 0, 0)",-13.40259838104248,-47.84989929199219
76000,10,"('hunt', 0, 1)",-9.038804054260254,-30.20853614807129
76000,11,"('hunt', 0, 2)",-9.208662986755371,-31.292673110961914
76000,12,"('hunt', 1, 0)",-9.968302726745605,-35.17229461669922
76000,13,"('hunt', 1, 1)",-6.023332118988037,-15.885393142700195
76000,14,"('hunt', 1, 2)",-6.109530448913574,-16.592269897460938
76000,15,"('hunt', 2, 0)",-9.807966232299805,-38.806968688964844
76000,16,"('hunt', 2, 1)",-7.224884986877441,-25.1287841796875
76000,17,"('hunt', 2, 2)",-4.292574405670166,-9.328851699829102
76000,18,"('expedition', 0, 0)",,
76200,0,"('wait', 0, 0)",-12.75678825378418,-46.79930114746094
76200,1,"('wait', 0, 1)",-9.555350303649902,-32.8123893737793
76200,2,"('wait', 0, 2)",-9.15274429321289,-31.719472885131836
76200,3,"('wait', 1, 0)",-10.241535186767578,-36.89566421508789
76200,4,"('wait', 1, 1)",-6.216184616088867,-17.58409881591797
76200,5,"('wait', 1, 2)",-6.600968360900879,-19.23577880859375
76200,6,"('wait', 2, 0)",-10.18668270111084,-40.66707992553711
76200,7,"('wait', 2, 1)",-7.104604244232178,-26.130292892456055
76200,8,"('wait', 2, 2)",-5.286585330963135,-11.684395790100098
76200,9,"('hunt', 0, 0)",-13.40259838104248,-47.84989929199219
76200,10,"('hunt', 0, 1)",-9.038804054260254,-30.20853614807129
76200,11,"('hunt', 0, 2)",-9.208662986755371,-31.292673110961914
76200,12,"('hunt', 1, 0)",-9.971990585327148,-35.16004180908203
76200,13,"('hunt', 1, 1)",-6.023332118988037,-15.885393142700195
76200,14,"('hunt', 1, 2)",-6.104655742645264,-16.521320343017578
76200,15,"('hunt', 2, 0)",-9.812385559082031,-38.79743194580078
76200,16,"('hunt', 2, 1)",-7.224884986877441,-25.1287841796875
76200,17,"('hunt', 2, 2)",-4.28533935546875,-9.128244400024414
76200,18,"('expedition', 0, 0)",,
76400,0,"('wait', 0, 0)",-12.77560806274414,-46.84452438354492
76400,1,"('wait', 0, 1)",-9.558687210083008,-32.80854415893555
76400,2,"('wait', 0, 2)",-9.155928611755371,-31.718730926513672
76400,3,"('wait', 1, 0)",-10.241535186767578,-36.89566421508789
76400,4,"('wait', 1, 1)",-6.217403411865234,-17.583919525146484
76400,5,"('wait', 1, 2)",-6.6023149490356445,-19.235918045043945
76400,6,"('wait', 2, 0)",-10.18668270111084,-40.66707992553711
76400,7,"('wait', 2, 1)",-7.104604244232178,-26.130292892456055
76400,8,"('wait', 2, 2)",-5.286585330963135,-11.684395790100098
76400,9,"('hunt', 0, 0)",-13.40259838104248,-47.84989929199219
76400,10,"('hunt', 0, 1)",-9.04178237915039,-30.216520309448242
76400,11,"('hunt', 0, 2)",-9.208662986755371,-31.292673110961914
76400,12,"('hunt', 1, 0)",-9.971990585327148,-35.16004180908203
76400,13,"('hunt', 1, 1)",-6.023332118988037,-15.885393142700195
76400,14,"('hunt', 1, 2)",-6.104655742645264,-16.521320343017578
76400,15,"('hunt', 2, 0)",-9.81678581237793,-38.78793716430664
76400,16,"('hunt', 2, 1)",-7.224884986877441,-25.1287841796875
76400,17,"('hunt', 2, 2)",-4.32927942276001,-9.383708953857422
76400,18,"('expedition', 0, 0)",,
76600,0,"('wait', 0, 0)",-12.786003112792969,-46.8524284362793
76600,1,"('wait', 0, 1)",-9.558687210083008,-32.80854415893555
76600,2,"('wait', 0, 2)",-9.182168960571289,-31.772769927978516
76600,3,"('wait', 1, 0)",-10.24545955657959,-36.8985595703125
76600,4,"('wait', 1, 1)",-6.217403411865234,-17.583919525146484
76600,5,"('wait', 1, 2)",-6.617213249206543,-19.302213668823242
76600,6,"('wait', 2, 0)",-10.193831443786621,-40.60124588012695
76600,7,"('wait', 2, 1)",-7.123317718505859,-26.193431854248047
76600,8,"('wait', 2, 2)",-5.286681175231934,-11.684042930603027
76600,9,"('hunt', 0, 0)",-13.421346664428711,-47.894073486328125
76600,10,"('hunt', 0, 1)",-9.044755935668945,-30.22430992126465
76600,11,"('hunt', 0, 2)",-9.214795112609863,-31.288719177246094
76600,12,"('hunt', 1, 0)",-9.989202499389648,-35.2142448425293
76600,13,"('hunt', 1, 1)",-6.023332118988037,-15.885393142700195
76600,14,"('hunt', 1, 2)",-6.104655742645264,-16.521320343017578
76600,15,"('hunt', 2, 0)",-9.81678581237793,-38.78793716430664
76600,16,"('hunt', 2, 1)",-7.2272210121154785,-25.146059036254883
76600,17,"('hunt', 2, 2)",-4.34412145614624,-9.41259479522705
76600,18,"('expedition', 0, 0)",,
76800,0,"('wait', 0, 0)",-12.786003112792969,-46.8524284362793
76800,1,"('wait', 0, 1)",-9.558687210083008,-32.80854415893555
76800,2,"('wait', 0, 2)",-9.182168960571289,-31.772769927978516
76800,3,"('wait', 1, 0)",-10.253288269042969,-36.904075622558594
76800,4,"('wait', 1, 1)",-6.218613624572754,-17.5836181640625
76800,5,"('wait', 1, 2)",-6.618560314178467,-19.30178451538086
76800,6,"('wait', 2, 0)",-10.193831443786621,-40.60124588012695
76800,7,"('wait', 2, 1)",-7.125889778137207,-26.195838928222656
76800,8,"('wait', 2, 2)",-5.286776542663574,-11.68399715423584
76800,9,"('hunt', 0, 0)",-13.445237159729004,-47.93149948120117
76800,10,"('hunt', 0, 1)",-9.047724723815918,-30.232025146484375
76800,11,"('hunt', 0, 2)",-9.2313871383667,-31.34571075439453
76800,12,"('hunt', 1, 0)",-9.989202499389648,-35.2142448425293
76800,13,"('hunt', 1, 1)",-6.024266719818115,-15.898174285888672
76800,14,"('hunt', 1, 2)",-6.105610370635986,-16.50994873046875
76800,15,"('hunt', 2, 0)",-9.81678581237793,-38.78793716430664
76800,16,"('hunt', 2, 1)",-7.225090980529785,-25.097640991210938
76800,17,"('hunt', 2, 2)",-4.398849964141846,-9.625503540039062
76800,18,"('expedition', 0, 0)",,
77000,0,"('wait', 0, 0)",-12.804662704467773,-46.897220611572266
77000,1,"('wait', 0, 1)",-9.558687210083008,-32.80854415893555
77000,2,"('wait', 0, 2)",-9.18532943725586,-31.77177619934082
77000,3,"('wait', 1, 0)",-10.257192611694336,-36.906673431396484
77000,4,"('wait', 1, 1)",-6.234528541564941,-17.651172637939453
77000,5,"('wait', 1, 2)",-6.619903087615967,-19.301300048828125
77000,6,"('wait', 2, 0)",-10.194079399108887,-40.452701568603516
77000,7,"('wait', 2, 1)",-7.128454208374023,-26.198444366455078
77000,8,"('wait', 2, 2)",-5.286776542663574,-11.68399715423584
77000,9,"('hunt', 0, 0)",-13.445237159729004,-47.93149948120117
77000,10,"('hunt', 0, 1)",-9.050679206848145,-30.217723846435547
77000,11,"('hunt', 0, 2)",-9.2313871383667,-31.34571075439453
77000,12,"('hunt', 1, 0)",-9.989202499389648,-35.2142448425293
77000,13,"('hunt', 1, 1)",-6.026131629943848,-15.897598266601562
77000,14,"('hunt', 1, 2)",-6.106559753417969,-16.498371124267578
77000,15,"('hunt', 2, 0)",-9.81678581237793,-38.78793716430664
77000,16,"('hunt', 2, 1)",-7.225090980529785,-25.097640991210938
77000,17,"('hunt', 2, 2)",-4.45411491394043,-9.955623626708984
77000,18,"('expedition', 0, 0)",,
77200,0,"('wait', 0, 0)",-12.823263168334961,-46.94182586669922
77200,1,"('wait', 0, 1)",-9.561982154846191,-32.805301666259766
77200,2,"('wait', 0, 2)",-9.208226203918457,-31.826370239257812
77200,3,"('wait', 1, 0)",-10.261080741882324,-36.9093017578125
77200,4,"('wait', 1, 1)",-6.234528541564941,-17.651172637939453
77200,5,"('wait', 1, 2)",-6.621241569519043,-19.301198959350586
77200,6,"('wait', 2, 0)",-10.21208667755127,-40.50164794921875
77200,7,"('wait', 2, 1)",-7.131011962890625,-26.200672149658203
77200,8,"('wait', 2, 2)",-5.2870612144470215,-11.684751510620117
77200,9,"('hunt', 0, 0)",-13.445237159729004,-47.93149948120117
77200,10,"('hunt', 0, 1)",-9.050679206848145,-30.217723846435547
77200,11,"('hunt', 0, 2)",-9.26438045501709,-31.45883560180664
77200,12,"('hunt', 1, 0)",-10.00993824005127,-35.279476165771484
77200,13,"('hunt', 1, 1)",-6.020325183868408,-15.840641021728516
77200,14,"('hunt', 1, 2)",-6.106559753417969,-16.498371124267578
77200,15,"('hunt', 2, 0)",-9.834572792053223,-38.8382453918457
77200,16,"('hunt', 2, 1)",-7.232006549835205,-25.11915397644043
77200,17,"('hunt', 2, 2)",-4.431672096252441,-9.375038146972656
77200,18,"('expedition', 0, 0)",,
77400,0,"('wait', 0, 0)",-12.841826438903809,-46.986297607421875
77400,1,"('wait', 0, 1)",-9.561982154846191,-32.805301666259766
77400,2,"('wait', 0, 2)",-9.214516639709473,-31.82427215576172
77400,3,"('wait', 1, 0)",-10.264959335327148,-36.91203308105469
77400,4,"('wait', 1, 1)",-6.234528541564941,-17.651172637939453
77400,5,"('wait', 1, 2)",-6.621241569519043,-19.301198959350586
77400,6,"('wait', 2, 0)",-10.221184730529785,-40.51408767700195
77400,7,"('wait', 2, 1)",-7.131011962890625,-26.200672149658203
77400,8,"('wait', 2, 2)",-5.2870612144470215,-11.684751510620117
77400,9,"('hunt', 0, 0)",-13.463796615600586,-47.975154876708984
77400,10,"('hunt', 0, 1)",-9.050679206848145,-30.217723846435547
77400,11,"('hunt', 0, 2)",-9.280850410461426,-31.51520347595215
77400,12,"('hunt', 1, 0)",-10.013568878173828,-35.26683807373047
77400,13,"('hunt', 1, 1)",-6.014522075653076,-15.783857345581055
77400,14,"('hunt', 1, 2)",-6.107506275177002,-16.50973129272461
77400,15,"('hunt', 2, 0)",-9.851956367492676,-38.86358642578125
77400,16,"('hunt', 2, 1)",-7.250026226043701,-25.196441650390625
77400,17,"('hunt', 2, 2)",-4.429985523223877,-9.11689281463623
77400,18,"('expedition', 0, 0)",,
77600,0,"('wait', 0, 0)",-12.841826438903809,-46.986297607421875
77600,1,"('wait', 0, 1)",-9.57861614227295,-32.86070251464844
77600,2,"('wait', 0, 2)",-9.214516639709473,-31.82427215576172
77600,3,"('wait', 1, 0)",-10.264959335327148,-36.91203308105469
77600,4,"('wait', 1, 1)",-6.234528541564941,-17.651172637939453
77600,5,"('wait', 1, 2)",-6.635948657989502,-19.366559982299805
77600,6,"('wait', 2, 0)",-10.225728034973145,-40.52056884765625
77600,7,"('wait', 2, 1)",-7.1335554122924805,-26.202594757080078
77600,8,"('wait', 2, 2)",-5.287249565124512,-11.683542251586914
77600,9,"('hunt', 0, 0)",-13.463796615600586,-47.975154876708984
77600,10,"('hunt', 0, 1)",-9.053604125976562,-30.2034912109375
77600,11,"('hunt', 0, 2)",-9.280850410461426,-31.51520347595215
77600,12,"('hunt', 1, 0)",-10.013568878173828,-35.26683807373047
77600,13,"('hunt', 1, 1)",-6.015420913696289,-15.77042007446289
77600,14,"('hunt', 1, 2)",-6.107506275177002,-16.50973129272461
77600,15,"('hunt', 2, 0)",-9.869681358337402,-38.91364669799805
77600,16,"('hunt', 2, 1)",-7.250026226043701,-25.196441650390625
77600,17,"('hunt', 2, 2)",-4.434449672698975,-8.9805326461792
77600,18,"('expedition', 0, 0)",,
77800,0,"('wait', 0, 0)",-12.841826438903809,-46.986297607421875
77800,1,"('wait', 0, 1)",-9.575213432312012,-32.79109191894531
77800,2,"('wait', 0, 2)",-9.250144958496094,-31.8618221282959
77800,3,"('wait', 1, 0)",-10.264959335327148,-36.91203308105469
77800,4,"('wait', 1, 1)",-6.234528541564941,-17.651172637939453
77800,5,"('wait', 1, 2)",-6.637284755706787,-19.366472244262695
77800,6,"('wait', 2, 0)",-10.225728034973145,-40.52056884765625
77800,7,"('wait', 2, 1)",-7.136094570159912,-26.204500198364258
77800,8,"('wait', 2, 2)",-5.287249565124512,-11.683542251586914
77800,9,"('hunt', 0, 0)",-13.468899726867676,-47.985626220703125
77800,10,"('hunt', 0, 1)",-9.053604125976562,-30.2034912109375
77800,11,"('hunt', 0, 2)",-9.280850410461426,-31.51520347595215
77800,12,"('hunt', 1, 0)",-10.013568878173828,-35.26683807373047
77800,13,"('hunt', 1, 1)",-6.015420913696289,-15.77042007446289
77800,14,"('hunt', 1, 2)",-6.1103291511535645,-16.520999908447266
77800,15,"('hunt', 2, 0)",-9.874006271362305,-38.934730529785156
77800,16,"('hunt', 2, 1)",-7.265685081481934,-25.256807327270508
77800,17,"('hunt', 2, 2)",-4.3984808921813965,-8.638898849487305
77800,18,"('expedition', 0, 0)",,
78000,0,"('wait', 0, 0)",-12.841826438903809,-46.986297607421875
78000,1,"('wait', 0, 1)",-9.578462600708008,-32.78872299194336
78000,2,"('wait', 0, 2)",-9.272791862487793,-31.91216468811035
78000,3,"('wait', 1, 0)",-10.264959335327148,-36.91203308105469
78000,4,"('wait', 1, 1)",-6.236922264099121,-17.64996337890625
78000,5,"('wait', 1, 2)",-6.638615608215332,-19.366621017456055
78000,6,"('wait', 2, 0)",-10.243535041809082,-40.568904876708984
78000,7,"('wait', 2, 1)",-7.136094570159912,-26.204500198364258
78000,8,"('wait', 2, 2)",-5.287436485290527,-11.682201385498047
78000,9,"('hunt', 0, 0)",-13.468899726867676,-47.985626220703125
78000,10,"('hunt', 0, 1)",-9.053604125976562,-30.2034912109375
78000,11,"('hunt', 0, 2)",-9.283878326416016,-31.502716064453125
78000,12,"('hunt', 1, 0)",-10.051010131835938,-35.38424301147461
78000,13,"('hunt', 1, 1)",-6.018110752105713,-15.78428840637207
78000,14,"('hunt', 1, 2)",-6.125508785247803,-16.57662582397461
78000,15,"('hunt', 2, 0)",-9.891618728637695,-38.984397888183594
78000,16,"('hunt', 2, 1)",-7.265685081481934,-25.256807327270508
78000,17,"('hunt', 2, 2)",-4.420029640197754,-8.893326759338379
78000,18,"('expedition', 0, 0)",,
78200,0,"('wait', 0, 0)",-12.865270614624023,-47.034542083740234
78200,1,"('wait', 0, 1)",-9.578462600708008,-32.78872299194336
78200,2,"('wait', 0, 2)",-9.282093048095703,-31.9034481048584
78200,3,"('wait', 1, 0)",-10.264959335327148,-36.91203308105469
78200,4,"('wait', 1, 1)",-6.236922264099121,-17.64996337890625
78200,5,"('wait', 1, 2)",-6.638615608215332,-19.366621017456055
78200,6,"('wait', 2, 0)",-10.243535041809082,-40.568904876708984
78200,7,"('wait', 2, 1)",-7.136094570159912,-26.204500198364258
78200,8,"('wait', 2, 2)",-5.287436485290527,-11.682201385498047
78200,9,"('hunt', 0, 0)",-13.505537986755371,-48.07166290283203
78200,10,"('hunt', 0, 1)",-9.069758415222168,-30.260610580444336
78200,11,"('hunt', 0, 2)",-9.335797309875488,-31.677846908569336
78200,12,"('hunt', 1, 0)",-10.067874908447266,-35.437110900878906
78200,13,"('hunt', 1, 1)",-6.018110752105713,-15.78428840637207
78200,14,"('hunt', 1, 2)",-6.126453399658203,-16.588647842407227
78200,15,"('hunt', 2, 0)",-9.893576622009277,-38.9305305480957
78200,16,"('hunt', 2, 1)",-7.267975807189941,-25.243539810180664
78200,17,"('hunt', 2, 2)",-4.45677375793457,-8.955643653869629
78200,18,"('expedition', 0, 0)",,
78400,0,"('wait', 0, 0)",-12.875425338745117,-47.043025970458984
78400,1,"('wait', 0, 1)",-9.578462600708008,-32.78872299194336
78400,2,"('wait', 0, 2)",-9.282093048095703,-31.9034481048584
78400,3,"('wait', 1, 0)",-10.268775939941406,-36.91387939453125
78400,4,"('wait', 1, 1)",-6.23811149597168,-17.6492919921875
78400,5,"('wait', 1, 2)",-6.639938831329346,-19.36616325378418
78400,6,"('wait', 2, 0)",-10.243535041809082,-40.568904876708984
78400,7,"('wait', 2, 1)",-7.141129493713379,-26.209613800048828
78400,8,"('wait', 2, 2)",-5.287528991699219,-11.681385040283203
78400,9,"('hunt', 0, 0)",-13.505537986755371,-48.07166290283203
78400,10,"('hunt', 0, 1)",-9.078444480895996,-30.26300811767578
78400,11,"('hunt', 0, 2)",-9.338823318481445,-31.685840606689453
78400,12,"('hunt', 1, 0)",-10.067874908447266,-35.437110900878906
78400,13,"('hunt', 1, 1)",-6.014150619506836,-15.728551864624023
78400,14,"('hunt', 1, 2)",-6.126453399658203,-16.588647842407227
78400,15,"('hunt', 2, 0)",-9.897860527038574,-38.95143508911133
78400,16,"('hunt', 2, 1)",-7.2834858894348145,-25.303281784057617
78400,17,"('hunt', 2, 2)",-4.464704513549805,-8.994789123535156
78400,18,"('expedition', 0, 0)",,
78600,0,"('wait', 0, 0)",-12.875425338745117,-47.043025970458984
78600,1,"('wait', 0, 1)",-9.584907531738281,-32.785701751708984
78600,2,"('wait', 0, 2)",-9.285174369812012,-31.90069580078125
78600,3,"('wait', 1, 0)",-10.272581100463867,-36.91554260253906
78600,4,"('wait', 1, 1)",-6.240482807159424,-17.64863395690918
78600,5,"('wait', 1, 2)",-6.641257286071777,-19.365564346313477
78600,6,"('wait', 2, 0)",-10.25698471069336,-40.58922576904297
78600,7,"('wait', 2, 1)",-7.143636226654053,-26.212478637695312
78600,8,"('wait', 2, 2)",-5.287713050842285,-11.679953575134277
78600,9,"('hunt', 0, 0)",-13.505537986755371,-48.07166290283203
78600,10,"('hunt', 0, 1)",-9.103178977966309,-30.277814865112305
78600,11,"('hunt', 0, 2)",-9.338823318481445,-31.685840606689453
78600,12,"('hunt', 1, 0)",-10.07860279083252,-35.42123794555664
78600,13,"('hunt', 1, 1)",-6.014150619506836,-15.728551864624023
78600,14,"('hunt', 1, 2)",-6.129270553588867,-16.57623291015625
78600,15,"('hunt', 2, 0)",-9.897860527038574,-38.95143508911133
78600,16,"('hunt', 2, 1)",-7.281436443328857,-25.25618553161621
78600,17,"('hunt', 2, 2)",-4.463416576385498,-9.214896202087402
78600,18,"('expedition', 0, 0)",,
78800,0,"('wait', 0, 0)",-12.875425338745117,-47.043025970458984
78800,1,"('wait', 0, 1)",-9.607666969299316,-32.837196350097656
78800,2,"('wait', 0, 2)",-9.301424980163574,-31.955677032470703
78800,3,"('wait', 1, 0)",-10.272581100463867,-36.91554260253906
78800,4,"('wait', 1, 1)",-6.24945068359375,-17.657705307006836
78800,5,"('wait', 1, 2)",-6.641257286071777,-19.365564346313477
78800,6,"('wait', 2, 0)",-10.261445045471191,-40.59550094604492
78800,7,"('wait', 2, 1)",-7.143636226654053,-26.212478637695312
78800,8,"('wait', 2, 2)",-5.287713050842285,-11.679953575134277
78800,9,"('hunt', 0, 0)",-13.523736953735352,-48.11433792114258
78800,10,"('hunt', 0, 1)",-9.099462509155273,-30.211130142211914
78800,11,"('hunt', 0, 2)",-9.341833114624023,-31.67302131652832
78800,12,"('hunt', 1, 0)",-10.098912239074707,-35.484046936035156
78800,13,"('hunt', 1, 1)",-6.015025615692139,-15.715835571289062
78800,14,"('hunt', 1, 2)",-6.129270553588867,-16.57623291015625
78800,15,"('hunt', 2, 0)",-9.897860527038574,-38.95143508911133
78800,16,"('hunt', 2, 1)",-7.283703804016113,-25.242916107177734
78800,17,"('hunt', 2, 2)",-4.4915289878845215,-9.19178581237793
78800,18,"('expedition', 0, 0)",,
79000,0,"('wait', 0, 0)",-12.875425338745117,-47.043025970458984
79000,1,"('wait', 0, 1)",-9.62401008605957,-32.891632080078125
79000,2,"('wait', 0, 2)",-9.297926902770996,-31.88751983642578
79000,3,"('wait', 1, 0)",-10.310161590576172,-37.01971435546875
79000,4,"('wait', 1, 1)",-6.24945068359375,-17.657705307006836
79000,5,"('wait', 1, 2)",-6.642570972442627,-19.36507225036621
79000,6,"('wait', 2, 0)",-10.261445045471191,-40.59550094604492
79000,7,"('wait', 2, 1)",-7.159268379211426,-26.271005630493164
79000,8,"('wait', 2, 2)",-5.287713050842285,-11.679953575134277
79000,9,"('hunt', 0, 0)",-13.546895027160645,-48.16716766357422
79000,10,"('hunt', 0, 1)",-9.102315902709961,-30.219039916992188
79000,11,"('hunt', 0, 2)",-9.344830513000488,-31.68094253540039
79000,12,"('hunt', 1, 0)",-10.122735977172852,-35.533958435058594
79000,13,"('hunt', 1, 1)",-6.0102009773254395,-15.648356437683105
79000,14,"('hunt', 1, 2)",-6.129270553588867,-16.57623291015625
79000,15,"('hunt', 2, 0)",-9.897860527038574,-38.95143508911133
79000,16,"('hunt', 2, 1)",-7.283703804016113,-25.242916107177734
79000,17,"('hunt', 2, 2)",-4.472411632537842,-8.87286376953125
79000,18,"('expedition', 0, 0)",,
79200,0,"('wait', 0, 0)",-12.873889923095703,-46.96372985839844
79200,1,"('wait', 0, 1)",-9.62401008605957,-32.891632080078125
79200,2,"('wait', 0, 2)",-9.304023742675781,-31.88219451904297
79200,3,"('wait', 1, 0)",-10.307394027709961,-36.947906494140625
79200,4,"('wait', 1, 1)",-6.24945068359375,-17.657705307006836
79200,5,"('wait', 1, 2)",-6.642570972442627,-19.36507225036621
79200,6,"('wait', 2, 0)",-10.283400535583496,-40.649452209472656
79200,7,"('wait', 2, 1)",-7.164254188537598,-26.277687072753906
79200,8,"('wait', 2, 2)",-5.287713050842285,-11.679953575134277
79200,9,"('hunt', 0, 0)",-13.561949729919434,-48.18080520629883
79200,10,"('hunt', 0, 1)",-9.102315902709961,-30.219039916992188
79200,11,"('hunt', 0, 2)",-9.344830513000488,-31.68094253540039
79200,12,"('hunt', 1, 0)",-10.139357566833496,-35.58592224121094
79200,13,"('hunt', 1, 1)",-6.0110602378845215,-15.660216331481934
79200,14,"('hunt', 1, 2)",-6.130198001861572,-16.56439781188965
79200,15,"('hunt', 2, 0)",-9.902098655700684,-38.94451141357422
79200,16,"('hunt', 2, 1)",-7.283703804016113,-25.242916107177734
79200,17,"('hunt', 2, 2)",-4.432455539703369,-8.836130142211914
79200,18,"('expedition', 0, 0)",,
79400,0,"('wait', 0, 0)",-12.873889923095703,-46.96372985839844
79400,1,"('wait', 0, 1)",-9.630389213562012,-32.887882232666016
79400,2,"('wait', 0, 2)",-9.304023742675781,-31.88219451904297
79400,3,"('wait', 1, 0)",-10.327964782714844,-37.00069046020508
79400,4,"('wait', 1, 1)",-6.250621318817139,-17.65760040283203
79400,5,"('wait', 1, 2)",-6.643877029418945,-19.364580154418945
79400,6,"('wait', 2, 0)",-10.28782844543457,-40.655731201171875
79400,7,"('wait', 2, 1)",-7.16922664642334,-26.28467559814453
79400,8,"('wait', 2, 2)",-5.287713050842285,-11.679953575134277
79400,9,"('hunt', 0, 0)",-13.561949729919434,-48.18080520629883
79400,10,"('hunt', 0, 1)",-9.118218421936035,-30.27530288696289
79400,11,"('hunt', 0, 2)",-9.341285705566406,-31.61341094970703
79400,12,"('hunt', 1, 0)",-10.139357566833496,-35.58592224121094
79400,13,"('hunt', 1, 1)",-6.0110602378845215,-15.660216331481934
79400,14,"('hunt', 1, 2)",-6.131124019622803,-16.575721740722656
79400,15,"('hunt', 2, 0)",-9.906326293945312,-38.96501922607422
79400,16,"('hunt', 2, 1)",-7.285943984985352,-25.229902267456055
79400,17,"('hunt', 2, 2)",-4.481594085693359,-9.128149032592773
79400,18,"('expedition', 0, 0)",,
79600,0,"('wait', 0, 0)",-12.891870498657227,-47.00681686401367
79600,1,"('wait', 0, 1)",-9.636749267578125,-32.88402557373047
79600,2,"('wait', 0, 2)",-9.32308292388916,-31.934017181396484
79600,3,"('wait', 1, 0)",-10.327964782714844,-37.00069046020508
79600,4,"('wait', 1, 1)",-6.251788139343262,-17.657442092895508
79600,5,"('wait', 1, 2)",-6.643877029418945,-19.364580154418945
79600,6,"('wait', 2, 0)",-10.292247772216797,-40.662105560302734
79600,7,"('wait', 2, 1)",-7.170143127441406,-26.227783203125
79600,8,"('wait', 2, 2)",-5.28139066696167,-11.62654972076416
79600,9,"('hunt', 0, 0)",-13.566939353942871,-48.17414855957031
79600,10,"('hunt', 0, 1)",-9.118218421936035,-30.27530288696289
79600,11,"('hunt', 0, 2)",-9.344250679016113,-31.60115623474121
79600,12,"('hunt', 1, 0)",-10.139357566833496,-35.58592224121094
79600,13,"('hunt', 1, 1)",-6.011917591094971,-15.672569274902344
79600,14,"('hunt', 1, 2)",-6.145073890686035,-16.641590118408203
79600,15,"('hunt', 2, 0)",-9.906326293945312,-38.96501922607422
79600,16,"('hunt', 2, 1)",-7.288178443908691,-25.21674346923828
79600,17,"('hunt', 2, 2)",-4.485313415527344,-8.855868339538574
79600,18,"('expedition', 0, 0)",,
79800,0,"('wait', 0, 0)",-12.891870498657227,-47.00681686401367
79800,1,"('wait', 0, 1)",-9.636749267578125,-32.88402557373047
79800,2,"('wait', 0, 2)",-9.32308292388916,-31.934017181396484
79800,3,"('wait', 1, 0)",-10.33171272277832,-37.00260543823242
79800,4,"('wait', 1, 1)",-6.252952575683594,-17.657302856445312
79800,5,"('wait', 1, 2)",-6.643877029418945,-19.364580154418945
79800,6,"('wait', 2, 0)",-10.292247772216797,-40.662105560302734
79800,7,"('wait', 2, 1)",-7.1750640869140625,-26.234174728393555
79800,8,"('wait', 2, 2)",-5.28139066696167,-11.62654972076416
79800,9,"('hunt', 0, 0)",-13.571913719177246,-48.167686462402344
79800,10,"('hunt', 0, 1)",-9.139707565307617,-30.32622528076172
79800,11,"('hunt', 0, 2)",-9.344250679016113,-31.60115623474121
79800,12,"('hunt', 1, 0)",-10.142890930175781,-35.596805572509766
79800,13,"('hunt', 1, 1)",-6.007130146026611,-15.605558395385742
79800,14,"('hunt', 1, 2)",-6.145073890686035,-16.641590118408203
79800,15,"('hunt', 2, 0)",-9.906326293945312,-38.96501922607422
79800,16,"('hunt', 2, 1)",-7.288178443908691,-25.21674346923828
79800,17,"('hunt', 2, 2)",-4.4907941818237305,-8.649069786071777
79800,18,"('expedition', 0, 0)",,
80000,0,"('wait', 0, 0)",-12.891870498657227,-47.00681686401367
80000,1,"('wait', 0, 1)",-9.659170150756836,-32.93393325805664
80000,2,"('wait', 0, 2)",-9.32308292388916,-31.934017181396484
80000,3,"('wait', 1, 0)",-10.33544921875,-37.00459671020508
80000,4,"('wait', 1, 1)",-6.256430149078369,-17.658079147338867
80000,5,"('wait', 1, 2)",-6.645171642303467,-19.364110946655273
80000,6,"('wait', 2, 0)",-10.296639442443848,-40.668060302734375
80000,7,"('wait', 2, 1)",-7.177515983581543,-26.23701286315918
80000,8,"('wait', 2, 2)",-5.281554222106934,-11.625554084777832
80000,9,"('hunt', 0, 0)",-13.571913719177246,-48.167686462402344
80000,10,"('hunt', 0, 1)",-9.14253044128418,-30.333709716796875
80000,11,"('hunt', 0, 2)",-9.344250679016113,-31.60115623474121
80000,12,"('hunt', 1, 0)",-10.146410942077637,-35.58403396606445
80000,13,"('hunt', 1, 1)",-6.007130146026611,-15.605558395385742
80000,14,"('hunt', 1, 2)",-6.145998477935791,-16.629592895507812
80000,15,"('hunt', 2, 0)",-9.906326293945312,-38.96501922607422
80000,16,"('hunt', 2, 1)",-7.290393829345703,-25.202680587768555
80000,17,"('hunt', 2, 2)",-4.550959587097168,-9.056941986083984
80000,18,"('expedition', 0, 0)",,
80200,0,"('wait', 0, 0)",-12.914658546447754,-47.053443908691406
80200,1,"('wait', 0, 1)",-9.662324905395508,-32.93209457397461
80200,2,"('wait', 0, 2)",-9.32308292388916,-31.934017181396484
80200,3,"('wait', 1, 0)",-10.339174270629883,-37.006195068359375
80200,4,"('wait', 1, 1)",-6.256430149078369,-17.658079147338867
80200,5,"('wait', 1, 2)",-6.646460056304932,-19.363475799560547
80200,6,"('wait', 2, 0)",-10.296639442443848,-40.668060302734375
80200,7,"('wait', 2, 1)",-7.182413101196289,-26.24260139465332
80200,8,"('wait', 2, 2)",-5.2752556800842285,-11.57250690460205
80200,9,"('hunt', 0, 0)",-13.571913719177246,-48.167686462402344
80200,10,"('hunt', 0, 1)",-9.158271789550781,-30.3892765045166
80200,11,"('hunt', 0, 2)",-9.344250679016113,-31.60115623474121
80200,12,"('hunt', 1, 0)",-10.146410942077637,-35.58403396606445
80200,13,"('hunt', 1, 1)",-6.007130146026611,-15.605558395385742
80200,14,"('hunt', 1, 2)",-6.145998477935791,-16.629592895507812
80200,15,"('hunt', 2, 0)",-9.906326293945312,-38.96501922607422
80200,16,"('hunt', 2, 1)",-7.292603969573975,-25.18861198425293
80200,17,"('hunt', 2, 2)",-4.628889560699463,-9.366601943969727
80200,18,"('expedition', 0, 0)",,
80400,0,"('wait', 0, 0)",-12.950274467468262,-47.138587951660156
80400,1,"('wait', 0, 1)",-9.662324905395508,-32.93209457397461
80400,2,"('wait', 0, 2)",-9.338956832885742,-31.987716674804688
80400,3,"('wait', 1, 0)",-10.342885971069336,-37.007816314697266
80400,4,"('wait', 1, 1)",-6.259888172149658,-17.659034729003906
80400,5,"('wait', 1, 2)",-6.646460056304932,-19.363475799560547
80400,6,"('wait', 2, 0)",-10.313881874084473,-40.7147331237793
80400,7,"('wait', 2, 1)",-7.182413101196289,-26.24260139465332
80400,8,"('wait', 2, 2)",-5.2752556800842285,-11.57250690460205
80400,9,"('hunt', 0, 0)",-13.571913719177246,-48.167686462402344
80400,10,"('hunt', 0, 1)",-9.158271789550781,-30.3892765045166
80400,11,"('hunt', 0, 2)",-9.347175598144531,-31.58913803100586
80400,12,"('hunt', 1, 0)",-10.162808418273926,-35.635250091552734
80400,13,"('hunt', 1, 1)",-6.007130146026611,-15.605558395385742
80400,14,"('hunt', 1, 2)",-6.141383647918701,-16.5621280670166
80400,15,"('hunt', 2, 0)",-9.91049575805664,-38.98519515991211
80400,16,"('hunt', 2, 1)",-7.292603969573975,-25.18861198425293
80400,17,"('hunt', 2, 2)",-4.628991603851318,-9.051444053649902
80400,18,"('expedition', 0, 0)",,
80600,0,"('wait', 0, 0)",-12.972969055175781,-47.18470001220703
80600,1,"('wait', 0, 1)",-9.694315910339355,-33.0384407043457
80600,2,"('wait', 0, 2)",-9.347940444946289,-31.98120880126953
80600,3,"('wait', 1, 0)",-10.342885971069336,-37.007816314697266
80600,4,"('wait', 1, 1)",-6.2610368728637695,-17.65934944152832
80600,5,"('wait', 1, 2)",-6.65030574798584,-19.3617000579834
80600,6,"('wait', 2, 0)",-10.313881874084473,-40.7147331237793
80600,7,"('wait', 2, 1)",-7.182413101196289,-26.24260139465332
80600,8,"('wait', 2, 2)",-5.2752556800842285,-11.57250690460205
80600,9,"('hunt', 0, 0)",-13.571913719177246,-48.167686462402344
80600,10,"('hunt', 0, 1)",-9.161079406738281,-30.39702606201172
80600,11,"('hunt', 0, 2)",-9.365248680114746,-31.572490692138672
80600,12,"('hunt', 1, 0)",-10.162808418273926,-35.635250091552734
80600,13,"('hunt', 1, 1)",-6.007966995239258,-15.617586135864258
80600,14,"('hunt', 1, 2)",-6.143193244934082,-16.561511993408203
80600,15,"('hunt', 2, 0)",-9.91049575805664,-38.98519515991211
80600,16,"('hunt', 2, 1)",-7.307631015777588,-25.24660873413086
80600,17,"('hunt', 2, 2)",-4.655324459075928,-9.44101619720459
80600,18,"('expedition', 0, 0)",,
80800,0,"('wait', 0, 0)",-12.972969055175781,-47.18470001220703
80800,1,"('wait', 0, 1)",-9.710111618041992,-33.02254867553711
80800,2,"('wait', 0, 2)",-9.347940444946289,-31.98120880126953
80800,3,"('wait', 1, 0)",-10.342885971069336,-37.007816314697266
80800,4,"('wait', 1, 1)",-6.292402267456055,-17.78880500793457
80800,5,"('wait', 1, 2)",-6.65030574798584,-19.3617000579834
80800,6,"('wait', 2, 0)",-10.313881874084473,-40.7147331237793
80800,7,"('wait', 2, 1)",-7.182413101196289,-26.24260139465332
80800,8,"('wait', 2, 2)",-5.2752556800842285,-11.57250690460205
80800,9,"('hunt', 0, 0)",-13.589634895324707,-48.209171295166016
80800,10,"('hunt', 0, 1)",-9.163878440856934,-30.384010314941406
80800,11,"('hunt', 0, 2)",-9.383843421936035,-31.61420440673828
80800,12,"('hunt', 1, 0)",-10.162808418273926,-35.635250091552734
80800,13,"('hunt', 1, 1)",-6.0088043212890625,-15.62971305847168
80800,14,"('hunt', 1, 2)",-6.143193244934082,-16.561511993408203
80800,15,"('hunt', 2, 0)",-9.91049575805664,-38.98519515991211
80800,16,"('hunt', 2, 1)",-7.307631015777588,-25.24660873413086
80800,17,"('hunt', 2, 2)",-4.6848320960998535,-9.53520393371582
80800,18,"('expedition', 0, 0)",,
81000,0,"('wait', 0, 0)",-13.025979995727539,-47.311012268066406
81000,1,"('wait', 0, 1)",-9.735376358032227,-33.069522857666016
81000,2,"('wait', 0, 2)",-9.347940444946289,-31.98120880126953
81000,3,"('wait', 1, 0)",-10.34656810760498,-37.010135650634766
81000,4,"('wait', 1, 1)",-6.297032356262207,-17.789318084716797
81000,5,"('wait', 1, 2)",-6.651580810546875,-19.361385345458984
81000,6,"('wait', 2, 0)",-10.32257080078125,-40.72690200805664
81000,7,"('wait', 2, 1)",-7.184837818145752,-26.245521545410156
81000,8,"('wait', 2, 2)",-5.275327682495117,-11.57170581817627
81000,9,"('hunt', 0, 0)",-13.589634895324707,-48.209171295166016
81000,10,"('hunt', 0, 1)",-9.1602783203125,-30.319311141967773
81000,11,"('hunt', 0, 2)",-9.386744499206543,-31.622295379638672
81000,12,"('hunt', 1, 0)",-10.162808418273926,-35.635250091552734
81000,13,"('hunt', 1, 1)",-6.024088382720947,-15.696368217468262
81000,14,"('hunt', 1, 2)",-6.137697696685791,-16.506441116333008
81000,15,"('hunt', 2, 0)",-9.9274263381958,-39.03290557861328
81000,16,"('hunt', 2, 1)",-7.30982780456543,-25.26298713684082
81000,17,"('hunt', 2, 2)",-4.696149826049805,-9.432689666748047
81000,18,"('expedition', 0, 0)",,
81200,0,"('wait', 0, 0)",-13.066106796264648,-47.39811325073242
81200,1,"('wait', 0, 1)",-9.73848819732666,-33.067481994628906
81200,2,"('wait', 0, 2)",-9.347940444946289,-31.98120880126953
81200,3,"('wait', 1, 0)",-10.350236892700195,-37.012245178222656
81200,4,"('wait', 1, 1)",-6.297032356262207,-17.789318084716797
81200,5,"('wait', 1, 2)",-6.655387878417969,-19.35953140258789
81200,6,"('wait', 2, 0)",-10.32257080078125,-40.72690200805664
81200,7,"('wait', 2, 1)",-7.187256336212158,-26.248619079589844
81200,8,"('wait', 2, 2)",-5.275327682495117,-11.57170581817627
81200,9,"('hunt', 0, 0)",-13.589634895324707,-48.209171295166016
81200,10,"('hunt', 0, 1)",-9.1602783203125,-30.319311141967773
81200,11,"('hunt', 0, 2)",-9.38613224029541,-31.56460952758789
81200,12,"('hunt', 1, 0)",-10.162808418273926,-35.635250091552734
81200,13,"('hunt', 1, 1)",-6.024930000305176,-15.708415985107422
81200,14,"('hunt', 1, 2)",-6.137697696685791,-16.506441116333008
81200,15,"('hunt', 2, 0)",-9.931561470031738,-39.052452087402344
81200,16,"('hunt', 2, 1)",-7.30982780456543,-25.26298713684082
81200,17,"('hunt', 2, 2)",-4.619802474975586,-9.145947456359863
81200,18,"('expedition', 0, 0)",,
81400,0,"('wait', 0, 0)",-13.088589668273926,-47.4432373046875
81400,1,"('wait', 0, 1)",-9.73848819732666,-33.067481994628906
81400,2,"('wait', 0, 2)",-9.350899696350098,-31.9793758392334
81400,3,"('wait', 1, 0)",-10.350236892700195,-37.012245178222656
81400,4,"('wait', 1, 1)",-6.298182487487793,-17.789405822753906
81400,5,"('wait', 1, 2)",-6.65154504776001,-19.301889419555664
81400,6,"('wait', 2, 0)",-10.32257080078125,-40.72690200805664
81400,7,"('wait', 2, 1)",-7.187256336212158,-26.248619079589844
81400,8,"('wait', 2, 2)",-5.275327682495117,-11.57170581817627
81400,9,"('hunt', 0, 0)",-13.589634895324707,-48.209171295166016
81400,10,"('hunt', 0, 1)",-9.1602783203125,-30.319311141967773
81400,11,"('hunt', 0, 2)",-9.389001846313477,-31.5730037689209
81400,12,"('hunt', 1, 0)",-10.166269302368164,-35.64594650268555
81400,13,"('hunt', 1, 1)",-6.025773525238037,-15.7204008102417
81400,14,"('hunt', 1, 2)",-6.139464855194092,-16.4832763671875
81400,15,"('hunt', 2, 0)",-9.935686111450195,-39.072452545166016
81400,16,"('hunt', 2, 1)",-7.312007427215576,-25.249605178833008
81400,17,"('hunt', 2, 2)",-4.724091053009033,-9.604649543762207
81400,18,"('expedition', 0, 0)",,
81600,0,"('wait', 0, 0)",-13.106141090393066,-47.48486328125
81600,1,"('wait', 0, 1)",-9.73848819732666,-33.067481994628906
81600,2,"('wait', 0, 2)",-9.350899696350098,-31.9793758392334
81600,3,"('wait', 1, 0)",-10.366572380065918,-37.061492919921875
81600,4,"('wait', 1, 1)",-6.298182487487793,-17.789405822753906
81600,5,"('wait', 1, 2)",-6.654050350189209,-19.300853729248047
81600,6,"('wait', 2, 0)",-10.32257080078125,-40.72690200805664
81600,7,"('wait', 2, 1)",-7.1896586418151855,-26.25166893005371
81600,8,"('wait', 2, 2)",-5.275327682495117,-11.57170581817627
81600,9,"('hunt', 0, 0)",-13.607165336608887,-48.25017166137695
81600,10,"('hunt', 0, 1)",-9.175698280334473,-30.3737850189209
81600,11,"('hunt', 0, 2)",-9.391865730285645,-31.581438064575195
81600,12,"('hunt', 1, 0)",-10.169720649719238,-35.634029388427734
81600,13,"('hunt', 1, 1)",-6.025773525238037,-15.7204008102417
81600,14,"('hunt', 1, 2)",-6.139464855194092,-16.4832763671875
81600,15,"('hunt', 2, 0)",-9.935686111450195,-39.072452545166016
81600,16,"('hunt', 2, 1)",-7.312007427215576,-25.249605178833008
81600,17,"('hunt', 2, 2)",-4.7088775634765625,-9.416741371154785
81600,18,"('expedition', 0, 0)",,
81800,0,"('wait', 0, 0)",-13.106141090393066,-47.48486328125
81800,1,"('wait', 0, 1)",-9.747751235961914,-33.061378479003906
81800,2,"('wait', 0, 2)",-9.353842735290527,-31.977190017700195
81800,3,"('wait', 1, 0)",-10.390168190002441,-37.113887786865234
81800,4,"('wait', 1, 1)",-6.298182487487793,-17.789405822753906
81800,5,"('wait', 1, 2)",-6.657792091369629,-19.299663543701172
81800,6,"('wait', 2, 0)",-10.32257080078125,-40.72690200805664
81800,7,"('wait', 2, 1)",-7.1896586418151855,-26.25166893005371
81800,8,"('wait', 2, 2)",-5.275327682495117,-11.57170581817627
81800,9,"('hunt', 0, 0)",-13.607165336608887,-48.25017166137695
81800,10,"('hunt', 0, 1)",-9.178455352783203,-30.381101608276367
81800,11,"('hunt', 0, 2)",-9.391865730285645,-31.581438064575195
81800,12,"('hunt', 1, 0)",-10.169720649719238,-35.634029388427734
81800,13,"('hunt', 1, 1)",-6.026613235473633,-15.732612609863281
81800,14,"('hunt', 1, 2)",-6.139464855194092,-16.4832763671875
81800,15,"('hunt', 2, 0)",-9.952431678771973,-39.11954879760742
81800,16,"('hunt', 2, 1)",-7.312007427215576,-25.249605178833008
81800,17,"('hunt', 2, 2)",-4.727917671203613,-9.458477973937988
81800,18,"('expedition', 0, 0)",,
82000,0,"('wait', 0, 0)",-13.123605728149414,-47.5262451171875
82000,1,"('wait', 0, 1)",-9.76960277557373,-33.10874938964844
82000,2,"('wait', 0, 2)",-9.369399070739746,-32.02978515625
82000,3,"('wait', 1, 0)",-10.390168190002441,-37.113887786865234
82000,4,"('wait', 1, 1)",-6.298182487487793,-17.789405822753906
82000,5,"('wait', 1, 2)",-6.657792091369629,-19.299663543701172
82000,6,"('wait', 2, 0)",-10.32257080078125,-40.72690200805664
82000,7,"('wait', 2, 1)",-7.1920485496521,-26.254615783691406
82000,8,"('wait', 2, 2)",-5.2753987312316895,-11.570640563964844
82000,9,"('hunt', 0, 0)",-13.611994743347168,-48.26045608520508
82000,10,"('hunt', 0, 1)",-9.181206703186035,-30.388259887695312
82000,11,"('hunt', 0, 2)",-9.394721031188965,-31.58952522277832
82000,12,"('hunt', 1, 0)",-10.169720649719238,-35.634029388427734
82000,13,"('hunt', 1, 1)",-6.027449607849121,-15.721349716186523
82000,14,"('hunt', 1, 2)",-6.139464855194092,-16.4832763671875
82000,15,"('hunt', 2, 0)",-9.952431678771973,-39.11954879760742
82000,16,"('hunt', 2, 1)",-7.3267974853515625,-25.30661964416504
82000,17,"('hunt', 2, 2)",-4.740874767303467,-9.353890419006348
82000,18,"('expedition', 0, 0)",,
82200,0,"('wait', 0, 0)",-13.128437042236328,-47.5299072265625
82200,1,"('wait', 0, 1)",-9.76960277557373,-33.10874938964844
82200,2,"('wait', 0, 2)",-9.369399070739746,-32.02978515625
82200,3,"('wait', 1, 0)",-10.390168190002441,-37.113887786865234
82200,4,"('wait', 1, 1)",-6.311907768249512,-17.852537155151367
82200,5,"('wait', 1, 2)",-6.659032821655273,-19.299123764038086
82200,6,"('wait', 2, 0)",-10.32257080078125,-40.72690200805664
82200,7,"('wait', 2, 1)",-7.1920485496521,-26.254615783691406
82200,8,"('wait', 2, 2)",-5.2753987312316895,-11.570640563964844
82200,9,"('hunt', 0, 0)",-13.616822242736816,-48.27077865600586
82200,10,"('hunt', 0, 1)",-9.181206703186035,-30.388259887695312
82200,11,"('hunt', 0, 2)",-9.394721031188965,-31.58952522277832
82200,12,"('hunt', 1, 0)",-10.169720649719238,-35.634029388427734
82200,13,"('hunt', 1, 1)",-6.028279781341553,-15.709931373596191
82200,14,"('hunt', 1, 2)",-6.14833927154541,-16.504806518554688
82200,15,"('hunt', 2, 0)",-9.96060848236084,-39.13179016113281
82200,16,"('hunt', 2, 1)",-7.328956604003906,-25.29340934753418
82200,17,"('hunt', 2, 2)",-4.732171058654785,-9.323576927185059
82200,18,"('expedition', 0, 0)",,
82400,0,"('wait', 0, 0)",-13.1680326461792,-47.61582946777344
82400,1,"('wait', 0, 1)",-9.772668838500977,-33.1063232421875
82400,2,"('wait', 0, 2)",-9.387808799743652,-32.0797004699707
82400,3,"('wait', 1, 0)",-10.40993881225586,-37.16475296020508
82400,4,"('wait', 1, 1)",-6.313049793243408,-17.85233497619629
82400,5,"('wait', 1, 2)",-6.659032821655273,-19.299123764038086
82400,6,"('wait', 2, 0)",-10.32257080078125,-40.72690200805664
82400,7,"('wait', 2, 1)",-7.1920485496521,-26.254615783691406
82400,8,"('wait', 2, 2)",-5.2753987312316895,-11.570640563964844
82400,9,"('hunt', 0, 0)",-13.65151596069336,-48.351776123046875
82400,10,"('hunt', 0, 1)",-9.211782455444336,-30.49605941772461
82400,11,"('hunt', 0, 2)",-9.39755916595459,-31.597808837890625
82400,12,"('hunt', 1, 0)",-10.169720649719238,-35.634029388427734
82400,13,"('hunt', 1, 1)",-6.028279781341553,-15.709931373596191
82400,14,"('hunt', 1, 2)",-6.14921236038208,-16.516721725463867
82400,15,"('hunt', 2, 0)",-9.964689254760742,-39.12416076660156
82400,16,"('hunt', 2, 1)",-7.328956604003906,-25.29340934753418
82400,17,"('hunt', 2, 2)",-4.6929121017456055,-8.889244079589844
82400,18,"('expedition', 0, 0)",,
82600,0,"('wait', 0, 0)",-13.1680326461792,-47.61582946777344
82600,1,"('wait', 0, 1)",-9.772668838500977,-33.1063232421875
82600,2,"('wait', 0, 2)",-9.390732765197754,-32.077144622802734
82600,3,"('wait', 1, 0)",-10.43331527709961,-37.217594146728516
82600,4,"('wait', 1, 1)",-6.314189434051514,-17.852317810058594
82600,5,"('wait', 1, 2)",-6.660266876220703,-19.2988224029541
82600,6,"('wait', 2, 0)",-10.32257080078125,-40.72690200805664
82600,7,"('wait', 2, 1)",-7.1944193840026855,-26.257328033447266
82600,8,"('wait', 2, 2)",-5.2754693031311035,-11.57055377960205
82600,9,"('hunt', 0, 0)",-13.668840408325195,-48.39216613769531
82600,10,"('hunt', 0, 1)",-9.229792594909668,-30.55683708190918
82600,11,"('hunt', 0, 2)",-9.412919998168945,-31.65032958984375
82600,12,"('hunt', 1, 0)",-10.169720649719238,-35.634029388427734
82600,13,"('hunt', 1, 1)",-6.0291032791137695,-15.698404312133789
82600,14,"('hunt', 1, 2)",-6.14921236038208,-16.516721725463867
82600,15,"('hunt', 2, 0)",-9.968749046325684,-39.11650085449219
82600,16,"('hunt', 2, 1)",-7.328956604003906,-25.29340934753418
82600,17,"('hunt', 2, 2)",-4.6612935066223145,-8.85863208770752
82600,18,"('expedition', 0, 0)",,
82800,0,"('wait', 0, 0)",-13.1680326461792,-47.61582946777344
82800,1,"('wait', 0, 1)",-9.803743362426758,-33.20936584472656
82800,2,"('wait', 0, 2)",-9.39365005493164,-32.074764251708984
82800,3,"('wait', 1, 0)",-10.43331527709961,-37.217594146728516
82800,4,"('wait', 1, 1)",-6.314189434051514,-17.852317810058594
82800,5,"('wait', 1, 2)",-6.661497592926025,-19.298574447631836
82800,6,"('wait', 2, 0)",-10.32681655883789,-40.73225021362305
82800,7,"('wait', 2, 1)",-7.196784496307373,-26.26018714904785
82800,8,"('wait', 2, 2)",-5.275679588317871,-11.571121215820312
82800,9,"('hunt', 0, 0)",-13.703388214111328,-48.47260284423828
82800,10,"('hunt', 0, 1)",-9.229792594909668,-30.55683708190918
82800,11,"('hunt', 0, 2)",-9.412919998168945,-31.65032958984375
82800,12,"('hunt', 1, 0)",-10.169720649719238,-35.634029388427734
82800,13,"('hunt', 1, 1)",-6.0291032791137695,-15.698404312133789
82800,14,"('hunt', 1, 2)",-6.14921236038208,-16.516721725463867
82800,15,"('hunt', 2, 0)",-9.972793579101562,-39.108802795410156
82800,16,"('hunt', 2, 1)",-7.328956604003906,-25.29340934753418
82800,17,"('hunt', 2, 2)",-4.7060136795043945,-9.075995445251465
82800,18,"('expedition', 0, 0)",,
83000,0,"('wait', 0, 0)",-13.185276985168457,-47.65657424926758
83000,1,"('wait', 0, 1)",-9.803743362426758,-33.20936584472656
83000,2,"('wait', 0, 2)",-9.40899658203125,-32.126556396484375
83000,3,"('wait', 1, 0)",-10.436912536621094,-37.22010803222656
83000,4,"('wait', 1, 1)",-6.315323829650879,-17.852746963500977
83000,5,"('wait', 1, 2)",-6.65648889541626,-19.242748260498047
83000,6,"('wait', 2, 0)",-10.32681655883789,-40.73225021362305
83000,7,"('wait', 2, 1)",-7.196784496307373,-26.26018714904785
83000,8,"('wait', 2, 2)",-5.275679588317871,-11.571121215820312
83000,9,"('hunt', 0, 0)",-13.755105972290039,-48.59274673461914
83000,10,"('hunt', 0, 1)",-9.229792594909668,-30.55683708190918
83000,11,"('hunt', 0, 2)",-9.412919998168945,-31.65032958984375
83000,12,"('hunt', 1, 0)",-10.169720649719238,-35.634029388427734
83000,13,"('hunt', 1, 1)",-6.0291032791137695,-15.698404312133789
83000,14,"('hunt', 1, 2)",-6.150081634521484,-16.52863883972168
83000,15,"('hunt', 2, 0)",-9.976838111877441,-39.128360748291016
83000,16,"('hunt', 2, 1)",-7.33322286605835,-25.266895294189453
83000,17,"('hunt', 2, 2)",-4.699817657470703,-9.117345809936523
83000,18,"('expedition', 0, 0)",,
83200,0,"('wait', 0, 0)",-13.185276985168457,-47.65657424926758
83200,1,"('wait', 0, 1)",-9.803743362426758,-33.20936584472656
83200,2,"('wait', 0, 2)",-9.424308776855469,-32.17817687988281
83200,3,"('wait', 1, 0)",-10.436912536621094,-37.22010803222656
83200,4,"('wait', 1, 1)",-6.315323829650879,-17.852746963500977
83200,5,"('wait', 1, 2)",-6.65648889541626,-19.242748260498047
83200,6,"('wait', 2, 0)",-10.32681655883789,-40.73225021362305
83200,7,"('wait', 2, 1)",-7.196784496307373,-26.26018714904785
83200,8,"('wait', 2, 2)",-5.275749683380127,-11.57141399383545
83200,9,"('hunt', 0, 0)",-13.759882926940918,-48.60247802734375
83200,10,"('hunt', 0, 1)",-9.229792594909668,-30.55683708190918
83200,11,"('hunt', 0, 2)",-9.412919998168945,-31.65032958984375
83200,12,"('hunt', 1, 0)",-10.169720649719238,-35.634029388427734
83200,13,"('hunt', 1, 1)",-6.029919624328613,-15.686952590942383
83200,14,"('hunt', 1, 2)",-6.150949478149414,-16.54088020324707
83200,15,"('hunt', 2, 0)",-9.984896659851074,-39.11263656616211
83200,16,"('hunt', 2, 1)",-7.33322286605835,-25.266895294189453
83200,17,"('hunt', 2, 2)",-4.700643539428711,-9.170581817626953
83200,18,"('expedition', 0, 0)",,
83400,0,"('wait', 0, 0)",-13.202412605285645,-47.697025299072266
83400,1,"('wait', 0, 1)",-9.806779861450195,-33.20660400390625
83400,2,"('wait', 0, 2)",-9.439614295959473,-32.22971725463867
83400,3,"('wait', 1, 0)",-10.440496444702148,-37.22236251831055
83400,4,"('wait', 1, 1)",-6.310249328613281,-17.798768997192383
83400,5,"('wait', 1, 2)",-6.65770149230957,-19.242420196533203
83400,6,"('wait', 2, 0)",-10.331025123596191,-40.73746109008789
83400,7,"('wait', 2, 1)",-7.196784496307373,-26.26018714904785
83400,8,"('wait', 2, 2)",-5.275749683380127,-11.57141399383545
83400,9,"('hunt', 0, 0)",-13.759882926940918,-48.60247802734375
83400,10,"('hunt', 0, 1)",-9.229792594909668,-30.55683708190918
83400,11,"('hunt', 0, 2)",-9.415721893310547,-31.638792037963867
83400,12,"('hunt', 1, 0)",-10.169720649719238,-35.634029388427734
83400,13,"('hunt', 1, 1)",-6.030735969543457,-15.698295593261719
83400,14,"('hunt', 1, 2)",-6.150949478149414,-16.54088020324707
83400,15,"('hunt', 2, 0)",-9.988914489746094,-39.13206481933594
83400,16,"('hunt', 2, 1)",-7.335345268249512,-25.281940460205078
83400,17,"('hunt', 2, 2)",-4.694703102111816,-9.10694694519043
83400,18,"('expedition', 0, 0)",,
83600,0,"('wait', 0, 0)",-13.224282264709473,-47.74010467529297
83600,1,"('wait', 0, 1)",-9.806779861450195,-33.20660400390625
83600,2,"('wait', 0, 2)",-9.442512512207031,-32.22676467895508
83600,3,"('wait', 1, 0)",-10.444069862365723,-37.22414779663086
83600,4,"('wait', 1, 1)",-6.32486629486084,-17.861347198486328
83600,5,"('wait', 1, 2)",-6.658908843994141,-19.24176788330078
83600,6,"('wait', 2, 0)",-10.331025123596191,-40.73746109008789
83600,7,"('wait', 2, 1)",-7.199124813079834,-26.262903213500977
83600,8,"('wait', 2, 2)",-5.275749683380127,-11.57141399383545
83600,9,"('hunt', 0, 0)",-13.759882926940918,-48.60247802734375
83600,10,"('hunt', 0, 1)",-9.229792594909668,-30.55683708190918
83600,11,"('hunt', 0, 2)",-9.418516159057617,-31.645963668823242
83600,12,"('hunt', 1, 0)",-10.173080444335938,-35.62211608886719
83600,13,"('hunt', 1, 1)",-6.030735969543457,-15.698295593261719
83600,14,"('hunt', 1, 2)",-6.150949478149414,-16.54088020324707
83600,15,"('hunt', 2, 0)",-9.988914489746094,-39.13206481933594
83600,16,"('hunt', 2, 1)",-7.335345268249512,-25.281940460205078
83600,17,"('hunt', 2, 2)",-4.638526916503906,-9.024510383605957
83600,18,"('expedition', 0, 0)",,
83800,0,"('wait', 0, 0)",-13.224282264709473,-47.74010467529297
83800,1,"('wait', 0, 1)",-9.806779861450195,-33.20660400390625
83800,2,"('wait', 0, 2)",-9.442512512207031,-32.22676467895508
83800,3,"('wait', 1, 0)",-10.451199531555176,-37.22782897949219
83800,4,"('wait', 1, 1)",-6.325985431671143,-17.86140251159668
83800,5,"('wait', 1, 2)",-6.658908843994141,-19.24176788330078
83800,6,"('wait', 2, 0)",-10.331025123596191,-40.73746109008789
83800,7,"('wait', 2, 1)",-7.199124813079834,-26.262903213500977
83800,8,"('wait', 2, 2)",-5.275819301605225,-11.571656227111816
83800,9,"('hunt', 0, 0)",-13.776947021484375,-48.64203643798828
83800,10,"('hunt', 0, 1)",-9.229792594909668,-30.55683708190918
83800,11,"('hunt', 0, 2)",-9.418516159057617,-31.645963668823242
83800,12,"('hunt', 1, 0)",-10.173080444335938,-35.62211608886719
83800,13,"('hunt', 1, 1)",-6.031549453735352,-15.709233283996582
83800,14,"('hunt', 1, 2)",-6.164130210876465,-16.603206634521484
83800,15,"('hunt', 2, 0)",-9.988914489746094,-39.13206481933594
83800,16,"('hunt', 2, 1)",-7.33745813369751,-25.296905517578125
83800,17,"('hunt', 2, 2)",-4.5918121337890625,-8.845921516418457
83800,18,"('expedition', 0, 0)",,
84000,0,"('wait', 0, 0)",-13.233758926391602,-47.74525451660156
84000,1,"('wait', 0, 1)",-9.809786796569824,-33.20374298095703
84000,2,"('wait', 0, 2)",-9.445398330688477,-32.224395751953125
84000,3,"('wait', 1, 0)",-10.467035293579102,-37.2753791809082
84000,4,"('wait', 1, 1)",-6.320950508117676,-17.807857513427734
84000,5,"('wait', 1, 2)",-6.66251277923584,-19.239633560180664
84000,6,"('wait', 2, 0)",-10.331025123596191,-40.73746109008789
84000,7,"('wait', 2, 1)",-7.201457500457764,-26.265323638916016
84000,8,"('wait', 2, 2)",-5.288269996643066,-11.637192726135254
84000,9,"('hunt', 0, 0)",-13.776947021484375,-48.64203643798828
84000,10,"('hunt', 0, 1)",-9.232490539550781,-30.564029693603516
84000,11,"('hunt', 0, 2)",-9.42129898071289,-31.6529541015625
84000,12,"('hunt', 1, 0)",-10.173080444335938,-35.62211608886719
84000,13,"('hunt', 1, 1)",-6.031549453735352,-15.709233283996582
84000,14,"('hunt', 1, 2)",-6.1649956703186035,-16.592388153076172
84000,15,"('hunt', 2, 0)",-9.988914489746094,-39.13206481933594
84000,16,"('hunt', 2, 1)",-7.33745813369751,-25.296905517578125
84000,17,"('hunt', 2, 2)",-4.558824062347412,-8.681941986083984
84000,18,"('expedition', 0, 0)",,
84200,0,"('wait', 0, 0)",-13.267733573913574,-47.825279235839844
84200,1,"('wait', 0, 1)",-9.812789916992188,-33.20085906982422
84200,2,"('wait', 0, 2)",-9.463425636291504,-32.27305603027344
84200,3,"('wait', 1, 0)",-10.467035293579102,-37.2753791809082
84200,4,"('wait', 1, 1)",-6.336528778076172,-17.870616912841797
84200,5,"('wait', 1, 2)",-6.66251277923584,-19.239633560180664
84200,6,"('wait', 2, 0)",-10.343541145324707,-40.75466537475586
84200,7,"('wait', 2, 1)",-7.202279090881348,-26.2106990814209
84200,8,"('wait', 2, 2)",-5.288425445556641,-11.638022422790527
84200,9,"('hunt', 0, 0)",-13.776947021484375,-48.64203643798828
84200,10,"('hunt', 0, 1)",-9.232490539550781,-30.564029693603516
84200,11,"('hunt', 0, 2)",-9.424076080322266,-31.660009384155273
84200,12,"('hunt', 1, 0)",-10.176417350769043,-35.6320686340332
84200,13,"('hunt', 1, 1)",-6.027015209197998,-15.64649772644043
84200,14,"('hunt', 1, 2)",-6.1649956703186035,-16.592388153076172
84200,15,"('hunt', 2, 0)",-9.988914489746094,-39.13206481933594
84200,16,"('hunt', 2, 1)",-7.33745813369751,-25.296905517578125
84200,17,"('hunt', 2, 2)",-4.573885917663574,-8.819316864013672
84200,18,"('expedition', 0, 0)",,
84400,0,"('wait', 0, 0)",-13.284696578979492,-47.86518096923828
84400,1,"('wait', 0, 1)",-9.812789916992188,-33.20085906982422
84400,2,"('wait', 0, 2)",-9.463028907775879,-32.2071533203125
84400,3,"('wait', 1, 0)",-10.467035293579102,-37.2753791809082
84400,4,"('wait', 1, 1)",-6.336528778076172,-17.870616912841797
84400,5,"('wait', 1, 2)",-6.66251277923584,-19.239633560180664
84400,6,"('wait', 2, 0)",-10.364093780517578,-40.804656982421875
84400,7,"('wait', 2, 1)",-7.216813564300537,-26.265188217163086
84400,8,"('wait', 2, 2)",-5.2885026931762695,-11.637856483459473
84400,9,"('hunt', 0, 0)",-13.786359786987305,-48.64470672607422
84400,10,"('hunt', 0, 1)",-9.2351713180542,-30.55145263671875
84400,11,"('hunt', 0, 2)",-9.439077377319336,-31.711244583129883
84400,12,"('hunt', 1, 0)",-10.176417350769043,-35.6320686340332
84400,13,"('hunt', 1, 1)",-6.04004430770874,-15.709488868713379
84400,14,"('hunt', 1, 2)",-6.167567253112793,-16.582557678222656
84400,15,"('hunt', 2, 0)",-9.992879867553711,-39.12427520751953
84400,16,"('hunt', 2, 1)",-7.3395538330078125,-25.284900665283203
84400,17,"('hunt', 2, 2)",-4.557389259338379,-8.339690208435059
84400,18,"('expedition', 0, 0)",,
84600,0,"('wait', 0, 0)",-13.301614761352539,-47.90494155883789
84600,1,"('wait', 0, 1)",-9.812789916992188,-33.20085906982422
84600,2,"('wait', 0, 2)",-9.465882301330566,-32.205387115478516
84600,3,"('wait', 1, 0)",-10.498499870300293,-37.369720458984375
84600,4,"('wait', 1, 1)",-6.337636947631836,-17.870849609375
84600,5,"('wait', 1, 2)",-6.663702964782715,-19.23857879638672
84600,6,"('wait', 2, 0)",-10.368241310119629,-40.80965805053711
84600,7,"('wait', 2, 1)",-7.219123363494873,-26.26827621459961
84600,8,"('wait', 2, 2)",-5.288733959197998,-11.637330055236816
84600,9,"('hunt', 0, 0)",-13.786359786987305,-48.64470672607422
84600,10,"('hunt', 0, 1)",-9.2351713180542,-30.55145263671875
84600,11,"('hunt', 0, 2)",-9.439077377319336,-31.711244583129883
84600,12,"('hunt', 1, 0)",-10.176417350769043,-35.6320686340332
84600,13,"('hunt', 1, 1)",-6.040848255157471,-15.720256805419922
84600,14,"('hunt', 1, 2)",-6.169281959533691,-16.58369255065918
84600,15,"('hunt', 2, 0)",-9.996842384338379,-39.143070220947266
84600,16,"('hunt', 2, 1)",-7.34164571762085,-25.29981231689453
84600,17,"('hunt', 2, 2)",-4.611329078674316,-8.854409217834473
84600,18,"('expedition', 0, 0)",,
84800,0,"('wait', 0, 0)",-13.301614761352539,-47.90494155883789
84800,1,"('wait', 0, 1)",-9.815767288208008,-33.19772720336914
84800,2,"('wait', 0, 2)",-9.480913162231445,-32.25600814819336
84800,3,"('wait', 1, 0)",-10.498499870300293,-37.369720458984375
84800,4,"('wait', 1, 1)",-6.338741779327393,-17.871423721313477
84800,5,"('wait', 1, 2)",-6.663702964782715,-19.23857879638672
84800,6,"('wait', 2, 0)",-10.388701438903809,-40.85897445678711
84800,7,"('wait', 2, 1)",-7.23359489440918,-26.322465896606445
84800,8,"('wait', 2, 2)",-5.288733959197998,-11.637330055236816
84800,9,"('hunt', 0, 0)",-13.803201675415039,-48.683719635009766
84800,10,"('hunt', 0, 1)",-9.2351713180542,-30.55145263671875
84800,11,"('hunt', 0, 2)",-9.444598197937012,-31.707021713256836
84800,12,"('hunt', 1, 0)",-10.176417350769043,-35.6320686340332
84800,13,"('hunt', 1, 1)",-6.053838729858398,-15.782959938049316
84800,14,"('hunt', 1, 2)",-6.170137405395508,-16.595664978027344
84800,15,"('hunt', 2, 0)",-10.020848274230957,-39.172115325927734
84800,16,"('hunt', 2, 1)",-7.343734264373779,-25.315086364746094
84800,17,"('hunt', 2, 2)",-4.69439697265625,-9.555460929870605
84800,18,"('expedition', 0, 0)",,
85000,0,"('wait', 0, 0)",-13.301614761352539,-47.90494155883789
85000,1,"('wait', 0, 1)",-9.818733215332031,-33.19458770751953
85000,2,"('wait', 0, 2)",-9.480913162231445,-32.25600814819336
85000,3,"('wait', 1, 0)",-10.5020170211792,-37.371131896972656
85000,4,"('wait', 1, 1)",-6.342047691345215,-17.872922897338867
85000,5,"('wait', 1, 2)",-6.664888858795166,-19.23750114440918
85000,6,"('wait', 2, 0)",-10.392831802368164,-40.86421203613281
85000,7,"('wait', 2, 1)",-7.232120513916016,-26.265464782714844
85000,8,"('wait', 2, 2)",-5.2888102531433105,-11.637242317199707
85000,9,"('hunt', 0, 0)",-13.820027351379395,-48.722660064697266
85000,10,"('hunt', 0, 1)",-9.240497589111328,-30.545564651489258
85000,11,"('hunt', 0, 2)",-9.444598197937012,-31.707021713256836
85000,12,"('hunt', 1, 0)",-10.176417350769043,-35.6320686340332
85000,13,"('hunt', 1, 1)",-6.053838729858398,-15.782959938049316
85000,14,"('hunt', 1, 2)",-6.170137405395508,-16.595664978027344
85000,15,"('hunt', 2, 0)",-10.020848274230957,-39.172115325927734
85000,16,"('hunt', 2, 1)",-7.343734264373779,-25.315086364746094
85000,17,"('hunt', 2, 2)",-4.689052104949951,-9.596037864685059
85000,18,"('expedition', 0, 0)",,
85200,0,"('wait', 0, 0)",-13.301614761352539,-47.90494155883789
85200,1,"('wait', 0, 1)",-9.824649810791016,-33.188045501708984
85200,2,"('wait', 0, 2)",-9.477681159973145,-32.19278335571289
85200,3,"('wait', 1, 0)",-10.5020170211792,-37.371131896972656
85200,4,"('wait', 1, 1)",-6.343145847320557,-17.87384796142578
85200,5,"('wait', 1, 2)",-6.664888858795166,-19.23750114440918
85200,6,"('wait', 2, 0)",-10.392831802368164,-40.86421203613281
85200,7,"('wait', 2, 1)",-7.232120513916016,-26.265464782714844
85200,8,"('wait', 2, 2)",-5.2888102531433105,-11.637242317199707
85200,9,"('hunt', 0, 0)",-13.8414888381958,-48.75551986694336
85200,10,"('hunt', 0, 1)",-9.240497589111328,-30.545564651489258
85200,11,"('hunt', 0, 2)",-9.447341918945312,-31.713796615600586
85200,12,"('hunt', 1, 0)",-10.176417350769043,-35.6320686340332
85200,13,"('hunt', 1, 1)",-6.053838729858398,-15.782959938049316
85200,14,"('hunt', 1, 2)",-6.170137405395508,-16.595664978027344
85200,15,"('hunt', 2, 0)",-10.020848274230957,-39.172115325927734
85200,16,"('hunt', 2, 1)",-7.357948303222656,-25.369823455810547
85200,17,"('hunt', 2, 2)",-4.701167106628418,-9.407601356506348
85200,18,"('expedition', 0, 0)",,
85400,0,"('wait', 0, 0)",-13.301614761352539,-47.90494155883789
85400,1,"('wait', 0, 1)",-9.827597618103027,-33.18500518798828
85400,2,"('wait', 0, 2)",-9.477681159973145,-32.19278335571289
85400,3,"('wait', 1, 0)",-10.5020170211792,-37.371131896972656
85400,4,"('wait', 1, 1)",-6.344241142272949,-17.874662399291992
85400,5,"('wait', 1, 2)",-6.666067123413086,-19.236465454101562
85400,6,"('wait', 2, 0)",-10.39694881439209,-40.869606018066406
85400,7,"('wait', 2, 1)",-7.232120513916016,-26.265464782714844
85400,8,"('wait', 2, 2)",-5.2889628410339355,-11.637255668640137
85400,9,"('hunt', 0, 0)",-13.858224868774414,-48.79419708251953
85400,10,"('hunt', 0, 1)",-9.255240440368652,-30.5974178314209
85400,11,"('hunt', 0, 2)",-9.447341918945312,-31.713796615600586
85400,12,"('hunt', 1, 0)",-10.179703712463379,-35.62064743041992
85400,13,"('hunt', 1, 1)",-6.068362236022949,-15.844401359558105
85400,14,"('hunt', 1, 2)",-6.170989036560059,-16.607662200927734
85400,15,"('hunt', 2, 0)",-10.024765968322754,-39.163970947265625
85400,16,"('hunt', 2, 1)",-7.360030651092529,-25.38445281982422
85400,17,"('hunt', 2, 2)",-4.761930465698242,-9.399852752685547
85400,18,"('expedition', 0, 0)",,
85600,0,"('wait', 0, 0)",-13.301614761352539,-47.90494155883789
85600,1,"('wait', 0, 1)",-9.830541610717773,-33.18194580078125
85600,2,"('wait', 0, 2)",-9.477681159973145,-32.19278335571289
85600,3,"('wait', 1, 0)",-10.5020170211792,-37.371131896972656
85600,4,"('wait', 1, 1)",-6.339293003082275,-17.822057723999023
85600,5,"('wait', 1, 2)",-6.666067123413086,-19.236465454101562
85600,6,"('wait', 2, 0)",-10.39694881439209,-40.869606018066406
85600,7,"('wait', 2, 1)",-7.232120513916016,-26.265464782714844
85600,8,"('wait', 2, 2)",-5.28903865814209,-11.6373291015625
85600,9,"('hunt', 0, 0)",-13.87956714630127,-48.82719039916992
85600,10,"('hunt', 0, 1)",-9.257882118225098,-30.585424423217773
85600,11,"('hunt', 0, 2)",-9.447341918945312,-31.713796615600586
85600,12,"('hunt', 1, 0)",-10.182982444763184,-35.630409240722656
85600,13,"('hunt', 1, 1)",-6.069172382354736,-15.854816436767578
85600,14,"('hunt', 1, 2)",-6.172679901123047,-16.58463478088379
85600,15,"('hunt', 2, 0)",-10.024765968322754,-39.163970947265625
85600,16,"('hunt', 2, 1)",-7.360030651092529,-25.38445281982422
85600,17,"('hunt', 2, 2)",-4.808945178985596,-9.48229694366455
85600,18,"('expedition', 0, 0)",,
85800,0,"('wait', 0, 0)",-13.301614761352539,-47.90494155883789
85800,1,"('wait', 0, 1)",-9.830541610717773,-33.18194580078125
85800,2,"('wait', 0, 2)",-9.48048210144043,-32.19086456298828
85800,3,"('wait', 1, 0)",-10.5020170211792,-37.371131896972656
85800,4,"('wait', 1, 1)",-6.341457366943359,-17.8242130279541
85800,5,"('wait', 1, 2)",-6.667241096496582,-19.235984802246094
85800,6,"('wait', 2, 0)",-10.401047706604004,-40.87526321411133
85800,7,"('wait', 2, 1)",-7.236663341522217,-26.27040672302246
85800,8,"('wait', 2, 2)",-5.28903865814209,-11.6373291015625
85800,9,"('hunt', 0, 0)",-13.912919998168945,-48.90412521362305
85800,10,"('hunt', 0, 1)",-9.257882118225098,-30.585424423217773
85800,11,"('hunt', 0, 2)",-9.446771621704102,-31.639760971069336
85800,12,"('hunt', 1, 0)",-10.182982444763184,-35.630409240722656
85800,13,"('hunt', 1, 1)",-6.08280611038208,-15.905721664428711
85800,14,"('hunt', 1, 2)",-6.172679901123047,-16.58463478088379
85800,15,"('hunt', 2, 0)",-10.024765968322754,-39.163970947265625
85800,16,"('hunt', 2, 1)",-7.360030651092529,-25.38445281982422
85800,17,"('hunt', 2, 2)",-4.815479755401611,-9.28056526184082
85800,18,"('expedition', 0, 0)",,
86000,0,"('wait', 0, 0)",-13.301614761352539,-47.90494155883789
86000,1,"('wait', 0, 1)",-9.830541610717773,-33.18194580078125
86000,2,"('wait', 0, 2)",-9.48048210144043,-32.19086456298828
86000,3,"('wait', 1, 0)",-10.505499839782715,-37.37282943725586
86000,4,"('wait', 1, 1)",-6.342536449432373,-17.825050354003906
86000,5,"('wait', 1, 2)",-6.680431842803955,-19.294776916503906
86000,6,"('wait', 2, 0)",-10.401047706604004,-40.87526321411133
86000,7,"('wait', 2, 1)",-7.238930702209473,-26.272706985473633
86000,8,"('wait', 2, 2)",-5.289113998413086,-11.637184143066406
86000,9,"('hunt', 0, 0)",-13.929557800292969,-48.94245147705078
86000,10,"('hunt', 0, 1)",-9.257882118225098,-30.585424423217773
86000,11,"('hunt', 0, 2)",-9.449477195739746,-31.628257751464844
86000,12,"('hunt', 1, 0)",-10.182982444763184,-35.630409240722656
86000,13,"('hunt', 1, 1)",-6.08280611038208,-15.905721664428711
86000,14,"('hunt', 1, 2)",-6.172679901123047,-16.58463478088379
86000,15,"('hunt', 2, 0)",-10.024765968322754,-39.163970947265625
86000,16,"('hunt', 2, 1)",-7.360030651092529,-25.38445281982422
86000,17,"('hunt', 2, 2)",-4.838599681854248,-9.380654335021973
86000,18,"('expedition', 0, 0)",,
86200,0,"('wait', 0, 0)",-13.301614761352539,-47.90494155883789
86200,1,"('wait', 0, 1)",-9.851295471191406,-33.22510528564453
86200,2,"('wait', 0, 2)",-9.506851196289062,-32.227943420410156
86200,3,"('wait', 1, 0)",-10.505499839782715,-37.37282943725586
86200,4,"('wait', 1, 1)",-6.342536449432373,-17.825050354003906
86200,5,"('wait', 1, 2)",-6.680431842803955,-19.294776916503906
86200,6,"('wait', 2, 0)",-10.417084693908691,-40.91850280761719
86200,7,"('wait', 2, 1)",-7.238930702209473,-26.272706985473633
86200,8,"('wait', 2, 2)",-5.283194065093994,-11.588364601135254
86200,9,"('hunt', 0, 0)",-13.929557800292969,-48.94245147705078
86200,10,"('hunt', 0, 1)",-9.263130187988281,-30.580598831176758
86200,11,"('hunt', 0, 2)",-9.452178955078125,-31.635112762451172
86200,12,"('hunt', 1, 0)",-10.182982444763184,-35.630409240722656
86200,13,"('hunt', 1, 1)",-6.084429740905762,-15.925643920898438
86200,14,"('hunt', 1, 2)",-6.174356460571289,-16.58489990234375
86200,15,"('hunt', 2, 0)",-10.032515525817871,-39.14797592163086
86200,16,"('hunt', 2, 1)",-7.360030651092529,-25.38445281982422
86200,17,"('hunt', 2, 2)",-4.798276424407959,-9.064532279968262
86200,18,"('expedition', 0, 0)",,
86400,0,"('wait', 0, 0)",-13.301614761352539,-47.90494155883789
86400,1,"('wait', 0, 1)",-9.854211807250977,-33.22199249267578
86400,2,"('wait', 0, 2)",-9.509632110595703,-32.22541046142578
86400,3,"('wait', 1, 0)",-10.512418746948242,-37.37656021118164
86400,4,"('wait', 1, 1)",-6.343609809875488,-17.825599670410156
86400,5,"('wait', 1, 2)",-6.680431842803955,-19.294776916503906
86400,6,"('wait', 2, 0)",-10.421152114868164,-40.924110412597656
86400,7,"('wait', 2, 1)",-7.238930702209473,-26.272706985473633
86400,8,"('wait', 2, 2)",-5.283194065093994,-11.588364601135254
86400,9,"('hunt', 0, 0)",-13.929557800292969,-48.94245147705078
86400,10,"('hunt', 0, 1)",-9.265746116638184,-30.56875991821289
86400,11,"('hunt', 0, 2)",-9.452178955078125,-31.635112762451172
86400,12,"('hunt', 1, 0)",-10.201414108276367,-35.687137603759766
86400,13,"('hunt', 1, 1)",-6.084429740905762,-15.925643920898438
86400,14,"('hunt', 1, 2)",-6.175195693969727,-16.59601402282715
86400,15,"('hunt', 2, 0)",-10.032515525817871,-39.14797592163086
86400,16,"('hunt', 2, 1)",-7.36208963394165,-25.399463653564453
86400,17,"('hunt', 2, 2)",-4.8133745193481445,-9.327905654907227
86400,18,"('expedition', 0, 0)",,
86600,0,"('wait', 0, 0)",-13.32135009765625,-47.8742790222168
86600,1,"('wait', 0, 1)",-9.854211807250977,-33.22199249267578
86600,2,"('wait', 0, 2)",-9.527121543884277,-32.27259826660156
86600,3,"('wait', 1, 0)",-10.512418746948242,-37.37656021118164
86600,4,"('wait', 1, 1)",-6.343609809875488,-17.825599670410156
86600,5,"('wait', 1, 2)",-6.680431842803955,-19.294776916503906
86600,6,"('wait', 2, 0)",-10.425206184387207,-40.929744720458984
86600,7,"('wait', 2, 1)",-7.249398708343506,-26.267152786254883
86600,8,"('wait', 2, 2)",-5.283261775970459,-11.587573051452637
86600,9,"('hunt', 0, 0)",-13.97911548614502,-49.05641555786133
86600,10,"('hunt', 0, 1)",-9.268351554870605,-30.5753116607666
86600,11,"('hunt', 0, 2)",-9.454861640930176,-31.623149871826172
86600,12,"('hunt', 1, 0)",-10.201414108276367,-35.687137603759766
86600,13,"('hunt', 1, 1)",-6.084429740905762,-15.925643920898438
86600,14,"('hunt', 1, 2)",-6.175195693969727,-16.59601402282715
86600,15,"('hunt', 2, 0)",-10.032515525817871,-39.14797592163086
86600,16,"('hunt', 2, 1)",-7.366208553314209,-25.4290828704834
86600,17,"('hunt', 2, 2)",-4.77943754196167,-9.143953323364258
86600,18,"('expedition', 0, 0)",,
86800,0,"('wait', 0, 0)",-13.32135009765625,-47.8742790222168
86800,1,"('wait', 0, 1)",-9.857110977172852,-33.21885681152344
86800,2,"('wait', 0, 2)",-9.52989387512207,-32.270198822021484
86800,3,"('wait', 1, 0)",-10.515867233276367,-37.378143310546875
86800,4,"('wait', 1, 1)",-6.343609809875488,-17.825599670410156
86800,5,"('wait', 1, 2)",-6.681596755981445,-19.293643951416016
86800,6,"('wait', 2, 0)",-10.429253578186035,-40.935394287109375
86800,7,"('wait', 2, 1)",-7.249398708343506,-26.267152786254883
86800,8,"('wait', 2, 2)",-5.2833967208862305,-11.585857391357422
86800,9,"('hunt', 0, 0)",-13.97911548614502,-49.05641555786133
86800,10,"('hunt', 0, 1)",-9.287242889404297,-30.532346725463867
86800,11,"('hunt', 0, 2)",-9.469439506530762,-31.673017501831055
86800,12,"('hunt', 1, 0)",-10.2046537399292,-35.69633102416992
86800,13,"('hunt', 1, 1)",-6.084429740905762,-15.925643920898438
86800,14,"('hunt', 1, 2)",-6.188767910003662,-16.64544677734375
86800,15,"('hunt', 2, 0)",-10.032515525817871,-39.14797592163086
86800,16,"('hunt', 2, 1)",-7.366208553314209,-25.4290828704834
86800,17,"('hunt', 2, 2)",-4.750549793243408,-8.921249389648438
86800,18,"('expedition', 0, 0)",,
87000,0,"('wait', 0, 0)",-13.32135009765625,-47.8742790222168
87000,1,"('wait', 0, 1)",-9.857110977172852,-33.21885681152344
87000,2,"('wait', 0, 2)",-9.550063133239746,-32.31460952758789
87000,3,"('wait', 1, 0)",-10.515867233276367,-37.378143310546875
87000,4,"('wait', 1, 1)",-6.344675540924072,-17.825618743896484
87000,5,"('wait', 1, 2)",-6.681596755981445,-19.293643951416016
87000,6,"('wait', 2, 0)",-10.437331199645996,-40.945491790771484
87000,7,"('wait', 2, 1)",-7.253868579864502,-26.27177619934082
87000,8,"('wait', 2, 2)",-5.283463954925537,-11.585126876831055
87000,9,"('hunt', 0, 0)",-13.995579719543457,-49.09421157836914
87000,10,"('hunt', 0, 1)",-9.304261207580566,-30.589916229248047
87000,11,"('hunt', 0, 2)",-9.483981132507324,-31.72270965576172
87000,12,"('hunt', 1, 0)",-10.2046537399292,-35.69633102416992
87000,13,"('hunt', 1, 1)",-6.084429740905762,-15.925643920898438
87000,14,"('hunt', 1, 2)",-6.188767910003662,-16.64544677734375
87000,15,"('hunt', 2, 0)",-10.032515525817871,-39.14797592163086
87000,16,"('hunt', 2, 1)",-7.370318412780762,-25.459047317504883
87000,17,"('hunt', 2, 2)",-4.719964504241943,-9.083497047424316
87000,18,"('expedition', 0, 0)",,
87200,0,"('wait', 0, 0)",-13.336390495300293,-47.840476989746094
87200,1,"('wait', 0, 1)",-9.85999584197998,-33.21600341796875
87200,2,"('wait', 0, 2)",-9.552824974060059,-32.31224822998047
87200,3,"('wait', 1, 0)",-10.515867233276367,-37.378143310546875
87200,4,"('wait', 1, 1)",-6.345738887786865,-17.825471878051758
87200,5,"('wait', 1, 2)",-6.681596755981445,-19.293643951416016
87200,6,"('wait', 2, 0)",-10.437331199645996,-40.945491790771484
87200,7,"('wait', 2, 1)",-7.260558128356934,-26.279056549072266
87200,8,"('wait', 2, 2)",-5.2835307121276855,-11.584510803222656
87200,9,"('hunt', 0, 0)",-14.000154495239258,-49.087337493896484
87200,10,"('hunt', 0, 1)",-9.304261207580566,-30.589916229248047
87200,11,"('hunt', 0, 2)",-9.49199104309082,-31.70648956298828
87200,12,"('hunt', 1, 0)",-10.2046537399292,-35.69633102416992
87200,13,"('hunt', 1, 1)",-6.084429740905762,-15.925643920898438
87200,14,"('hunt', 1, 2)",-6.188767910003662,-16.64544677734375
87200,15,"('hunt', 2, 0)",-10.04018783569336,-39.18496322631836
87200,16,"('hunt', 2, 1)",-7.372371196746826,-25.47431755065918
87200,17,"('hunt', 2, 2)",-4.747008323669434,-9.228341102600098
87200,18,"('expedition', 0, 0)",,
87400,0,"('wait', 0, 0)",-13.389969825744629,-47.95957565307617
87400,1,"('wait', 0, 1)",-9.85999584197998,-33.21600341796875
87400,2,"('wait', 0, 2)",-9.558328628540039,-32.30791091918945
87400,3,"('wait', 1, 0)",-10.515867233276367,-37.378143310546875
87400,4,"('wait', 1, 1)",-6.345738887786865,-17.825471878051758
87400,5,"('wait', 1, 2)",-6.681596755981445,-19.293643951416016
87400,6,"('wait', 2, 0)",-10.437331199645996,-40.945491790771484
87400,7,"('wait', 2, 1)",-7.274591445922852,-26.331636428833008
87400,8,"('wait', 2, 2)",-5.2835307121276855,-11.584510803222656
87400,9,"('hunt', 0, 0)",-14.004707336425781,-49.080299377441406
87400,10,"('hunt', 0, 1)",-9.304261207580566,-30.589916229248047
87400,11,"('hunt', 0, 2)",-9.494647979736328,-31.694799423217773
87400,12,"('hunt', 1, 0)",-10.2046537399292,-35.69633102416992
87400,13,"('hunt', 1, 1)",-6.084429740905762,-15.925643920898438
87400,14,"('hunt', 1, 2)",-6.18959903717041,-16.63482093811035
87400,15,"('hunt', 2, 0)",-10.0440092086792,-39.17721939086914
87400,16,"('hunt', 2, 1)",-7.372371196746826,-25.47431755065918
87400,17,"('hunt', 2, 2)",-4.789750099182129,-9.34390640258789
87400,18,"('expedition', 0, 0)",,
87600,0,"('wait', 0, 0)",-13.389969825744629,-47.95957565307617
87600,1,"('wait', 0, 1)",-9.889331817626953,-33.31316375732422
87600,2,"('wait', 0, 2)",-9.561073303222656,-32.30559539794922
87600,3,"('wait', 1, 0)",-10.52269172668457,-37.38121795654297
87600,4,"('wait', 1, 1)",-6.345738887786865,-17.825471878051758
87600,5,"('wait', 1, 2)",-6.685055255889893,-19.28848648071289
87600,6,"('wait', 2, 0)",-10.445350646972656,-40.956329345703125
87600,7,"('wait', 2, 1)",-7.274591445922852,-26.331636428833008
87600,8,"('wait', 2, 2)",-5.283596992492676,-11.583775520324707
87600,9,"('hunt', 0, 0)",-14.021028518676758,-49.117759704589844
87600,10,"('hunt', 0, 1)",-9.304261207580566,-30.589916229248047
87600,11,"('hunt', 0, 2)",-9.494647979736328,-31.694799423217773
87600,12,"('hunt', 1, 0)",-10.2046537399292,-35.69633102416992
87600,13,"('hunt', 1, 1)",-6.09781551361084,-15.996502876281738
87600,14,"('hunt', 1, 2)",-6.18959903717041,-16.63482093811035
87600,15,"('hunt', 2, 0)",-10.0440092086792,-39.17721939086914
87600,16,"('hunt', 2, 1)",-7.372371196746826,-25.47431755065918
87600,17,"('hunt', 2, 2)",-4.836742401123047,-9.200475692749023
87600,18,"('expedition', 0, 0)",,
87800,0,"('wait', 0, 0)",-13.389969825744629,-47.95957565307617
87800,1,"('wait', 0, 1)",-9.889331817626953,-33.31316375732422
87800,2,"('wait', 0, 2)",-9.57829475402832,-32.35226821899414
87800,3,"('wait', 1, 0)",-10.52269172668457,-37.38121795654297
87800,4,"('wait', 1, 1)",-6.341970443725586,-17.774152755737305
87800,5,"('wait', 1, 2)",-6.685055255889893,-19.28848648071289
87800,6,"('wait', 2, 0)",-10.445350646972656,-40.956329345703125
87800,7,"('wait', 2, 1)",-7.274591445922852,-26.331636428833008
87800,8,"('wait', 2, 2)",-5.277849197387695,-11.534819602966309
87800,9,"('hunt', 0, 0)",-14.04641056060791,-49.141212463378906
87800,10,"('hunt', 0, 1)",-9.304261207580566,-30.589916229248047
87800,11,"('hunt', 0, 2)",-9.494647979736328,-31.694799423217773
87800,12,"('hunt', 1, 0)",-10.214247703552246,-35.7040901184082
87800,13,"('hunt', 1, 1)",-6.111202239990234,-16.06696891784668
87800,14,"('hunt', 1, 2)",-6.1928558349609375,-16.5822811126709
87800,15,"('hunt', 2, 0)",-10.0440092086792,-39.17721939086914
87800,16,"('hunt', 2, 1)",-7.372371196746826,-25.47431755065918
87800,17,"('hunt', 2, 2)",-4.83745813369751,-9.355130195617676
87800,18,"('expedition', 0, 0)",,
88000,0,"('wait', 0, 0)",-13.394484519958496,-47.96272277832031
88000,1,"('wait', 0, 1)",-9.889331817626953,-33.31316375732422
88000,2,"('wait', 0, 2)",-9.57829475402832,-32.35226821899414
88000,3,"('wait', 1, 0)",-10.541228294372559,-37.428306579589844
88000,4,"('wait', 1, 1)",-6.343015670776367,-17.773727416992188
88000,5,"('wait', 1, 2)",-6.697920799255371,-19.345773696899414
88000,6,"('wait', 2, 0)",-10.445350646972656,-40.956329345703125
88000,7,"('wait', 2, 1)",-7.274591445922852,-26.331636428833008
88000,8,"('wait', 2, 2)",-5.2779083251953125,-11.534222602844238
88000,9,"('hunt', 0, 0)",-14.04641056060791,-49.141212463378906
88000,10,"('hunt', 0, 1)",-9.311941146850586,-30.59208106994629
88000,11,"('hunt', 0, 2)",-9.497291564941406,-31.701190948486328
88000,12,"('hunt', 1, 0)",-10.217440605163574,-35.7139778137207
88000,13,"('hunt', 1, 1)",-6.1128339767456055,-16.08749008178711
88000,14,"('hunt', 1, 2)",-6.1928558349609375,-16.5822811126709
88000,15,"('hunt', 2, 0)",-10.059551239013672,-39.220890045166016
88000,16,"('hunt', 2, 1)",-7.3744025230407715,-25.462100982666016
88000,17,"('hunt', 2, 2)",-4.8502960205078125,-9.167398452758789
88000,18,"('expedition', 0, 0)",,
88200,0,"('wait', 0, 0)",-13.398981094360352,-47.96577072143555
88200,1,"('wait', 0, 1)",-9.89790153503418,-33.30491256713867
88200,2,"('wait', 0, 2)",-9.57829475402832,-32.35226821899414
88200,3,"('wait', 1, 0)",-10.544621467590332,-37.429908752441406
88200,4,"('wait', 1, 1)",-6.343015670776367,-17.773727416992188
88200,5,"('wait', 1, 2)",-6.699070930480957,-19.344358444213867
88200,6,"('wait', 2, 0)",-10.465008735656738,-41.004024505615234
88200,7,"('wait', 2, 1)",-7.279006481170654,-26.33677864074707
88200,8,"('wait', 2, 2)",-5.2780256271362305,-11.533185958862305
88200,9,"('hunt', 0, 0)",-14.04641056060791,-49.141212463378906
88200,10,"('hunt', 0, 1)",-9.311168670654297,-30.52052879333496
88200,11,"('hunt', 0, 2)",-9.497291564941406,-31.701190948486328
88200,12,"('hunt', 1, 0)",-10.217950820922852,-35.63983154296875
88200,13,"('hunt', 1, 1)",-6.1128339767456055,-16.08749008178711
88200,14,"('hunt', 1, 2)",-6.193666458129883,-16.571781158447266
88200,15,"('hunt', 2, 0)",-10.063338279724121,-39.213558197021484
88200,16,"('hunt', 2, 1)",-7.376424312591553,-25.45029640197754
88200,17,"('hunt', 2, 2)",-4.932033061981201,-9.551560401916504
88200,18,"('expedition', 0, 0)",,
88400,0,"('wait', 0, 0)",-13.398981094360352,-47.96577072143555
88400,1,"('wait', 0, 1)",-9.89790153503418,-33.30491256713867
88400,2,"('wait', 0, 2)",-9.581016540527344,-32.34987258911133
88400,3,"('wait', 1, 0)",-10.547999382019043,-37.43145751953125
88400,4,"('wait', 1, 1)",-6.344056606292725,-17.773427963256836
88400,5,"('wait', 1, 2)",-6.700218677520752,-19.343164443969727
88400,6,"('wait', 2, 0)",-10.465008735656738,-41.004024505615234
88400,7,"('wait', 2, 1)",-7.279006481170654,-26.33677864074707
88400,8,"('wait', 2, 2)",-5.2780842781066895,-11.532659530639648
88400,9,"('hunt', 0, 0)",-14.078764915466309,-49.21535873413086
88400,10,"('hunt', 0, 1)",-9.311168670654297,-30.52052879333496
88400,11,"('hunt', 0, 2)",-9.497291564941406,-31.701190948486328
88400,12,"('hunt', 1, 0)",-10.217950820922852,-35.63983154296875
88400,13,"('hunt', 1, 1)",-6.1128339767456055,-16.08749008178711
88400,14,"('hunt', 1, 2)",-6.193666458129883,-16.571781158447266
88400,15,"('hunt', 2, 0)",-10.063338279724121,-39.213558197021484
88400,16,"('hunt', 2, 1)",-7.376424312591553,-25.45029640197754
88400,17,"('hunt', 2, 2)",-4.911015510559082,-9.531213760375977
88400,18,"('expedition', 0, 0)",,
88600,0,"('wait', 0, 0)",-13.419590950012207,-48.006629943847656
88600,1,"('wait', 0, 1)",-9.900740623474121,-33.30177307128906
88600,2,"('wait', 0, 2)",-9.581016540527344,-32.34987258911133
88600,3,"('wait', 1, 0)",-10.566400527954102,-37.47791290283203
88600,4,"('wait', 1, 1)",-6.344056606292725,-17.773427963256836
88600,5,"('wait', 1, 2)",-6.703646659851074,-19.33945655822754
88600,6,"('wait', 2, 0)",-10.465008735656738,-41.004024505615234
88600,7,"('wait', 2, 1)",-7.306722640991211,-26.44045066833496
88600,8,"('wait', 2, 2)",-5.2780842781066895,-11.532659530639648
88600,9,"('hunt', 0, 0)",-14.094929695129395,-49.252357482910156
88600,10,"('hunt', 0, 1)",-9.313691139221191,-30.509031295776367
88600,11,"('hunt', 0, 2)",-9.525836944580078,-31.798667907714844
88600,12,"('hunt', 1, 0)",-10.232771873474121,-35.68612289428711
88600,13,"('hunt', 1, 1)",-6.1128339767456055,-16.08749008178711
88600,14,"('hunt', 1, 2)",-6.1944756507873535,-16.582468032836914
88600,15,"('hunt', 2, 0)",-10.063338279724121,-39.213558197021484
88600,16,"('hunt', 2, 1)",-7.376424312591553,-25.45029640197754
88600,17,"('hunt', 2, 2)",-4.8537092208862305,-9.099584579467773
88600,18,"('expedition', 0, 0)",,
88800,0,"('wait', 0, 0)",-13.435697555541992,-48.04441452026367
88800,1,"('wait', 0, 1)",-9.900740623474121,-33.30177307128906
88800,2,"('wait', 0, 2)",-9.600749015808105,-32.394046783447266
88800,3,"('wait', 1, 0)",-10.566400527954102,-37.47791290283203
88800,4,"('wait', 1, 1)",-6.345091819763184,-17.772706985473633
88800,5,"('wait', 1, 2)",-6.703646659851074,-19.33945655822754
88800,6,"('wait', 2, 0)",-10.480586051940918,-41.045921325683594
88800,7,"('wait', 2, 1)",-7.306722640991211,-26.44045066833496
88800,8,"('wait', 2, 2)",-5.2780842781066895,-11.532659530639648
88800,9,"('hunt', 0, 0)",-14.099421501159668,-49.24551010131836
88800,10,"('hunt', 0, 1)",-9.318730354309082,-30.504501342773438
88800,11,"('hunt', 0, 2)",-9.522647857666016,-31.738414764404297
88800,12,"('hunt', 1, 0)",-10.235920906066895,-35.67496109008789
88800,13,"('hunt', 1, 1)",-6.1128339767456055,-16.08749008178711
88800,14,"('hunt', 1, 2)",-6.1944756507873535,-16.582468032836914
88800,15,"('hunt', 2, 0)",-10.067096710205078,-39.20578384399414
88800,16,"('hunt', 2, 1)",-7.376424312591553,-25.45029640197754
88800,17,"('hunt', 2, 2)",-4.850844383239746,-9.48343276977539
88800,18,"('expedition', 0, 0)",,
89000,0,"('wait', 0, 0)",-13.467790603637695,-48.11960983276367
89000,1,"('wait', 0, 1)",-9.90356731414795,-33.29898452758789
89000,2,"('wait', 0, 2)",-9.600749015808105,-32.394046783447266
89000,3,"('wait', 1, 0)",-10.569759368896484,-37.479026794433594
89000,4,"('wait', 1, 1)",-6.345091819763184,-17.772706985473633
89000,5,"('wait', 1, 2)",-6.703646659851074,-19.33945655822754
89000,6,"('wait', 2, 0)",-10.480586051940918,-41.045921325683594
89000,7,"('wait', 2, 1)",-7.31111478805542,-26.44588851928711
89000,8,"('wait', 2, 2)",-5.2780842781066895,-11.532659530639648
89000,9,"('hunt', 0, 0)",-14.099421501159668,-49.24551010131836
89000,10,"('hunt', 0, 1)",-9.321240425109863,-30.511613845825195
89000,11,"('hunt', 0, 2)",-9.522647857666016,-31.738414764404297
89000,12,"('hunt', 1, 0)",-10.235920906066895,-35.67496109008789
89000,13,"('hunt', 1, 1)",-6.113638877868652,-16.076229095458984
89000,14,"('hunt', 1, 2)",-6.195283889770508,-16.593177795410156
89000,15,"('hunt', 2, 0)",-10.082441329956055,-39.24888610839844
89000,16,"('hunt', 2, 1)",-7.376424312591553,-25.45029640197754
89000,17,"('hunt', 2, 2)",-4.826516628265381,-8.984786033630371
89000,18,"('expedition', 0, 0)",,
89200,0,"('wait', 0, 0)",-13.483829498291016,-48.157142639160156
89200,1,"('wait', 0, 1)",-9.90356731414795,-33.29898452758789
89200,2,"('wait', 0, 2)",-9.600749015808105,-32.394046783447266
89200,3,"('wait', 1, 0)",-10.573115348815918,-37.48027420043945
89200,4,"('wait', 1, 1)",-6.346123218536377,-17.771900177001953
89200,5,"('wait', 1, 2)",-6.703646659851074,-19.33945655822754
89200,6,"('wait', 2, 0)",-10.496087074279785,-41.08757400512695
89200,7,"('wait', 2, 1)",-7.31111478805542,-26.44588851928711
89200,8,"('wait', 2, 2)",-5.2897725105285645,-11.593832969665527
89200,9,"('hunt', 0, 0)",-14.099421501159668,-49.24551010131836
89200,10,"('hunt', 0, 1)",-9.326240539550781,-30.488407135009766
89200,11,"('hunt', 0, 2)",-9.522647857666016,-31.738414764404297
89200,12,"('hunt', 1, 0)",-10.239054679870605,-35.663818359375
89200,13,"('hunt', 1, 1)",-6.113638877868652,-16.076229095458984
89200,14,"('hunt', 1, 2)",-6.196889877319336,-16.572330474853516
89200,15,"('hunt', 2, 0)",-10.082441329956055,-39.24888610839844
89200,16,"('hunt', 2, 1)",-7.376424312591553,-25.45029640197754
89200,17,"('hunt', 2, 2)",-4.861215591430664,-9.077057838439941
89200,18,"('expedition', 0, 0)",,
89400,0,"('wait', 0, 0)",-13.483829498291016,-48.157142639160156
89400,1,"('wait', 0, 1)",-9.90356731414795,-33.29898452758789
89400,2,"('wait', 0, 2)",-9.600749015808105,-32.394046783447266
89400,3,"('wait', 1, 0)",-10.600431442260742,-37.505611419677734
89400,4,"('wait', 1, 1)",-6.346123218536377,-17.771900177001953
89400,5,"('wait', 1, 2)",-6.703646659851074,-19.33945655822754
89400,6,"('wait', 2, 0)",-10.503958702087402,-41.09563446044922
89400,7,"('wait', 2, 1)",-7.31111478805542,-26.44588851928711
89400,8,"('wait', 2, 2)",-5.28983736038208,-11.593812942504883
89400,9,"('hunt', 0, 0)",-14.099421501159668,-49.24551010131836
89400,10,"('hunt', 0, 1)",-9.326240539550781,-30.488407135009766
89400,11,"('hunt', 0, 2)",-9.525249481201172,-31.744556427001953
89400,12,"('hunt', 1, 0)",-10.239054679870605,-35.663818359375
89400,13,"('hunt', 1, 1)",-6.113638877868652,-16.076229095458984
89400,14,"('hunt', 1, 2)",-6.196889877319336,-16.572330474853516
89400,15,"('hunt', 2, 0)",-10.086180686950684,-39.266693115234375
89400,16,"('hunt', 2, 1)",-7.378421783447266,-25.464481353759766
89400,17,"('hunt', 2, 2)",-4.86159086227417,-9.431402206420898
89400,18,"('expedition', 0, 0)",,
89600,0,"('wait', 0, 0)",-13.483829498291016,-48.157142639160156
89600,1,"('wait', 0, 1)",-9.917901039123535,-33.34642028808594
89600,2,"('wait', 0, 2)",-9.617657661437988,-32.44013214111328
89600,3,"('wait', 1, 0)",-10.603764533996582,-37.5063362121582
89600,4,"('wait', 1, 1)",-6.34714937210083,-17.771347045898438
89600,5,"('wait', 1, 2)",-6.700144290924072,-19.287364959716797
89600,6,"('wait', 2, 0)",-10.503958702087402,-41.09563446044922
89600,7,"('wait', 2, 1)",-7.31111478805542,-26.44588851928711
89600,8,"('wait', 2, 2)",-5.28983736038208,-11.593812942504883
89600,9,"('hunt', 0, 0)",-14.099421501159668,-49.24551010131836
89600,10,"('hunt', 0, 1)",-9.340237617492676,-30.53780174255371
89600,11,"('hunt', 0, 2)",-9.52784252166748,-31.734155654907227
89600,12,"('hunt', 1, 0)",-10.242172241210938,-35.65271759033203
89600,13,"('hunt', 1, 1)",-6.113638877868652,-16.076229095458984
89600,14,"('hunt', 1, 2)",-6.198480129241943,-16.550987243652344
89600,15,"('hunt', 2, 0)",-10.089913368225098,-39.259361267089844
89600,16,"('hunt', 2, 1)",-7.378421783447266,-25.464481353759766
89600,17,"('hunt', 2, 2)",-4.834251880645752,-9.46425724029541
89600,18,"('expedition', 0, 0)",,
89800,0,"('wait', 0, 0)",-13.483829498291016,-48.157142639160156
89800,1,"('wait', 0, 1)",-9.917901039123535,-33.34642028808594
89800,2,"('wait', 0, 2)",-9.620341300964355,-32.43838119506836
89800,3,"('wait', 1, 0)",-10.633405685424805,-37.59487533569336
89800,4,"('wait', 1, 1)",-6.34714937210083,-17.771347045898438
89800,5,"('wait', 1, 2)",-6.700144290924072,-19.287364959716797
89800,6,"('wait', 2, 0)",-10.519366264343262,-41.13699722290039
89800,7,"('wait', 2, 1)",-7.31111478805542,-26.44588851928711
89800,8,"('wait', 2, 2)",-5.28983736038208,-11.593812942504883
89800,9,"('hunt', 0, 0)",-14.10385513305664,-49.2386589050293
89800,10,"('hunt', 0, 1)",-9.34272575378418,-30.5262508392334
89800,11,"('hunt', 0, 2)",-9.52784252166748,-31.734155654907227
89800,12,"('hunt', 1, 0)",-10.242172241210938,-35.65271759033203
89800,13,"('hunt', 1, 1)",-6.114437580108643,-16.086042404174805
89800,14,"('hunt', 1, 2)",-6.198480129241943,-16.550987243652344
89800,15,"('hunt', 2, 0)",-10.089913368225098,-39.259361267089844
89800,16,"('hunt', 2, 1)",-7.391917705535889,-25.516284942626953
89800,17,"('hunt', 2, 2)",-4.8527679443359375,-9.321288108825684
89800,18,"('expedition', 0, 0)",,
90000,0,"('wait', 0, 0)",-13.488247871398926,-48.15953826904297
90000,1,"('wait', 0, 1)",-9.920697212219238,-33.34392547607422
90000,2,"('wait', 0, 2)",-9.625691413879395,-32.43482971191406
90000,3,"('wait', 1, 0)",-10.65151309967041,-37.63982391357422
90000,4,"('wait', 1, 1)",-6.349190711975098,-17.770832061767578
90000,5,"('wait', 1, 2)",-6.700144290924072,-19.287364959716797
90000,6,"('wait', 2, 0)",-10.519366264343262,-41.13699722290039
90000,7,"('wait', 2, 1)",-7.31111478805542,-26.44588851928711
90000,8,"('wait', 2, 2)",-5.28983736038208,-11.593812942504883
90000,9,"('hunt', 0, 0)",-14.10385513305664,-49.2386589050293
90000,10,"('hunt', 0, 1)",-9.34272575378418,-30.5262508392334
90000,11,"('hunt', 0, 2)",-9.530421257019043,-31.72381591796875
90000,12,"('hunt', 1, 0)",-10.256756782531738,-35.69827651977539
90000,13,"('hunt', 1, 1)",-6.116030216217041,-16.084962844848633
90000,14,"('hunt', 1, 2)",-6.210746765136719,-16.609045028686523
90000,15,"('hunt', 2, 0)",-10.089913368225098,-39.259361267089844
90000,16,"('hunt', 2, 1)",-7.391917705535889,-25.516284942626953
90000,17,"('hunt', 2, 2)",-4.869658470153809,-9.318655014038086
90000,18,"('expedition', 0, 0)",,
90200,0,"('wait', 0, 0)",-13.50410270690918,-48.19660949707031
90200,1,"('wait', 0, 1)",-9.937723159790039,-33.388282775878906
90200,2,"('wait', 0, 2)",-9.631023406982422,-32.43092727661133
90200,3,"('wait', 1, 0)",-10.65483283996582,-37.6406135559082
90200,4,"('wait', 1, 1)",-6.349190711975098,-17.770832061767578
90200,5,"('wait', 1, 2)",-6.716063022613525,-19.341588973999023
90200,6,"('wait', 2, 0)",-10.519366264343262,-41.13699722290039
90200,7,"('wait', 2, 1)",-7.313284397125244,-26.447853088378906
90200,8,"('wait', 2, 2)",-5.2899017333984375,-11.593835830688477
90200,9,"('hunt', 0, 0)",-14.119731903076172,-49.274986267089844
90200,10,"('hunt', 0, 1)",-9.34272575378418,-30.5262508392334
90200,11,"('hunt', 0, 2)",-9.532992362976074,-31.729900360107422
90200,12,"('hunt', 1, 0)",-10.259858131408691,-35.687355041503906
90200,13,"('hunt', 1, 1)",-6.116030216217041,-16.084962844848633
90200,14,"('hunt', 1, 2)",-6.211540222167969,-16.59816551208496
90200,15,"('hunt', 2, 0)",-10.089913368225098,-39.259361267089844
90200,16,"('hunt', 2, 1)",-7.391917705535889,-25.516284942626953
90200,17,"('hunt', 2, 2)",-4.853571891784668,-9.210210800170898
90200,18,"('expedition', 0, 0)",,
90400,0,"('wait', 0, 0)",-13.50410270690918,-48.19660949707031
90400,1,"('wait', 0, 1)",-9.937723159790039,-33.388282775878906
90400,2,"('wait', 0, 2)",-9.631023406982422,-32.43092727661133
90400,3,"('wait', 1, 0)",-10.65483283996582,-37.6406135559082
90400,4,"('wait', 1, 1)",-6.350207328796387,-17.770763397216797
90400,5,"('wait', 1, 2)",-6.7171807289123535,-19.340871810913086
90400,6,"('wait', 2, 0)",-10.542465209960938,-41.187255859375
90400,7,"('wait', 2, 1)",-7.326858997344971,-26.49854278564453
90400,8,"('wait', 2, 2)",-5.2899017333984375,-11.593835830688477
90400,9,"('hunt', 0, 0)",-14.119731903076172,-49.274986267089844
90400,10,"('hunt', 0, 1)",-9.341944694519043,-30.456979751586914
90400,11,"('hunt', 0, 2)",-9.535558700561523,-31.71930503845215
90400,12,"('hunt', 1, 0)",-10.259858131408691,-35.687355041503906
90400,13,"('hunt', 1, 1)",-6.116030216217041,-16.084962844848633
90400,14,"('hunt', 1, 2)",-6.211540222167969,-16.59816551208496
90400,15,"('hunt', 2, 0)",-10.093615531921387,-39.27656173706055
90400,16,"('hunt', 2, 1)",-7.39389705657959,-25.50450325012207
90400,17,"('hunt', 2, 2)",-4.7960710525512695,-8.744747161865234
90400,18,"('expedition', 0, 0)",,
90600,0,"('wait', 0, 0)",-13.508492469787598,-48.1989631652832
90600,1,"('wait', 0, 1)",-9.93758487701416,-33.32561492919922
90600,2,"('wait', 0, 2)",-9.645076751708984,-32.47813034057617
90600,3,"('wait', 1, 0)",-10.65483283996582,-37.6406135559082
90600,4,"('wait', 1, 1)",-6.350207328796387,-17.770763397216797
90600,5,"('wait', 1, 2)",-6.7171807289123535,-19.340871810913086
90600,6,"('wait', 2, 0)",-10.546355247497559,-41.191463470458984
90600,7,"('wait', 2, 1)",-7.32902193069458,-26.50094223022461
90600,8,"('wait', 2, 2)",-5.2899017333984375,-11.593835830688477
90600,9,"('hunt', 0, 0)",-14.128519058227539,-49.26182174682617
90600,10,"('hunt', 0, 1)",-9.341944694519043,-30.456979751586914
90600,11,"('hunt', 0, 2)",-9.538115501403809,-31.708906173706055
90600,12,"('hunt', 1, 0)",-10.259858131408691,-35.687355041503906
90600,13,"('hunt', 1, 1)",-6.116824626922607,-16.095266342163086
90600,14,"('hunt', 1, 2)",-6.2123284339904785,-16.58793067932129
90600,15,"('hunt', 2, 0)",-10.093615531921387,-39.27656173706055
90600,16,"('hunt', 2, 1)",-7.395871162414551,-25.492523193359375
90600,17,"('hunt', 2, 2)",-4.814449787139893,-8.997572898864746
90600,18,"('expedition', 0, 0)",,
90800,0,"('wait', 0, 0)",-13.512874603271484,-48.201236724853516
90800,1,"('wait', 0, 1)",-9.93758487701416,-33.32561492919922
90800,2,"('wait', 0, 2)",-9.645076751708984,-32.47813034057617
90800,3,"('wait', 1, 0)",-10.66142463684082,-37.64219284057617
90800,4,"('wait', 1, 1)",-6.351217269897461,-17.77065658569336
90800,5,"('wait', 1, 2)",-6.7171807289123535,-19.340871810913086
90800,6,"('wait', 2, 0)",-10.550240516662598,-41.195743560791016
90800,7,"('wait', 2, 1)",-7.32902193069458,-26.50094223022461
90800,8,"('wait', 2, 2)",-5.289965629577637,-11.593591690063477
90800,9,"('hunt', 0, 0)",-14.128519058227539,-49.26182174682617
90800,10,"('hunt', 0, 1)",-9.344389915466309,-30.44589614868164
90800,11,"('hunt', 0, 2)",-9.55202865600586,-31.756473541259766
90800,12,"('hunt', 1, 0)",-10.259858131408691,-35.687355041503906
90800,13,"('hunt', 1, 1)",-6.117613792419434,-16.08464813232422
90800,14,"('hunt', 1, 2)",-6.2123284339904785,-16.58793067932129
90800,15,"('hunt', 2, 0)",-10.093615531921387,-39.27656173706055
90800,16,"('hunt', 2, 1)",-7.395871162414551,-25.492523193359375
90800,17,"('hunt', 2, 2)",-4.803961753845215,-8.960251808166504
90800,18,"('expedition', 0, 0)",,
91000,0,"('wait', 0, 0)",-13.51156234741211,-48.1317024230957
91000,1,"('wait', 0, 1)",-9.951700210571289,-33.3723258972168
91000,2,"('wait', 0, 2)",-9.647725105285645,-32.47603225708008
91000,3,"('wait', 1, 0)",-10.664714813232422,-37.643184661865234
91000,4,"('wait', 1, 1)",-6.351217269897461,-17.77065658569336
91000,5,"('wait', 1, 2)",-6.7171807289123535,-19.340871810913086
91000,6,"('wait', 2, 0)",-10.550240516662598,-41.195743560791016
91000,7,"('wait', 2, 1)",-7.32902193069458,-26.50094223022461
91000,8,"('wait', 2, 2)",-5.301389694213867,-11.653749465942383
91000,9,"('hunt', 0, 0)",-14.14425277709961,-49.297813415527344
91000,10,"('hunt', 0, 1)",-9.344389915466309,-30.44589614868164
91000,11,"('hunt', 0, 2)",-9.565937995910645,-31.803977966308594
91000,12,"('hunt', 1, 0)",-10.259858131408691,-35.687355041503906
91000,13,"('hunt', 1, 1)",-6.117613792419434,-16.08464813232422
91000,14,"('hunt', 1, 2)",-6.213115215301514,-16.598369598388672
91000,15,"('hunt', 2, 0)",-10.093615531921387,-39.27656173706055
91000,16,"('hunt', 2, 1)",-7.392157077789307,-25.43732452392578
91000,17,"('hunt', 2, 2)",-4.804508209228516,-9.338263511657715
91000,18,"('expedition', 0, 0)",,
91200,0,"('wait', 0, 0)",-13.547250747680664,-48.207271575927734
91200,1,"('wait', 0, 1)",-9.951700210571289,-33.3723258972168
91200,2,"('wait', 0, 2)",-9.664339065551758,-32.521148681640625
91200,3,"('wait', 1, 0)",-10.664714813232422,-37.643184661865234
91200,4,"('wait', 1, 1)",-6.351217269897461,-17.77065658569336
91200,5,"('wait', 1, 2)",-6.719395160675049,-19.339679718017578
91200,6,"('wait', 2, 0)",-10.565417289733887,-41.23640441894531
91200,7,"('wait', 2, 1)",-7.331173419952393,-26.503145217895508
91200,8,"('wait', 2, 2)",-5.301389694213867,-11.653749465942383
91200,9,"('hunt', 0, 0)",-14.14425277709961,-49.297813415527344
91200,10,"('hunt', 0, 1)",-9.354084014892578,-30.36798667907715
91200,11,"('hunt', 0, 2)",-9.565937995910645,-31.803977966308594
91200,12,"('hunt', 1, 0)",-10.269042015075684,-35.67304611206055
91200,13,"('hunt', 1, 1)",-6.112738609313965,-16.036624908447266
91200,14,"('hunt', 1, 2)",-6.213901042938232,-16.608936309814453
91200,15,"('hunt', 2, 0)",-10.097289085388184,-39.29328918457031
91200,16,"('hunt', 2, 1)",-7.396052837371826,-25.413257598876953
91200,17,"('hunt', 2, 2)",-4.785982131958008,-9.196308135986328
91200,18,"('expedition', 0, 0)",,
91400,0,"('wait', 0, 0)",-13.578534126281738,-48.280357360839844
91400,1,"('wait', 0, 1)",-9.951700210571289,-33.3723258972168
91400,2,"('wait', 0, 2)",-9.664339065551758,-32.521148681640625
91400,3,"('wait', 1, 0)",-10.6825532913208,-37.687095642089844
91400,4,"('wait', 1, 1)",-6.351217269897461,-17.77065658569336
91400,5,"('wait', 1, 2)",-6.719395160675049,-19.339679718017578
91400,6,"('wait', 2, 0)",-10.565417289733887,-41.23640441894531
91400,7,"('wait', 2, 1)",-7.331173419952393,-26.503145217895508
91400,8,"('wait', 2, 2)",-5.29580020904541,-11.607644081115723
91400,9,"('hunt', 0, 0)",-14.14425277709961,-49.297813415527344
91400,10,"('hunt', 0, 1)",-9.358904838562012,-30.36328887939453
91400,11,"('hunt', 0, 2)",-9.579774856567383,-31.85118865966797
91400,12,"('hunt', 1, 0)",-10.269042015075684,-35.67304611206055
91400,13,"('hunt', 1, 1)",-6.113518238067627,-16.046506881713867
91400,14,"('hunt', 1, 2)",-6.213901042938232,-16.608936309814453
91400,15,"('hunt', 2, 0)",-10.097289085388184,-39.29328918457031
91400,16,"('hunt', 2, 1)",-7.397998332977295,-25.427814483642578
91400,17,"('hunt', 2, 2)",-4.808403015136719,-9.40768051147461
91400,18,"('expedition', 0, 0)",,
91600,0,"('wait', 0, 0)",-13.629712104797363,-48.39206314086914
91600,1,"('wait', 0, 1)",-9.951700210571289,-33.3723258972168
91600,2,"('wait', 0, 2)",-9.664339065551758,-32.521148681640625
91600,3,"('wait', 1, 0)",-10.6825532913208,-37.687095642089844
91600,4,"('wait', 1, 1)",-6.351217269897461,-17.77065658569336
91600,5,"('wait', 1, 2)",-6.719395160675049,-19.339679718017578
91600,6,"('wait', 2, 0)",-10.5731201171875,-41.245426177978516
91600,7,"('wait', 2, 1)",-7.333315372467041,-26.50522232055664
91600,8,"('wait', 2, 2)",-5.29580020904541,-11.607644081115723
91600,9,"('hunt', 0, 0)",-14.159892082214355,-49.333560943603516
91600,10,"('hunt', 0, 1)",-9.361311912536621,-30.370447158813477
91600,11,"('hunt', 0, 2)",-9.576674461364746,-31.792695999145508
91600,12,"('hunt', 1, 0)",-10.269042015075684,-35.67304611206055
91600,13,"('hunt', 1, 1)",-6.113518238067627,-16.046506881713867
91600,14,"('hunt', 1, 2)",-6.213901042938232,-16.608936309814453
91600,15,"('hunt', 2, 0)",-10.10094165802002,-39.28556442260742
91600,16,"('hunt', 2, 1)",-7.3962297439575195,-25.360774993896484
91600,17,"('hunt', 2, 2)",-4.825518608093262,-9.350172996520996
91600,18,"('expedition', 0, 0)",,
91800,0,"('wait', 0, 0)",-13.634038925170898,-48.39461898803711
91800,1,"('wait', 0, 1)",-9.951700210571289,-33.3723258972168
91800,2,"('wait', 0, 2)",-9.66696548461914,-32.51914978027344
91800,3,"('wait', 1, 0)",-10.6825532913208,-37.687095642089844
91800,4,"('wait', 1, 1)",-6.351217269897461,-17.77065658569336
91800,5,"('wait', 1, 2)",-6.719395160675049,-19.339679718017578
91800,6,"('wait', 2, 0)",-10.5731201171875,-41.245426177978516
91800,7,"('wait', 2, 1)",-7.335450172424316,-26.507274627685547
91800,8,"('wait', 2, 2)",-5.29580020904541,-11.607644081115723
91800,9,"('hunt', 0, 0)",-14.159892082214355,-49.333560943603516
91800,10,"('hunt', 0, 1)",-9.3637113571167,-30.377321243286133
91800,11,"('hunt', 0, 2)",-9.576674461364746,-31.792695999145508
91800,12,"('hunt', 1, 0)",-10.269042015075684,-35.67304611206055
91800,13,"('hunt', 1, 1)",-6.114291667938232,-16.0360107421875
91800,14,"('hunt', 1, 2)",-6.214679718017578,-16.5986270904541
91800,15,"('hunt', 2, 0)",-10.10094165802002,-39.28556442260742
91800,16,"('hunt', 2, 1)",-7.398150444030762,-25.34889030456543
91800,17,"('hunt', 2, 2)",-4.7981085777282715,-9.155405044555664
91800,18,"('expedition', 0, 0)",,
92000,0,"('wait', 0, 0)",-13.649589538574219,-48.430816650390625
92000,1,"('wait', 0, 1)",-9.951700210571289,-33.3723258972168
92000,2,"('wait', 0, 2)",-9.66696548461914,-32.51914978027344
92000,3,"('wait', 1, 0)",-10.680188179016113,-37.625022888183594
92000,4,"('wait', 1, 1)",-6.35221529006958,-17.770736694335938
92000,5,"('wait', 1, 2)",-6.719395160675049,-19.339679718017578
92000,6,"('wait', 2, 0)",-10.5731201171875,-41.245426177978516
92000,7,"('wait', 2, 1)",-7.335450172424316,-26.507274627685547
92000,8,"('wait', 2, 2)",-5.29580020904541,-11.607644081115723
92000,9,"('hunt', 0, 0)",-14.168550491333008,-49.320735931396484
92000,10,"('hunt', 0, 1)",-9.3637113571167,-30.377321243286133
92000,11,"('hunt', 0, 2)",-9.576674461364746,-31.792695999145508
92000,12,"('hunt', 1, 0)",-10.269042015075684,-35.67304611206055
92000,13,"('hunt', 1, 1)",-6.114291667938232,-16.0360107421875
92000,14,"('hunt', 1, 2)",-6.214679718017578,-16.5986270904541
92000,15,"('hunt', 2, 0)",-10.10094165802002,-39.28556442260742
92000,16,"('hunt', 2, 1)",-7.398150444030762,-25.34889030456543
92000,17,"('hunt', 2, 2)",-4.763956069946289,-8.73159122467041
92000,18,"('expedition', 0, 0)",,
92200,0,"('wait', 0, 0)",-13.649589538574219,-48.430816650390625
92200,1,"('wait', 0, 1)",-9.951700210571289,-33.3723258972168
92200,2,"('wait', 0, 2)",-9.66696548461914,-32.51914978027344
92200,3,"('wait', 1, 0)",-10.683424949645996,-37.625919342041016
92200,4,"('wait', 1, 1)",-6.348600387573242,-17.72222137451172
92200,5,"('wait', 1, 2)",-6.719395160675049,-19.339679718017578
92200,6,"('wait', 2, 0)",-10.580771446228027,-41.25541687011719
92200,7,"('wait', 2, 1)",-7.3375749588012695,-26.50973892211914
92200,8,"('wait', 2, 2)",-5.290252208709717,-11.561963081359863
92200,9,"('hunt', 0, 0)",-14.168550491333008,-49.320735931396484
92200,10,"('hunt', 0, 1)",-9.36610221862793,-30.384326934814453
92200,11,"('hunt', 0, 2)",-9.576674461364746,-31.792695999145508
92200,12,"('hunt', 1, 0)",-10.269042015075684,-35.67304611206055
92200,13,"('hunt', 1, 1)",-6.114291667938232,-16.0360107421875
92200,14,"('hunt', 1, 2)",-6.226667404174805,-16.655315399169922
92200,15,"('hunt', 2, 0)",-10.10094165802002,-39.28556442260742
92200,16,"('hunt', 2, 1)",-7.398150444030762,-25.34889030456543
92200,17,"('hunt', 2, 2)",-4.801021099090576,-8.903045654296875
92200,18,"('expedition', 0, 0)",,
92400,0,"('wait', 0, 0)",-13.653895378112793,-48.43393325805664
92400,1,"('wait', 0, 1)",-9.951700210571289,-33.3723258972168
92400,2,"('wait', 0, 2)",-9.68074893951416,-32.56536865234375
92400,3,"('wait', 1, 0)",-10.686657905578613,-37.62681579589844
92400,4,"('wait', 1, 1)",-6.350571632385254,-17.72256088256836
92400,5,"('wait', 1, 2)",-6.720487594604492,-19.33880615234375
92400,6,"('wait', 2, 0)",-10.59959602355957,-41.30097961425781
92400,7,"('wait', 2, 1)",-7.341818332672119,-26.51470184326172
92400,8,"('wait', 2, 2)",-5.290252208709717,-11.561963081359863
92400,9,"('hunt', 0, 0)",-14.168550491333008,-49.320735931396484
92400,10,"('hunt', 0, 1)",-9.36610221862793,-30.384326934814453
92400,11,"('hunt', 0, 2)",-9.579181671142578,-31.782115936279297
92400,12,"('hunt', 1, 0)",-10.283254623413086,-35.71744155883789
92400,13,"('hunt', 1, 1)",-6.115058898925781,-16.025421142578125
92400,14,"('hunt', 1, 2)",-6.226667404174805,-16.655315399169922
92400,15,"('hunt', 2, 0)",-10.10094165802002,-39.28556442260742
92400,16,"('hunt', 2, 1)",-7.401974678039551,-25.377721786499023
92400,17,"('hunt', 2, 2)",-4.768935203552246,-9.02530574798584
92400,18,"('expedition', 0, 0)",,
92600,0,"('wait', 0, 0)",-13.658187866210938,-48.43675231933594
92600,1,"('wait', 0, 1)",-9.965582847595215,-33.41822052001953
92600,2,"('wait', 0, 2)",-9.68074893951416,-32.56536865234375
92600,3,"('wait', 1, 0)",-10.686657905578613,-37.62681579589844
92600,4,"('wait', 1, 1)",-6.351556301116943,-17.722789764404297
92600,5,"('wait', 1, 2)",-6.7215776443481445,-19.33772087097168
92600,6,"('wait', 2, 0)",-10.614572525024414,-41.34102249145508
92600,7,"('wait', 2, 1)",-7.341818332672119,-26.51470184326172
92600,8,"('wait', 2, 2)",-5.290252208709717,-11.561963081359863
92600,9,"('hunt', 0, 0)",-14.188285827636719,-49.3498649597168
92600,10,"('hunt', 0, 1)",-9.36610221862793,-30.384326934814453
92600,11,"('hunt', 0, 2)",-9.592829704284668,-31.828723907470703
92600,12,"('hunt', 1, 0)",-10.297440528869629,-35.76171112060547
92600,13,"('hunt', 1, 1)",-6.117347717285156,-16.01525115966797
92600,14,"('hunt', 1, 2)",-6.227443695068359,-16.64496612548828
92600,15,"('hunt', 2, 0)",-10.10094165802002,-39.28556442260742
92600,16,"('hunt', 2, 1)",-7.40388298034668,-25.366220474243164
92600,17,"('hunt', 2, 2)",-4.7504496574401855,-8.909130096435547
92600,18,"('expedition', 0, 0)",,
92800,0,"('wait', 0, 0)",-13.658187866210938,-48.43675231933594
92800,1,"('wait', 0, 1)",-9.968300819396973,-33.41544723510742
92800,2,"('wait', 0, 2)",-9.683351516723633,-32.56350326538086
92800,3,"('wait', 1, 0)",-10.701009750366211,-37.66963195800781
92800,4,"('wait', 1, 1)",-6.352537631988525,-17.723018646240234
92800,5,"('wait', 1, 2)",-6.733795166015625,-19.392099380493164
92800,6,"('wait', 2, 0)",-10.614572525024414,-41.34102249145508
92800,7,"('wait', 2, 1)",-7.341818332672119,-26.51470184326172
92800,8,"('wait', 2, 2)",-5.290252208709717,-11.561963081359863
92800,9,"('hunt', 0, 0)",-14.188285827636719,-49.3498649597168
92800,10,"('hunt', 0, 1)",-9.36610221862793,-30.384326934814453
92800,11,"('hunt', 0, 2)",-9.595328330993652,-31.818315505981445
92800,12,"('hunt', 1, 0)",-10.297440528869629,-35.76171112060547
92800,13,"('hunt', 1, 1)",-6.118107318878174,-16.00475311279297
92800,14,"('hunt', 1, 2)",-6.223410129547119,-16.586856842041016
92800,15,"('hunt', 2, 0)",-10.10094165802002,-39.28556442260742
92800,16,"('hunt', 2, 1)",-7.407686233520508,-25.369218826293945
92800,17,"('hunt', 2, 2)",-4.767918586730957,-9.198866844177246
92800,18,"('expedition', 0, 0)",,
93000,0,"('wait', 0, 0)",-13.658187866210938,-48.43675231933594
93000,1,"('wait', 0, 1)",-9.9710111618042,-33.41243362426758
93000,2,"('wait', 0, 2)",-9.685945510864258,-32.561466217041016
93000,3,"('wait', 1, 0)",-10.701009750366211,-37.66963195800781
93000,4,"('wait', 1, 1)",-6.353517532348633,-17.7232608795166
93000,5,"('wait', 1, 2)",-6.733795166015625,-19.392099380493164
93000,6,"('wait', 2, 0)",-10.618369102478027,-41.34595489501953
93000,7,"('wait', 2, 1)",-7.341818332672119,-26.51470184326172
93000,8,"('wait', 2, 2)",-5.290252208709717,-11.561963081359863
93000,9,"('hunt', 0, 0)",-14.212225914001465,-49.3720703125
93000,10,"('hunt', 0, 1)",-9.368476867675781,-30.391328811645508
93000,11,"('hunt', 0, 2)",-9.595328330993652,-31.818315505981445
93000,12,"('hunt', 1, 0)",-10.294888496398926,-35.7016716003418
93000,13,"('hunt', 1, 1)",-6.118867874145508,-16.015348434448242
93000,14,"('hunt', 1, 2)",-6.223410129547119,-16.586856842041016
93000,15,"('hunt', 2, 0)",-10.12285041809082,-39.335731506347656
93000,16,"('hunt', 2, 1)",-7.411477565765381,-25.347023010253906
93000,17,"('hunt', 2, 2)",-4.761777400970459,-9.349861145019531
93000,18,"('expedition', 0, 0)",,
93200,0,"('wait', 0, 0)",-13.673538208007812,-48.47245407104492
93200,1,"('wait', 0, 1)",-9.973712921142578,-33.409603118896484
93200,2,"('wait', 0, 2)",-9.691119194030762,-32.557254791259766
93200,3,"('wait', 1, 0)",-10.707423210144043,-37.6710090637207
93200,4,"('wait', 1, 1)",-6.353517532348633,-17.7232608795166
93200,5,"('wait', 1, 2)",-6.747077465057373,-19.44512367248535
93200,6,"('wait', 2, 0)",-10.625955581665039,-41.35547637939453
93200,7,"('wait', 2, 1)",-7.341818332672119,-26.51470184326172
93200,8,"('wait', 2, 2)",-5.290252208709717,-11.561963081359863
93200,9,"('hunt', 0, 0)",-14.227581024169922,-49.40713119506836
93200,10,"('hunt', 0, 1)",-9.368476867675781,-30.391328811645508
93200,11,"('hunt', 0, 2)",-9.595328330993652,-31.818315505981445
93200,12,"('hunt', 1, 0)",-10.294888496398926,-35.7016716003418
93200,13,"('hunt', 1, 1)",-6.11962366104126,-16.004793167114258
93200,14,"('hunt', 1, 2)",-6.223410129547119,-16.586856842041016
93200,15,"('hunt', 2, 0)",-10.12285041809082,-39.335731506347656
93200,16,"('hunt', 2, 1)",-7.413365364074707,-25.335798263549805
93200,17,"('hunt', 2, 2)",-4.699860095977783,-9.006811141967773
93200,18,"('expedition', 0, 0)",,
93400,0,"('wait', 0, 0)",-13.677802085876465,-48.47490692138672
93400,1,"('wait', 0, 1)",-9.976408004760742,-33.40694046020508
93400,2,"('wait', 0, 2)",-9.691119194030762,-32.557254791259766
93400,3,"('wait', 1, 0)",-10.707423210144043,-37.6710090637207
93400,4,"('wait', 1, 1)",-6.353517532348633,-17.7232608795166
93400,5,"('wait', 1, 2)",-6.7481689453125,-19.444042205810547
93400,6,"('wait', 2, 0)",-10.625955581665039,-41.35547637939453
93400,7,"('wait', 2, 1)",-7.341818332672119,-26.51470184326172
93400,8,"('wait', 2, 2)",-5.3013787269592285,-11.62060546875
93400,9,"('hunt', 0, 0)",-14.227581024169922,-49.40713119506836
93400,10,"('hunt', 0, 1)",-9.368476867675781,-30.391328811645508
93400,11,"('hunt', 0, 2)",-9.597810745239258,-31.824766159057617
93400,12,"('hunt', 1, 0)",-10.294888496398926,-35.7016716003418
93400,13,"('hunt', 1, 1)",-6.120379447937012,-16.014673233032227
93400,14,"('hunt', 1, 2)",-6.226454257965088,-16.586549758911133
93400,15,"('hunt', 2, 0)",-10.130011558532715,-39.32162094116211
93400,16,"('hunt', 2, 1)",-7.413365364074707,-25.335798263549805
93400,17,"('hunt', 2, 2)",-4.722440242767334,-9.202596664428711
93400,18,"('expedition', 0, 0)",,
93600,0,"('wait', 0, 0)",-13.693095207214355,-48.51044845581055
93600,1,"('wait', 0, 1)",-9.976408004760742,-33.40694046020508
93600,2,"('wait', 0, 2)",-9.693694114685059,-32.55524826049805
93600,3,"('wait', 1, 0)",-10.707423210144043,-37.6710090637207
93600,4,"('wait', 1, 1)",-6.353517532348633,-17.7232608795166
93600,5,"('wait', 1, 2)",-6.749256610870361,-19.442859649658203
93600,6,"('wait', 2, 0)",-10.629731178283691,-41.360687255859375
93600,7,"('wait', 2, 1)",-7.341818332672119,-26.51470184326172
93600,8,"('wait', 2, 2)",-5.3013787269592285,-11.62060546875
93600,9,"('hunt', 0, 0)",-14.227581024169922,-49.40713119506836
93600,10,"('hunt', 0, 1)",-9.368476867675781,-30.391328811645508
93600,11,"('hunt', 0, 2)",-9.597810745239258,-31.824766159057617
93600,12,"('hunt', 1, 0)",-10.294888496398926,-35.7016716003418
93600,13,"('hunt', 1, 1)",-6.120379447937012,-16.014673233032227
93600,14,"('hunt', 1, 2)",-6.2272138595581055,-16.59590721130371
93600,15,"('hunt', 2, 0)",-10.133588790893555,-39.338050842285156
93600,16,"('hunt', 2, 1)",-7.413365364074707,-25.335798263549805
93600,17,"('hunt', 2, 2)",-4.724172592163086,-9.181526184082031
93600,18,"('expedition', 0, 0)",,
93800,0,"('wait', 0, 0)",-13.693095207214355,-48.51044845581055
93800,1,"('wait', 0, 1)",-9.976408004760742,-33.40694046020508
93800,2,"('wait', 0, 2)",-9.693316459655762,-32.4954833984375
93800,3,"('wait', 1, 0)",-10.713796615600586,-37.67223358154297
93800,4,"('wait', 1, 1)",-6.348971366882324,-17.675321578979492
93800,5,"('wait', 1, 2)",-6.750341892242432,-19.441692352294922
93800,6,"('wait', 2, 0)",-10.633501052856445,-41.365638732910156
93800,7,"('wait', 2, 1)",-7.343908786773682,-26.517047882080078
93800,8,"('wait', 2, 2)",-5.3013787269592285,-11.62060546875
93800,9,"('hunt', 0, 0)",-14.227581024169922,-49.40713119506836
93800,10,"('hunt', 0, 1)",-9.368476867675781,-30.391328811645508
93800,11,"('hunt', 0, 2)",-9.602749824523926,-31.804697036743164
93800,12,"('hunt', 1, 0)",-10.297859191894531,-35.69028854370117
93800,13,"('hunt', 1, 1)",-6.120379447937012,-16.014673233032227
93800,14,"('hunt', 1, 2)",-6.2272138595581055,-16.59590721130371
93800,15,"('hunt', 2, 0)",-10.133588790893555,-39.338050842285156
93800,16,"('hunt', 2, 1)",-7.415243625640869,-25.350126266479492
93800,17,"('hunt', 2, 2)",-4.731161594390869,-9.19698429107666
93800,18,"('expedition', 0, 0)",,
94000,0,"('wait', 0, 0)",-13.693095207214355,-48.51044845581055
94000,1,"('wait', 0, 1)",-9.976408004760742,-33.40694046020508
94000,2,"('wait', 0, 2)",-9.706865310668945,-32.54096603393555
94000,3,"('wait', 1, 0)",-10.727983474731445,-37.71452713012695
94000,4,"('wait', 1, 1)",-6.348971366882324,-17.675321578979492
94000,5,"('wait', 1, 2)",-6.750341892242432,-19.441692352294922
94000,6,"('wait', 2, 0)",-10.648262977600098,-41.405059814453125
94000,7,"('wait', 2, 1)",-7.34807825088501,-26.521442413330078
94000,8,"('wait', 2, 2)",-5.301441669464111,-11.620640754699707
94000,9,"('hunt', 0, 0)",-14.242809295654297,-49.44187545776367
94000,10,"('hunt', 0, 1)",-9.37082290649414,-30.3804988861084
94000,11,"('hunt', 0, 2)",-9.61315631866455,-31.79361915588379
94000,12,"('hunt', 1, 0)",-10.30378532409668,-35.667659759521484
94000,13,"('hunt', 1, 1)",-6.120379447937012,-16.014673233032227
94000,14,"('hunt', 1, 2)",-6.2272138595581055,-16.59590721130371
94000,15,"('hunt', 2, 0)",-10.137151718139648,-39.33098220825195
94000,16,"('hunt', 2, 1)",-7.417114734649658,-25.338773727416992
94000,17,"('hunt', 2, 2)",-4.721893787384033,-8.978890419006348
94000,18,"('expedition', 0, 0)",,
94200,0,"('wait', 0, 0)",-13.708304405212402,-48.5457649230957
94200,1,"('wait', 0, 1)",-9.976408004760742,-33.40694046020508
94200,2,"('wait', 0, 2)",-9.706865310668945,-32.54096603393555
94200,3,"('wait', 1, 0)",-10.731159210205078,-37.715152740478516
94200,4,"('wait', 1, 1)",-6.348971366882324,-17.675321578979492
94200,5,"('wait', 1, 2)",-6.751422882080078,-19.44023895263672
94200,6,"('wait', 2, 0)",-10.652016639709473,-41.409629821777344
94200,7,"('wait', 2, 1)",-7.352244853973389,-26.5258731842041
94200,8,"('wait', 2, 2)",-5.301504611968994,-11.620499610900879
94200,9,"('hunt', 0, 0)",-14.258005142211914,-49.47651672363281
94200,10,"('hunt', 0, 1)",-9.37082290649414,-30.3804988861084
94200,11,"('hunt', 0, 2)",-9.61315631866455,-31.79361915588379
94200,12,"('hunt', 1, 0)",-10.306743621826172,-35.677001953125
94200,13,"('hunt', 1, 1)",-6.120379447937012,-16.014673233032227
94200,14,"('hunt', 1, 2)",-6.228729248046875,-16.615413665771484
94200,15,"('hunt', 2, 0)",-10.155241012573242,-39.3883056640625
94200,16,"('hunt', 2, 1)",-7.4355549812316895,-25.379676818847656
94200,17,"('hunt', 2, 2)",-4.712924480438232,-8.95538330078125
94200,18,"('expedition', 0, 0)",,
94400,0,"('wait', 0, 0)",-13.708304405212402,-48.5457649230957
94400,1,"('wait', 0, 1)",-9.97907543182373,-33.40436935424805
94400,2,"('wait', 0, 2)",-9.709409713745117,-32.53929901123047
94400,3,"('wait', 1, 0)",-10.745266914367676,-37.75717544555664
94400,4,"('wait', 1, 1)",-6.349929332733154,-17.675216674804688
94400,5,"('wait', 1, 2)",-6.75357723236084,-19.438278198242188
94400,6,"('wait', 2, 0)",-10.652016639709473,-41.409629821777344
94400,7,"('wait', 2, 1)",-7.352244853973389,-26.5258731842041
94400,8,"('wait', 2, 2)",-5.3125224113464355,-11.678495407104492
94400,9,"('hunt', 0, 0)",-14.273189544677734,-49.511104583740234
94400,10,"('hunt', 0, 1)",-9.37549114227295,-30.35881805419922
94400,11,"('hunt', 0, 2)",-9.629019737243652,-31.845911026000977
94400,12,"('hunt', 1, 0)",-10.306743621826172,-35.677001953125
94400,13,"('hunt', 1, 1)",-6.121880054473877,-16.0339412689209
94400,14,"('hunt', 1, 2)",-6.225502014160156,-16.568593978881836
94400,15,"('hunt', 2, 0)",-10.169733047485352,-39.428871154785156
94400,16,"('hunt', 2, 1)",-7.437424182891846,-25.394052505493164
94400,17,"('hunt', 2, 2)",-4.744305610656738,-9.230334281921387
94400,18,"('expedition', 0, 0)",,
94600,0,"('wait', 0, 0)",-13.708304405212402,-48.5457649230957
94600,1,"('wait', 0, 1)",-9.97907543182373,-33.40436935424805
94600,2,"('wait', 0, 2)",-9.709409713745117,-32.53929901123047
94600,3,"('wait', 1, 0)",-10.748430252075195,-37.75812530517578
94600,4,"('wait', 1, 1)",-6.351841926574707,-17.674898147583008
94600,5,"('wait', 1, 2)",-6.7546515464782715,-19.4373779296875
94600,6,"('wait', 2, 0)",-10.652016639709473,-41.409629821777344
94600,7,"('wait', 2, 1)",-7.352244853973389,-26.5258731842041
94600,8,"('wait', 2, 2)",-5.307117938995361,-11.633890151977539
94600,9,"('hunt', 0, 0)",-14.273189544677734,-49.511104583740234
94600,10,"('hunt', 0, 1)",-9.388752937316895,-30.40583038330078
94600,11,"('hunt', 0, 2)",-9.628434181213379,-31.779024124145508
94600,12,"('hunt', 1, 0)",-10.309685707092285,-35.66597366333008
94600,13,"('hunt', 1, 1)",-6.122630596160889,-16.043472290039062
94600,14,"('hunt', 1, 2)",-6.225502014160156,-16.568593978881836
94600,15,"('hunt', 2, 0)",-10.169733047485352,-39.428871154785156
94600,16,"('hunt', 2, 1)",-7.437424182891846,-25.394052505493164
94600,17,"('hunt', 2, 2)",-4.724160671234131,-9.043798446655273
94600,18,"('expedition', 0, 0)",,
94800,0,"('wait', 0, 0)",-13.708304405212402,-48.5457649230957
94800,1,"('wait', 0, 1)",-9.97907543182373,-33.40436935424805
94800,2,"('wait', 0, 2)",-9.714476585388184,-32.536041259765625
94800,3,"('wait', 1, 0)",-10.754743576049805,-37.75980758666992
94800,4,"('wait', 1, 1)",-6.352795124053955,-17.67464256286621
94800,5,"('wait', 1, 2)",-6.755722522735596,-19.436281204223633
94800,6,"('wait', 2, 0)",-10.659480094909668,-41.4191780090332
94800,7,"('wait', 2, 1)",-7.352244853973389,-26.5258731842041
94800,8,"('wait', 2, 2)",-5.307180881500244,-11.633477210998535
94800,9,"('hunt', 0, 0)",-14.273189544677734,-49.511104583740234
94800,10,"('hunt', 0, 1)",-9.404306411743164,-30.44156265258789
94800,11,"('hunt', 0, 2)",-9.628434181213379,-31.779024124145508
94800,12,"('hunt', 1, 0)",-10.326465606689453,-35.71881103515625
94800,13,"('hunt', 1, 1)",-6.123380661010742,-16.05280113220215
94800,14,"('hunt', 1, 2)",-6.22774600982666,-16.578815460205078
94800,15,"('hunt', 2, 0)",-10.16780948638916,-39.36709213256836
94800,16,"('hunt', 2, 1)",-7.437424182891846,-25.394052505493164
94800,17,"('hunt', 2, 2)",-4.703845977783203,-8.896580696105957
94800,18,"('expedition', 0, 0)",,
95000,0,"('wait', 0, 0)",-13.712496757507324,-48.54846954345703
95000,1,"('wait', 0, 1)",-9.97907543182373,-33.40436935424805
95000,2,"('wait', 0, 2)",-9.716605186462402,-32.47589111328125
95000,3,"('wait', 1, 0)",-10.754743576049805,-37.75980758666992
95000,4,"('wait', 1, 1)",-6.352795124053955,-17.67464256286621
95000,5,"('wait', 1, 2)",-6.755722522735596,-19.436281204223633
95000,6,"('wait', 2, 0)",-10.659480094909668,-41.4191780090332
95000,7,"('wait', 2, 1)",-7.365194320678711,-26.574169158935547
95000,8,"('wait', 2, 2)",-5.307180881500244,-11.633477210998535
95000,9,"('hunt', 0, 0)",-14.273189544677734,-49.511104583740234
95000,10,"('hunt', 0, 1)",-9.408950805664062,-30.43732452392578
95000,11,"('hunt', 0, 2)",-9.641761779785156,-31.824586868286133
95000,12,"('hunt', 1, 0)",-10.326465606689453,-35.71881103515625
95000,13,"('hunt', 1, 1)",-6.1419596672058105,-16.118146896362305
95000,14,"('hunt', 1, 2)",-6.223790645599365,-16.52249526977539
95000,15,"('hunt', 2, 0)",-10.16780948638916,-39.36709213256836
95000,16,"('hunt', 2, 1)",-7.437424182891846,-25.394052505493164
95000,17,"('hunt', 2, 2)",-4.612995624542236,-8.571479797363281
95000,18,"('expedition', 0, 0)",,
95200,0,"('wait', 0, 0)",-13.716679573059082,-48.5511474609375
95200,1,"('wait', 0, 1)",-9.987004280090332,-33.397647857666016
95200,2,"('wait', 0, 2)",-9.716605186462402,-32.47589111328125
95200,3,"('wait', 1, 0)",-10.754743576049805,-37.75980758666992
95200,4,"('wait', 1, 1)",-6.352795124053955,-17.67464256286621
95200,5,"('wait', 1, 2)",-6.756788730621338,-19.435588836669922
95200,6,"('wait', 2, 0)",-10.659480094909668,-41.4191780090332
95200,7,"('wait', 2, 1)",-7.365194320678711,-26.574169158935547
95200,8,"('wait', 2, 2)",-5.318104267120361,-11.690964698791504
95200,9,"('hunt', 0, 0)",-14.273189544677734,-49.511104583740234
95200,10,"('hunt', 0, 1)",-9.422128677368164,-30.483970642089844
95200,11,"('hunt', 0, 2)",-9.641761779785156,-31.824586868286133
95200,12,"('hunt', 1, 0)",-10.326465606689453,-35.71881103515625
95200,13,"('hunt', 1, 1)",-6.1419596672058105,-16.118146896362305
95200,14,"('hunt', 1, 2)",-6.223790645599365,-16.52249526977539
95200,15,"('hunt', 2, 0)",-10.165884971618652,-39.30561828613281
95200,16,"('hunt', 2, 1)",-7.437424182891846,-25.394052505493164
95200,17,"('hunt', 2, 2)",-4.594203948974609,-8.441518783569336
95200,18,"('expedition', 0, 0)",,
95400,0,"('wait', 0, 0)",-13.716679573059082,-48.5511474609375
95400,1,"('wait', 0, 1)",-9.987004280090332,-33.397647857666016
95400,2,"('wait', 0, 2)",-9.72161865234375,-32.47293472290039
95400,3,"('wait', 1, 0)",-10.76872444152832,-37.80141830444336
95400,4,"('wait', 1, 1)",-6.3546905517578125,-17.674354553222656
95400,5,"('wait', 1, 2)",-6.757852554321289,-19.43452262878418
95400,6,"('wait', 2, 0)",-10.67402458190918,-41.457977294921875
95400,7,"('wait', 2, 1)",-7.365194320678711,-26.574169158935547
95400,8,"('wait', 2, 2)",-5.318173408508301,-11.690279960632324
95400,9,"('hunt', 0, 0)",-14.273189544677734,-49.511104583740234
95400,10,"('hunt', 0, 1)",-9.422128677368164,-30.483970642089844
95400,11,"('hunt', 0, 2)",-9.641761779785156,-31.824586868286133
95400,12,"('hunt', 1, 0)",-10.340222358703613,-35.76177978515625
95400,13,"('hunt', 1, 1)",-6.1427130699157715,-16.127605438232422
95400,14,"('hunt', 1, 2)",-6.223790645599365,-16.52249526977539
95400,15,"('hunt', 2, 0)",-10.169380187988281,-39.2989616394043
95400,16,"('hunt', 2, 1)",-7.437424182891846,-25.394052505493164
95400,17,"('hunt', 2, 2)",-4.566413402557373,-8.546754837036133
95400,18,"('expedition', 0, 0)",,
95600,0,"('wait', 0, 0)",-13.716679573059082,-48.5511474609375
95600,1,"('wait', 0, 1)",-9.989633560180664,-33.395511627197266
95600,2,"('wait', 0, 2)",-9.72161865234375,-32.47293472290039
95600,3,"('wait', 1, 0)",-10.77498722076416,-37.80200958251953
95600,4,"('wait', 1, 1)",-6.355635166168213,-17.67396354675293
95600,5,"('wait', 1, 2)",-6.759975433349609,-19.432586669921875
95600,6,"('wait', 2, 0)",-10.692248344421387,-41.50135040283203
95600,7,"('wait', 2, 1)",-7.378079414367676,-26.622175216674805
95600,8,"('wait', 2, 2)",-5.318173408508301,-11.690279960632324
95600,9,"('hunt', 0, 0)",-14.273189544677734,-49.511104583740234
95600,10,"('hunt', 0, 1)",-9.422128677368164,-30.483970642089844
95600,11,"('hunt', 0, 2)",-9.64660358428955,-31.83699607849121
95600,12,"('hunt', 1, 0)",-10.34605884552002,-35.76024627685547
95600,13,"('hunt', 1, 1)",-6.143466472625732,-16.136886596679688
95600,14,"('hunt', 1, 2)",-6.223790645599365,-16.52249526977539
95600,15,"('hunt', 2, 0)",-10.187166213989258,-39.33256149291992
95600,16,"('hunt', 2, 1)",-7.437424182891846,-25.394052505493164
95600,17,"('hunt', 2, 2)",-4.590604782104492,-8.81124210357666
95600,18,"('expedition', 0, 0)",,
95800,0,"('wait', 0, 0)",-13.735791206359863,-48.5883674621582
95800,1,"('wait', 0, 1)",-9.992255210876465,-33.393428802490234
95800,2,"('wait', 0, 2)",-9.72161865234375,-32.47293472290039
95800,3,"('wait', 1, 0)",-10.77811336517334,-37.802513122558594
95800,4,"('wait', 1, 1)",-6.356577396392822,-17.673599243164062
95800,5,"('wait', 1, 2)",-6.769590854644775,-19.43500518798828
95800,6,"('wait', 2, 0)",-10.710451126098633,-41.54441452026367
95800,7,"('wait', 2, 1)",-7.3821916580200195,-26.62727928161621
95800,8,"('wait', 2, 2)",-5.318242073059082,-11.689421653747559
95800,9,"('hunt', 0, 0)",-14.276097297668457,-49.451595306396484
95800,10,"('hunt', 0, 1)",-9.422128677368164,-30.483970642089844
95800,11,"('hunt', 0, 2)",-9.64660358428955,-31.83699607849121
95800,12,"('hunt', 1, 0)",-10.351875305175781,-35.758811950683594
95800,13,"('hunt', 1, 1)",-6.145723342895508,-16.14573097229004
95800,14,"('hunt', 1, 2)",-6.223790645599365,-16.52249526977539
95800,15,"('hunt', 2, 0)",-10.20493221282959,-39.38901138305664
95800,16,"('hunt', 2, 1)",-7.441104412078857,-25.396526336669922
95800,17,"('hunt', 2, 2)",-4.564066410064697,-8.631528854370117
95800,18,"('expedition', 0, 0)",,
96000,0,"('wait', 0, 0)",-13.75488567352295,-48.625579833984375
96000,1,"('wait', 0, 1)",-9.992255210876465,-33.393428802490234
96000,2,"('wait', 0, 2)",-9.72411060333252,-32.47142791748047
96000,3,"('wait', 1, 0)",-10.77811336517334,-37.802513122558594
96000,4,"('wait', 1, 1)",-6.356577396392822,-17.673599243164062
96000,5,"('wait', 1, 2)",-6.769590854644775,-19.43500518798828
96000,6,"('wait', 2, 0)",-10.710451126098633,-41.54441452026367
96000,7,"('wait', 2, 1)",-7.3821916580200195,-26.62727928161621
96000,8,"('wait', 2, 2)",-5.318242073059082,-11.689421653747559
96000,9,"('hunt', 0, 0)",-14.291028022766113,-49.48564147949219
96000,10,"('hunt', 0, 1)",-9.424427032470703,-30.473087310791016
96000,11,"('hunt', 0, 2)",-9.64660358428955,-31.83699607849121
96000,12,"('hunt', 1, 0)",-10.351875305175781,-35.758811950683594
96000,13,"('hunt', 1, 1)",-6.147219657897949,-16.124984741210938
96000,14,"('hunt', 1, 2)",-6.223790645599365,-16.52249526977539
96000,15,"('hunt', 2, 0)",-10.20493221282959,-39.38901138305664
96000,16,"('hunt', 2, 1)",-7.441104412078857,-25.396526336669922
96000,17,"('hunt', 2, 2)",-4.525223731994629,-8.404597282409668
96000,18,"('expedition', 0, 0)",,
96200,0,"('wait', 0, 0)",-13.75488567352295,-48.625579833984375
96200,1,"('wait', 0, 1)",-10.00269889831543,-33.385292053222656
96200,2,"('wait', 0, 2)",-9.72411060333252,-32.47142791748047
96200,3,"('wait', 1, 0)",-10.77811336517334,-37.802513122558594
96200,4,"('wait', 1, 1)",-6.356577396392822,-17.673599243164062
96200,5,"('wait', 1, 2)",-6.769590854644775,-19.43500518798828
96200,6,"('wait', 2, 0)",-10.728577613830566,-41.5871467590332
96200,7,"('wait', 2, 1)",-7.3821916580200195,-26.62727928161621
96200,8,"('wait', 2, 2)",-5.318310260772705,-11.688373565673828
96200,9,"('hunt', 0, 0)",-14.305935859680176,-49.51961135864258
96200,10,"('hunt', 0, 1)",-9.426721572875977,-30.479394912719727
96200,11,"('hunt', 0, 2)",-9.659774780273438,-31.88197135925293
96200,12,"('hunt', 1, 0)",-10.351875305175781,-35.758811950683594
96200,13,"('hunt', 1, 1)",-6.147219657897949,-16.124984741210938
96200,14,"('hunt', 1, 2)",-6.235288143157959,-16.57698631286621
96200,15,"('hunt', 2, 0)",-10.211875915527344,-39.376182556152344
96200,16,"('hunt', 2, 1)",-7.441104412078857,-25.396526336669922
96200,17,"('hunt', 2, 2)",-4.439858913421631,-7.93409538269043
96200,18,"('expedition', 0, 0)",,
96400,0,"('wait', 0, 0)",-13.759026527404785,-48.62820053100586
96400,1,"('wait', 0, 1)",-10.002532958984375,-33.326656341552734
96400,2,"('wait', 0, 2)",-9.726591110229492,-32.470272064208984
96400,3,"('wait', 1, 0)",-10.77811336517334,-37.802513122558594
96400,4,"('wait', 1, 1)",-6.35751485824585,-17.673593521118164
96400,5,"('wait', 1, 2)",-6.769590854644775,-19.43500518798828
96400,6,"('wait', 2, 0)",-10.744974136352539,-41.56759262084961
96400,7,"('wait', 2, 1)",-7.3821916580200195,-26.62727928161621
96400,8,"('wait', 2, 2)",-5.31837797164917,-11.687314987182617
96400,9,"('hunt', 0, 0)",-14.31833267211914,-49.52750778198242
96400,10,"('hunt', 0, 1)",-9.426721572875977,-30.479394912719727
96400,11,"('hunt', 0, 2)",-9.659774780273438,-31.88197135925293
96400,12,"('hunt', 1, 0)",-10.351875305175781,-35.758811950683594
96400,13,"('hunt', 1, 1)",-6.149453639984131,-16.13359832763672
96400,14,"('hunt', 1, 2)",-6.235288143157959,-16.57698631286621
96400,15,"('hunt', 2, 0)",-10.218799591064453,-39.38550567626953
96400,16,"('hunt', 2, 1)",-7.444766521453857,-25.398914337158203
96400,17,"('hunt', 2, 2)",-4.448034286499023,-8.210275650024414
96400,18,"('expedition', 0, 0)",,
96600,0,"('wait', 0, 0)",-13.759026527404785,-48.62820053100586
96600,1,"('wait', 0, 1)",-10.002532958984375,-33.326656341552734
96600,2,"('wait', 0, 2)",-9.726591110229492,-32.470272064208984
96600,3,"('wait', 1, 0)",-10.791927337646484,-37.843597412109375
96600,4,"('wait', 1, 1)",-6.35751485824585,-17.673593521118164
96600,5,"('wait', 1, 2)",-6.769590854644775,-19.43500518798828
96600,6,"('wait', 2, 0)",-10.744974136352539,-41.56759262084961
96600,7,"('wait', 2, 1)",-7.386271953582764,-26.63149642944336
96600,8,"('wait', 2, 2)",-5.318512916564941,-11.68576431274414
96600,9,"('hunt', 0, 0)",-14.317089080810547,-49.46086120605469
96600,10,"('hunt', 0, 1)",-9.429010391235352,-30.48567008972168
96600,11,"('hunt', 0, 2)",-9.662172317504883,-31.88793182373047
96600,12,"('hunt', 1, 0)",-10.377031326293945,-35.798248291015625
96600,13,"('hunt', 1, 1)",-6.149453639984131,-16.13359832763672
96600,14,"('hunt', 1, 2)",-6.235288143157959,-16.57698631286621
96600,15,"('hunt', 2, 0)",-10.222254753112793,-39.378623962402344
96600,16,"('hunt', 2, 1)",-7.444766521453857,-25.398914337158203
96600,17,"('hunt', 2, 2)",-4.471363544464111,-8.492127418518066
96600,18,"('expedition', 0, 0)",,
96800,0,"('wait', 0, 0)",-13.759026527404785,-48.62820053100586
96800,1,"('wait', 0, 1)",-10.005117416381836,-33.32424545288086
96800,2,"('wait', 0, 2)",-9.73153305053711,-32.46791458129883
96800,3,"('wait', 1, 0)",-10.795024871826172,-37.84437942504883
96800,4,"('wait', 1, 1)",-6.35751485824585,-17.673593521118164
96800,5,"('wait', 1, 2)",-6.770636558532715,-19.434207916259766
96800,6,"('wait', 2, 0)",-10.744974136352539,-41.56759262084961
96800,7,"('wait', 2, 1)",-7.386271953582764,-26.63149642944336
96800,8,"('wait', 2, 2)",-5.318512916564941,-11.68576431274414
96800,9,"('hunt', 0, 0)",-14.335989952087402,-49.488609313964844
96800,10,"('hunt', 0, 1)",-9.429010391235352,-30.48567008972168
96800,11,"('hunt', 0, 2)",-9.662172317504883,-31.88793182373047
96800,12,"('hunt', 1, 0)",-10.393499374389648,-35.84974670410156
96800,13,"('hunt', 1, 1)",-6.1524248123168945,-16.132097244262695
96800,14,"('hunt', 1, 2)",-6.235288143157959,-16.57698631286621
96800,15,"('hunt', 2, 0)",-10.22570514678955,-39.394168853759766
96800,16,"('hunt', 2, 1)",-7.443058013916016,-25.335216522216797
96800,17,"('hunt', 2, 2)",-4.4065775871276855,-8.21064281463623
96800,18,"('expedition', 0, 0)",,
97000,0,"('wait', 0, 0)",-13.76313591003418,-48.63098907470703
97000,1,"('wait', 0, 1)",-10.005117416381836,-33.32424545288086
97000,2,"('wait', 0, 2)",-9.733996391296387,-32.4669189453125
97000,3,"('wait', 1, 0)",-10.795024871826172,-37.84437942504883
97000,4,"('wait', 1, 1)",-6.35751485824585,-17.673593521118164
97000,5,"('wait', 1, 2)",-6.770636558532715,-19.434207916259766
97000,6,"('wait', 2, 0)",-10.759297370910645,-41.6057014465332
97000,7,"('wait', 2, 1)",-7.390337944030762,-26.635692596435547
97000,8,"('wait', 2, 2)",-5.318580150604248,-11.685196876525879
97000,9,"('hunt', 0, 0)",-14.335989952087402,-49.488609313964844
97000,10,"('hunt', 0, 1)",-9.431291580200195,-30.49228858947754
97000,11,"('hunt', 0, 2)",-9.662172317504883,-31.88793182373047
97000,12,"('hunt', 1, 0)",-10.396374702453613,-35.839107513427734
97000,13,"('hunt', 1, 1)",-6.1524248123168945,-16.132097244262695
97000,14,"('hunt', 1, 2)",-6.236020088195801,-16.58662986755371
97000,15,"('hunt', 2, 0)",-10.22570514678955,-39.394168853759766
97000,16,"('hunt', 2, 1)",-7.448494911193848,-25.350419998168945
97000,17,"('hunt', 2, 2)",-4.360074520111084,-8.277854919433594
97000,18,"('expedition', 0, 0)",,
97200,0,"('wait', 0, 0)",-13.76313591003418,-48.63098907470703
97200,1,"('wait', 0, 1)",-10.005117416381836,-33.32424545288086
97200,2,"('wait', 0, 2)",-9.733996391296387,-32.4669189453125
97200,3,"('wait', 1, 0)",-10.811850547790527,-37.88629913330078
97200,4,"('wait', 1, 1)",-6.35751485824585,-17.673593521118164
97200,5,"('wait', 1, 2)",-6.770636558532715,-19.434207916259766
97200,6,"('wait', 2, 0)",-10.759297370910645,-41.6057014465332
97200,7,"('wait', 2, 1)",-7.390337944030762,-26.635692596435547
97200,8,"('wait', 2, 2)",-5.318580150604248,-11.685196876525879
97200,9,"('hunt', 0, 0)",-14.350735664367676,-49.52223587036133
97200,10,"('hunt', 0, 1)",-9.431291580200195,-30.49228858947754
97200,11,"('hunt', 0, 2)",-9.675209045410156,-31.932397842407227
97200,12,"('hunt', 1, 0)",-10.396374702453613,-35.839107513427734
97200,13,"('hunt', 1, 1)",-6.153164386749268,-16.14154815673828
97200,14,"('hunt', 1, 2)",-6.247406959533691,-16.640522003173828
97200,15,"('hunt', 2, 0)",-10.22570514678955,-39.394168853759766
97200,16,"('hunt', 2, 1)",-7.460955619812012,-25.39847183227539
97200,17,"('hunt', 2, 2)",-4.325084209442139,-8.188716888427734
97200,18,"('expedition', 0, 0)",,
97400,0,"('wait', 0, 0)",-13.76313591003418,-48.63098907470703
97400,1,"('wait', 0, 1)",-10.007686614990234,-33.32186508178711
97400,2,"('wait', 0, 2)",-9.733996391296387,-32.4669189453125
97400,3,"('wait', 1, 0)",-10.818011283874512,-37.88833999633789
97400,4,"('wait', 1, 1)",-6.35751485824585,-17.673593521118164
97400,5,"('wait', 1, 2)",-6.770636558532715,-19.434207916259766
97400,6,"('wait', 2, 0)",-10.759297370910645,-41.6057014465332
97400,7,"('wait', 2, 1)",-7.390337944030762,-26.635692596435547
97400,8,"('wait', 2, 2)",-5.318580150604248,-11.685196876525879
97400,9,"('hunt', 0, 0)",-14.350735664367676,-49.52223587036133
97400,10,"('hunt', 0, 1)",-9.431291580200195,-30.49228858947754
97400,11,"('hunt', 0, 2)",-9.672273635864258,-31.877182006835938
97400,12,"('hunt', 1, 0)",-10.396374702453613,-35.839107513427734
97400,13,"('hunt', 1, 1)",-6.153904438018799,-16.15109634399414
97400,14,"('hunt', 1, 2)",-6.248142719268799,-16.650522232055664
97400,15,"('hunt', 2, 0)",-10.229132652282715,-39.38743591308594
97400,16,"('hunt', 2, 1)",-7.462759494781494,-25.386554718017578
97400,17,"('hunt', 2, 2)",-4.321865081787109,-8.369762420654297
97400,18,"('expedition', 0, 0)",,
97600,0,"('wait', 0, 0)",-13.76313591003418,-48.63098907470703
97600,1,"('wait', 0, 1)",-10.023228645324707,-33.305145263671875
97600,2,"('wait', 0, 2)",-9.733996391296387,-32.4669189453125
97600,3,"('wait', 1, 0)",-10.821084022521973,-37.889244079589844
97600,4,"('wait', 1, 1)",-6.359366416931152,-17.672704696655273
97600,5,"('wait', 1, 2)",-6.770636558532715,-19.434207916259766
97600,6,"('wait', 2, 0)",-10.762930870056152,-41.60987091064453
97600,7,"('wait', 2, 1)",-7.390337944030762,-26.635692596435547
97600,8,"('wait', 2, 2)",-5.318580150604248,-11.685196876525879
97600,9,"('hunt', 0, 0)",-14.36541748046875,-49.55569076538086
97600,10,"('hunt', 0, 1)",-9.433557510375977,-30.49923324584961
97600,11,"('hunt', 0, 2)",-9.674641609191895,-31.866352081298828
97600,12,"('hunt', 1, 0)",-10.396374702453613,-35.839107513427734
97600,13,"('hunt', 1, 1)",-6.153904438018799,-16.15109634399414
97600,14,"('hunt', 1, 2)",-6.259500026702881,-16.704198837280273
97600,15,"('hunt', 2, 0)",-10.229132652282715,-39.38743591308594
97600,16,"('hunt', 2, 1)",-7.464561462402344,-25.399829864501953
97600,17,"('hunt', 2, 2)",-4.296570301055908,-8.256808280944824
97600,18,"('expedition', 0, 0)",,
97800,0,"('wait', 0, 0)",-13.76313591003418,-48.63098907470703
97800,1,"('wait', 0, 1)",-10.023228645324707,-33.305145263671875
97800,2,"('wait', 0, 2)",-9.733996391296387,-32.4669189453125
97800,3,"('wait', 1, 0)",-10.837796211242676,-37.93056106567383
97800,4,"('wait', 1, 1)",-6.360291004180908,-17.672412872314453
97800,5,"('wait', 1, 2)",-6.766374588012695,-19.38668441772461
97800,6,"('wait', 2, 0)",-10.766558647155762,-41.61387634277344
97800,7,"('wait', 2, 1)",-7.390337944030762,-26.635692596435547
97800,8,"('wait', 2, 2)",-5.318580150604248,-11.685196876525879
97800,9,"('hunt', 0, 0)",-14.378830909729004,-49.52322006225586
97800,10,"('hunt', 0, 1)",-9.438076972961426,-30.4952392578125
97800,11,"('hunt', 0, 2)",-9.67936897277832,-31.844682693481445
97800,12,"('hunt', 1, 0)",-10.412680625915527,-35.871055603027344
97800,13,"('hunt', 1, 1)",-6.154642581939697,-16.16057777404785
97800,14,"('hunt', 1, 2)",-6.270829200744629,-16.757680892944336
97800,15,"('hunt', 2, 0)",-10.243128776550293,-39.426673889160156
97800,16,"('hunt', 2, 1)",-7.464561462402344,-25.399829864501953
97800,17,"('hunt', 2, 2)",-4.289448261260986,-8.392810821533203
97800,18,"('expedition', 0, 0)",,
98000,0,"('wait', 0, 0)",-13.76313591003418,-48.63098907470703
98000,1,"('wait', 0, 1)",-10.023228645324707,-33.305145263671875
98000,2,"('wait', 0, 2)",-9.733996391296387,-32.4669189453125
98000,3,"('wait', 1, 0)",-10.837796211242676,-37.93056106567383
98000,4,"('wait', 1, 1)",-6.361212730407715,-17.67210578918457
98000,5,"('wait', 1, 2)",-6.779006004333496,-19.437393188476562
98000,6,"('wait', 2, 0)",-10.77017879486084,-41.61793518066406
98000,7,"('wait', 2, 1)",-7.402926921844482,-26.682544708251953
98000,8,"('wait', 2, 2)",-5.3187127113342285,-11.684304237365723
98000,9,"('hunt', 0, 0)",-14.378830909729004,-49.52322006225586
98000,10,"('hunt', 0, 1)",-9.438076972961426,-30.4952392578125
98000,11,"('hunt', 0, 2)",-9.709918975830078,-31.929039001464844
98000,12,"('hunt', 1, 0)",-10.413080215454102,-35.823177337646484
98000,13,"('hunt', 1, 1)",-6.155379772186279,-16.169883728027344
98000,14,"('hunt', 1, 2)",-6.270829200744629,-16.757680892944336
98000,15,"('hunt', 2, 0)",-10.243128776550293,-39.426673889160156
98000,16,"('hunt', 2, 1)",-7.46635627746582,-25.387981414794922
98000,17,"('hunt', 2, 2)",-4.313259124755859,-8.642923355102539
98000,18,"('expedition', 0, 0)",,
98200,0,"('wait', 0, 0)",-13.76313591003418,-48.63098907470703
98200,1,"('wait', 0, 1)",-10.028310775756836,-33.30070114135742
98200,2,"('wait', 0, 2)",-9.733996391296387,-32.4669189453125
98200,3,"('wait', 1, 0)",-10.837796211242676,-37.93056106567383
98200,4,"('wait', 1, 1)",-6.362131595611572,-17.67144012451172
98200,5,"('wait', 1, 2)",-6.780036449432373,-19.436229705810547
98200,6,"('wait', 2, 0)",-10.77017879486084,-41.61793518066406
98200,7,"('wait', 2, 1)",-7.417498588562012,-26.731138229370117
98200,8,"('wait', 2, 2)",-5.3187127113342285,-11.684304237365723
98200,9,"('hunt', 0, 0)",-14.39343547821045,-49.556514739990234
98200,10,"('hunt', 0, 1)",-9.438076972961426,-30.4952392578125
98200,11,"('hunt', 0, 2)",-9.709918975830078,-31.929039001464844
98200,12,"('hunt', 1, 0)",-10.413080215454102,-35.823177337646484
98200,13,"('hunt', 1, 1)",-6.157596111297607,-16.197378158569336
98200,14,"('hunt', 1, 2)",-6.271571636199951,-16.767065048217773
98200,15,"('hunt', 2, 0)",-10.243128776550293,-39.426673889160156
98200,16,"('hunt', 2, 1)",-7.46635627746582,-25.387981414794922
98200,17,"('hunt', 2, 2)",-4.350316524505615,-8.863662719726562
98200,18,"('expedition', 0, 0)",,
98400,0,"('wait', 0, 0)",-13.79231071472168,-48.698551177978516
98400,1,"('wait', 0, 1)",-10.028310775756836,-33.30070114135742
98400,2,"('wait', 0, 2)",-9.736007690429688,-32.409515380859375
98400,3,"('wait', 1, 0)",-10.854445457458496,-37.97134780883789
98400,4,"('wait', 1, 1)",-6.363049507141113,-17.670753479003906
98400,5,"('wait', 1, 2)",-6.780036449432373,-19.436229705810547
98400,6,"('wait', 2, 0)",-10.773783683776855,-41.62216567993164
98400,7,"('wait', 2, 1)",-7.414238929748535,-26.679046630859375
98400,8,"('wait', 2, 2)",-5.3187127113342285,-11.684304237365723
98400,9,"('hunt', 0, 0)",-14.408004760742188,-49.58970260620117
98400,10,"('hunt', 0, 1)",-9.438076972961426,-30.4952392578125
98400,11,"('hunt', 0, 2)",-9.709918975830078,-31.929039001464844
98400,12,"('hunt', 1, 0)",-10.413080215454102,-35.823177337646484
98400,13,"('hunt', 1, 1)",-6.157596111297607,-16.197378158569336
98400,14,"('hunt', 1, 2)",-6.274543285369873,-16.785017013549805
98400,15,"('hunt', 2, 0)",-10.243128776550293,-39.426673889160156
98400,16,"('hunt', 2, 1)",-7.46635627746582,-25.387981414794922
98400,17,"('hunt', 2, 2)",-4.371672630310059,-8.845853805541992
98400,18,"('expedition', 0, 0)",,
98600,0,"('wait', 0, 0)",-13.79231071472168,-48.698551177978516
98600,1,"('wait', 0, 1)",-10.028310775756836,-33.30070114135742
98600,2,"('wait', 0, 2)",-9.748941421508789,-32.45307540893555
98600,3,"('wait', 1, 0)",-10.868014335632324,-38.011573791503906
98600,4,"('wait', 1, 1)",-6.359623908996582,-17.62438201904297
98600,5,"('wait', 1, 2)",-6.780036449432373,-19.436229705810547
98600,6,"('wait', 2, 0)",-10.773783683776855,-41.62216567993164
98600,7,"('wait', 2, 1)",-7.414238929748535,-26.679046630859375
98600,8,"('wait', 2, 2)",-5.318909645080566,-11.682989120483398
98600,9,"('hunt', 0, 0)",-14.408004760742188,-49.58970260620117
98600,10,"('hunt', 0, 1)",-9.438076972961426,-30.4952392578125
98600,11,"('hunt', 0, 2)",-9.712264060974121,-31.91862678527832
98600,12,"('hunt', 1, 0)",-10.42641544342041,-35.86478042602539
98600,13,"('hunt', 1, 1)",-6.159796714782715,-16.166658401489258
98600,14,"('hunt', 1, 2)",-6.275282859802246,-16.77550506591797
98600,15,"('hunt', 2, 0)",-10.2465181350708,-39.44221496582031
98600,16,"('hunt', 2, 1)",-7.468138694763184,-25.376285552978516
98600,17,"('hunt', 2, 2)",-4.372809410095215,-8.865605354309082
98600,18,"('expedition', 0, 0)",,
98800,0,"('wait', 0, 0)",-13.79231071472168,-48.698551177978516
98800,1,"('wait', 0, 1)",-10.043844223022461,-33.341590881347656
98800,2,"('wait', 0, 2)",-9.748941421508789,-32.45307540893555
98800,3,"('wait', 1, 0)",-10.871061325073242,-38.01174545288086
98800,4,"('wait', 1, 1)",-6.359623908996582,-17.62438201904297
98800,5,"('wait', 1, 2)",-6.781060218811035,-19.435131072998047
98800,6,"('wait', 2, 0)",-10.773783683776855,-41.62216567993164
98800,7,"('wait', 2, 1)",-7.414238929748535,-26.679046630859375
98800,8,"('wait', 2, 2)",-5.31897497177124,-11.682599067687988
98800,9,"('hunt', 0, 0)",-14.408004760742188,-49.58970260620117
98800,10,"('hunt', 0, 1)",-9.463536262512207,-30.585233688354492
98800,11,"('hunt', 0, 2)",-9.71460247039795,-31.90815544128418
98800,12,"('hunt', 1, 0)",-10.42641544342041,-35.86478042602539
98800,13,"('hunt', 1, 1)",-6.161252498626709,-16.14641761779785
98800,14,"('hunt', 1, 2)",-6.276763439178467,-16.79444694519043
98800,15,"('hunt', 2, 0)",-10.2465181350708,-39.44221496582031
98800,16,"('hunt', 2, 1)",-7.4716901779174805,-25.3533878326416
98800,17,"('hunt', 2, 2)",-4.392338275909424,-8.927504539489746
98800,18,"('expedition', 0, 0)",,
99000,0,"('wait', 0, 0)",-13.79231071472168,-48.698551177978516
99000,1,"('wait', 0, 1)",-10.046364784240723,-33.339359283447266
99000,2,"('wait', 0, 2)",-9.764232635498047,-32.494991302490234
99000,3,"('wait', 1, 0)",-10.871061325073242,-38.01174545288086
99000,4,"('wait', 1, 1)",-6.359623908996582,-17.62438201904297
99000,5,"('wait', 1, 2)",-6.783102035522461,-19.433149337768555
99000,6,"('wait', 2, 0)",-10.784537315368652,-41.63671112060547
99000,7,"('wait', 2, 1)",-7.410991191864014,-26.627296447753906
99000,8,"('wait', 2, 2)",-5.329512119293213,-11.737998962402344
99000,9,"('hunt', 0, 0)",-14.422493934631348,-49.622684478759766
99000,10,"('hunt', 0, 1)",-9.465780258178711,-30.591861724853516
99000,11,"('hunt', 0, 2)",-9.71460247039795,-31.90815544128418
99000,12,"('hunt', 1, 0)",-10.429237365722656,-35.873870849609375
99000,13,"('hunt', 1, 1)",-6.161252498626709,-16.14641761779785
99000,14,"('hunt', 1, 2)",-6.276763439178467,-16.79444694519043
99000,15,"('hunt', 2, 0)",-10.249893188476562,-39.43568420410156
99000,16,"('hunt', 2, 1)",-7.485711097717285,-25.38922882080078
99000,17,"('hunt', 2, 2)",-4.414872169494629,-8.889615058898926
99000,18,"('expedition', 0, 0)",,
99200,0,"('wait', 0, 0)",-13.804399490356445,-48.709022521972656
99200,1,"('wait', 0, 1)",-10.046364784240723,-33.339359283447266
99200,2,"('wait', 0, 2)",-9.764232635498047,-32.494991302490234
99200,3,"('wait', 1, 0)",-10.871061325073242,-38.01174545288086
99200,4,"('wait', 1, 1)",-6.359623908996582,-17.62438201904297
99200,5,"('wait', 1, 2)",-6.784120082855225,-19.432130813598633
99200,6,"('wait', 2, 0)",-10.788110733032227,-41.64159393310547
99200,7,"('wait', 2, 1)",-7.410991191864014,-26.627296447753906
99200,8,"('wait', 2, 2)",-5.329583168029785,-11.73717975616455
99200,9,"('hunt', 0, 0)",-14.425283432006836,-49.564300537109375
99200,10,"('hunt', 0, 1)",-9.480709075927734,-30.643190383911133
99200,11,"('hunt', 0, 2)",-9.716930389404297,-31.89790916442871
99200,12,"('hunt', 1, 0)",-10.429237365722656,-35.873870849609375
99200,13,"('hunt', 1, 1)",-6.158196449279785,-16.100881576538086
99200,14,"('hunt', 1, 2)",-6.287951469421387,-16.84716033935547
99200,15,"('hunt', 2, 0)",-10.256628036499023,-39.44477081298828
99200,16,"('hunt', 2, 1)",-7.485711097717285,-25.38922882080078
99200,17,"('hunt', 2, 2)",-4.380613803863525,-8.998834609985352
99200,18,"('expedition', 0, 0)",,
99400,0,"('wait', 0, 0)",-13.822869300842285,-48.74577713012695
99400,1,"('wait', 0, 1)",-10.04887580871582,-33.33715057373047
99400,2,"('wait', 0, 2)",-9.766634941101074,-32.4937744140625
99400,3,"('wait', 1, 0)",-10.871061325073242,-38.01174545288086
99400,4,"('wait', 1, 1)",-6.363231182098389,-17.622638702392578
99400,5,"('wait', 1, 2)",-6.784120082855225,-19.432130813598633
99400,6,"('wait', 2, 0)",-10.788110733032227,-41.64159393310547
99400,7,"('wait', 2, 1)",-7.409718990325928,-26.57752227783203
99400,8,"('wait', 2, 2)",-5.340173721313477,-11.791584014892578
99400,9,"('hunt', 0, 0)",-14.425283432006836,-49.564300537109375
99400,10,"('hunt', 0, 1)",-9.487412452697754,-30.610219955444336
99400,11,"('hunt', 0, 2)",-9.716930389404297,-31.89790916442871
99400,12,"('hunt', 1, 0)",-10.432044982910156,-35.86403274536133
99400,13,"('hunt', 1, 1)",-6.158196449279785,-16.100881576538086
99400,14,"('hunt', 1, 2)",-6.287951469421387,-16.84716033935547
99400,15,"('hunt', 2, 0)",-10.256628036499023,-39.44477081298828
99400,16,"('hunt', 2, 1)",-7.497913837432861,-25.4362735748291
99400,17,"('hunt', 2, 2)",-4.384023189544678,-8.904425621032715
99400,18,"('expedition', 0, 0)",,
99600,0,"('wait', 0, 0)",-13.837300300598145,-48.77912902832031
99600,1,"('wait', 0, 1)",-10.04887580871582,-33.33715057373047
99600,2,"('wait', 0, 2)",-9.766634941101074,-32.4937744140625
99600,3,"('wait', 1, 0)",-10.884488105773926,-38.051517486572266
99600,4,"('wait', 1, 1)",-6.358922004699707,-17.577451705932617
99600,5,"('wait', 1, 2)",-6.7851338386535645,-19.431137084960938
99600,6,"('wait', 2, 0)",-10.805652618408203,-41.6832160949707
99600,7,"('wait', 2, 1)",-7.409718990325928,-26.57752227783203
99600,8,"('wait', 2, 2)",-5.340173721313477,-11.791584014892578
99600,9,"('hunt', 0, 0)",-14.42927074432373,-49.5706901550293
99600,10,"('hunt', 0, 1)",-9.487412452697754,-30.610219955444336
99600,11,"('hunt', 0, 2)",-9.729658126831055,-31.94135856628418
99600,12,"('hunt', 1, 0)",-10.445260047912598,-35.90522766113281
99600,13,"('hunt', 1, 1)",-6.158910274505615,-16.090784072875977
99600,14,"('hunt', 1, 2)",-6.289430618286133,-16.84691047668457
99600,15,"('hunt', 2, 0)",-10.25998306274414,-39.43836212158203
99600,16,"('hunt', 2, 1)",-7.501450061798096,-25.461429595947266
99600,17,"('hunt', 2, 2)",-4.369246482849121,-8.809436798095703
99600,18,"('expedition', 0, 0)",,
99800,0,"('wait', 0, 0)",-13.837300300598145,-48.77912902832031
99800,1,"('wait', 0, 1)",-10.04887580871582,-33.33715057373047
99800,2,"('wait', 0, 2)",-9.766634941101074,-32.4937744140625
99800,3,"('wait', 1, 0)",-10.887505531311035,-38.051902770996094
99800,4,"('wait', 1, 1)",-6.3598127365112305,-17.57703971862793
99800,5,"('wait', 1, 2)",-6.780946731567383,-19.384496688842773
99800,6,"('wait', 2, 0)",-10.805652618408203,-41.6832160949707
99800,7,"('wait', 2, 1)",-7.413646221160889,-26.5806884765625
99800,8,"('wait', 2, 2)",-5.340250015258789,-11.791123390197754
99800,9,"('hunt', 0, 0)",-14.447615623474121,-49.59717559814453
99800,10,"('hunt', 0, 1)",-9.487412452697754,-30.610219955444336
99800,11,"('hunt', 0, 2)",-9.729658126831055,-31.94135856628418
99800,12,"('hunt', 1, 0)",-10.448060989379883,-35.914093017578125
99800,13,"('hunt', 1, 1)",-6.158910274505615,-16.090784072875977
99800,14,"('hunt', 1, 2)",-6.289430618286133,-16.84691047668457
99800,15,"('hunt', 2, 0)",-10.266684532165527,-39.46931076049805
99800,16,"('hunt', 2, 1)",-7.503215789794922,-25.450223922729492
99800,17,"('hunt', 2, 2)",-4.341475486755371,-8.740793228149414
99800,18,"('expedition', 0, 0)",,
